unsigned char missing_texture[] = {
    0x89, 0x50, 0x4e, 0x47, 0x0d, 0x0a, 0x1a, 0x0a, 0x00, 0x00, 0x00, 0x0d,
    0x49, 0x48, 0x44, 0x52, 0x00, 0x00, 0x04, 0xc0, 0x00, 0x00, 0x04, 0xc0,
    0x08, 0x02, 0x00, 0x00, 0x00, 0x99, 0x28, 0xac, 0xc1, 0x00, 0x00, 0x20,
    0x00, 0x49, 0x44, 0x41, 0x54, 0x78, 0x01, 0xec, 0x91, 0x51, 0x6e, 0x24,
    0x4b, 0x12, 0xc3, 0x7c, 0xff, 0x4b, 0xcf, 0xde, 0x80, 0x95, 0x21, 0x89,
    0x06, 0xf6, 0xc1, 0x8d, 0xfe, 0x53, 0x88, 0xa0, 0xb2, 0x7e, 0xfe, 0xfd,
    0xfc, 0xfb, 0xe5, 0xff, 0xcf, 0xaf, 0xff, 0x7e, 0x79, 0xe0, 0xbf, 0x9f,
    0x7f, 0xbf, 0x3e, 0xf1, 0xe7, 0x6f, 0xa3, 0xf1, 0x02, 0x7f, 0xdf, 0xd1,
    0x78, 0x01, 0xe3, 0x4b, 0x31, 0xd3, 0x58, 0xc1, 0x4c, 0xf6, 0x31, 0x52,
    0xf6, 0x31, 0x52, 0x63, 0x05, 0x33, 0x8d, 0x15, 0xcc, 0x64, 0x1f, 0x23,
    0x65, 0x1f, 0x23, 0x35, 0x56, 0x30, 0xd3, 0x58, 0xc1, 0x4c, 0xf6, 0x31,
    0x52, 0xf6, 0x31, 0x52, 0x63, 0x05, 0x33, 0x8d, 0x15, 0xcc, 0x64, 0x1f,
    0x23, 0x65, 0x1f, 0x23, 0x35, 0x56, 0x30, 0xd3, 0x58, 0xc1, 0x4c, 0xf6,
    0x31, 0x52, 0xf6, 0x31, 0x52, 0x63, 0x05, 0x33, 0x8d, 0x15, 0x1f, 0x4c,
    0x16, 0x32, 0xd2, 0x0f, 0x21, 0x21, 0x36, 0x56, 0x30, 0x53, 0x18, 0xf1,
    0x81, 0x64, 0x1f, 0x23, 0xfd, 0x10, 0x12, 0x62, 0x63, 0x05, 0x33, 0x85,
    0x11, 0x1f, 0x48, 0xf6, 0x31, 0xd2, 0x0f, 0x21, 0x21, 0x36, 0x56, 0x30,
    0x53, 0x18, 0xf1, 0x81, 0x64, 0x1f, 0x23, 0xfd, 0x10, 0x12, 0x62, 0x63,
    0x05, 0x33, 0x85, 0x11, 0x1f, 0x48, 0xf6, 0x31, 0xd2, 0x0f, 0x21, 0x21,
    0x36, 0x56, 0x30, 0x53, 0x18, 0xf1, 0x81, 0x64, 0x1f, 0x23, 0xfd, 0x10,
    0x12, 0x62, 0x63, 0x05, 0x33, 0x85, 0x11, 0x1f, 0x48, 0xf6, 0x31, 0xd2,
    0x0f, 0x21, 0x21, 0x36, 0x56, 0x30, 0x53, 0x18, 0xf1, 0x81, 0x64, 0x1f,
    0x23, 0xfd, 0x10, 0x12, 0x62, 0x63, 0x05, 0x33, 0x85, 0x11, 0x5f, 0x48,
    0x16, 0x32, 0xd2, 0x2f, 0xa3, 0x7d, 0x6e, 0xac, 0x60, 0xe6, 0x7e, 0xc3,
    0x17, 0x91, 0x7d, 0x8c, 0xf4, 0xcb, 0x68, 0x9f, 0x1b, 0x2b, 0x98, 0xb9,
    0xdf, 0xf0, 0x45, 0x64, 0x1f, 0x23, 0xfd, 0x32, 0xda, 0xe7, 0xc6, 0x0a,
    0x66, 0xee, 0x37, 0x7c, 0x11, 0xd9, 0xc7, 0x48, 0xbf, 0x8c, 0xf6, 0xb9,
    0xb1, 0x82, 0x99, 0xfb, 0x0d, 0x5f, 0x44, 0xf6, 0x31, 0xd2, 0x2f, 0xa3,
    0x7d, 0x6e, 0xac, 0x60, 0xe6, 0x7e, 0xc3, 0x17, 0x91, 0x7d, 0x8c, 0xf4,
    0xcb, 0x68, 0x9f, 0x1b, 0x2b, 0x98, 0xb9, 0xdf, 0xf0, 0x45, 0x64, 0x1f,
    0x23, 0xfd, 0x32, 0xda, 0xe7, 0xc6, 0x0a, 0x66, 0xee, 0x37, 0x7c, 0x11,
    0xd9, 0xc7, 0x48, 0xbf, 0x8c, 0xf6, 0xb9, 0xb1, 0x82, 0x99, 0xfb, 0x0d,
    0x9f, 0x44, 0x16, 0x32, 0xd2, 0x4f, 0xa5, 0xf9, 0x81, 0xb1, 0x82, 0x99,
    0xf3, 0x09, 0x9f, 0x40, 0xf6, 0x31, 0xd2, 0x4f, 0xa5, 0xf9, 0x81, 0xb1,
    0x82, 0x99, 0xf3, 0x09, 0x9f, 0x40, 0xf6, 0x31, 0xd2, 0x4f, 0xa5, 0xf9,
    0x81, 0xb1, 0x82, 0x99, 0xf3, 0x09, 0x9f, 0x40, 0xf6, 0x31, 0xd2, 0x4f,
    0xa5, 0xf9, 0x81, 0xb1, 0x82, 0x99, 0xf3, 0x09, 0x9f, 0x40, 0xf6, 0x31,
    0xd2, 0x4f, 0xa5, 0xf9, 0x81, 0xb1, 0x82, 0x99, 0xf3, 0x09, 0x9f, 0x40,
    0xf6, 0x31, 0xd2, 0x4f, 0xa5, 0xf9, 0x81, 0xb1, 0x82, 0x99, 0xf3, 0x09,
    0x9f, 0x40, 0xf6, 0x31, 0xd2, 0x4f, 0xa5, 0xf9, 0x81, 0xb1, 0x82, 0x99,
    0xf3, 0x09, 0x9f, 0x40, 0xf6, 0x31, 0xd2, 0x4f, 0xa5, 0xf9, 0x81, 0xb1,
    0x82, 0x99, 0xf3, 0x09, 0xdf, 0x40, 0x16, 0x32, 0xd2, 0x6f, 0xa7, 0xf5,
    0x85, 0xb1, 0x82, 0x99, 0xeb, 0x05, 0xdf, 0x3c, 0xf6, 0x31, 0xd2, 0x6f,
    0xa7, 0xf5, 0x85, 0xb1, 0x82, 0x99, 0xeb, 0x05, 0xdf, 0x3c, 0xf6, 0x31,
    0xd2, 0x6f, 0xa7, 0xf5, 0x85, 0xb1, 0x82, 0x99, 0xeb, 0x05, 0xdf, 0x3c,
    0xf6, 0x31, 0xd2, 0x6f, 0xa7, 0xf5, 0x85, 0xb1, 0x82, 0x99, 0xeb, 0x05,
    0xdf, 0x3c, 0xf6, 0x31, 0xd2, 0x6f, 0xa7, 0xf5, 0x85, 0xb1, 0x82, 0x99,
    0xeb, 0x05, 0xdf, 0x3c, 0xf6, 0x31, 0xd2, 0x6f, 0xa7, 0xf5, 0x85, 0xb1,
    0x82, 0x99, 0xeb, 0x05, 0xdf, 0x3c, 0xf6, 0x31, 0xd2, 0x6f, 0xa7, 0xf5,
    0x85, 0xb1, 0x82, 0x99, 0xeb, 0x05, 0xdf, 0x3c, 0xf6, 0x31, 0xd2, 0x6f,
    0xa7, 0xf5, 0x85, 0xb1, 0x82, 0x99, 0xeb, 0x05, 0x0f, 0x3c, 0x16, 0x32,
    0xd2, 0x07, 0xa9, 0xf1, 0x89, 0xb1, 0x82, 0x99, 0xe3, 0x01, 0x0f, 0x38,
    0xf6, 0x31, 0xd2, 0x07, 0xa9, 0xf1, 0x89, 0xb1, 0x82, 0x99, 0xe3, 0x01,
    0x0f, 0x38, 0xf6, 0x31, 0xd2, 0x07, 0xa9, 0xf1, 0x89, 0xb1, 0x82, 0x99,
    0xe3, 0x01, 0x0f, 0x38, 0xf6, 0x31, 0xd2, 0x07, 0xa9, 0xf1, 0x89, 0xb1,
    0x82, 0x99, 0xe3, 0x01, 0x0f, 0x38, 0xf6, 0x31, 0xd2, 0x07, 0xa9, 0xf1,
    0x89, 0xb1, 0x82, 0x99, 0xe3, 0x01, 0x0f, 0x38, 0xf6, 0x31, 0xd2, 0x07,
    0xa9, 0xf1, 0x89, 0xb1, 0x82, 0x99, 0xe3, 0x01, 0x0f, 0x38, 0xf6, 0x31,
    0xd2, 0x07, 0xa9, 0xf1, 0x89, 0xb1, 0x82, 0x99, 0xe3, 0x01, 0x0f, 0x38,
    0xf6, 0x31, 0xd2, 0x07, 0xa9, 0xf1, 0x89, 0xb1, 0x82, 0x99, 0xe3, 0x01,
    0x2f, 0x38, 0x16, 0x32, 0xd2, 0x17, 0xab, 0xed, 0x8d, 0xb1, 0x82, 0x99,
    0x5b, 0xff, 0x17, 0x1a, 0xfb, 0x18, 0xe9, 0x8b, 0xd5, 0xf6, 0xc6, 0x58,
    0xc1, 0xcc, 0xad, 0xff, 0x0b, 0x8d, 0x7d, 0x8c, 0xf4, 0xc5, 0x6a, 0x7b,
    0x63, 0xac, 0x60, 0xe6, 0xd6, 0xff, 0x85, 0xc6, 0x3e, 0x46, 0xfa, 0x62,
    0xb5, 0xbd, 0x31, 0x56, 0x30, 0x73, 0xeb, 0xff, 0x42, 0x63, 0x1f, 0x23,
    0x7d, 0xb1, 0xda, 0xde, 0x18, 0x2b, 0x98, 0xb9, 0xf5, 0x7f, 0xa1, 0xb1,
    0x8f, 0x91, 0xbe, 0x58, 0x6d, 0x6f, 0x8c, 0x15, 0xcc, 0xdc, 0xfa, 0xbf,
    0xd0, 0xd8, 0xc7, 0x48, 0x5f, 0xac, 0xb6, 0x37, 0xc6, 0x0a, 0x66, 0x6e,
    0xfd, 0x5f, 0x68, 0xec, 0x63, 0xa4, 0x2f, 0x56, 0xdb, 0x1b, 0x63, 0x05,
    0x33, 0xb7, 0xfe, 0x4f, 0x34, 0x16, 0x32, 0xd2, 0x27, 0xad, 0xe9, 0x91,
    0xb1, 0x82, 0x99, 0x53, 0xfd, 0x27, 0x18, 0xfb, 0x18, 0xe9, 0x93, 0xd6,
    0xf4, 0xc8, 0x58, 0xc1, 0xcc, 0xa9, 0xfe, 0x13, 0x8c, 0x7d, 0x8c, 0xf4,
    0x49, 0x6b, 0x7a, 0x64, 0xac, 0x60, 0xe6, 0x54, 0xff, 0x09, 0xc6, 0x3e,
    0x46, 0xfa, 0xa4, 0x35, 0x3d, 0x32, 0x56, 0x30, 0x73, 0xaa, 0xff, 0x04,
    0x63, 0x1f, 0x23, 0x7d, 0xd2, 0x9a, 0x1e, 0x19, 0x2b, 0x98, 0x39, 0xd5,
    0x7f, 0x82, 0xb1, 0x8f, 0x91, 0x3e, 0x69, 0x4d, 0x8f, 0x8c, 0x15, 0xcc,
    0x9c, 0xea, 0x3f, 0xc1, 0xd8, 0xc7, 0x48, 0x9f, 0xb4, 0xa6, 0x47, 0xc6,
    0x0a, 0x66, 0x4e, 0xf5, 0x9f, 0x60, 0xec, 0x63, 0xa4, 0x4f, 0x5a, 0xd3,
    0x23, 0x63, 0x05, 0x33, 0xa7, 0xfa, 0x6f, 0x30, 0x16, 0x32, 0xd2, 0x37,
    0xaf, 0xe5, 0x95, 0xb1, 0x82, 0x99, 0x4b, 0xfb, 0x37, 0x16, 0xfb, 0x18,
    0xe9, 0x9b, 0xd7, 0xf2, 0xca, 0x58, 0xc1, 0xcc, 0xa5, 0xfd, 0x1b, 0x8b,
    0x7d, 0x8c, 0xf4, 0xcd, 0x6b, 0x79, 0x65, 0xac, 0x60, 0xe6, 0xd2, 0xfe,
    0x8d, 0xc5, 0x3e, 0x46, 0xfa, 0xe6, 0xb5, 0xbc, 0x32, 0x56, 0x30, 0x73,
    0x69, 0xff, 0xc6, 0x62, 0x1f, 0x23, 0x7d, 0xf3, 0x5a, 0x5e, 0x19, 0x2b,
    0x98, 0xb9, 0xb4, 0x7f, 0x63, 0xb1, 0x8f, 0x91, 0xbe, 0x79, 0x2d, 0xaf,
    0x8c, 0x15, 0xcc, 0x5c, 0xda, 0xbf, 0xb1, 0xd8, 0xc7, 0x48, 0xdf, 0xbc,
    0x96, 0x57, 0xc6, 0x0a, 0x66, 0x2e, 0xed, 0xdf, 0x58, 0xec, 0x63, 0xa4,
    0x6f, 0x5e, 0xcb, 0x2b, 0x63, 0x05, 0x33, 0x97, 0xf6, 0x8f, 0x2c, 0x16,
    0x32, 0xd2, 0x47, 0xb1, 0xe1, 0x99, 0xb1, 0x82, 0x99, 0x43, 0xf9, 0x47,
    0x14, 0xfb, 0x18, 0xe9, 0xa3, 0xd8, 0xf0, 0xcc, 0x58, 0xc1, 0xcc, 0xa1,
    0xfc, 0x23, 0x8a, 0x7d, 0x8c, 0xf4, 0x51, 0x6c, 0x78, 0x66, 0xac, 0x60,
    0xe6, 0x50, 0xfe, 0x11, 0xc5, 0x3e, 0x46, 0xfa, 0x28, 0x36, 0x3c, 0x33,
    0x56, 0x30, 0x73, 0x28, 0xff, 0x88, 0x62, 0x1f, 0x23, 0x7d, 0x14, 0x1b,
    0x9e, 0x19, 0x2b, 0x98, 0x39, 0x94, 0x7f, 0x44, 0xb1, 0x8f, 0x91, 0x3e,
    0x8a, 0x0d, 0xcf, 0x8c, 0x15, 0xcc, 0x1c, 0xca, 0x3f, 0xa2, 0xd8, 0xc7,
    0x48, 0x1f, 0xc5, 0x86, 0x67, 0xc6, 0x0a, 0x66, 0x0e, 0xe5, 0x1f, 0x51,
    0xec, 0x63, 0xa4, 0x8f, 0x62, 0xc3, 0x33, 0x63, 0x05, 0x33, 0x87, 0xf2,
    0xaf, 0x28, 0x16, 0x32, 0xd2, 0x57, 0xb3, 0xdd, 0x9d, 0xb1, 0x82, 0x99,
    0x3b, 0xf7, 0x57, 0x12, 0xfb, 0x18, 0xe9, 0xab, 0xd9, 0xee, 0xce, 0x58,
    0xc1, 0xcc, 0x9d, 0xfb, 0x2b, 0x89, 0x7d, 0x8c, 0xf4, 0xd5, 0x6c, 0x77,
    0x67, 0xac, 0x60, 0xe6, 0xce, 0xfd, 0x95, 0xc4, 0x3e, 0x46, 0xfa, 0x6a,
    0xb6, 0xbb, 0x33, 0x56, 0x30, 0x73, 0xe7, 0xfe, 0x4a, 0x62, 0x1f, 0x23,
    0x7d, 0x35, 0xdb, 0xdd, 0x19, 0x2b, 0x98, 0xb9, 0x73, 0x7f, 0x25, 0xb1,
    0x8f, 0x91, 0xbe, 0x9a, 0xed, 0xee, 0x8c, 0x15, 0xcc, 0xdc, 0xb9, 0xbf,
    0x92, 0xd8, 0xc7, 0x48, 0x5f, 0xcd, 0x76, 0x77, 0xc6, 0x0a, 0x66, 0xee,
    0xdc, 0x5f, 0x49, 0xec, 0x63, 0xa4, 0xaf, 0x66, 0xbb, 0x3b, 0x63, 0x05,
    0x33, 0x77, 0xee, 0xcf, 0x24, 0x16, 0x32, 0xd2, 0x67, 0xb5, 0xd9, 0xa1,
    0xb1, 0x82, 0x99, 0x33, 0xf5, 0x67, 0x10, 0xfb, 0x18, 0xe9, 0xb3, 0xda,
    0xec, 0xd0, 0x58, 0xc1, 0xcc, 0x99, 0xfa, 0x33, 0x88, 0x7d, 0x8c, 0xf4,
    0x59, 0x6d, 0x76, 0x68, 0xac, 0x60, 0xe6, 0x4c, 0xfd, 0x19, 0xc4, 0x3e,
    0x46, 0xfa, 0xac, 0x36, 0x3b, 0x34, 0x56, 0x30, 0x73, 0xa6, 0xfe, 0x0c,
    0x62, 0x1f, 0x23, 0x7d, 0x56, 0x9b, 0x1d, 0x1a, 0x2b, 0x98, 0x39, 0x53,
    0x7f, 0x06, 0xb1, 0x8f, 0x91, 0x3e, 0xab, 0xcd, 0x0e, 0x8d, 0x15, 0xcc,
    0x9c, 0xa9, 0x3f, 0x83, 0xd8, 0xc7, 0x48, 0x9f, 0xd5, 0x66, 0x87, 0xc6,
    0x0a, 0x66, 0xce, 0xd4, 0x9f, 0x41, 0xec, 0x63, 0xa4, 0xcf, 0x6a, 0xb3,
    0x43, 0x63, 0x05, 0x33, 0x67, 0xea, 0xef, 0x20, 0x16, 0x32, 0xd2, 0x77,
    0xb7, 0xd5, 0xa5, 0xb1, 0x82, 0x99, 0x2b, 0xf3, 0x77, 0x0e, 0xfb, 0x18,
    0xe9, 0xbb, 0xdb, 0xea, 0xd2, 0x58, 0xc1, 0xcc, 0x95, 0xf9, 0x3b, 0x87,
    0x7d, 0x8c, 0xf4, 0xdd, 0x6d, 0x75, 0x69, 0xac, 0x60, 0xe6, 0xca, 0xfc,
    0x9d, 0xc3, 0x3e, 0x46, 0xfa, 0xee, 0xb6, 0xba, 0x34, 0x56, 0x30, 0x73,
    0x65, 0xfe, 0xce, 0x61, 0x1f, 0x23, 0x7d, 0x77, 0x5b, 0x5d, 0x1a, 0x2b,
    0x98, 0xb9, 0x32, 0x7f, 0xe7, 0xb0, 0x8f, 0x91, 0xbe, 0xbb, 0xad, 0x2e,
    0x8d, 0x15, 0xcc, 0x5c, 0x99, 0xbf, 0x73, 0xd8, 0xc7, 0x48, 0xdf, 0xdd,
    0x56, 0x97, 0xc6, 0x0a, 0x66, 0xae, 0xcc, 0xdf, 0x39, 0xec, 0x63, 0xa4,
    0xef, 0x6e, 0xab, 0x4b, 0x63, 0x05, 0x33, 0x57, 0xe6, 0x07, 0x0e, 0x0b,
    0x19, 0xe9, 0x41, 0x6e, 0x74, 0x6a, 0xac, 0x60, 0xe6, 0x48, 0xfc, 0x80,
    0x61, 0x1f, 0x23, 0x3d, 0xc8, 0x8d, 0x4e, 0x8d, 0x15, 0xcc, 0x1c, 0x89,
    0x1f, 0x30, 0xec, 0x63, 0xa4, 0x07, 0xb9, 0xd1, 0xa9, 0xb1, 0x82, 0x99,
    0x23, 0xf1, 0x03, 0x86, 0x7d, 0x8c, 0xf4, 0x20, 0x37, 0x3a, 0x35, 0x56,
    0x30, 0x73, 0x24, 0x7e, 0xc0, 0xb0, 0x8f, 0x91, 0x1e, 0xe4, 0x46, 0xa7,
    0xc6, 0x0a, 0x66, 0x8e, 0xc4, 0x0f, 0x18, 0xf6, 0x31, 0xd2, 0x83, 0xdc,
    0xe8, 0xd4, 0x58, 0xc1, 0xcc, 0x91, 0xf8, 0x01, 0xc3, 0x3e, 0x46, 0x7a,
    0x90, 0x1b, 0x9d, 0x1a, 0x2b, 0x98, 0x39, 0x12, 0x3f, 0x60, 0xd8, 0xc7,
    0x48, 0x0f, 0x72, 0xa3, 0x53, 0x63, 0x05, 0x33, 0x47, 0xe2, 0x17, 0x0c,
    0x0b, 0x19, 0xe9, 0xc5, 0x6e, 0x73, 0x6b, 0xac, 0x60, 0xe6, 0xc6, 0xfb,
    0x42, 0x61, 0x1f, 0x23, 0xbd, 0xd8, 0x6d, 0x6e, 0x8d, 0x15, 0xcc, 0xdc,
    0x78, 0x5f, 0x28, 0xec, 0x63, 0xa4, 0x17, 0xbb, 0xcd, 0xad, 0xb1, 0x82,
    0x99, 0x1b, 0xef, 0x0b, 0x85, 0x7d, 0x8c, 0xf4, 0x62, 0xb7, 0xb9, 0x35,
    0x56, 0x30, 0x73, 0xe3, 0x7d, 0xa1, 0xb0, 0x8f, 0x91, 0x5e, 0xec, 0x36,
    0xb7, 0xc6, 0x0a, 0x66, 0x6e, 0xbc, 0x2f, 0x14, 0xf6, 0x31, 0xd2, 0x8b,
    0xdd, 0xe6, 0xd6, 0x58, 0xc1, 0xcc, 0x8d, 0xf7, 0x85, 0xc2, 0x3e, 0x46,
    0x7a, 0xb1, 0xdb, 0xdc, 0x1a, 0x2b, 0x98, 0xb9, 0xf1, 0xbe, 0x50, 0xd8,
    0xc7, 0x48, 0x2f, 0x76, 0x9b, 0x5b, 0x63, 0x05, 0x33, 0x37, 0xde, 0x27,
    0x0a, 0x0b, 0x19, 0xe9, 0x49, 0x6f, 0x72, 0x6c, 0xac, 0x60, 0xe6, 0x44,
    0xfb, 0x04, 0x61, 0x1f, 0x23, 0x3d, 0xe9, 0x4d, 0x8e, 0x8d, 0x15, 0xcc,
    0x9c, 0x68, 0x9f, 0x20, 0xec, 0x63, 0xa4, 0x27, 0xbd, 0xc9, 0xb1, 0xb1,
    0x82, 0x99, 0x13, 0xed, 0x13, 0x84, 0x7d, 0x8c, 0xf4, 0xa4, 0x37, 0x39,
    0x36, 0x56, 0x30, 0x73, 0xa2, 0x7d, 0x82, 0xb0, 0x8f, 0x91, 0x9e, 0xf4,
    0x26, 0xc7, 0xc6, 0x0a, 0x66, 0x4e, 0xb4, 0x4f, 0x10, 0xf6, 0x31, 0xd2,
    0x93, 0xde, 0xe4, 0xd8, 0x58, 0xc1, 0xcc, 0x89, 0xf6, 0x09, 0xc2, 0x3e,
    0x46, 0x7a, 0xd2, 0x9b, 0x1c, 0x1b, 0x2b, 0x98, 0x39, 0xd1, 0x3e, 0x41,
    0xd8, 0xc7, 0x48, 0x4f, 0x7a, 0x93, 0x63, 0x63, 0x05, 0x33, 0x27, 0xda,
    0x37, 0x08, 0x0b, 0x19, 0xe9, 0xcd, 0x6f, 0x71, 0x6d, 0xac, 0x60, 0xe6,
    0xc2, 0xfa, 0xc6, 0x60, 0x1f, 0x23, 0xbd, 0xf9, 0x2d, 0xae, 0x8d, 0x15,
    0xcc, 0x5c, 0x58, 0xdf, 0x18, 0xec, 0x63, 0xa4, 0x37, 0xbf, 0xc5, 0xb5,
    0xb1, 0x82, 0x99, 0x0b, 0xeb, 0x1b, 0x83, 0x7d, 0x8c, 0xf4, 0xe6, 0xb7,
    0xb8, 0x36, 0x56, 0x30, 0x73, 0x61, 0x7d, 0x63, 0xb0, 0x8f, 0x91, 0xde,
    0xfc, 0x16, 0xd7, 0xc6, 0x0a, 0x66, 0x2e, 0xac, 0x6f, 0x0c, 0xf6, 0x31,
    0xd2, 0x9b, 0xdf, 0xe2, 0xda, 0x58, 0xc1, 0xcc, 0x85, 0xf5, 0x8d, 0xc1,
    0x3e, 0x46, 0x7a, 0xf3, 0x5b, 0x5c, 0x1b, 0x2b, 0x98, 0xb9, 0xb0, 0xbe,
    0x31, 0xd8, 0xc7, 0x48, 0x6f, 0x7e, 0x8b, 0x6b, 0x63, 0x05, 0x33, 0x17,
    0xd6, 0x47, 0x06, 0x0b, 0x19, 0xe9, 0x51, 0x70, 0x70, 0x6e, 0xac, 0x60,
    0xe6, 0x40, 0xfa, 0x88, 0x60, 0x1f, 0x23, 0x3d, 0x0a, 0x0e, 0xce, 0x8d,
    0x15, 0xcc, 0x1c, 0x48, 0x1f, 0x11, 0xec, 0x63, 0xa4, 0x47, 0xc1, 0xc1,
    0xb9, 0xb1, 0x82, 0x99, 0x03, 0xe9, 0x23, 0x82, 0x7d, 0x8c, 0xf4, 0x28,
    0x38, 0x38, 0x37, 0x56, 0x30, 0x73, 0x20, 0x7d, 0x44, 0xb0, 0x8f, 0x91,
    0x1e, 0x05, 0x07, 0xe7, 0xc6, 0x0a, 0x66, 0x0e, 0xa4, 0x8f, 0x08, 0xf6,
    0x31, 0xd2, 0xa3, 0xe0, 0xe0, 0xdc, 0x58, 0xc1, 0xcc, 0x81, 0xf4, 0x11,
    0xc1, 0x3e, 0x46, 0x7a, 0x14, 0x1c, 0x9c, 0x1b, 0x2b, 0x98, 0x39, 0x90,
    0x3e, 0x22, 0xd8, 0xc7, 0x48, 0x8f, 0x82, 0x83, 0x73, 0x63, 0x05, 0x33,
    0x07, 0xd2, 0x57, 0x04, 0x0b, 0x19, 0xe9, 0xd5, 0xb0, 0xbf, 0x37, 0x56,
    0x30, 0xb3, 0x77, 0xbe, 0x12, 0xd8, 0xc7, 0x48, 0xaf, 0x86, 0xfd, 0xbd,
    0xb1, 0x82, 0x99, 0xbd, 0xf3, 0x95, 0xc0, 0x3e, 0x46, 0x7a, 0x35, 0xec,
    0xef, 0x8d, 0x15, 0xcc, 0xec, 0x9d, 0xaf, 0x04, 0xf6, 0x31, 0xd2, 0xab,
    0x61, 0x7f, 0x6f, 0xac, 0x60, 0x66, 0xef, 0x7c, 0x25, 0xb0, 0x8f, 0x91,
    0x5e, 0x0d, 0xfb, 0x7b, 0x63, 0x05, 0x33, 0x7b, 0xe7, 0x2b, 0x81, 0x7d,
    0x8c, 0xf4, 0x6a, 0xd8, 0xdf, 0x1b, 0x2b, 0x98, 0xd9, 0x3b, 0x5f, 0x09,
    0xec, 0x63, 0xa4, 0x57, 0xc3, 0xfe, 0xde, 0x58, 0xc1, 0xcc, 0xde, 0xf9,
    0x4a, 0x60, 0x1f, 0x23, 0xbd, 0x1a, 0xf6, 0xf7, 0xc6, 0x0a, 0x66, 0xf6,
    0xce, 0x67, 0x02, 0x0b, 0x19, 0xe9, 0x59, 0xb1, 0x2e, 0x18, 0x2b, 0x98,
    0x59, 0x2b, 0x9f, 0x01, 0xec, 0x63, 0xa4, 0x67, 0xc5, 0xba, 0x60, 0xac,
    0x60, 0x66, 0xad, 0x7c, 0x06, 0xb0, 0x8f, 0x91, 0x9e, 0x15, 0xeb, 0x82,
    0xb1, 0x82, 0x99, 0xb5, 0xf2, 0x19, 0xc0, 0x3e, 0x46, 0x7a, 0x56, 0xac,
    0x0b, 0xc6, 0x0a, 0x66, 0xd6, 0xca, 0x67, 0x00, 0xfb, 0x18, 0xe9, 0x59,
    0xb1, 0x2e, 0x18, 0x2b, 0x98, 0x59, 0x2b, 0x9f, 0x01, 0xec, 0x63, 0xa4,
    0x67, 0xc5, 0xba, 0x60, 0xac, 0x60, 0x66, 0xad, 0x7c, 0x06, 0xb0, 0x8f,
    0x91, 0x9e, 0x15, 0xeb, 0x82, 0xb1, 0x82, 0x99, 0xb5, 0xf2, 0x19, 0xc0,
    0x3e, 0x46, 0x7a, 0x56, 0xac, 0x0b, 0xc6, 0x0a, 0x66, 0xd6, 0xca, 0x77,
    0x00, 0x0b, 0x19, 0xe9, 0xdd, 0xb1, 0x6d, 0x18, 0x2b, 0x98, 0xd9, 0x1a,
    0xdf, 0xfb, 0xec, 0x63, 0xa4, 0x77, 0xc7, 0xb6, 0x61, 0xac, 0x60, 0x66,
    0x6b, 0x7c, 0xef, 0xb3, 0x8f, 0x91, 0xde, 0x1d, 0xdb, 0x86, 0xb1, 0x82,
    0x99, 0xad, 0xf1, 0xbd, 0xcf, 0x3e, 0x46, 0x7a, 0x77, 0x6c, 0x1b, 0xc6,
    0x0a, 0x66, 0xb6, 0xc6, 0xf7, 0x3e, 0xfb, 0x18, 0xe9, 0xdd, 0xb1, 0x6d,
    0x18, 0x2b, 0x98, 0xd9, 0x1a, 0xdf, 0xfb, 0xec, 0x63, 0xa4, 0x77, 0xc7,
    0xb6, 0x61, 0xac, 0x60, 0x66, 0x6b, 0x7c, 0xef, 0xb3, 0x8f, 0x91, 0xde,
    0x1d, 0xdb, 0x86, 0xb1, 0x82, 0x99, 0xad, 0xf1, 0xbd, 0xcf, 0x3e, 0x46,
    0x7a, 0x77, 0x6c, 0x1b, 0xc6, 0x0a, 0x66, 0xb6, 0xc6, 0x41, 0x9f, 0x85,
    0x8c, 0x34, 0x90, 0x2c, 0x2b, 0xc6, 0x0a, 0x66, 0x96, 0xc2, 0x41, 0x9d,
    0x7d, 0x8c, 0x34, 0x90, 0x2c, 0x2b, 0xc6, 0x0a, 0x66, 0x96, 0xc2, 0x41,
    0x9d, 0x7d, 0x8c, 0x34, 0x90, 0x2c, 0x2b, 0xc6, 0x0a, 0x66, 0x96, 0xc2,
    0x41, 0x9d, 0x7d, 0x8c, 0x34, 0x90, 0x2c, 0x2b, 0xc6, 0x0a, 0x66, 0x96,
    0xc2, 0x41, 0x9d, 0x7d, 0x8c, 0x34, 0x90, 0x2c, 0x2b, 0xc6, 0x0a, 0x66,
    0x96, 0xc2, 0x41, 0x9d, 0x7d, 0x8c, 0x34, 0x90, 0x2c, 0x2b, 0xc6, 0x0a,
    0x66, 0x96, 0xc2, 0x41, 0x9d, 0x7d, 0x8c, 0x34, 0x90, 0x2c, 0x2b, 0xc6,
    0x0a, 0x66, 0x96, 0xc2, 0x41, 0x9d, 0x7d, 0x8c, 0x34, 0x90, 0x2c, 0x2b,
    0xc6, 0x0a, 0x66, 0x96, 0xc2, 0x49, 0x9d, 0x85, 0x8c, 0x34, 0xb1, 0xec,
    0x3a, 0xc6, 0x0a, 0x66, 0x76, 0xbe, 0x49, 0x9b, 0x7d, 0x8c, 0x34, 0xb1,
    0xec, 0x3a, 0xc6, 0x0a, 0x66, 0x76, 0xbe, 0x49, 0x9b, 0x7d, 0x8c, 0x34,
    0xb1, 0xec, 0x3a, 0xc6, 0x0a, 0x66, 0x76, 0xbe, 0x49, 0x9b, 0x7d, 0x8c,
    0x34, 0xb1, 0xec, 0x3a, 0xc6, 0x0a, 0x66, 0x76, 0xbe, 0x49, 0x9b, 0x7d,
    0x8c, 0x34, 0xb1, 0xec, 0x3a, 0xc6, 0x0a, 0x66, 0x76, 0xbe, 0x49, 0x9b,
    0x7d, 0x8c, 0x34, 0xb1, 0xec, 0x3a, 0xc6, 0x0a, 0x66, 0x76, 0xbe, 0x49,
    0x9b, 0x7d, 0x8c, 0x34, 0xb1, 0xec, 0x3a, 0xc6, 0x0a, 0x66, 0x76, 0xbe,
    0x49, 0x9b, 0x7d, 0x8c, 0x34, 0xb1, 0xec, 0x3a, 0xc6, 0x0a, 0x66, 0x76,
    0xbe, 0x51, 0x9b, 0x85, 0x8c, 0x34, 0xd2, 0xac, 0x4a, 0xc6, 0x0a, 0x66,
    0x56, 0xba, 0x51, 0x99, 0x7d, 0x8c, 0x34, 0xd2, 0xac, 0x4a, 0xc6, 0x0a,
    0x66, 0x56, 0xba, 0x51, 0x99, 0x7d, 0x8c, 0x34, 0xd2, 0xac, 0x4a, 0xc6,
    0x0a, 0x66, 0x56, 0xba, 0x51, 0x99, 0x7d, 0x8c, 0x34, 0xd2, 0xac, 0x4a,
    0xc6, 0x0a, 0x66, 0x56, 0xba, 0x51, 0x99, 0x7d, 0x8c, 0x34, 0xd2, 0xac,
    0x4a, 0xc6, 0x0a, 0x66, 0x56, 0xba, 0x51, 0x99, 0x7d, 0x8c, 0x34, 0xd2,
    0xac, 0x4a, 0xc6, 0x0a, 0x66, 0x56, 0xba, 0x51, 0x99, 0x7d, 0x8c, 0x34,
    0xd2, 0xac, 0x4a, 0xc6, 0x0a, 0x66, 0x56, 0xba, 0x51, 0x99, 0x7d, 0x8c,
    0x34, 0xd2, 0xac, 0x4a, 0xc6, 0x0a, 0x66, 0x56, 0xba, 0x59, 0x99, 0x85,
    0x8c, 0x34, 0xf3, 0x6c, 0x5a, 0xc6, 0x0a, 0x66, 0x36, 0xb6, 0x59, 0x97,
    0x7d, 0x8c, 0x34, 0xf3, 0x6c, 0x5a, 0xc6, 0x0a, 0x66, 0x36, 0xb6, 0x59,
    0x97, 0x7d, 0x8c, 0x34, 0xf3, 0x6c, 0x5a, 0xc6, 0x0a, 0x66, 0x36, 0xb6,
    0x59, 0x97, 0x7d, 0x8c, 0x34, 0xf3, 0x6c, 0x5a, 0xc6, 0x0a, 0x66, 0x36,
    0xb6, 0x59, 0x97, 0x7d, 0x8c, 0x34, 0xf3, 0x6c, 0x5a, 0xc6, 0x0a, 0x66,
    0x36, 0xb6, 0x59, 0x97, 0x7d, 0x8c, 0x34, 0xf3, 0x6c, 0x5a, 0xc6, 0x0a,
    0x66, 0x36, 0xb6, 0x59, 0x97, 0x7d, 0x8c, 0x34, 0xf3, 0x6c, 0x5a, 0xc6,
    0x0a, 0x66, 0x36, 0xb6, 0x59, 0x97, 0x7d, 0x8c, 0x34, 0xf3, 0x6c, 0x5a,
    0xc6, 0x0a, 0x66, 0x36, 0xb6, 0x61, 0x97, 0x85, 0x8c, 0x34, 0x14, 0x2d,
    0x6a, 0xc6, 0x0a, 0x66, 0x16, 0xb2, 0x61, 0x95, 0x7d, 0x8c, 0x34, 0x14,
    0x2d, 0x6a, 0xc6, 0x0a, 0x66, 0x16, 0xb2, 0x61, 0x95, 0x7d, 0x8c, 0x34,
    0x14, 0x2d, 0x6a, 0xc6, 0x0a, 0x66, 0x16, 0xb2, 0x61, 0x95, 0x7d, 0x8c,
    0x34, 0x14, 0x2d, 0x6a, 0xc6, 0x0a, 0x66, 0x16, 0xb2, 0x61, 0x95, 0x7d,
    0x8c, 0x34, 0x14, 0x2d, 0x6a, 0xc6, 0x0a, 0x66, 0x16, 0xb2, 0x61, 0x95,
    0x7d, 0x8c, 0x34, 0x14, 0x2d, 0x6a, 0xc6, 0x0a, 0x66, 0x16, 0xb2, 0x61,
    0x95, 0x7d, 0x8c, 0x34, 0x14, 0x2d, 0x6a, 0xc6, 0x0a, 0x66, 0x16, 0xb2,
    0x61, 0x95, 0x7d, 0x8c, 0x34, 0x14, 0x2d, 0x6a, 0xc6, 0x0a, 0x66, 0x16,
    0xb2, 0x69, 0x95, 0x85, 0x8c, 0x34, 0x35, 0xcd, 0x7b, 0xc6, 0x0a, 0x66,
    0xe6, 0xae, 0x69, 0x93, 0x7d, 0x8c, 0x34, 0x35, 0xcd, 0x7b, 0xc6, 0x0a,
    0x66, 0xe6, 0xae, 0x69, 0x93, 0x7d, 0x8c, 0x34, 0x35, 0xcd, 0x7b, 0xc6,
    0x0a, 0x66, 0xe6, 0xae, 0x69, 0x93, 0x7d, 0x8c, 0x34, 0x35, 0xcd, 0x7b,
    0xc6, 0x0a, 0x66, 0xe6, 0xae, 0x69, 0x93, 0x7d, 0x8c, 0x34, 0x35, 0xcd,
    0x7b, 0xc6, 0x0a, 0x66, 0xe6, 0xae, 0x69, 0x93, 0x7d, 0x8c, 0x34, 0x35,
    0xcd, 0x7b, 0xc6, 0x0a, 0x66, 0xe6, 0xae, 0x69, 0x93, 0x7d, 0x8c, 0x34,
    0x35, 0xcd, 0x7b, 0xc6, 0x0a, 0x66, 0xe6, 0xae, 0x69, 0x93, 0x7d, 0x8c,
    0x34, 0x35, 0xcd, 0x7b, 0xc6, 0x0a, 0x66, 0xe6, 0xae, 0x71, 0x93, 0x85,
    0x8c, 0x34, 0x56, 0x8d, 0x8b, 0xc6, 0x0a, 0x66, 0xc6, 0xaa, 0x71, 0x91,
    0x7d, 0x8c, 0x34, 0x56, 0x8d, 0x8b, 0xc6, 0x0a, 0x66, 0xc6, 0xaa, 0x71,
    0x91, 0x7d, 0x8c, 0x34, 0x56, 0x8d, 0x8b, 0xc6, 0x0a, 0x66, 0xc6, 0xaa,
    0x71, 0x91, 0x7d, 0x8c, 0x34, 0x56, 0x8d, 0x8b, 0xc6, 0x0a, 0x66, 0xc6,
    0xaa, 0x71, 0x91, 0x7d, 0x8c, 0x34, 0x56, 0x8d, 0x8b, 0xc6, 0x0a, 0x66,
    0xc6, 0xaa, 0x71, 0x91, 0x7d, 0x8c, 0x34, 0x56, 0x8d, 0x8b, 0xc6, 0x0a,
    0x66, 0xc6, 0xaa, 0x71, 0x91, 0x7d, 0x8c, 0x34, 0x56, 0x8d, 0x8b, 0xc6,
    0x0a, 0x66, 0xc6, 0xaa, 0x71, 0x91, 0x7d, 0x8c, 0x34, 0x56, 0x8d, 0x8b,
    0xc6, 0x0a, 0x66, 0xc6, 0xaa, 0x79, 0x91, 0x85, 0x8c, 0x34, 0x77, 0x4d,
    0x9b, 0xc6, 0x0a, 0x66, 0xa6, 0xa6, 0x79, 0x8f, 0x7d, 0x8c, 0x34, 0x77,
    0x4d, 0x9b, 0xc6, 0x0a, 0x66, 0xa6, 0xa6, 0x79, 0x8f, 0x7d, 0x8c, 0x34,
    0x77, 0x4d, 0x9b, 0xc6, 0x0a, 0x66, 0xa6, 0xa6, 0x79, 0x8f, 0x7d, 0x8c,
    0x34, 0x77, 0x4d, 0x9b, 0xc6, 0x0a, 0x66, 0xa6, 0xa6, 0x79, 0x8f, 0x7d,
    0x8c, 0x34, 0x77, 0x4d, 0x9b, 0xc6, 0x0a, 0x66, 0xa6, 0xa6, 0x79, 0x8f,
    0x7d, 0x8c, 0x34, 0x77, 0x4d, 0x9b, 0xc6, 0x0a, 0x66, 0xa6, 0xa6, 0x79,
    0x8f, 0x7d, 0x8c, 0x34, 0x77, 0x4d, 0x9b, 0xc6, 0x0a, 0x66, 0xa6, 0xa6,
    0x79, 0x8f, 0x7d, 0x8c, 0x34, 0x77, 0x4d, 0x9b, 0xc6, 0x0a, 0x66, 0xa6,
    0xa6, 0x45, 0x8f, 0x85, 0x8c, 0xb4, 0x90, 0x0d, 0xab, 0xc6, 0x0a, 0x66,
    0x86, 0xa2, 0x45, 0x8d, 0x7d, 0x8c, 0xb4, 0x90, 0x0d, 0xab, 0xc6, 0x0a,
    0x66, 0x86, 0xa2, 0x45, 0x8d, 0x7d, 0x8c, 0xb4, 0x90, 0x0d, 0xab, 0xc6,
    0x0a, 0x66, 0x86, 0xa2, 0x45, 0x8d, 0x7d, 0x8c, 0xb4, 0x90, 0x0d, 0xab,
    0xc6, 0x0a, 0x66, 0x86, 0xa2, 0x45, 0x8d, 0x7d, 0x8c, 0xb4, 0x90, 0x0d,
    0xab, 0xc6, 0x0a, 0x66, 0x86, 0xa2, 0x45, 0x8d, 0x7d, 0x8c, 0xb4, 0x90,
    0x0d, 0xab, 0xc6, 0x0a, 0x66, 0x86, 0xa2, 0x45, 0x8d, 0x7d, 0x8c, 0xb4,
    0x90, 0x0d, 0xab, 0xc6, 0x0a, 0x66, 0x86, 0xa2, 0x45, 0x8d, 0x7d, 0x8c,
    0xb4, 0x90, 0x0d, 0xab, 0xc6, 0x0a, 0x66, 0x86, 0xa2, 0x4d, 0x8d, 0x85,
    0x8c, 0xb4, 0xb1, 0xcd, 0xba, 0xc6, 0x0a, 0x66, 0x66, 0x9e, 0x4d, 0x8b,
    0x7d, 0x8c, 0xb4, 0xb1, 0xcd, 0xba, 0xc6, 0x0a, 0x66, 0x66, 0x9e, 0x4d,
    0x8b, 0x7d, 0x8c, 0xb4, 0xb1, 0xcd, 0xba, 0xc6, 0x0a, 0x66, 0x66, 0x9e,
    0x4d, 0x8b, 0x7d, 0x8c, 0xb4, 0xb1, 0xcd, 0xba, 0xc6, 0x0a, 0x66, 0x66,
    0x9e, 0x4d, 0x8b, 0x7d, 0x8c, 0xb4, 0xb1, 0xcd, 0xba, 0xc6, 0x0a, 0x66,
    0x66, 0x9e, 0x4d, 0x8b, 0x7d, 0x8c, 0xb4, 0xb1, 0xcd, 0xba, 0xc6, 0x0a,
    0x66, 0x66, 0x9e, 0x4d, 0x8b, 0x7d, 0x8c, 0xb4, 0xb1, 0xcd, 0xba, 0xc6,
    0x0a, 0x66, 0x66, 0x9e, 0x4d, 0x8b, 0x7d, 0x8c, 0xb4, 0xb1, 0xcd, 0xba,
    0xc6, 0x0a, 0x66, 0x66, 0x9e, 0x55, 0x8b, 0x85, 0x8c, 0xb4, 0xd2, 0x8d,
    0xca, 0xc6, 0x0a, 0x66, 0x46, 0x9a, 0x55, 0x89, 0x7d, 0x8c, 0xb4, 0xd2,
    0x8d, 0xca, 0xc6, 0x0a, 0x66, 0x46, 0x9a, 0x55, 0x89, 0x7d, 0x8c, 0xb4,
    0xd2, 0x8d, 0xca, 0xc6, 0x0a, 0x66, 0x46, 0x9a, 0x55, 0x89, 0x7d, 0x8c,
    0xb4, 0xd2, 0x8d, 0xca, 0xc6, 0x0a, 0x66, 0x46, 0x9a, 0x55, 0x89, 0x7d,
    0x8c, 0xb4, 0xd2, 0x8d, 0xca, 0xc6, 0x0a, 0x66, 0x46, 0x9a, 0x55, 0x89,
    0x7d, 0x8c, 0xb4, 0xd2, 0x8d, 0xca, 0xc6, 0x0a, 0x66, 0x46, 0x9a, 0x55,
    0x89, 0x7d, 0x8c, 0xb4, 0xd2, 0x8d, 0xca, 0xc6, 0x0a, 0x66, 0x46, 0x9a,
    0x55, 0x89, 0x7d, 0x8c, 0xb4, 0xd2, 0x8d, 0xca, 0xc6, 0x0a, 0x66, 0x46,
    0x9a, 0x5d, 0x89, 0x85, 0x8c, 0xb4, 0xf3, 0x4d, 0xda, 0xc6, 0x0a, 0x66,
    0x26, 0x96, 0x5d, 0x87, 0x7d, 0x8c, 0xb4, 0xf3, 0x4d, 0xda, 0xc6, 0x0a,
    0x66, 0x26, 0x96, 0x5d, 0x87, 0x7d, 0x8c, 0xb4, 0xf3, 0x4d, 0xda, 0xc6,
    0x0a, 0x66, 0x26, 0x96, 0x5d, 0x87, 0x7d, 0x8c, 0xb4, 0xf3, 0x4d, 0xda,
    0xc6, 0x0a, 0x66, 0x26, 0x96, 0x5d, 0x87, 0x7d, 0x8c, 0xb4, 0xf3, 0x4d,
    0xda, 0xc6, 0x0a, 0x66, 0x26, 0x96, 0x5d, 0x87, 0x7d, 0x8c, 0xb4, 0xf3,
    0x4d, 0xda, 0xc6, 0x0a, 0x66, 0x26, 0x96, 0x5d, 0x87, 0x7d, 0x8c, 0xb4,
    0xf3, 0x4d, 0xda, 0xc6, 0x0a, 0x66, 0x26, 0x96, 0x5d, 0x87, 0x7d, 0x8c,
    0xb4, 0xf3, 0x4d, 0xda, 0xc6, 0x0a, 0x66, 0x26, 0x96, 0x65, 0x87, 0x85,
    0x8c, 0xb4, 0x14, 0x0e, 0xea, 0xc6, 0x0a, 0x66, 0x06, 0x92, 0x65, 0x85,
    0x7d, 0x8c, 0xb4, 0x14, 0x0e, 0xea, 0xc6, 0x0a, 0x66, 0x06, 0x92, 0x65,
    0x85, 0x7d, 0x8c, 0xb4, 0x14, 0x0e, 0xea, 0xc6, 0x0a, 0x66, 0x06, 0x92,
    0x65, 0x85, 0x7d, 0x8c, 0xb4, 0x14, 0x0e, 0xea, 0xc6, 0x0a, 0x66, 0x06,
    0x92, 0x65, 0x85, 0x7d, 0x8c, 0xb4, 0x14, 0x0e, 0xea, 0xc6, 0x0a, 0x66,
    0x06, 0x92, 0x65, 0x85, 0x7d, 0x8c, 0xb4, 0x14, 0x0e, 0xea, 0xc6, 0x0a,
    0x66, 0x06, 0x92, 0x65, 0x85, 0x7d, 0x8c, 0xb4, 0x14, 0x0e, 0xea, 0xc6,
    0x0a, 0x66, 0x06, 0x92, 0x65, 0x85, 0x7d, 0x8c, 0xb4, 0x14, 0x0e, 0xea,
    0xc6, 0x0a, 0x66, 0x06, 0x92, 0x6d, 0x85, 0x85, 0x8c, 0xb4, 0x35, 0xbe,
    0xf7, 0x8d, 0x15, 0xcc, 0xbc, 0x3b, 0xb6, 0x0d, 0xf6, 0x31, 0xd2, 0xd6,
    0xf8, 0xde, 0x37, 0x56, 0x30, 0xf3, 0xee, 0xd8, 0x36, 0xd8, 0xc7, 0x48,
    0x5b, 0xe3, 0x7b, 0xdf, 0x58, 0xc1, 0xcc, 0xbb, 0x63, 0xdb, 0x60, 0x1f,
    0x23, 0x6d, 0x8d, 0xef, 0x7d, 0x63, 0x05, 0x33, 0xef, 0x8e, 0x6d, 0x83,
    0x7d, 0x8c, 0xb4, 0x35, 0xbe, 0xf7, 0x8d, 0x15, 0xcc, 0xbc, 0x3b, 0xb6,
    0x0d, 0xf6, 0x31, 0xd2, 0xd6, 0xf8, 0xde, 0x37, 0x56, 0x30, 0xf3, 0xee,
    0xd8, 0x36, 0xd8, 0xc7, 0x48, 0x5b, 0xe3, 0x7b, 0xdf, 0x58, 0xc1, 0xcc,
    0xbb, 0x63, 0xdb, 0x60, 0x1f, 0x23, 0x6d, 0x8d, 0xef, 0x7d, 0x63, 0x05,
    0x33, 0xef, 0x8e, 0x75, 0x83, 0x85, 0x8c, 0xb4, 0x56, 0x3e, 0x03, 0x8c,
    0x15, 0xcc, 0x3c, 0x2b, 0xd6, 0x05, 0xf6, 0x31, 0xd2, 0x5a, 0xf9, 0x0c,
    0x30, 0x56, 0x30, 0xf3, 0xac, 0x58, 0x17, 0xd8, 0xc7, 0x48, 0x6b, 0xe5,
    0x33, 0xc0, 0x58, 0xc1, 0xcc, 0xb3, 0x62, 0x5d, 0x60, 0x1f, 0x23, 0xad,
    0x95, 0xcf, 0x00, 0x63, 0x05, 0x33, 0xcf, 0x8a, 0x75, 0x81, 0x7d, 0x8c,
    0xb4, 0x56, 0x3e, 0x03, 0x8c, 0x15, 0xcc, 0x3c, 0x2b, 0xd6, 0x05, 0xf6,
    0x31, 0xd2, 0x5a, 0xf9, 0x0c, 0x30, 0x56, 0x30, 0xf3, 0xac, 0x58, 0x17,
    0xd8, 0xc7, 0x48, 0x6b, 0xe5, 0x33, 0xc0, 0x58, 0xc1, 0xcc, 0xb3, 0x62,
    0x5d, 0x60, 0x1f, 0x23, 0xad, 0x95, 0xcf, 0x00, 0x63, 0x05, 0x33, 0xcf,
    0x8a, 0x7d, 0x81, 0x85, 0x8c, 0xb4, 0x77, 0xbe, 0x12, 0x8c, 0x15, 0xcc,
    0xbc, 0x1a, 0xf6, 0xf7, 0xec, 0x63, 0xa4, 0xbd, 0xf3, 0x95, 0x60, 0xac,
    0x60, 0xe6, 0xd5, 0xb0, 0xbf, 0x67, 0x1f, 0x23, 0xed, 0x9d, 0xaf, 0x04,
    0x63, 0x05, 0x33, 0xaf, 0x86, 0xfd, 0x3d, 0xfb, 0x18, 0x69, 0xef, 0x7c,
    0x25, 0x18, 0x2b, 0x98, 0x79, 0x35, 0xec, 0xef, 0xd9, 0xc7, 0x48, 0x7b,
    0xe7, 0x2b, 0xc1, 0x58, 0xc1, 0xcc, 0xab, 0x61, 0x7f, 0xcf, 0x3e, 0x46,
    0xda, 0x3b, 0x5f, 0x09, 0xc6, 0x0a, 0x66, 0x5e, 0x0d, 0xfb, 0x7b, 0xf6,
    0x31, 0xd2, 0xde, 0xf9, 0x4a, 0x30, 0x56, 0x30, 0xf3, 0x6a, 0xd8, 0xdf,
    0xb3, 0x8f, 0x91, 0xf6, 0xce, 0x57, 0x82, 0xb1, 0x82, 0x99, 0x57, 0xc3,
    0xc1, 0x3d, 0x0b, 0x19, 0xe9, 0x40, 0xfa, 0x88, 0x30, 0x56, 0x30, 0xf3,
    0x28, 0x38, 0x38, 0x67, 0x1f, 0x23, 0x1d, 0x48, 0x1f, 0x11, 0xc6, 0x0a,
    0x66, 0x1e, 0x05, 0x07, 0xe7, 0xec, 0x63, 0xa4, 0x03, 0xe9, 0x23, 0xc2,
    0x58, 0xc1, 0xcc, 0xa3, 0xe0, 0xe0, 0x9c, 0x7d, 0x8c, 0x74, 0x20, 0x7d,
    0x44, 0x18, 0x2b, 0x98, 0x79, 0x14, 0x1c, 0x9c, 0xb3, 0x8f, 0x91, 0x0e,
    0xa4, 0x8f, 0x08, 0x63, 0x05, 0x33, 0x8f, 0x82, 0x83, 0x73, 0xf6, 0x31,
    0xd2, 0x81, 0xf4, 0x11, 0x61, 0xac, 0x60, 0xe6, 0x51, 0x70, 0x70, 0xce,
    0x3e, 0x46, 0x3a, 0x90, 0x3e, 0x22, 0x8c, 0x15, 0xcc, 0x3c, 0x0a, 0x0e,
    0xce, 0xd9, 0xc7, 0x48, 0x07, 0xd2, 0x47, 0x84, 0xb1, 0x82, 0x99, 0x47,
    0xc1, 0xff, 0xcf, 0x73, 0x7e, 0x02, 0x23, 0xfd, 0xfd, 0x77, 0x32, 0x56,
    0x30, 0xf3, 0x6f, 0xa3, 0xf1, 0x02, 0xfc, 0xe6, 0x46, 0x6a, 0xac, 0x60,
    0xa6, 0xb1, 0x82, 0x99, 0xec, 0x63, 0xa4, 0xec, 0x63, 0xa4, 0xc6, 0x0a,
    0x66, 0x1a, 0x2b, 0x98, 0xc9, 0x3e, 0x46, 0xca, 0x3e, 0x46, 0x6a, 0xac,
    0x60, 0xa6, 0xb1, 0x82, 0x99, 0xec, 0x63, 0xa4, 0xec, 0x63, 0xa4, 0xc6,
    0x0a, 0x66, 0x1a, 0x2b, 0x98, 0xc9, 0x3e, 0x46, 0xca, 0x3e, 0x46, 0x6a,
    0xac, 0x60, 0xa6, 0xb1, 0x82, 0x99, 0xec, 0x63, 0xa4, 0xec, 0x63, 0xa4,
    0xc6, 0x0a, 0x66, 0x1a, 0x2b, 0x98, 0xc9, 0x3e, 0x46, 0xca, 0x3e, 0x46,
    0x6a, 0xac, 0xf8, 0x60, 0x1a, 0x33, 0x98, 0xf9, 0x21, 0x24, 0xc4, 0xec,
    0x63, 0xa4, 0xc2, 0x88, 0x0f, 0xa4, 0xb1, 0x82, 0x99, 0x1f, 0x42, 0x42,
    0xcc, 0x3e, 0x46, 0x2a, 0x8c, 0xf8, 0x40, 0x1a, 0x2b, 0x98, 0xf9, 0x21,
    0x24, 0xc4, 0xec, 0x63, 0xa4, 0xc2, 0x88, 0x0f, 0xa4, 0xb1, 0x82, 0x99,
    0x1f, 0x42, 0x42, 0xcc, 0x3e, 0x46, 0x2a, 0x8c, 0xf8, 0x40, 0x1a, 0x2b,
    0x98, 0xf9, 0x21, 0x24, 0xc4, 0xec, 0x63, 0xa4, 0xc2, 0x88, 0x0f, 0xa4,
    0xb1, 0x82, 0x99, 0x1f, 0x42, 0x42, 0xcc, 0x3e, 0x46, 0x2a, 0x8c, 0xf8,
    0x40, 0x1a, 0x2b, 0x98, 0xf9, 0x21, 0x24, 0xc4, 0xec, 0x63, 0xa4, 0xc2,
    0x88, 0x0f, 0xa4, 0xb1, 0x82, 0x99, 0x1f, 0x42, 0x42, 0xcc, 0x3e, 0x46,
    0x2a, 0x8c, 0xf8, 0x42, 0x1a, 0x33, 0x98, 0xf9, 0x65, 0xb4, 0xcf, 0xd9,
    0xc7, 0x48, 0xf7, 0x1b, 0xbe, 0x88, 0xc6, 0x0a, 0x66, 0x7e, 0x19, 0xed,
    0x73, 0xf6, 0x31, 0xd2, 0xfd, 0x86, 0x2f, 0xa2, 0xb1, 0x82, 0x99, 0x5f,
    0x46, 0xfb, 0x9c, 0x7d, 0x8c, 0x74, 0xbf, 0xe1, 0x8b, 0x68, 0xac, 0x60,
    0xe6, 0x97, 0xd1, 0x3e, 0x67, 0x1f, 0x23, 0xdd, 0x6f, 0xf8, 0x22, 0x1a,
    0x2b, 0x98, 0xf9, 0x65, 0xb4, 0xcf, 0xd9, 0xc7, 0x48, 0xf7, 0x1b, 0xbe,
    0x88, 0xc6, 0x0a, 0x66, 0x7e, 0x19, 0xed, 0x73, 0xf6, 0x31, 0xd2, 0xfd,
    0x86, 0x2f, 0xa2, 0xb1, 0x82, 0x99, 0x5f, 0x46, 0xfb, 0x9c, 0x7d, 0x8c,
    0x74, 0xbf, 0xe1, 0x8b, 0x68, 0xac, 0x60, 0xe6, 0x97, 0xd1, 0x3e, 0x67,
    0x1f, 0x23, 0xdd, 0x6f, 0xf8, 0x24, 0x1a, 0x33, 0x98, 0xf9, 0xa9, 0x34,
    0x3f, 0x60, 0x1f, 0x23, 0x9d, 0x4f, 0xf8, 0x04, 0x1a, 0x2b, 0x98, 0xf9,
    0xa9, 0x34, 0x3f, 0x60, 0x1f, 0x23, 0x9d, 0x4f, 0xf8, 0x04, 0x1a, 0x2b,
    0x98, 0xf9, 0xa9, 0x34, 0x3f, 0x60, 0x1f, 0x23, 0x9d, 0x4f, 0xf8, 0x04,
    0x1a, 0x2b, 0x98, 0xf9, 0xa9, 0x34, 0x3f, 0x60, 0x1f, 0x23, 0x9d, 0x4f,
    0xf8, 0x04, 0x1a, 0x2b, 0x98, 0xf9, 0xa9, 0x34, 0x3f, 0x60, 0x1f, 0x23,
    0x9d, 0x4f, 0xf8, 0x04, 0x1a, 0x2b, 0x98, 0xf9, 0xa9, 0x34, 0x3f, 0x60,
    0x1f, 0x23, 0x9d, 0x4f, 0xf8, 0x04, 0x1a, 0x2b, 0x98, 0xf9, 0xa9, 0x34,
    0x3f, 0x60, 0x1f, 0x23, 0x9d, 0x4f, 0xf8, 0x04, 0x1a, 0x2b, 0x98, 0xf9,
    0xa9, 0x34, 0x3f, 0x60, 0x1f, 0x23, 0x9d, 0x4f, 0xf8, 0x06, 0x1a, 0x33,
    0x98, 0xf9, 0xed, 0xb4, 0xbe, 0x60, 0x1f, 0x23, 0x5d, 0x2f, 0xf8, 0xe6,
    0x19, 0x2b, 0x98, 0xf9, 0xed, 0xb4, 0xbe, 0x60, 0x1f, 0x23, 0x5d, 0x2f,
    0xf8, 0xe6, 0x19, 0x2b, 0x98, 0xf9, 0xed, 0xb4, 0xbe, 0x60, 0x1f, 0x23,
    0x5d, 0x2f, 0xf8, 0xe6, 0x19, 0x2b, 0x98, 0xf9, 0xed, 0xb4, 0xbe, 0x60,
    0x1f, 0x23, 0x5d, 0x2f, 0xf8, 0xe6, 0x19, 0x2b, 0x98, 0xf9, 0xed, 0xb4,
    0xbe, 0x60, 0x1f, 0x23, 0x5d, 0x2f, 0xf8, 0xe6, 0x19, 0x2b, 0x98, 0xf9,
    0xed, 0xb4, 0xbe, 0x60, 0x1f, 0x23, 0x5d, 0x2f, 0xf8, 0xe6, 0x19, 0x2b,
    0x98, 0xf9, 0xed, 0xb4, 0xbe, 0x60, 0x1f, 0x23, 0x5d, 0x2f, 0xf8, 0xe6,
    0x19, 0x2b, 0x98, 0xf9, 0xed, 0xb4, 0xbe, 0x60, 0x1f, 0x23, 0x5d, 0x2f,
    0x78, 0xe0, 0x19, 0x33, 0x98, 0xf9, 0x20, 0x35, 0x3e, 0x61, 0x1f, 0x23,
    0x1d, 0x0f, 0x78, 0xc0, 0x19, 0x2b, 0x98, 0xf9, 0x20, 0x35, 0x3e, 0x61,
    0x1f, 0x23, 0x1d, 0x0f, 0x78, 0xc0, 0x19, 0x2b, 0x98, 0xf9, 0x20, 0x35,
    0x3e, 0x61, 0x1f, 0x23, 0x1d, 0x0f, 0x78, 0xc0, 0x19, 0x2b, 0x98, 0xf9,
    0x20, 0x35, 0x3e, 0x61, 0x1f, 0x23, 0x1d, 0x0f, 0x78, 0xc0, 0x19, 0x2b,
    0x98, 0xf9, 0x20, 0x35, 0x3e, 0x61, 0x1f, 0x23, 0x1d, 0x0f, 0x78, 0xc0,
    0x19, 0x2b, 0x98, 0xf9, 0x20, 0x35, 0x3e, 0x61, 0x1f, 0x23, 0x1d, 0x0f,
    0x78, 0xc0, 0x19, 0x2b, 0x98, 0xf9, 0x20, 0x35, 0x3e, 0x61, 0x1f, 0x23,
    0x1d, 0x0f, 0x78, 0xc0, 0x19, 0x2b, 0x98, 0xf9, 0x20, 0x35, 0x3e, 0x61,
    0x1f, 0x23, 0x1d, 0x0f, 0x78, 0xc1, 0x19, 0x33, 0x98, 0xf9, 0x62, 0xb5,
    0xbd, 0x61, 0x1f, 0x23, 0xdd, 0xfa, 0xbf, 0xd0, 0x8c, 0x15, 0xcc, 0x7c,
    0xb1, 0xda, 0xde, 0xb0, 0x8f, 0x91, 0x6e, 0xfd, 0x5f, 0x68, 0xc6, 0x0a,
    0x66, 0xbe, 0x58, 0x6d, 0x6f, 0xd8, 0xc7, 0x48, 0xb7, 0xfe, 0x2f, 0x34,
    0x63, 0x05, 0x33, 0x5f, 0xac, 0xb6, 0x37, 0xec, 0x63, 0xa4, 0x5b, 0xff,
    0x17, 0x9a, 0xb1, 0x82, 0x99, 0x2f, 0x56, 0xdb, 0x1b, 0xf6, 0x31, 0xd2,
    0xad, 0xff, 0x0b, 0xcd, 0x58, 0xc1, 0xcc, 0x17, 0xab, 0xed, 0x0d, 0xfb,
    0x18, 0xe9, 0xd6, 0xff, 0x85, 0x66, 0xac, 0x60, 0xe6, 0x8b, 0xd5, 0xf6,
    0x86, 0x7d, 0x8c, 0x74, 0xeb, 0xff, 0x42, 0x33, 0x56, 0x30, 0xf3, 0xc5,
    0x6a, 0x7b, 0xc3, 0x3e, 0x46, 0xba, 0xf5, 0x7f, 0xa2, 0x19, 0x33, 0x98,
    0xf9, 0xa4, 0x35, 0x3d, 0x62, 0x1f, 0x23, 0x9d, 0xea, 0x3f, 0xc1, 0x8c,
    0x15, 0xcc, 0x7c, 0xd2, 0x9a, 0x1e, 0xb1, 0x8f, 0x91, 0x4e, 0xf5, 0x9f,
    0x60, 0xc6, 0x0a, 0x66, 0x3e, 0x69, 0x4d, 0x8f, 0xd8, 0xc7, 0x48, 0xa7,
    0xfa, 0x4f, 0x30, 0x63, 0x05, 0x33, 0x9f, 0xb4, 0xa6, 0x47, 0xec, 0x63,
    0xa4, 0x53, 0xfd, 0x27, 0x98, 0xb1, 0x82, 0x99, 0x4f, 0x5a, 0xd3, 0x23,
    0xf6, 0x31, 0xd2, 0xa9, 0xfe, 0x13, 0xcc, 0x58, 0xc1, 0xcc, 0x27, 0xad,
    0xe9, 0x11, 0xfb, 0x18, 0xe9, 0x54, 0xff, 0x09, 0x66, 0xac, 0x60, 0xe6,
    0x93, 0xd6, 0xf4, 0x88, 0x7d, 0x8c, 0x74, 0xaa, 0xff, 0x04, 0x33, 0x56,
    0x30, 0xf3, 0x49, 0x6b, 0x7a, 0xc4, 0x3e, 0x46, 0x3a, 0xd5, 0x7f, 0x83,
    0x19, 0x33, 0x98, 0xf9, 0xe6, 0xb5, 0xbc, 0x62, 0x1f, 0x23, 0x5d, 0xda,
    0xbf, 0xb1, 0x8c, 0x15, 0xcc, 0x7c, 0xf3, 0x5a, 0x5e, 0xb1, 0x8f, 0x91,
    0x2e, 0xed, 0xdf, 0x58, 0xc6, 0x0a, 0x66, 0xbe, 0x79, 0x2d, 0xaf, 0xd8,
    0xc7, 0x48, 0x97, 0xf6, 0x6f, 0x2c, 0x63, 0x05, 0x33, 0xdf, 0xbc, 0x96,
    0x57, 0xec, 0x63, 0xa4, 0x4b, 0xfb, 0x37, 0x96, 0xb1, 0x82, 0x99, 0x6f,
    0x5e, 0xcb, 0x2b, 0xf6, 0x31, 0xd2, 0xa5, 0xfd, 0x1b, 0xcb, 0x58, 0xc1,
    0xcc, 0x37, 0xaf, 0xe5, 0x15, 0xfb, 0x18, 0xe9, 0xd2, 0xfe, 0x8d, 0x65,
    0xac, 0x60, 0xe6, 0x9b, 0xd7, 0xf2, 0x8a, 0x7d, 0x8c, 0x74, 0x69, 0xff,
    0xc6, 0x32, 0x56, 0x30, 0xf3, 0xcd, 0x6b, 0x79, 0xc5, 0x3e, 0x46, 0xba,
    0xb4, 0x7f, 0x64, 0x19, 0x33, 0x98, 0xf9, 0x28, 0x36, 0x3c, 0x63, 0x1f,
    0x23, 0x1d, 0xca, 0x3f, 0xa2, 0x8c, 0x15, 0xcc, 0x7c, 0x14, 0x1b, 0x9e,
    0xb1, 0x8f, 0x91, 0x0e, 0xe5, 0x1f, 0x51, 0xc6, 0x0a, 0x66, 0x3e, 0x8a,
    0x0d, 0xcf, 0xd8, 0xc7, 0x48, 0x87, 0xf2, 0x8f, 0x28, 0x63, 0x05, 0x33,
    0x1f, 0xc5, 0x86, 0x67, 0xec, 0x63, 0xa4, 0x43, 0xf9, 0x47, 0x94, 0xb1,
    0x82, 0x99, 0x8f, 0x62, 0xc3, 0x33, 0xf6, 0x31, 0xd2, 0xa1, 0xfc, 0x23,
    0xca, 0x58, 0xc1, 0xcc, 0x47, 0xb1, 0xe1, 0x19, 0xfb, 0x18, 0xe9, 0x50,
    0xfe, 0x11, 0x65, 0xac, 0x60, 0xe6, 0xa3, 0xd8, 0xf0, 0x8c, 0x7d, 0x8c,
    0x74, 0x28, 0xff, 0x88, 0x32, 0x56, 0x30, 0xf3, 0x51, 0x6c, 0x78, 0xc6,
    0x3e, 0x46, 0x3a, 0x94, 0x7f, 0x45, 0x19, 0x33, 0x98, 0xf9, 0x6a, 0xb6,
    0xbb, 0x63, 0x1f, 0x23, 0xdd, 0xb9, 0xbf, 0x92, 0x8c, 0x15, 0xcc, 0x7c,
    0x35, 0xdb, 0xdd, 0xb1, 0x8f, 0x91, 0xee, 0xdc, 0x5f, 0x49, 0xc6, 0x0a,
    0x66, 0xbe, 0x9a, 0xed, 0xee, 0xd8, 0xc7, 0x48, 0x77, 0xee, 0xaf, 0x24,
    0x63, 0x05, 0x33, 0x5f, 0xcd, 0x76, 0x77, 0xec, 0x63, 0xa4, 0x3b, 0xf7,
    0x57, 0x92, 0xb1, 0x82, 0x99, 0xaf, 0x66, 0xbb, 0x3b, 0xf6, 0x31, 0xd2,
    0x9d, 0xfb, 0x2b, 0xc9, 0x58, 0xc1, 0xcc, 0x57, 0xb3, 0xdd, 0x1d, 0xfb,
    0x18, 0xe9, 0xce, 0xfd, 0x95, 0x64, 0xac, 0x60, 0xe6, 0xab, 0xd9, 0xee,
    0x8e, 0x7d, 0x8c, 0x74, 0xe7, 0xfe, 0x4a, 0x32, 0x56, 0x30, 0xf3, 0xd5,
    0x6c, 0x77, 0xc7, 0x3e, 0x46, 0xba, 0x73, 0x7f, 0x26, 0x19, 0x33, 0x98,
    0xf9, 0xac, 0x36, 0x3b, 0x64, 0x1f, 0x23, 0x9d, 0xa9, 0x3f, 0x83, 0x8c,
    0x15, 0xcc, 0x7c, 0x56, 0x9b, 0x1d, 0xb2, 0x8f, 0x91, 0xce, 0xd4, 0x9f,
    0x41, 0xc6, 0x0a, 0x66, 0x3e, 0xab, 0xcd, 0x0e, 0xd9, 0xc7, 0x48, 0x67,
    0xea, 0xcf, 0x20, 0x63, 0x05, 0x33, 0x9f, 0xd5, 0x66, 0x87, 0xec, 0x63,
    0xa4, 0x33, 0xf5, 0x67, 0x90, 0xb1, 0x82, 0x99, 0xcf, 0x6a, 0xb3, 0x43,
    0xf6, 0x31, 0xd2, 0x99, 0xfa, 0x33, 0xc8, 0x58, 0xc1, 0xcc, 0x67, 0xb5,
    0xd9, 0x21, 0xfb, 0x18, 0xe9, 0x4c, 0xfd, 0x19, 0x64, 0xac, 0x60, 0xe6,
    0xb3, 0xda, 0xec, 0x90, 0x7d, 0x8c, 0x74, 0xa6, 0xfe, 0x0c, 0x32, 0x56,
    0x30, 0xf3, 0x59, 0x6d, 0x76, 0xc8, 0x3e, 0x46, 0x3a, 0x53, 0x7f, 0x07,
    0x19, 0x33, 0x98, 0xf9, 0xee, 0xb6, 0xba, 0x64, 0x1f, 0x23, 0x5d, 0x99,
    0xbf, 0x73, 0x8c, 0x15, 0xcc, 0x7c, 0x77, 0x5b, 0x5d, 0xb2, 0x8f, 0x91,
    0xae, 0xcc, 0xdf, 0x39, 0xc6, 0x0a, 0x66, 0xbe, 0xbb, 0xad, 0x2e, 0xd9,
    0xc7, 0x48, 0x57, 0xe6, 0xef, 0x1c, 0x63, 0x05, 0x33, 0xdf, 0xdd, 0x56,
    0x97, 0xec, 0x63, 0xa4, 0x2b, 0xf3, 0x77, 0x8e, 0xb1, 0x82, 0x99, 0xef,
    0x6e, 0xab, 0x4b, 0xf6, 0x31, 0xd2, 0x95, 0xf9, 0x3b, 0xc7, 0x58, 0xc1,
    0xcc, 0x77, 0xb7, 0xd5, 0x25, 0xfb, 0x18, 0xe9, 0xca, 0xfc, 0x9d, 0x63,
    0xac, 0x60, 0xe6, 0xbb, 0xdb, 0xea, 0x92, 0x7d, 0x8c, 0x74, 0x65, 0xfe,
    0xce, 0x31, 0x56, 0x30, 0xf3, 0xdd, 0x6d, 0x75, 0xc9, 0x3e, 0x46, 0xba,
    0x32, 0x3f, 0x70, 0x8c, 0x19, 0xcc, 0x3c, 0xc8, 0x8d, 0x4e, 0xd9, 0xc7,
    0x48, 0x47, 0xe2, 0x07, 0x8c, 0xb1, 0x82, 0x99, 0x07, 0xb9, 0xd1, 0x29,
    0xfb, 0x18, 0xe9, 0x48, 0xfc, 0x80, 0x31, 0x56, 0x30, 0xf3, 0x20, 0x37,
    0x3a, 0x65, 0x1f, 0x23, 0x1d, 0x89, 0x1f, 0x30, 0xc6, 0x0a, 0x66, 0x1e,
    0xe4, 0x46, 0xa7, 0xec, 0x63, 0xa4, 0x23, 0xf1, 0x03, 0xc6, 0x58, 0xc1,
    0xcc, 0x83, 0xdc, 0xe8, 0x94, 0x7d, 0x8c, 0x74, 0x24, 0x7e, 0xc0, 0x18,
    0x2b, 0x98, 0x79, 0x90, 0x1b, 0x9d, 0xb2, 0x8f, 0x91, 0x8e, 0xc4, 0x0f,
    0x18, 0x63, 0x05, 0x33, 0x0f, 0x72, 0xa3, 0x53, 0xf6, 0x31, 0xd2, 0x91,
    0xf8, 0x01, 0x63, 0xac, 0x60, 0xe6, 0x41, 0x6e, 0x74, 0xca, 0x3e, 0x46,
    0x3a, 0x12, 0xbf, 0x60, 0x8c, 0x19, 0xcc, 0xbc, 0xd8, 0x6d, 0x6e, 0xd9,
    0xc7, 0x48, 0x37, 0xde, 0x17, 0x8a, 0xb1, 0x82, 0x99, 0x17, 0xbb, 0xcd,
    0x2d, 0xfb, 0x18, 0xe9, 0xc6, 0xfb, 0x42, 0x31, 0x56, 0x30, 0xf3, 0x62,
    0xb7, 0xb9, 0x65, 0x1f, 0x23, 0xdd, 0x78, 0x5f, 0x28, 0xc6, 0x0a, 0x66,
    0x5e, 0xec, 0x36, 0xb7, 0xec, 0x63, 0xa4, 0x1b, 0xef, 0x0b, 0xc5, 0x58,
    0xc1, 0xcc, 0x8b, 0xdd, 0xe6, 0x96, 0x7d, 0x8c, 0x74, 0xe3, 0x7d, 0xa1,
    0x18, 0x2b, 0x98, 0x79, 0xb1, 0xdb, 0xdc, 0xb2, 0x8f, 0x91, 0x6e, 0xbc,
    0x2f, 0x14, 0x63, 0x05, 0x33, 0x2f, 0x76, 0x9b, 0x5b, 0xf6, 0x31, 0xd2,
    0x8d, 0xf7, 0x85, 0x62, 0xac, 0x60, 0xe6, 0xc5, 0x6e, 0x73, 0xcb, 0x3e,
    0x46, 0xba, 0xf1, 0x3e, 0x51, 0x8c, 0x19, 0xcc, 0x3c, 0xe9, 0x4d, 0x8e,
    0xd9, 0xc7, 0x48, 0x27, 0xda, 0x27, 0x88, 0xb1, 0x82, 0x99, 0x27, 0xbd,
    0xc9, 0x31, 0xfb, 0x18, 0xe9, 0x44, 0xfb, 0x04, 0x31, 0x56, 0x30, 0xf3,
    0xa4, 0x37, 0x39, 0x66, 0x1f, 0x23, 0x9d, 0x68, 0x9f, 0x20, 0xc6, 0x0a,
    0x66, 0x9e, 0xf4, 0x26, 0xc7, 0xec, 0x63, 0xa4, 0x13, 0xed, 0x13, 0xc4,
    0x58, 0xc1, 0xcc, 0x93, 0xde, 0xe4, 0x98, 0x7d, 0x8c, 0x74, 0xa2, 0x7d,
    0x82, 0x18, 0x2b, 0x98, 0x79, 0xd2, 0x9b, 0x1c, 0xb3, 0x8f, 0x91, 0x4e,
    0xb4, 0x4f, 0x10, 0x63, 0x05, 0x33, 0x4f, 0x7a, 0x93, 0x63, 0xf6, 0x31,
    0xd2, 0x89, 0xf6, 0x09, 0x62, 0xac, 0x60, 0xe6, 0x49, 0x6f, 0x72, 0xcc,
    0x3e, 0x46, 0x3a, 0xd1, 0xbe, 0x41, 0x8c, 0x19, 0xcc, 0xbc, 0xf9, 0x2d,
    0xae, 0xd9, 0xc7, 0x48, 0x17, 0xd6, 0x37, 0x86, 0xb1, 0x82, 0x99, 0x37,
    0xbf, 0xc5, 0x35, 0xfb, 0x18, 0xe9, 0xc2, 0xfa, 0xc6, 0x30, 0x56, 0x30,
    0xf3, 0xe6, 0xb7, 0xb8, 0x66, 0x1f, 0x23, 0x5d, 0x58, 0xdf, 0x18, 0xc6,
    0x0a, 0x66, 0xde, 0xfc, 0x16, 0xd7, 0xec, 0x63, 0xa4, 0x0b, 0xeb, 0x1b,
    0xc3, 0x58, 0xc1, 0xcc, 0x9b, 0xdf, 0xe2, 0x9a, 0x7d, 0x8c, 0x74, 0x61,
    0x7d, 0x63, 0x18, 0x2b, 0x98, 0x79, 0xf3, 0x5b, 0x5c, 0xb3, 0x8f, 0x91,
    0x2e, 0xac, 0x6f, 0x0c, 0x63, 0x05, 0x33, 0x6f, 0x7e, 0x8b, 0x6b, 0xf6,
    0x31, 0xd2, 0x85, 0xf5, 0x8d, 0x61, 0xac, 0x60, 0xe6, 0xcd, 0x6f, 0x71,
    0xcd, 0x3e, 0x46, 0xba, 0xb0, 0x3e, 0x32, 0x8c, 0x19, 0xcc, 0x3c, 0x0a,
    0x0e, 0xce, 0xd9, 0xc7, 0x48, 0x07, 0xd2, 0x47, 0x84, 0xb1, 0x82, 0x99,
    0x47, 0xc1, 0xc1, 0x39, 0xfb, 0x18, 0xe9, 0x40, 0xfa, 0x88, 0x30, 0x56,
    0x30, 0xf3, 0x28, 0x38, 0x38, 0x67, 0x1f, 0x23, 0x1d, 0x48, 0x1f, 0x11,
    0xc6, 0x0a, 0x66, 0x1e, 0x05, 0x07, 0xe7, 0xec, 0x63, 0xa4, 0x03, 0xe9,
    0x23, 0xc2, 0x58, 0xc1, 0xcc, 0xa3, 0xe0, 0xe0, 0x9c, 0x7d, 0x8c, 0x74,
    0x20, 0x7d, 0x44, 0x18, 0x2b, 0x98, 0x79, 0x14, 0x1c, 0x9c, 0xb3, 0x8f,
    0x91, 0x0e, 0xa4, 0x8f, 0x08, 0x63, 0x05, 0x33, 0x8f, 0x82, 0x83, 0x73,
    0xf6, 0x31, 0xd2, 0x81, 0xf4, 0x11, 0x61, 0xac, 0x60, 0xe6, 0x51, 0x70,
    0x70, 0xce, 0x3e, 0x46, 0x3a, 0x90, 0xbe, 0x22, 0x8c, 0x19, 0xcc, 0xbc,
    0x1a, 0xf6, 0xf7, 0xec, 0x63, 0xa4, 0xbd, 0xf3, 0x95, 0x60, 0xac, 0x60,
    0xe6, 0xd5, 0xb0, 0xbf, 0x67, 0x1f, 0x23, 0xed, 0x9d, 0xaf, 0x04, 0x63,
    0x05, 0x33, 0xaf, 0x86, 0xfd, 0x3d, 0xfb, 0x18, 0x69, 0xef, 0x7c, 0x25,
    0x18, 0x2b, 0x98, 0x79, 0x35, 0xec, 0xef, 0xd9, 0xc7, 0x48, 0x7b, 0xe7,
    0x2b, 0xc1, 0x58, 0xc1, 0xcc, 0xab, 0x61, 0x7f, 0xcf, 0x3e, 0x46, 0xda,
    0x3b, 0x5f, 0x09, 0xc6, 0x0a, 0x66, 0x5e, 0x0d, 0xfb, 0x7b, 0xf6, 0x31,
    0xd2, 0xde, 0xf9, 0x4a, 0x30, 0x56, 0x30, 0xf3, 0x6a, 0xd8, 0xdf, 0xb3,
    0x8f, 0x91, 0xf6, 0xce, 0x57, 0x82, 0xb1, 0x82, 0x99, 0x57, 0xc3, 0xfe,
    0x9e, 0x7d, 0x8c, 0xb4, 0x77, 0x3e, 0x13, 0x8c, 0x19, 0xcc, 0x3c, 0x2b,
    0xd6, 0x05, 0xf6, 0x31, 0xd2, 0x5a, 0xf9, 0x0c, 0x30, 0x56, 0x30, 0xf3,
    0xac, 0x58, 0x17, 0xd8, 0xc7, 0x48, 0x6b, 0xe5, 0x33, 0xc0, 0x58, 0xc1,
    0xcc, 0xb3, 0x62, 0x5d, 0x60, 0x1f, 0x23, 0xad, 0x95, 0xcf, 0x00, 0x63,
    0x05, 0x33, 0xcf, 0x8a, 0x75, 0x81, 0x7d, 0x8c, 0xb4, 0x56, 0x3e, 0x03,
    0x8c, 0x15, 0xcc, 0x3c, 0x2b, 0xd6, 0x05, 0xf6, 0x31, 0xd2, 0x5a, 0xf9,
    0x0c, 0x30, 0x56, 0x30, 0xf3, 0xac, 0x58, 0x17, 0xd8, 0xc7, 0x48, 0x6b,
    0xe5, 0x33, 0xc0, 0x58, 0xc1, 0xcc, 0xb3, 0x62, 0x5d, 0x60, 0x1f, 0x23,
    0xad, 0x95, 0xcf, 0x00, 0x63, 0x05, 0x33, 0xcf, 0x8a, 0x75, 0x81, 0x7d,
    0x8c, 0xb4, 0x56, 0xbe, 0x03, 0x8c, 0x19, 0xcc, 0xbc, 0x3b, 0xb6, 0x0d,
    0xf6, 0x31, 0xd2, 0xd6, 0xf8, 0xde, 0x37, 0x56, 0x30, 0xf3, 0xee, 0xd8,
    0x36, 0xd8, 0xc7, 0x48, 0x5b, 0xe3, 0x7b, 0xdf, 0x58, 0xc1, 0xcc, 0xbb,
    0x63, 0xdb, 0x60, 0x1f, 0x23, 0x6d, 0x8d, 0xef, 0x7d, 0x63, 0x05, 0x33,
    0xef, 0x8e, 0x6d, 0x83, 0x7d, 0x8c, 0xb4, 0x35, 0xbe, 0xf7, 0x8d, 0x15,
    0xcc, 0xbc, 0x3b, 0xb6, 0x0d, 0xf6, 0x31, 0xd2, 0xd6, 0xf8, 0xde, 0x37,
    0x56, 0x30, 0xf3, 0xee, 0xd8, 0x36, 0xd8, 0xc7, 0x48, 0x5b, 0xe3, 0x7b,
    0xdf, 0x58, 0xc1, 0xcc, 0xbb, 0x63, 0xdb, 0x60, 0x1f, 0x23, 0x6d, 0x8d,
    0xef, 0x7d, 0x63, 0x05, 0x33, 0xef, 0x8e, 0x6d, 0x83, 0x7d, 0x8c, 0xb4,
    0x35, 0x0e, 0xfa, 0xc6, 0x0c, 0x66, 0x06, 0x92, 0x65, 0x85, 0x7d, 0x8c,
    0xb4, 0x14, 0x0e, 0xea, 0xc6, 0x0a, 0x66, 0x06, 0x92, 0x65, 0x85, 0x7d,
    0x8c, 0xb4, 0x14, 0x0e, 0xea, 0xc6, 0x0a, 0x66, 0x06, 0x92, 0x65, 0x85,
    0x7d, 0x8c, 0xb4, 0x14, 0x0e, 0xea, 0xc6, 0x0a, 0x66, 0x06, 0x92, 0x65,
    0x85, 0x7d, 0x8c, 0xb4, 0x14, 0x0e, 0xea, 0xc6, 0x0a, 0x66, 0x06, 0x92,
    0x65, 0x85, 0x7d, 0x8c, 0xb4, 0x14, 0x0e, 0xea, 0xc6, 0x0a, 0x66, 0x06,
    0x92, 0x65, 0x85, 0x7d, 0x8c, 0xb4, 0x14, 0x0e, 0xea, 0xc6, 0x0a, 0x66,
    0x06, 0x92, 0x65, 0x85, 0x7d, 0x8c, 0xb4, 0x14, 0x0e, 0xea, 0xc6, 0x0a,
    0x66, 0x06, 0x92, 0x65, 0x85, 0x7d, 0x8c, 0xb4, 0x14, 0x4e, 0xea, 0xc6,
    0x0c, 0x66, 0x26, 0x96, 0x5d, 0x87, 0x7d, 0x8c, 0xb4, 0xf3, 0x4d, 0xda,
    0xc6, 0x0a, 0x66, 0x26, 0x96, 0x5d, 0x87, 0x7d, 0x8c, 0xb4, 0xf3, 0x4d,
    0xda, 0xc6, 0x0a, 0x66, 0x26, 0x96, 0x5d, 0x87, 0x7d, 0x8c, 0xb4, 0xf3,
    0x4d, 0xda, 0xc6, 0x0a, 0x66, 0x26, 0x96, 0x5d, 0x87, 0x7d, 0x8c, 0xb4,
    0xf3, 0x4d, 0xda, 0xc6, 0x0a, 0x66, 0x26, 0x96, 0x5d, 0x87, 0x7d, 0x8c,
    0xb4, 0xf3, 0x4d, 0xda, 0xc6, 0x0a, 0x66, 0x26, 0x96, 0x5d, 0x87, 0x7d,
    0x8c, 0xb4, 0xf3, 0x4d, 0xda, 0xc6, 0x0a, 0x66, 0x26, 0x96, 0x5d, 0x87,
    0x7d, 0x8c, 0xb4, 0xf3, 0x4d, 0xda, 0xc6, 0x0a, 0x66, 0x26, 0x96, 0x5d,
    0x87, 0x7d, 0x8c, 0xb4, 0xf3, 0x8d, 0xda, 0xc6, 0x0c, 0x66, 0x46, 0x9a,
    0x55, 0x89, 0x7d, 0x8c, 0xb4, 0xd2, 0x8d, 0xca, 0xc6, 0x0a, 0x66, 0x46,
    0x9a, 0x55, 0x89, 0x7d, 0x8c, 0xb4, 0xd2, 0x8d, 0xca, 0xc6, 0x0a, 0x66,
    0x46, 0x9a, 0x55, 0x89, 0x7d, 0x8c, 0xb4, 0xd2, 0x8d, 0xca, 0xc6, 0x0a,
    0x66, 0x46, 0x9a, 0x55, 0x89, 0x7d, 0x8c, 0xb4, 0xd2, 0x8d, 0xca, 0xc6,
    0x0a, 0x66, 0x46, 0x9a, 0x55, 0x89, 0x7d, 0x8c, 0xb4, 0xd2, 0x8d, 0xca,
    0xc6, 0x0a, 0x66, 0x46, 0x9a, 0x55, 0x89, 0x7d, 0x8c, 0xb4, 0xd2, 0x8d,
    0xca, 0xc6, 0x0a, 0x66, 0x46, 0x9a, 0x55, 0x89, 0x7d, 0x8c, 0xb4, 0xd2,
    0x8d, 0xca, 0xc6, 0x0a, 0x66, 0x46, 0x9a, 0x55, 0x89, 0x7d, 0x8c, 0xb4,
    0xd2, 0xcd, 0xca, 0xc6, 0x0c, 0x66, 0x66, 0x9e, 0x4d, 0x8b, 0x7d, 0x8c,
    0xb4, 0xb1, 0xcd, 0xba, 0xc6, 0x0a, 0x66, 0x66, 0x9e, 0x4d, 0x8b, 0x7d,
    0x8c, 0xb4, 0xb1, 0xcd, 0xba, 0xc6, 0x0a, 0x66, 0x66, 0x9e, 0x4d, 0x8b,
    0x7d, 0x8c, 0xb4, 0xb1, 0xcd, 0xba, 0xc6, 0x0a, 0x66, 0x66, 0x9e, 0x4d,
    0x8b, 0x7d, 0x8c, 0xb4, 0xb1, 0xcd, 0xba, 0xc6, 0x0a, 0x66, 0x66, 0x9e,
    0x4d, 0x8b, 0x7d, 0x8c, 0xb4, 0xb1, 0xcd, 0xba, 0xc6, 0x0a, 0x66, 0x66,
    0x9e, 0x4d, 0x8b, 0x7d, 0x8c, 0xb4, 0xb1, 0xcd, 0xba, 0xc6, 0x0a, 0x66,
    0x66, 0x9e, 0x4d, 0x8b, 0x7d, 0x8c, 0xb4, 0xb1, 0xcd, 0xba, 0xc6, 0x0a,
    0x66, 0x66, 0x9e, 0x4d, 0x8b, 0x7d, 0x8c, 0xb4, 0xb1, 0x0d, 0xbb, 0xc6,
    0x0c, 0x66, 0x86, 0xa2, 0x45, 0x8d, 0x7d, 0x8c, 0xb4, 0x90, 0x0d, 0xab,
    0xc6, 0x0a, 0x66, 0x86, 0xa2, 0x45, 0x8d, 0x7d, 0x8c, 0xb4, 0x90, 0x0d,
    0xab, 0xc6, 0x0a, 0x66, 0x86, 0xa2, 0x45, 0x8d, 0x7d, 0x8c, 0xb4, 0x90,
    0x0d, 0xab, 0xc6, 0x0a, 0x66, 0x86, 0xa2, 0x45, 0x8d, 0x7d, 0x8c, 0xb4,
    0x90, 0x0d, 0xab, 0xc6, 0x0a, 0x66, 0x86, 0xa2, 0x45, 0x8d, 0x7d, 0x8c,
    0xb4, 0x90, 0x0d, 0xab, 0xc6, 0x0a, 0x66, 0x86, 0xa2, 0x45, 0x8d, 0x7d,
    0x8c, 0xb4, 0x90, 0x0d, 0xab, 0xc6, 0x0a, 0x66, 0x86, 0xa2, 0x45, 0x8d,
    0x7d, 0x8c, 0xb4, 0x90, 0x0d, 0xab, 0xc6, 0x0a, 0x66, 0x86, 0xa2, 0x45,
    0x8d, 0x7d, 0x8c, 0xb4, 0x90, 0x4d, 0xab, 0xc6, 0x0c, 0x66, 0xa6, 0xa6,
    0x79, 0x8f, 0x7d, 0x8c, 0x34, 0x77, 0x4d, 0x9b, 0xc6, 0x0a, 0x66, 0xa6,
    0xa6, 0x79, 0x8f, 0x7d, 0x8c, 0x34, 0x77, 0x4d, 0x9b, 0xc6, 0x0a, 0x66,
    0xa6, 0xa6, 0x79, 0x8f, 0x7d, 0x8c, 0x34, 0x77, 0x4d, 0x9b, 0xc6, 0x0a,
    0x66, 0xa6, 0xa6, 0x79, 0x8f, 0x7d, 0x8c, 0x34, 0x77, 0x4d, 0x9b, 0xc6,
    0x0a, 0x66, 0xa6, 0xa6, 0x79, 0x8f, 0x7d, 0x8c, 0x34, 0x77, 0x4d, 0x9b,
    0xc6, 0x0a, 0x66, 0xa6, 0xa6, 0x79, 0x8f, 0x7d, 0x8c, 0x34, 0x77, 0x4d,
    0x9b, 0xc6, 0x0a, 0x66, 0xa6, 0xa6, 0x79, 0x8f, 0x7d, 0x8c, 0x34, 0x77,
    0x4d, 0x9b, 0xc6, 0x0a, 0x66, 0xa6, 0xa6, 0x79, 0x8f, 0x7d, 0x8c, 0x34,
    0x77, 0x8d, 0x9b, 0xc6, 0x0c, 0x66, 0xc6, 0xaa, 0x71, 0x91, 0x7d, 0x8c,
    0x34, 0x56, 0x8d, 0x8b, 0xc6, 0x0a, 0x66, 0xc6, 0xaa, 0x71, 0x91, 0x7d,
    0x8c, 0x34, 0x56, 0x8d, 0x8b, 0xc6, 0x0a, 0x66, 0xc6, 0xaa, 0x71, 0x91,
    0x7d, 0x8c, 0x34, 0x56, 0x8d, 0x8b, 0xc6, 0x0a, 0x66, 0xc6, 0xaa, 0x71,
    0x91, 0x7d, 0x8c, 0x34, 0x56, 0x8d, 0x8b, 0xc6, 0x0a, 0x66, 0xc6, 0xaa,
    0x71, 0x91, 0x7d, 0x8c, 0x34, 0x56, 0x8d, 0x8b, 0xc6, 0x0a, 0x66, 0xc6,
    0xaa, 0x71, 0x91, 0x7d, 0x8c, 0x34, 0x56, 0x8d, 0x8b, 0xc6, 0x0a, 0x66,
    0xc6, 0xaa, 0x71, 0x91, 0x7d, 0x8c, 0x34, 0x56, 0x8d, 0x8b, 0xc6, 0x0a,
    0x66, 0xc6, 0xaa, 0x71, 0x91, 0x7d, 0x8c, 0x34, 0x56, 0xcd, 0x8b, 0xc6,
    0x0c, 0x66, 0xe6, 0xae, 0x69, 0x93, 0x7d, 0x8c, 0x34, 0x35, 0xcd, 0x7b,
    0xc6, 0x0a, 0x66, 0xe6, 0xae, 0x69, 0x93, 0x7d, 0x8c, 0x34, 0x35, 0xcd,
    0x7b, 0xc6, 0x0a, 0x66, 0xe6, 0xae, 0x69, 0x93, 0x7d, 0x8c, 0x34, 0x35,
    0xcd, 0x7b, 0xc6, 0x0a, 0x66, 0xe6, 0xae, 0x69, 0x93, 0x7d, 0x8c, 0x34,
    0x35, 0xcd, 0x7b, 0xc6, 0x0a, 0x66, 0xe6, 0xae, 0x69, 0x93, 0x7d, 0x8c,
    0x34, 0x35, 0xcd, 0x7b, 0xc6, 0x0a, 0x66, 0xe6, 0xae, 0x69, 0x93, 0x7d,
    0x8c, 0x34, 0x35, 0xcd, 0x7b, 0xc6, 0x0a, 0x66, 0xe6, 0xae, 0x69, 0x93,
    0x7d, 0x8c, 0x34, 0x35, 0xcd, 0x7b, 0xc6, 0x0a, 0x66, 0xe6, 0xae, 0x69,
    0x93, 0x7d, 0x8c, 0x34, 0x35, 0x2d, 0x7a, 0xc6, 0x0c, 0x66, 0x16, 0xb2,
    0x61, 0x95, 0x7d, 0x8c, 0x34, 0x14, 0x2d, 0x6a, 0xc6, 0x0a, 0x66, 0x16,
    0xb2, 0x61, 0x95, 0x7d, 0x8c, 0x34, 0x14, 0x2d, 0x6a, 0xc6, 0x0a, 0x66,
    0x16, 0xb2, 0x61, 0x95, 0x7d, 0x8c, 0x34, 0x14, 0x2d, 0x6a, 0xc6, 0x0a,
    0x66, 0x16, 0xb2, 0x61, 0x95, 0x7d, 0x8c, 0x34, 0x14, 0x2d, 0x6a, 0xc6,
    0x0a, 0x66, 0x16, 0xb2, 0x61, 0x95, 0x7d, 0x8c, 0x34, 0x14, 0x2d, 0x6a,
    0xc6, 0x0a, 0x66, 0x16, 0xb2, 0x61, 0x95, 0x7d, 0x8c, 0x34, 0x14, 0x2d,
    0x6a, 0xc6, 0x0a, 0x66, 0x16, 0xb2, 0x61, 0x95, 0x7d, 0x8c, 0x34, 0x14,
    0x2d, 0x6a, 0xc6, 0x0a, 0x66, 0x16, 0xb2, 0x61, 0x95, 0x7d, 0x8c, 0x34,
    0x14, 0x6d, 0x6a, 0xc6, 0x0c, 0x66, 0x36, 0xb6, 0x59, 0x97, 0x7d, 0x8c,
    0x34, 0xf3, 0x6c, 0x5a, 0xc6, 0x0a, 0x66, 0x36, 0xb6, 0x59, 0x97, 0x7d,
    0x8c, 0x34, 0xf3, 0x6c, 0x5a, 0xc6, 0x0a, 0x66, 0x36, 0xb6, 0x59, 0x97,
    0x7d, 0x8c, 0x34, 0xf3, 0x6c, 0x5a, 0xc6, 0x0a, 0x66, 0x36, 0xb6, 0x59,
    0x97, 0x7d, 0x8c, 0x34, 0xf3, 0x6c, 0x5a, 0xc6, 0x0a, 0x66, 0x36, 0xb6,
    0x59, 0x97, 0x7d, 0x8c, 0x34, 0xf3, 0x6c, 0x5a, 0xc6, 0x0a, 0x66, 0x36,
    0xb6, 0x59, 0x97, 0x7d, 0x8c, 0x34, 0xf3, 0x6c, 0x5a, 0xc6, 0x0a, 0x66,
    0x36, 0xb6, 0x59, 0x97, 0x7d, 0x8c, 0x34, 0xf3, 0x6c, 0x5a, 0xc6, 0x0a,
    0x66, 0x36, 0xb6, 0x59, 0x97, 0x7d, 0x8c, 0x34, 0xf3, 0xac, 0x5a, 0xc6,
    0x0c, 0x66, 0x56, 0xba, 0x51, 0x99, 0x7d, 0x8c, 0x34, 0xd2, 0xac, 0x4a,
    0xc6, 0x0a, 0x66, 0x56, 0xba, 0x51, 0x99, 0x7d, 0x8c, 0x34, 0xd2, 0xac,
    0x4a, 0xc6, 0x0a, 0x66, 0x56, 0xba, 0x51, 0x99, 0x7d, 0x8c, 0x34, 0xd2,
    0xac, 0x4a, 0xc6, 0x0a, 0x66, 0x56, 0xba, 0x51, 0x99, 0x7d, 0x8c, 0x34,
    0xd2, 0xac, 0x4a, 0xc6, 0x0a, 0x66, 0x56, 0xba, 0x51, 0x99, 0x7d, 0x8c,
    0x34, 0xd2, 0xac, 0x4a, 0xc6, 0x0a, 0x66, 0x56, 0xba, 0x51, 0x99, 0x7d,
    0x8c, 0x34, 0xd2, 0xac, 0x4a, 0xc6, 0x0a, 0x66, 0x56, 0xba, 0x51, 0x99,
    0x7d, 0x8c, 0x34, 0xd2, 0xac, 0x4a, 0xc6, 0x0a, 0x66, 0x56, 0xba, 0x51,
    0x99, 0x7d, 0x8c, 0x34, 0xd2, 0xec, 0x4a, 0xc6, 0x0c, 0x66, 0x76, 0xbe,
    0x49, 0x9b, 0x7d, 0x8c, 0x34, 0xb1, 0xec, 0x3a, 0xc6, 0x0a, 0x66, 0x76,
    0xbe, 0x49, 0x9b, 0x7d, 0x8c, 0x34, 0xb1, 0xec, 0x3a, 0xc6, 0x0a, 0x66,
    0x76, 0xbe, 0x49, 0x9b, 0x7d, 0x8c, 0x34, 0xb1, 0xec, 0x3a, 0xc6, 0x0a,
    0x66, 0x76, 0xbe, 0x49, 0x9b, 0x7d, 0x8c, 0x34, 0xb1, 0xec, 0x3a, 0xc6,
    0x0a, 0x66, 0x76, 0xbe, 0x49, 0x9b, 0x7d, 0x8c, 0x34, 0xb1, 0xec, 0x3a,
    0xc6, 0x0a, 0x66, 0x76, 0xbe, 0x49, 0x9b, 0x7d, 0x8c, 0x34, 0xb1, 0xec,
    0x3a, 0xc6, 0x0a, 0x66, 0x76, 0xbe, 0x49, 0x9b, 0x7d, 0x8c, 0x34, 0xb1,
    0xec, 0x3a, 0xc6, 0x0a, 0x66, 0x76, 0xbe, 0x49, 0x9b, 0x7d, 0x8c, 0x34,
    0xb1, 0x2c, 0x3b, 0xc6, 0x0c, 0x66, 0x96, 0xc2, 0x41, 0x9d, 0x7d, 0x8c,
    0x34, 0x90, 0x2c, 0x2b, 0xc6, 0x0a, 0x66, 0x96, 0xc2, 0x41, 0x9d, 0x7d,
    0x8c, 0x34, 0x90, 0x2c, 0x2b, 0xc6, 0x0a, 0x66, 0x96, 0xc2, 0x41, 0x9d,
    0x7d, 0x8c, 0x34, 0x90, 0x2c, 0x2b, 0xc6, 0x0a, 0x66, 0x96, 0xc2, 0x41,
    0x9d, 0x7d, 0x8c, 0x34, 0x90, 0x2c, 0x2b, 0xc6, 0x0a, 0x66, 0x96, 0xc2,
    0x41, 0x9d, 0x7d, 0x8c, 0x34, 0x90, 0x2c, 0x2b, 0xc6, 0x0a, 0x66, 0x96,
    0xc2, 0x41, 0x9d, 0x7d, 0x8c, 0x34, 0x90, 0x2c, 0x2b, 0xc6, 0x0a, 0x66,
    0x96, 0xc2, 0x41, 0x9d, 0x7d, 0x8c, 0x34, 0x90, 0x2c, 0x2b, 0xc6, 0x0a,
    0x66, 0x96, 0xc2, 0x41, 0x9d, 0x7d, 0x8c, 0x34, 0x90, 0x6c, 0x2b, 0xc6,
    0x0c, 0x66, 0xb6, 0xc6, 0xf7, 0x3e, 0xfb, 0x18, 0xe9, 0xdd, 0xb1, 0x6d,
    0x18, 0x2b, 0x98, 0xd9, 0x1a, 0xdf, 0xfb, 0xec, 0x63, 0xa4, 0x77, 0xc7,
    0xb6, 0x61, 0xac, 0x60, 0x66, 0x6b, 0x7c, 0xef, 0xb3, 0x8f, 0x91, 0xde,
    0x1d, 0xdb, 0x86, 0xb1, 0x82, 0x99, 0xad, 0xf1, 0xbd, 0xcf, 0x3e, 0x46,
    0x7a, 0x77, 0x6c, 0x1b, 0xc6, 0x0a, 0x66, 0xb6, 0xc6, 0xf7, 0x3e, 0xfb,
    0x18, 0xe9, 0xdd, 0xb1, 0x6d, 0x18, 0x2b, 0x98, 0xd9, 0x1a, 0xdf, 0xfb,
    0xec, 0x63, 0xa4, 0x77, 0xc7, 0xb6, 0x61, 0xac, 0x60, 0x66, 0x6b, 0x7c,
    0xef, 0xb3, 0x8f, 0x91, 0xde, 0x1d, 0xdb, 0x86, 0xb1, 0x82, 0x99, 0xad,
    0xf1, 0xbd, 0xcf, 0x3e, 0x46, 0x7a, 0x77, 0xac, 0x1b, 0xc6, 0x0c, 0x66,
    0xd6, 0xca, 0x67, 0x00, 0xfb, 0x18, 0xe9, 0x59, 0xb1, 0x2e, 0x18, 0x2b,
    0x98, 0x59, 0x2b, 0x9f, 0x01, 0xec, 0x63, 0xa4, 0x67, 0xc5, 0xba, 0x60,
    0xac, 0x60, 0x66, 0xad, 0x7c, 0x06, 0xb0, 0x8f, 0x91, 0x9e, 0x15, 0xeb,
    0x82, 0xb1, 0x82, 0x99, 0xb5, 0xf2, 0x19, 0xc0, 0x3e, 0x46, 0x7a, 0x56,
    0xac, 0x0b, 0xc6, 0x0a, 0x66, 0xd6, 0xca, 0x67, 0x00, 0xfb, 0x18, 0xe9,
    0x59, 0xb1, 0x2e, 0x18, 0x2b, 0x98, 0x59, 0x2b, 0x9f, 0x01, 0xec, 0x63,
    0xa4, 0x67, 0xc5, 0xba, 0x60, 0xac, 0x60, 0x66, 0xad, 0x7c, 0x06, 0xb0,
    0x8f, 0x91, 0x9e, 0x15, 0xeb, 0x82, 0xb1, 0x82, 0x99, 0xb5, 0xf2, 0x19,
    0xc0, 0x3e, 0x46, 0x7a, 0x56, 0xec, 0x0b, 0xc6, 0x0c, 0x66, 0xf6, 0xce,
    0x57, 0x02, 0xfb, 0x18, 0xe9, 0xd5, 0xb0, 0xbf, 0x37, 0x56, 0x30, 0xb3,
    0x77, 0xbe, 0x12, 0xd8, 0xc7, 0x48, 0xaf, 0x86, 0xfd, 0xbd, 0xb1, 0x82,
    0x99, 0xbd, 0xf3, 0x95, 0xc0, 0x3e, 0x46, 0x7a, 0x35, 0xec, 0xef, 0x8d,
    0x15, 0xcc, 0xec, 0x9d, 0xaf, 0x04, 0xf6, 0x31, 0xd2, 0xab, 0x61, 0x7f,
    0x6f, 0xac, 0x60, 0x66, 0xef, 0x7c, 0x25, 0xb0, 0x8f, 0x91, 0x5e, 0x0d,
    0xfb, 0x7b, 0x63, 0x05, 0x33, 0x7b, 0xe7, 0x2b, 0x81, 0x7d, 0x8c, 0xf4,
    0x6a, 0xd8, 0xdf, 0x1b, 0x2b, 0x98, 0xd9, 0x3b, 0x5f, 0x09, 0xec, 0x63,
    0xa4, 0x57, 0xc3, 0xfe, 0xde, 0x58, 0xc1, 0xcc, 0xde, 0xf9, 0x4a, 0x60,
    0x1f, 0x23, 0xbd, 0x1a, 0x0e, 0xee, 0x8d, 0x19, 0xcc, 0x1c, 0x48, 0x1f,
    0x11, 0xec, 0x63, 0xa4, 0x47, 0xc1, 0xc1, 0xb9, 0xb1, 0x82, 0x99, 0x03,
    0xe9, 0x23, 0x82, 0x7d, 0x8c, 0xf4, 0x28, 0x38, 0x38, 0x37, 0x56, 0x30,
    0x73, 0x20, 0x7d, 0x44, 0xb0, 0x8f, 0x91, 0x1e, 0x05, 0x07, 0xe7, 0xc6,
    0x0a, 0x66, 0x0e, 0xa4, 0x8f, 0x08, 0xf6, 0x31, 0xd2, 0xa3, 0xe0, 0xe0,
    0xdc, 0x58, 0xc1, 0xcc, 0x81, 0xf4, 0x11, 0xc1, 0x3e, 0x46, 0x7a, 0x14,
    0x1c, 0x9c, 0x1b, 0x2b, 0x98, 0x39, 0x90, 0x3e, 0x22, 0xd8, 0xc7, 0x48,
    0x8f, 0x82, 0x83, 0x73, 0x63, 0x05, 0x33, 0x07, 0xd2, 0x47, 0x04, 0xfb,
    0x18, 0xe9, 0x51, 0x70, 0x70, 0x6e, 0xac, 0x60, 0xe6, 0x40, 0xfa, 0x88,
    0x60, 0x1f, 0x23, 0xfd, 0x31, 0xa0, 0xcc, 0x3c, 0xbe, 0xc9, 0xe0, 0x9c,
    0x7d, 0x8c, 0x74, 0x20, 0x7d, 0x44, 0x18, 0x2b, 0x98, 0x79, 0x14, 0x1c,
    0x9c, 0xa0, 0x64, 0x5f, 0x21, 0x00, 0x00, 0x20, 0x00, 0x49, 0x44, 0x41,
    0x54, 0xb3, 0x8f, 0x91, 0x0e, 0xa4, 0x8f, 0x08, 0x63, 0x05, 0x33, 0x8f,
    0x82, 0x83, 0x73, 0xf6, 0x31, 0xd2, 0x81, 0xf4, 0x11, 0x61, 0xac, 0x60,
    0xe6, 0x51, 0x70, 0x70, 0xce, 0x3e, 0x46, 0x3a, 0x90, 0x3e, 0x22, 0x8c,
    0x15, 0xcc, 0x3c, 0x0a, 0x0e, 0xce, 0xd9, 0xc7, 0x48, 0x07, 0xd2, 0x47,
    0x84, 0xb1, 0x82, 0x99, 0x47, 0xc1, 0xc1, 0x39, 0xfb, 0x18, 0xe9, 0x40,
    0xfa, 0x88, 0x30, 0x56, 0x30, 0xf3, 0x28, 0x38, 0x38, 0x67, 0x1f, 0x23,
    0x1d, 0x48, 0x1f, 0x11, 0xc6, 0x0a, 0x66, 0x1e, 0x05, 0x07, 0xe7, 0xec,
    0x63, 0xa4, 0x03, 0xe9, 0x2b, 0xc2, 0x98, 0xc1, 0xcc, 0xab, 0x61, 0x7f,
    0xcf, 0x3e, 0x46, 0xda, 0x3b, 0x5f, 0x09, 0xc6, 0x0a, 0x66, 0x5e, 0x0d,
    0xfb, 0x7b, 0xf6, 0x31, 0xd2, 0xde, 0xf9, 0x4a, 0x30, 0x56, 0x30, 0xf3,
    0x6a, 0xd8, 0xdf, 0xb3, 0x8f, 0x91, 0xf6, 0xce, 0x57, 0x82, 0xb1, 0x82,
    0x99, 0x57, 0xc3, 0xfe, 0x9e, 0x7d, 0x8c, 0xb4, 0x77, 0xbe, 0x12, 0x8c,
    0x15, 0xcc, 0xbc, 0x1a, 0xf6, 0xf7, 0xec, 0x63, 0xa4, 0xbd, 0xf3, 0x95,
    0x60, 0xac, 0x60, 0xe6, 0xd5, 0xb0, 0xbf, 0x67, 0x1f, 0x23, 0xed, 0x9d,
    0xaf, 0x04, 0x63, 0x05, 0x33, 0xaf, 0x86, 0xfd, 0x3d, 0xfb, 0x18, 0x69,
    0xef, 0x7c, 0x25, 0x18, 0x2b, 0x98, 0x79, 0x35, 0xec, 0xef, 0xd9, 0xc7,
    0x48, 0x7b, 0xe7, 0x33, 0xc1, 0x98, 0xc1, 0xcc, 0xb3, 0x62, 0x5d, 0x60,
    0x1f, 0x23, 0xad, 0x95, 0xcf, 0x00, 0x63, 0x05, 0x33, 0xcf, 0x8a, 0x75,
    0x81, 0x7d, 0x8c, 0xb4, 0x56, 0x3e, 0x03, 0x8c, 0x15, 0xcc, 0x3c, 0x2b,
    0xd6, 0x05, 0xf6, 0x31, 0xd2, 0x5a, 0xf9, 0x0c, 0x30, 0x56, 0x30, 0xf3,
    0xac, 0x58, 0x17, 0xd8, 0xc7, 0x48, 0x6b, 0xe5, 0x33, 0xc0, 0x58, 0xc1,
    0xcc, 0xb3, 0x62, 0x5d, 0x60, 0x1f, 0x23, 0xad, 0x95, 0xcf, 0x00, 0x63,
    0x05, 0x33, 0xcf, 0x8a, 0x75, 0x81, 0x7d, 0x8c, 0xb4, 0x56, 0x3e, 0x03,
    0x8c, 0x15, 0xcc, 0x3c, 0x2b, 0xd6, 0x05, 0xf6, 0x31, 0xd2, 0x5a, 0xf9,
    0x0c, 0x30, 0x56, 0x30, 0xf3, 0xac, 0x58, 0x17, 0xd8, 0xc7, 0x48, 0x6b,
    0xe5, 0x3b, 0xc0, 0x98, 0xc1, 0xcc, 0xbb, 0x63, 0xdb, 0x60, 0x1f, 0x23,
    0x6d, 0x8d, 0xef, 0x7d, 0x63, 0x05, 0x33, 0xef, 0x8e, 0x6d, 0x83, 0x7d,
    0x8c, 0xb4, 0x35, 0xbe, 0xf7, 0x8d, 0x15, 0xcc, 0xbc, 0x3b, 0xb6, 0x0d,
    0xf6, 0x31, 0xd2, 0xd6, 0xf8, 0xde, 0x37, 0x56, 0x30, 0xf3, 0xee, 0xd8,
    0x36, 0xd8, 0xc7, 0x48, 0x5b, 0xe3, 0x7b, 0xdf, 0x58, 0xc1, 0xcc, 0xbb,
    0x63, 0xdb, 0x60, 0x1f, 0x23, 0x6d, 0x8d, 0xef, 0x7d, 0x63, 0x05, 0x33,
    0xef, 0x8e, 0x6d, 0x83, 0x7d, 0x8c, 0xb4, 0x35, 0xbe, 0xf7, 0x8d, 0x15,
    0xcc, 0xbc, 0x3b, 0xb6, 0x0d, 0xf6, 0x31, 0xd2, 0xd6, 0xf8, 0xde, 0x37,
    0x56, 0x30, 0xf3, 0xee, 0xd8, 0x36, 0xd8, 0xc7, 0x48, 0x5b, 0xe3, 0xa0,
    0x6f, 0xcc, 0x60, 0x66, 0x20, 0x59, 0x56, 0xd8, 0xc7, 0x48, 0x4b, 0xe1,
    0xa0, 0x6e, 0xac, 0x60, 0x66, 0x20, 0x59, 0x56, 0xd8, 0xc7, 0x48, 0x4b,
    0xe1, 0xa0, 0x6e, 0xac, 0x60, 0x66, 0x20, 0x59, 0x56, 0xd8, 0xc7, 0x48,
    0x4b, 0xe1, 0xa0, 0x6e, 0xac, 0x60, 0x66, 0x20, 0x59, 0x56, 0xd8, 0xc7,
    0x48, 0x4b, 0xe1, 0xa0, 0x6e, 0xac, 0x60, 0x66, 0x20, 0x59, 0x56, 0xd8,
    0xc7, 0x48, 0x4b, 0xe1, 0xa0, 0x6e, 0xac, 0x60, 0x66, 0x20, 0x59, 0x56,
    0xd8, 0xc7, 0x48, 0x4b, 0xe1, 0xa0, 0x6e, 0xac, 0x60, 0x66, 0x20, 0x59,
    0x56, 0xd8, 0xc7, 0x48, 0x4b, 0xe1, 0xa0, 0x6e, 0xac, 0x60, 0x66, 0x20,
    0x59, 0x56, 0xd8, 0xc7, 0x48, 0x4b, 0xe1, 0xa4, 0x6e, 0xcc, 0x60, 0x66,
    0x62, 0xd9, 0x75, 0xd8, 0xc7, 0x48, 0x3b, 0xdf, 0xa4, 0x6d, 0xac, 0x60,
    0x66, 0x62, 0xd9, 0x75, 0xd8, 0xc7, 0x48, 0x3b, 0xdf, 0xa4, 0x6d, 0xac,
    0x60, 0x66, 0x62, 0xd9, 0x75, 0xd8, 0xc7, 0x48, 0x3b, 0xdf, 0xa4, 0x6d,
    0xac, 0x60, 0x66, 0x62, 0xd9, 0x75, 0xd8, 0xc7, 0x48, 0x3b, 0xdf, 0xa4,
    0x6d, 0xac, 0x60, 0x66, 0x62, 0xd9, 0x75, 0xd8, 0xc7, 0x48, 0x3b, 0xdf,
    0xa4, 0x6d, 0xac, 0x60, 0x66, 0x62, 0xd9, 0x75, 0xd8, 0xc7, 0x48, 0x3b,
    0xdf, 0xa4, 0x6d, 0xac, 0x60, 0x66, 0x62, 0xd9, 0x75, 0xd8, 0xc7, 0x48,
    0x3b, 0xdf, 0xa4, 0x6d, 0xac, 0x60, 0x66, 0x62, 0xd9, 0x75, 0xd8, 0xc7,
    0x48, 0x3b, 0xdf, 0xa8, 0x6d, 0xcc, 0x60, 0x66, 0xa4, 0x59, 0x95, 0xd8,
    0xc7, 0x48, 0x2b, 0xdd, 0xa8, 0x6c, 0xac, 0x60, 0x66, 0xa4, 0x59, 0x95,
    0xd8, 0xc7, 0x48, 0x2b, 0xdd, 0xa8, 0x6c, 0xac, 0x60, 0x66, 0xa4, 0x59,
    0x95, 0xd8, 0xc7, 0x48, 0x2b, 0xdd, 0xa8, 0x6c, 0xac, 0x60, 0x66, 0xa4,
    0x59, 0x95, 0xd8, 0xc7, 0x48, 0x2b, 0xdd, 0xa8, 0x6c, 0xac, 0x60, 0x66,
    0xa4, 0x59, 0x95, 0xd8, 0xc7, 0x48, 0x2b, 0xdd, 0xa8, 0x6c, 0xac, 0x60,
    0x66, 0xa4, 0x59, 0x95, 0xd8, 0xc7, 0x48, 0x2b, 0xdd, 0xa8, 0x6c, 0xac,
    0x60, 0x66, 0xa4, 0x59, 0x95, 0xd8, 0xc7, 0x48, 0x2b, 0xdd, 0xa8, 0x6c,
    0xac, 0x60, 0x66, 0xa4, 0x59, 0x95, 0xd8, 0xc7, 0x48, 0x2b, 0xdd, 0xac,
    0x6c, 0xcc, 0x60, 0x66, 0xe6, 0xd9, 0xb4, 0xd8, 0xc7, 0x48, 0x1b, 0xdb,
    0xac, 0x6b, 0xac, 0x60, 0x66, 0xe6, 0xd9, 0xb4, 0xd8, 0xc7, 0x48, 0x1b,
    0xdb, 0xac, 0x6b, 0xac, 0x60, 0x66, 0xe6, 0xd9, 0xb4, 0xd8, 0xc7, 0x48,
    0x1b, 0xdb, 0xac, 0x6b, 0xac, 0x60, 0x66, 0xe6, 0xd9, 0xb4, 0xd8, 0xc7,
    0x48, 0x1b, 0xdb, 0xac, 0x6b, 0xac, 0x60, 0x66, 0xe6, 0xd9, 0xb4, 0xd8,
    0xc7, 0x48, 0x1b, 0xdb, 0xac, 0x6b, 0xac, 0x60, 0x66, 0xe6, 0xd9, 0xb4,
    0xd8, 0xc7, 0x48, 0x1b, 0xdb, 0xac, 0x6b, 0xac, 0x60, 0x66, 0xe6, 0xd9,
    0xb4, 0xd8, 0xc7, 0x48, 0x1b, 0xdb, 0xac, 0x6b, 0xac, 0x60, 0x66, 0xe6,
    0xd9, 0xb4, 0xd8, 0xc7, 0x48, 0x1b, 0xdb, 0xb0, 0x6b, 0xcc, 0x60, 0x66,
    0x28, 0x5a, 0xd4, 0xd8, 0xc7, 0x48, 0x0b, 0xd9, 0xb0, 0x6a, 0xac, 0x60,
    0x66, 0x28, 0x5a, 0xd4, 0xd8, 0xc7, 0x48, 0x0b, 0xd9, 0xb0, 0x6a, 0xac,
    0x60, 0x66, 0x28, 0x5a, 0xd4, 0xd8, 0xc7, 0x48, 0x0b, 0xd9, 0xb0, 0x6a,
    0xac, 0x60, 0x66, 0x28, 0x5a, 0xd4, 0xd8, 0xc7, 0x48, 0x0b, 0xd9, 0xb0,
    0x6a, 0xac, 0x60, 0x66, 0x28, 0x5a, 0xd4, 0xd8, 0xc7, 0x48, 0x0b, 0xd9,
    0xb0, 0x6a, 0xac, 0x60, 0x66, 0x28, 0x5a, 0xd4, 0xd8, 0xc7, 0x48, 0x0b,
    0xd9, 0xb0, 0x6a, 0xac, 0x60, 0x66, 0x28, 0x5a, 0xd4, 0xd8, 0xc7, 0x48,
    0x0b, 0xd9, 0xb0, 0x6a, 0xac, 0x60, 0x66, 0x28, 0x5a, 0xd4, 0xd8, 0xc7,
    0x48, 0x0b, 0xd9, 0xb4, 0x6a, 0xcc, 0x60, 0x66, 0x6a, 0x9a, 0xf7, 0xd8,
    0xc7, 0x48, 0x73, 0xd7, 0xb4, 0x69, 0xac, 0x60, 0x66, 0x6a, 0x9a, 0xf7,
    0xd8, 0xc7, 0x48, 0x73, 0xd7, 0xb4, 0x69, 0xac, 0x60, 0x66, 0x6a, 0x9a,
    0xf7, 0xd8, 0xc7, 0x48, 0x73, 0xd7, 0xb4, 0x69, 0xac, 0x60, 0x66, 0x6a,
    0x9a, 0xf7, 0xd8, 0xc7, 0x48, 0x73, 0xd7, 0xb4, 0x69, 0xac, 0x60, 0x66,
    0x6a, 0x9a, 0xf7, 0xd8, 0xc7, 0x48, 0x73, 0xd7, 0xb4, 0x69, 0xac, 0x60,
    0x66, 0x6a, 0x9a, 0xf7, 0xd8, 0xc7, 0x48, 0x73, 0xd7, 0xb4, 0x69, 0xac,
    0x60, 0x66, 0x6a, 0x9a, 0xf7, 0xd8, 0xc7, 0x48, 0x73, 0xd7, 0xb4, 0x69,
    0xac, 0x60, 0x66, 0x6a, 0x9a, 0xf7, 0xd8, 0xc7, 0x48, 0x73, 0xd7, 0xb8,
    0x69, 0xcc, 0x60, 0x66, 0xac, 0x1a, 0x17, 0xd9, 0xc7, 0x48, 0x63, 0xd5,
    0xb8, 0x68, 0xac, 0x60, 0x66, 0xac, 0x1a, 0x17, 0xd9, 0xc7, 0x48, 0x63,
    0xd5, 0xb8, 0x68, 0xac, 0x60, 0x66, 0xac, 0x1a, 0x17, 0xd9, 0xc7, 0x48,
    0x63, 0xd5, 0xb8, 0x68, 0xac, 0x60, 0x66, 0xac, 0x1a, 0x17, 0xd9, 0xc7,
    0x48, 0x63, 0xd5, 0xb8, 0x68, 0xac, 0x60, 0x66, 0xac, 0x1a, 0x17, 0xd9,
    0xc7, 0x48, 0x63, 0xd5, 0xb8, 0x68, 0xac, 0x60, 0x66, 0xac, 0x1a, 0x17,
    0xd9, 0xc7, 0x48, 0x63, 0xd5, 0xb8, 0x68, 0xac, 0x60, 0x66, 0xac, 0x1a,
    0x17, 0xd9, 0xc7, 0x48, 0x63, 0xd5, 0xb8, 0x68, 0xac, 0x60, 0x66, 0xac,
    0x1a, 0x17, 0xd9, 0xc7, 0x48, 0x63, 0xd5, 0xbc, 0x68, 0xcc, 0x60, 0x66,
    0xee, 0x9a, 0x36, 0xd9, 0xc7, 0x48, 0x53, 0xd3, 0xbc, 0x67, 0xac, 0x60,
    0x66, 0xee, 0x9a, 0x36, 0xd9, 0xc7, 0x48, 0x53, 0xd3, 0xbc, 0x67, 0xac,
    0x60, 0x66, 0xee, 0x9a, 0x36, 0xd9, 0xc7, 0x48, 0x53, 0xd3, 0xbc, 0x67,
    0xac, 0x60, 0x66, 0xee, 0x9a, 0x36, 0xd9, 0xc7, 0x48, 0x53, 0xd3, 0xbc,
    0x67, 0xac, 0x60, 0x66, 0xee, 0x9a, 0x36, 0xd9, 0xc7, 0x48, 0x53, 0xd3,
    0xbc, 0x67, 0xac, 0x60, 0x66, 0xee, 0x9a, 0x36, 0xd9, 0xc7, 0x48, 0x53,
    0xd3, 0xbc, 0x67, 0xac, 0x60, 0x66, 0xee, 0x9a, 0x36, 0xd9, 0xc7, 0x48,
    0x53, 0xd3, 0xbc, 0x67, 0xac, 0x60, 0x66, 0xee, 0x9a, 0x36, 0xd9, 0xc7,
    0x48, 0x53, 0xd3, 0xa2, 0x67, 0xcc, 0x60, 0x66, 0x21, 0x1b, 0x56, 0xd9,
    0xc7, 0x48, 0x43, 0xd1, 0xa2, 0x66, 0xac, 0x60, 0x66, 0x21, 0x1b, 0x56,
    0xd9, 0xc7, 0x48, 0x43, 0xd1, 0xa2, 0x66, 0xac, 0x60, 0x66, 0x21, 0x1b,
    0x56, 0xd9, 0xc7, 0x48, 0x43, 0xd1, 0xa2, 0x66, 0xac, 0x60, 0x66, 0x21,
    0x1b, 0x56, 0xd9, 0xc7, 0x48, 0x43, 0xd1, 0xa2, 0x66, 0xac, 0x60, 0x66,
    0x21, 0x1b, 0x56, 0xd9, 0xc7, 0x48, 0x43, 0xd1, 0xa2, 0x66, 0xac, 0x60,
    0x66, 0x21, 0x1b, 0x56, 0xd9, 0xc7, 0x48, 0x43, 0xd1, 0xa2, 0x66, 0xac,
    0x60, 0x66, 0x21, 0x1b, 0x56, 0xd9, 0xc7, 0x48, 0x43, 0xd1, 0xa2, 0x66,
    0xac, 0x60, 0x66, 0x21, 0x1b, 0x56, 0xd9, 0xc7, 0x48, 0x43, 0xd1, 0xa6,
    0x66, 0xcc, 0x60, 0x66, 0x63, 0x9b, 0x75, 0xd9, 0xc7, 0x48, 0x33, 0xcf,
    0xa6, 0x65, 0xac, 0x60, 0x66, 0x63, 0x9b, 0x75, 0xd9, 0xc7, 0x48, 0x33,
    0xcf, 0xa6, 0x65, 0xac, 0x60, 0x66, 0x63, 0x9b, 0x75, 0xd9, 0xc7, 0x48,
    0x33, 0xcf, 0xa6, 0x65, 0xac, 0x60, 0x66, 0x63, 0x9b, 0x75, 0xd9, 0xc7,
    0x48, 0x33, 0xcf, 0xa6, 0x65, 0xac, 0x60, 0x66, 0x63, 0x9b, 0x75, 0xd9,
    0xc7, 0x48, 0x33, 0xcf, 0xa6, 0x65, 0xac, 0x60, 0x66, 0x63, 0x9b, 0x75,
    0xd9, 0xc7, 0x48, 0x33, 0xcf, 0xa6, 0x65, 0xac, 0x60, 0x66, 0x63, 0x9b,
    0x75, 0xd9, 0xc7, 0x48, 0x33, 0xcf, 0xa6, 0x65, 0xac, 0x60, 0x66, 0x63,
    0x9b, 0x75, 0xd9, 0xc7, 0x48, 0x33, 0xcf, 0xaa, 0x65, 0xcc, 0x60, 0x66,
    0xa5, 0x1b, 0x95, 0xd9, 0xc7, 0x48, 0x23, 0xcd, 0xaa, 0x64, 0xac, 0x60,
    0x66, 0xa5, 0x1b, 0x95, 0xd9, 0xc7, 0x48, 0x23, 0xcd, 0xaa, 0x64, 0xac,
    0x60, 0x66, 0xa5, 0x1b, 0x95, 0xd9, 0xc7, 0x48, 0x23, 0xcd, 0xaa, 0x64,
    0xac, 0x60, 0x66, 0xa5, 0x1b, 0x95, 0xd9, 0xc7, 0x48, 0x23, 0xcd, 0xaa,
    0x64, 0xac, 0x60, 0x66, 0xa5, 0x1b, 0x95, 0xd9, 0xc7, 0x48, 0x23, 0xcd,
    0xaa, 0x64, 0xac, 0x60, 0x66, 0xa5, 0x1b, 0x95, 0xd9, 0xc7, 0x48, 0x23,
    0xcd, 0xaa, 0x64, 0xac, 0x60, 0x66, 0xa5, 0x1b, 0x95, 0xd9, 0xc7, 0x48,
    0x23, 0xcd, 0xaa, 0x64, 0xac, 0x60, 0x66, 0xa5, 0x1b, 0x95, 0xd9, 0xc7,
    0x48, 0x23, 0xcd, 0xae, 0x64, 0xcc, 0x60, 0x66, 0xe7, 0x9b, 0xb4, 0xd9,
    0xc7, 0x48, 0x13, 0xcb, 0xae, 0x63, 0xac, 0x60, 0x66, 0xe7, 0x9b, 0xb4,
    0xd9, 0xc7, 0x48, 0x13, 0xcb, 0xae, 0x63, 0xac, 0x60, 0x66, 0xe7, 0x9b,
    0xb4, 0xd9, 0xc7, 0x48, 0x13, 0xcb, 0xae, 0x63, 0xac, 0x60, 0x66, 0xe7,
    0x9b, 0xb4, 0xd9, 0xc7, 0x48, 0x13, 0xcb, 0xae, 0x63, 0xac, 0x60, 0x66,
    0xe7, 0x9b, 0xb4, 0xd9, 0xc7, 0x48, 0x13, 0xcb, 0xae, 0x63, 0xac, 0x60,
    0x66, 0xe7, 0x9b, 0xb4, 0xd9, 0xc7, 0x48, 0x13, 0xcb, 0xae, 0x63, 0xac,
    0x60, 0x66, 0xe7, 0x9b, 0xb4, 0xd9, 0xc7, 0x48, 0x13, 0xcb, 0xae, 0x63,
    0xac, 0x60, 0x66, 0xe7, 0x9b, 0xb4, 0xd9, 0xc7, 0x48, 0x13, 0xcb, 0xb2,
    0x63, 0xcc, 0x60, 0x66, 0x29, 0x1c, 0xd4, 0xd9, 0xc7, 0x48, 0x03, 0xc9,
    0xb2, 0x62, 0xac, 0x60, 0x66, 0x29, 0x1c, 0xd4, 0xd9, 0xc7, 0x48, 0x03,
    0xc9, 0xb2, 0x62, 0xac, 0x60, 0x66, 0x29, 0x1c, 0xd4, 0xd9, 0xc7, 0x48,
    0x03, 0xc9, 0xb2, 0x62, 0xac, 0x60, 0x66, 0x29, 0x1c, 0xd4, 0xd9, 0xc7,
    0x48, 0x03, 0xc9, 0xb2, 0x62, 0xac, 0x60, 0x66, 0x29, 0x1c, 0xd4, 0xd9,
    0xc7, 0x48, 0x03, 0xc9, 0xb2, 0x62, 0xac, 0x60, 0x66, 0x29, 0x1c, 0xd4,
    0xd9, 0xc7, 0x48, 0x03, 0xc9, 0xb2, 0x62, 0xac, 0x60, 0x66, 0x29, 0x1c,
    0xd4, 0xd9, 0xc7, 0x48, 0x03, 0xc9, 0xb2, 0x62, 0xac, 0x60, 0x66, 0x29,
    0x1c, 0xd4, 0xd9, 0xc7, 0x48, 0x03, 0xc9, 0xb6, 0x62, 0xcc, 0x60, 0x66,
    0x6b, 0x7c, 0xef, 0xb3, 0x8f, 0x91, 0xde, 0x1d, 0xdb, 0x86, 0xb1, 0x82,
    0x99, 0xad, 0xf1, 0xbd, 0xcf, 0x3e, 0x46, 0x7a, 0x77, 0x6c, 0x1b, 0xc6,
    0x0a, 0x66, 0xb6, 0xc6, 0xf7, 0x3e, 0xfb, 0x18, 0xe9, 0xdd, 0xb1, 0x6d,
    0x18, 0x2b, 0x98, 0xd9, 0x1a, 0xdf, 0xfb, 0xec, 0x63, 0xa4, 0x77, 0xc7,
    0xb6, 0x61, 0xac, 0x60, 0x66, 0x6b, 0x7c, 0xef, 0xb3, 0x8f, 0x91, 0xde,
    0x1d, 0xdb, 0x86, 0xb1, 0x82, 0x99, 0xad, 0xf1, 0xbd, 0xcf, 0x3e, 0x46,
    0x7a, 0x77, 0x6c, 0x1b, 0xc6, 0x0a, 0x66, 0xb6, 0xc6, 0xf7, 0x3e, 0xfb,
    0x18, 0xe9, 0xdd, 0xb1, 0x6d, 0x18, 0x2b, 0x98, 0xd9, 0x1a, 0xdf, 0xfb,
    0xec, 0x63, 0xa4, 0x77, 0xc7, 0xba, 0x61, 0xcc, 0x60, 0x66, 0xad, 0x7c,
    0x06, 0xb0, 0x8f, 0x91, 0x9e, 0x15, 0xeb, 0x82, 0xb1, 0x82, 0x99, 0xb5,
    0xf2, 0x19, 0xc0, 0x3e, 0x46, 0x7a, 0x56, 0xac, 0x0b, 0xc6, 0x0a, 0x66,
    0xd6, 0xca, 0x67, 0x00, 0xfb, 0x18, 0xe9, 0x59, 0xb1, 0x2e, 0x18, 0x2b,
    0x98, 0x59, 0x2b, 0x9f, 0x01, 0xec, 0x63, 0xa4, 0x67, 0xc5, 0xba, 0x60,
    0xac, 0x60, 0x66, 0xad, 0x7c, 0x06, 0xb0, 0x8f, 0x91, 0x9e, 0x15, 0xeb,
    0x82, 0xb1, 0x82, 0x99, 0xb5, 0xf2, 0x19, 0xc0, 0x3e, 0x46, 0x7a, 0x56,
    0xac, 0x0b, 0xc6, 0x0a, 0x66, 0xd6, 0xca, 0x67, 0x00, 0xfb, 0x18, 0xe9,
    0x59, 0xb1, 0x2e, 0x18, 0x2b, 0x98, 0x59, 0x2b, 0x9f, 0x01, 0xec, 0x63,
    0xa4, 0x67, 0xc5, 0xbe, 0x60, 0xcc, 0x60, 0x66, 0xef, 0x7c, 0x25, 0xb0,
    0x8f, 0x91, 0x5e, 0x0d, 0xfb, 0x7b, 0x63, 0x05, 0x33, 0x7b, 0xe7, 0x2b,
    0x81, 0x7d, 0x8c, 0xf4, 0x6a, 0xd8, 0xdf, 0x1b, 0x2b, 0x98, 0xd9, 0x3b,
    0x5f, 0x09, 0xec, 0x63, 0xa4, 0x57, 0xc3, 0xfe, 0xde, 0x58, 0xc1, 0xcc,
    0xde, 0xf9, 0x4a, 0x60, 0x1f, 0x23, 0xbd, 0x1a, 0xf6, 0xf7, 0xc6, 0x0a,
    0x66, 0xf6, 0xce, 0x57, 0x02, 0xfb, 0x18, 0xe9, 0xd5, 0xb0, 0xbf, 0x37,
    0x56, 0x30, 0xb3, 0x77, 0xbe, 0x12, 0xd8, 0xc7, 0x48, 0xaf, 0x86, 0xfd,
    0xbd, 0xb1, 0x82, 0x99, 0xbd, 0xf3, 0x95, 0xc0, 0x3e, 0x46, 0x7a, 0x35,
    0xec, 0xef, 0x8d, 0x15, 0xcc, 0xec, 0x9d, 0xaf, 0x04, 0xf6, 0x31, 0xd2,
    0xab, 0xe1, 0xe0, 0xde, 0x98, 0xc1, 0xcc, 0x81, 0xf4, 0x11, 0xc1, 0x3e,
    0x46, 0x7a, 0x14, 0x1c, 0x9c, 0x1b, 0x2b, 0x98, 0x39, 0x90, 0x3e, 0x22,
    0xd8, 0xc7, 0x48, 0x8f, 0x82, 0x83, 0x73, 0x63, 0x05, 0x33, 0x07, 0xd2,
    0x47, 0x04, 0xfb, 0x18, 0xe9, 0x51, 0x70, 0x70, 0x6e, 0xac, 0x60, 0xe6,
    0x40, 0xfa, 0x88, 0x60, 0x1f, 0x23, 0x3d, 0x0a, 0x0e, 0xce, 0x8d, 0x15,
    0xcc, 0x1c, 0x48, 0x1f, 0x11, 0xec, 0x63, 0xa4, 0x47, 0xc1, 0xc1, 0xb9,
    0xb1, 0x82, 0x99, 0x03, 0xe9, 0x23, 0x82, 0x7d, 0x8c, 0xf4, 0x28, 0x38,
    0x38, 0x37, 0x56, 0x30, 0x73, 0x20, 0x7d, 0x44, 0xb0, 0x8f, 0x91, 0x1e,
    0x05, 0x07, 0xe7, 0xc6, 0x0a, 0x66, 0x0e, 0xa4, 0x8f, 0x08, 0xf6, 0x31,
    0xd2, 0xa3, 0xe0, 0xe2, 0xdc, 0x98, 0xc1, 0xcc, 0x85, 0xf5, 0x8d, 0xc1,
    0x3e, 0x46, 0x7a, 0xf3, 0x5b, 0x5c, 0x1b, 0x2b, 0x98, 0xb9, 0xb0, 0xbe,
    0x31, 0xd8, 0xc7, 0x48, 0x6f, 0x7e, 0x8b, 0x6b, 0x63, 0x05, 0x33, 0x17,
    0xd6, 0x37, 0x06, 0xfb, 0x18, 0xe9, 0xcd, 0x6f, 0x71, 0x6d, 0xac, 0x60,
    0xe6, 0xc2, 0xfa, 0xc6, 0x60, 0x1f, 0x23, 0xbd, 0xf9, 0x2d, 0xae, 0x8d,
    0x15, 0xcc, 0x5c, 0x58, 0xdf, 0x18, 0xec, 0x63, 0xa4, 0x37, 0xbf, 0xc5,
    0xb5, 0xb1, 0x82, 0x99, 0x0b, 0xeb, 0x1b, 0x83, 0x7d, 0x8c, 0xf4, 0xe6,
    0xb7, 0xb8, 0x36, 0x56, 0x30, 0x73, 0x61, 0x7d, 0x63, 0xb0, 0x8f, 0x91,
    0xde, 0xfc, 0x16, 0xd7, 0xc6, 0x0a, 0x66, 0x2e, 0xac, 0x6f, 0x0c, 0xf6,
    0x31, 0xd2, 0x9b, 0xdf, 0xe4, 0xda, 0x98, 0xc1, 0xcc, 0x89, 0xf6, 0x09,
    0xc2, 0x3e, 0x46, 0x7a, 0xd2, 0x9b, 0x1c, 0x1b, 0x2b, 0x98, 0x39, 0xd1,
    0x3e, 0x41, 0xd8, 0xc7, 0x48, 0x4f, 0x7a, 0x93, 0x63, 0x63, 0x05, 0x33,
    0x27, 0xda, 0x27, 0x08, 0xfb, 0x18, 0xe9, 0x49, 0x6f, 0x72, 0x6c, 0xac,
    0x60, 0xe6, 0x44, 0xfb, 0x04, 0x61, 0x1f, 0x23, 0x3d, 0xe9, 0x4d, 0x8e,
    0x8d, 0x15, 0xcc, 0x9c, 0x68, 0x9f, 0x20, 0xec, 0x63, 0xa4, 0x27, 0xbd,
    0xc9, 0xb1, 0xb1, 0x82, 0x99, 0x13, 0xed, 0x13, 0x84, 0x7d, 0x8c, 0xf4,
    0xa4, 0x37, 0x39, 0x36, 0x56, 0x30, 0x73, 0xa2, 0x7d, 0x82, 0xb0, 0x8f,
    0x91, 0x9e, 0xf4, 0x26, 0xc7, 0xc6, 0x0a, 0x66, 0x4e, 0xb4, 0x4f, 0x10,
    0xf6, 0x31, 0xd2, 0x93, 0xde, 0xe6, 0xd8, 0x98, 0xc1, 0xcc, 0x8d, 0xf7,
    0x85, 0xc2, 0x3e, 0x46, 0x7a, 0xb1, 0xdb, 0xdc, 0x1a, 0x2b, 0x98, 0xb9,
    0xf1, 0xbe, 0x50, 0xd8, 0xc7, 0x48, 0x2f, 0x76, 0x9b, 0x5b, 0x63, 0x05,
    0x33, 0x37, 0xde, 0x17, 0x0a, 0xfb, 0x18, 0xe9, 0xc5, 0x6e, 0x73, 0x6b,
    0xac, 0x60, 0xe6, 0xc6, 0xfb, 0x42, 0x61, 0x1f, 0x23, 0xbd, 0xd8, 0x6d,
    0x6e, 0x8d, 0x15, 0xcc, 0xdc, 0x78, 0x5f, 0x28, 0xec, 0x63, 0xa4, 0x17,
    0xbb, 0xcd, 0xad, 0xb1, 0x82, 0x99, 0x1b, 0xef, 0x0b, 0x85, 0x7d, 0x8c,
    0xf4, 0x62, 0xb7, 0xb9, 0x35, 0x56, 0x30, 0x73, 0xe3, 0x7d, 0xa1, 0xb0,
    0x8f, 0x91, 0x5e, 0xec, 0x36, 0xb7, 0xc6, 0x0a, 0x66, 0x6e, 0xbc, 0x2f,
    0x14, 0xf6, 0x31, 0xd2, 0x8b, 0xdd, 0xe8, 0xd6, 0x98, 0xc1, 0xcc, 0x91,
    0xf8, 0x01, 0xc3, 0x3e, 0x46, 0x7a, 0x90, 0x1b, 0x9d, 0x1a, 0x2b, 0x98,
    0x39, 0x12, 0x3f, 0x60, 0xd8, 0xc7, 0x48, 0x0f, 0x72, 0xa3, 0x53, 0x63,
    0x05, 0x33, 0x47, 0xe2, 0x07, 0x0c, 0xfb, 0x18, 0xe9, 0x41, 0x6e, 0x74,
    0x6a, 0xac, 0x60, 0xe6, 0x48, 0xfc, 0x80, 0x61, 0x1f, 0x23, 0x3d, 0xc8,
    0x8d, 0x4e, 0x8d, 0x15, 0xcc, 0x1c, 0x89, 0x1f, 0x30, 0xec, 0x63, 0xa4,
    0x07, 0xb9, 0xd1, 0xa9, 0xb1, 0x82, 0x99, 0x23, 0xf1, 0x03, 0x86, 0x7d,
    0x8c, 0xf4, 0x20, 0x37, 0x3a, 0x35, 0x56, 0x30, 0x73, 0x24, 0x7e, 0xc0,
    0xb0, 0x8f, 0x91, 0x1e, 0xe4, 0x46, 0xa7, 0xc6, 0x0a, 0x66, 0x8e, 0xc4,
    0x0f, 0x18, 0xf6, 0x31, 0xd2, 0x83, 0xdc, 0xea, 0xd4, 0x98, 0xc1, 0xcc,
    0x95, 0xf9, 0x3b, 0x87, 0x7d, 0x8c, 0xf4, 0xdd, 0x6d, 0x75, 0x69, 0xac,
    0x60, 0xe6, 0xca, 0xfc, 0x9d, 0xc3, 0x3e, 0x46, 0xfa, 0xee, 0xb6, 0xba,
    0x34, 0x56, 0x30, 0x73, 0x65, 0xfe, 0xce, 0x61, 0x1f, 0x23, 0x7d, 0x77,
    0x5b, 0x5d, 0x1a, 0x2b, 0x98, 0xb9, 0x32, 0x7f, 0xe7, 0xb0, 0x8f, 0x91,
    0xbe, 0xbb, 0xad, 0x2e, 0x8d, 0x15, 0xcc, 0x5c, 0x99, 0xbf, 0x73, 0xd8,
    0xc7, 0x48, 0xdf, 0xdd, 0x56, 0x97, 0xc6, 0x0a, 0x66, 0xae, 0xcc, 0xdf,
    0x39, 0xec, 0x63, 0xa4, 0xef, 0x6e, 0xab, 0x4b, 0x63, 0x05, 0x33, 0x57,
    0xe6, 0xef, 0x1c, 0xf6, 0x31, 0xd2, 0x77, 0xb7, 0xd5, 0xa5, 0xb1, 0x82,
    0x99, 0x2b, 0xf3, 0x77, 0x0e, 0xfb, 0x18, 0xe9, 0xbb, 0xdb, 0xec, 0xd2,
    0x98, 0xc1, 0xcc, 0x99, 0xfa, 0x33, 0x88, 0x7d, 0x8c, 0xf4, 0x59, 0x6d,
    0x76, 0x68, 0xac, 0x60, 0xe6, 0x4c, 0xfd, 0x19, 0xc4, 0x3e, 0x46, 0xfa,
    0xac, 0x36, 0x3b, 0x34, 0x56, 0x30, 0x73, 0xa6, 0xfe, 0x0c, 0x62, 0x1f,
    0x23, 0x7d, 0x56, 0x9b, 0x1d, 0x1a, 0x2b, 0x98, 0x39, 0x53, 0x7f, 0x06,
    0xb1, 0x8f, 0x91, 0x3e, 0xab, 0xcd, 0x0e, 0x8d, 0x15, 0xcc, 0x9c, 0xa9,
    0x3f, 0x83, 0xd8, 0xc7, 0x48, 0x9f, 0xd5, 0x66, 0x87, 0xc6, 0x0a, 0x66,
    0xce, 0xd4, 0x9f, 0x41, 0xec, 0x63, 0xa4, 0xcf, 0x6a, 0xb3, 0x43, 0x63,
    0x05, 0x33, 0x67, 0xea, 0xcf, 0x20, 0xf6, 0x31, 0xd2, 0x67, 0xb5, 0xd9,
    0xa1, 0xb1, 0x82, 0x99, 0x33, 0xf5, 0x67, 0x10, 0xfb, 0x18, 0xe9, 0xb3,
    0xda, 0xee, 0xd0, 0x98, 0xc1, 0xcc, 0x9d, 0xfb, 0x2b, 0x89, 0x7d, 0x8c,
    0xf4, 0xd5, 0x6c, 0x77, 0x67, 0xac, 0x60, 0xe6, 0xce, 0xfd, 0x95, 0xc4,
    0x3e, 0x46, 0xfa, 0x6a, 0xb6, 0xbb, 0x33, 0x56, 0x30, 0x73, 0xe7, 0xfe,
    0x4a, 0x62, 0x1f, 0x23, 0x7d, 0x35, 0xdb, 0xdd, 0x19, 0x2b, 0x98, 0xb9,
    0x73, 0x7f, 0x25, 0xb1, 0x8f, 0x91, 0xbe, 0x9a, 0xed, 0xee, 0x8c, 0x15,
    0xcc, 0xdc, 0xb9, 0xbf, 0x92, 0xd8, 0xc7, 0x48, 0x5f, 0xcd, 0x76, 0x77,
    0xc6, 0x0a, 0x66, 0xee, 0xdc, 0x5f, 0x49, 0xec, 0x63, 0xa4, 0xaf, 0x66,
    0xbb, 0x3b, 0x63, 0x05, 0x33, 0x77, 0xee, 0xaf, 0x24, 0xf6, 0x31, 0xd2,
    0x57, 0xb3, 0xdd, 0x9d, 0xb1, 0x82, 0x99, 0x3b, 0xf7, 0x57, 0x12, 0xfb,
    0x18, 0xe9, 0xab, 0xd9, 0xf0, 0xce, 0x98, 0xc1, 0xcc, 0xa1, 0xfc, 0x23,
    0x8a, 0x7d, 0x8c, 0xf4, 0x51, 0x6c, 0x78, 0x66, 0xac, 0x60, 0xe6, 0x50,
    0xfe, 0x11, 0xc5, 0x3e, 0x46, 0xfa, 0x28, 0x36, 0x3c, 0x33, 0x56, 0x30,
    0x73, 0x28, 0xff, 0x88, 0x62, 0x1f, 0x23, 0x7d, 0x14, 0x1b, 0x9e, 0x19,
    0x2b, 0x98, 0x39, 0x94, 0x7f, 0x44, 0xb1, 0x8f, 0x91, 0x3e, 0x8a, 0x0d,
    0xcf, 0x8c, 0x15, 0xcc, 0x1c, 0xca, 0x3f, 0xa2, 0xd8, 0xc7, 0x48, 0x1f,
    0xc5, 0x86, 0x67, 0xc6, 0x0a, 0x66, 0x0e, 0xe5, 0x1f, 0x51, 0xec, 0x63,
    0xa4, 0x8f, 0x62, 0xc3, 0x33, 0x63, 0x05, 0x33, 0x87, 0xf2, 0x8f, 0x28,
    0xf6, 0x31, 0xd2, 0x47, 0xb1, 0xe1, 0x99, 0xb1, 0x82, 0x99, 0x43, 0xf9,
    0x47, 0x14, 0xfb, 0x18, 0xe9, 0xa3, 0xd8, 0xf2, 0xcc, 0x98, 0xc1, 0xcc,
    0xa5, 0xfd, 0x1b, 0x8b, 0x7d, 0x8c, 0xf4, 0xcd, 0x6b, 0x79, 0x65, 0xac,
    0x60, 0xe6, 0xd2, 0xfe, 0x8d, 0xc5, 0x3e, 0x46, 0xfa, 0xe6, 0xb5, 0xbc,
    0x32, 0x56, 0x30, 0x73, 0x69, 0xff, 0xc6, 0x62, 0x1f, 0x23, 0x7d, 0xf3,
    0x5a, 0x5e, 0x19, 0x2b, 0x98, 0xb9, 0xb4, 0x7f, 0x63, 0xb1, 0x8f, 0x91,
    0xbe, 0x79, 0x2d, 0xaf, 0x8c, 0x15, 0xcc, 0x5c, 0xda, 0xbf, 0xb1, 0xd8,
    0xc7, 0x48, 0xdf, 0xbc, 0x96, 0x57, 0xc6, 0x0a, 0x66, 0x2e, 0xed, 0xdf,
    0x58, 0xec, 0x63, 0xa4, 0x6f, 0x5e, 0xcb, 0x2b, 0x63, 0x05, 0x33, 0x97,
    0xf6, 0x6f, 0x2c, 0xf6, 0x31, 0xd2, 0x37, 0xaf, 0xe5, 0x95, 0xb1, 0x82,
    0x99, 0x4b, 0xfb, 0x37, 0x16, 0xfb, 0x18, 0xe9, 0x9b, 0xd7, 0xf4, 0xca,
    0x98, 0xc1, 0xcc, 0xa9, 0xfe, 0x13, 0x8c, 0x7d, 0x8c, 0xf4, 0x49, 0x6b,
    0x7a, 0x64, 0xac, 0x60, 0xe6, 0x54, 0xff, 0x09, 0xc6, 0x3e, 0x46, 0xfa,
    0xa4, 0x35, 0x3d, 0x32, 0x56, 0x30, 0x73, 0xaa, 0xff, 0x04, 0x63, 0x1f,
    0x23, 0x7d, 0xd2, 0x9a, 0x1e, 0x19, 0x2b, 0x98, 0x39, 0xd5, 0x7f, 0x82,
    0xb1, 0x8f, 0x91, 0x3e, 0x69, 0x4d, 0x8f, 0x8c, 0x15, 0xcc, 0x9c, 0xea,
    0x3f, 0xc1, 0xd8, 0xc7, 0x48, 0x9f, 0xb4, 0xa6, 0x47, 0xc6, 0x0a, 0x66,
    0x4e, 0xf5, 0x9f, 0x60, 0xec, 0x63, 0xa4, 0x4f, 0x5a, 0xd3, 0x23, 0x63,
    0x05, 0x33, 0xa7, 0xfa, 0x4f, 0x30, 0xf6, 0x31, 0xd2, 0x27, 0xad, 0xe9,
    0x91, 0xb1, 0x82, 0x99, 0x53, 0xfd, 0x27, 0x18, 0xfb, 0x18, 0xe9, 0x93,
    0xd6, 0xf6, 0xc8, 0x98, 0xc1, 0xcc, 0xad, 0xff, 0x0b, 0x8d, 0x7d, 0x8c,
    0xf4, 0xc5, 0x6a, 0x7b, 0x63, 0xac, 0x60, 0xe6, 0xd6, 0xff, 0x85, 0xc6,
    0x3e, 0x46, 0xfa, 0x62, 0xb5, 0xbd, 0x31, 0x56, 0x30, 0x73, 0xeb, 0xff,
    0x42, 0x63, 0x1f, 0x23, 0x7d, 0xb1, 0xda, 0xde, 0x18, 0x2b, 0x98, 0xb9,
    0xf5, 0x7f, 0xa1, 0xb1, 0x8f, 0x91, 0xbe, 0x58, 0x6d, 0x6f, 0x8c, 0x15,
    0xcc, 0xdc, 0xfa, 0xbf, 0xd0, 0xd8, 0xc7, 0x48, 0x5f, 0xac, 0xb6, 0x37,
    0xc6, 0x0a, 0x66, 0x6e, 0xfd, 0x5f, 0x68, 0xec, 0x63, 0xa4, 0x2f, 0x56,
    0xdb, 0x1b, 0x63, 0x05, 0x33, 0xb7, 0xfe, 0x2f, 0x34, 0xf6, 0x31, 0xd2,
    0x17, 0xab, 0xed, 0x8d, 0xb1, 0x82, 0x99, 0x5b, 0xff, 0x17, 0x1a, 0xfb,
    0x18, 0xe9, 0x8b, 0xd5, 0xf8, 0xc6, 0x98, 0xc1, 0xcc, 0xf1, 0x80, 0x07,
    0x1c, 0xfb, 0x18, 0xe9, 0x83, 0xd4, 0xf8, 0xc4, 0x58, 0xc1, 0xcc, 0xf1,
    0x80, 0x07, 0x1c, 0xfb, 0x18, 0xe9, 0x83, 0xd4, 0xf8, 0xc4, 0x58, 0xc1,
    0xcc, 0xf1, 0x80, 0x07, 0x1c, 0xfb, 0x18, 0xe9, 0x83, 0xd4, 0xf8, 0xc4,
    0x58, 0xc1, 0xcc, 0xf1, 0x80, 0x07, 0x1c, 0xfb, 0x18, 0xe9, 0x83, 0xd4,
    0xf8, 0xc4, 0x58, 0xc1, 0xcc, 0xf1, 0x80, 0x07, 0x1c, 0xfb, 0x18, 0xe9,
    0x83, 0xd4, 0xf8, 0xc4, 0x58, 0xc1, 0xcc, 0xf1, 0x80, 0x07, 0x1c, 0xfb,
    0x18, 0xe9, 0x83, 0xd4, 0xf8, 0xc4, 0x58, 0xc1, 0xcc, 0xf1, 0x80, 0x07,
    0x1c, 0xfb, 0x18, 0xe9, 0x83, 0xd4, 0xf8, 0xc4, 0x58, 0xc1, 0xcc, 0xf1,
    0x80, 0x07, 0x1c, 0xfb, 0x18, 0xe9, 0x83, 0xd4, 0xfa, 0xc4, 0x98, 0xc1,
    0xcc, 0xf5, 0x82, 0x6f, 0x1e, 0xfb, 0x18, 0xe9, 0xb7, 0xd3, 0xfa, 0xc2,
    0x58, 0xc1, 0xcc, 0xf5, 0x82, 0x6f, 0x1e, 0xfb, 0x18, 0xe9, 0xb7, 0xd3,
    0xfa, 0xc2, 0x58, 0xc1, 0xcc, 0xf5, 0x82, 0x6f, 0x1e, 0xfb, 0x18, 0xe9,
    0xb7, 0xd3, 0xfa, 0xc2, 0x58, 0xc1, 0xcc, 0xf5, 0x82, 0x6f, 0x1e, 0xfb,
    0x18, 0xe9, 0xb7, 0xd3, 0xfa, 0xc2, 0x58, 0xc1, 0xcc, 0xf5, 0x82, 0x6f,
    0x1e, 0xfb, 0x18, 0xe9, 0xb7, 0xd3, 0xfa, 0xc2, 0x58, 0xc1, 0xcc, 0xf5,
    0x82, 0x6f, 0x1e, 0xfb, 0x18, 0xe9, 0xb7, 0xd3, 0xfa, 0xc2, 0x58, 0xc1,
    0xcc, 0xf5, 0x82, 0x6f, 0x1e, 0xfb, 0x18, 0xe9, 0xb7, 0xd3, 0xfa, 0xc2,
    0x58, 0xc1, 0xcc, 0xf5, 0x82, 0x6f, 0x1e, 0xfb, 0x18, 0xe9, 0xb7, 0xd3,
    0xfc, 0xc2, 0x98, 0xc1, 0xcc, 0xf9, 0x84, 0x4f, 0x20, 0xfb, 0x18, 0xe9,
    0xa7, 0xd2, 0xfc, 0xc0, 0x58, 0xc1, 0xcc, 0xf9, 0x84, 0x4f, 0x20, 0xfb,
    0x18, 0xe9, 0xa7, 0xd2, 0xfc, 0xc0, 0x58, 0xc1, 0xcc, 0xf9, 0x84, 0x4f,
    0x20, 0xfb, 0x18, 0xe9, 0xa7, 0xd2, 0xfc, 0xc0, 0x58, 0xc1, 0xcc, 0xf9,
    0x84, 0x4f, 0x20, 0xfb, 0x18, 0xe9, 0xa7, 0xd2, 0xfc, 0xc0, 0x58, 0xc1,
    0xcc, 0xf9, 0x84, 0x4f, 0x20, 0xfb, 0x18, 0xe9, 0xa7, 0xd2, 0xfc, 0xc0,
    0x58, 0xc1, 0xcc, 0xf9, 0x84, 0x4f, 0x20, 0xfb, 0x18, 0xe9, 0xa7, 0xd2,
    0xfc, 0xc0, 0x58, 0xc1, 0xcc, 0xf9, 0x84, 0x4f, 0x20, 0xfb, 0x18, 0xe9,
    0xa7, 0xd2, 0xfc, 0xc0, 0x58, 0xc1, 0xcc, 0xf9, 0x84, 0x4f, 0x20, 0xfb,
    0x18, 0xe9, 0xa7, 0xd2, 0xfe, 0xc0, 0x98, 0xc1, 0xcc, 0xfd, 0x86, 0x2f,
    0x22, 0xfb, 0x18, 0xe9, 0x97, 0xd1, 0x3e, 0x37, 0x56, 0x30, 0x73, 0xbf,
    0xe1, 0x8b, 0xc8, 0x3e, 0x46, 0xfa, 0x65, 0xb4, 0xcf, 0x8d, 0x15, 0xcc,
    0xdc, 0x6f, 0xf8, 0x22, 0xb2, 0x8f, 0x91, 0x7e, 0x19, 0xed, 0x73, 0x63,
    0x05, 0x33, 0xf7, 0x1b, 0xbe, 0x88, 0xec, 0x63, 0xa4, 0x5f, 0x46, 0xfb,
    0xdc, 0x58, 0xc1, 0xcc, 0xfd, 0x86, 0x2f, 0x22, 0xfb, 0x18, 0xe9, 0x97,
    0xd1, 0x3e, 0x37, 0x56, 0x30, 0x73, 0xbf, 0xe1, 0x8b, 0xc8, 0x3e, 0x46,
    0xfa, 0x65, 0xb4, 0xcf, 0x8d, 0x15, 0xcc, 0xdc, 0x6f, 0xf8, 0x22, 0xb2,
    0x8f, 0x91, 0x7e, 0x19, 0xed, 0x73, 0x63, 0x05, 0x33, 0xf7, 0x1b, 0xbe,
    0x88, 0xec, 0x63, 0xa4, 0x5f, 0x46, 0x42, 0x6e, 0xcc, 0x60, 0xa6, 0x30,
    0xe2, 0x03, 0xc9, 0x3e, 0x46, 0xfa, 0x21, 0x24, 0xc4, 0xc6, 0x0a, 0x66,
    0x0a, 0x23, 0x3e, 0x90, 0xec, 0x63, 0xa4, 0x1f, 0x42, 0x42, 0x6c, 0xac,
    0x60, 0xa6, 0x30, 0xe2, 0x03, 0xc9, 0x3e, 0x46, 0xfa, 0x21, 0x24, 0xc4,
    0xc6, 0x0a, 0x66, 0x0a, 0x23, 0x3e, 0x90, 0xec, 0x63, 0xa4, 0x1f, 0x42,
    0x42, 0x6c, 0xac, 0x60, 0xa6, 0x30, 0xe2, 0x03, 0xc9, 0x3e, 0x46, 0xfa,
    0x21, 0x24, 0xc4, 0xc6, 0x0a, 0x66, 0x0a, 0x23, 0x3e, 0x90, 0xec, 0x63,
    0xa4, 0x1f, 0x42, 0x42, 0x6c, 0xac, 0x60, 0xa6, 0x30, 0xe2, 0x03, 0xc9,
    0x3e, 0x46, 0xfa, 0x21, 0x24, 0xc4, 0xc6, 0x0a, 0x66, 0x0a, 0x23, 0x3e,
    0x90, 0xec, 0x63, 0xa4, 0x1f, 0x42, 0x46, 0x6c, 0xcc, 0x60, 0xa6, 0xb1,
    0x82, 0x99, 0xec, 0x63, 0xa4, 0xec, 0x63, 0xa4, 0xc6, 0x0a, 0x66, 0x1a,
    0x2b, 0x98, 0xc9, 0x3e, 0x46, 0xca, 0x3e, 0x46, 0x6a, 0xac, 0x60, 0xa6,
    0xb1, 0x82, 0x99, 0xec, 0x63, 0xa4, 0xec, 0x63, 0xa4, 0xc6, 0x0a, 0x66,
    0x1a, 0x2b, 0x98, 0xc9, 0x3e, 0x46, 0xca, 0x3e, 0x46, 0x6a, 0xac, 0x60,
    0xa6, 0xb1, 0x82, 0x99, 0xec, 0x63, 0xa4, 0xec, 0x63, 0xa4, 0xc6, 0x0a,
    0x66, 0x1a, 0x2b, 0x98, 0xc9, 0x3e, 0x46, 0xca, 0x3e, 0x46, 0x6a, 0xac,
    0x60, 0xa6, 0xb1, 0x82, 0x99, 0xec, 0x63, 0xa4, 0xec, 0x63, 0xa4, 0xc6,
    0x0a, 0x66, 0x1a, 0x2b, 0x98, 0xc9, 0x3e, 0x46, 0xca, 0x3e, 0xff, 0x91,
    0xd4, 0x78, 0x38, 0x66, 0xfe, 0xfe, 0xc3, 0xb1, 0x8f, 0x91, 0xfe, 0x6d,
    0x34, 0x5e, 0xc0, 0xf8, 0x52, 0xcc, 0x34, 0x56, 0x30, 0x93, 0x7d, 0x8c,
    0x94, 0x7d, 0x8c, 0xd4, 0x58, 0xc1, 0x4c, 0x63, 0x05, 0x33, 0xd9, 0xc7,
    0x48, 0xd9, 0xc7, 0x48, 0x8d, 0x15, 0xcc, 0x34, 0x56, 0x30, 0x93, 0x7d,
    0x8c, 0x94, 0x7d, 0x8c, 0xd4, 0x58, 0xc1, 0x4c, 0x63, 0x05, 0x33, 0xd9,
    0xc7, 0x48, 0xd9, 0xc7, 0x48, 0x8d, 0x15, 0xcc, 0x34, 0x56, 0x30, 0x93,
    0x7d, 0x8c, 0x94, 0x7d, 0x8c, 0xd4, 0x58, 0xc1, 0x4c, 0x63, 0x05, 0x33,
    0xd9, 0xc7, 0x48, 0xd9, 0xc7, 0x48, 0x8d, 0x15, 0xcc, 0x34, 0x56, 0x7c,
    0x30, 0x59, 0xc8, 0x48, 0x3f, 0x84, 0x84, 0xd8, 0x58, 0xc1, 0x4c, 0x61,
    0xc4, 0x07, 0x92, 0x7d, 0x8c, 0xf4, 0x43, 0x48, 0x88, 0x8d, 0x15, 0xcc,
    0x14, 0x46, 0x7c, 0x20, 0xd9, 0xc7, 0x48, 0x3f, 0x84, 0x84, 0xd8, 0x58,
    0xc1, 0x4c, 0x61, 0xc4, 0x07, 0x92, 0x7d, 0x8c, 0xf4, 0x43, 0x48, 0x88,
    0x8d, 0x15, 0xcc, 0x14, 0x46, 0x7c, 0x20, 0xd9, 0xc7, 0x48, 0x3f, 0x84,
    0x84, 0xd8, 0x58, 0xc1, 0x4c, 0x61, 0xc4, 0x07, 0x92, 0x7d, 0x8c, 0xf4,
    0x43, 0x48, 0x88, 0x8d, 0x15, 0xcc, 0x14, 0x46, 0x7c, 0x20, 0xd9, 0xc7,
    0x48, 0x3f, 0x84, 0x84, 0xd8, 0x58, 0xc1, 0x4c, 0x61, 0xc4, 0x07, 0x92,
    0x7d, 0x8c, 0xf4, 0x43, 0x48, 0x88, 0x8d, 0x15, 0xcc, 0x14, 0x46, 0x7c,
    0x21, 0x59, 0xc8, 0x48, 0xbf, 0x8c, 0xf6, 0xb9, 0xb1, 0x82, 0x99, 0xfb,
    0x0d, 0x5f, 0x44, 0xf6, 0x31, 0xd2, 0x2f, 0xa3, 0x7d, 0x6e, 0xac, 0x60,
    0xe6, 0x7e, 0xc3, 0x17, 0x91, 0x7d, 0x8c, 0xf4, 0xcb, 0x68, 0x9f, 0x1b,
    0x2b, 0x98, 0xb9, 0xdf, 0xf0, 0x45, 0x64, 0x1f, 0x23, 0xfd, 0x32, 0xda,
    0xe7, 0xc6, 0x0a, 0x66, 0xee, 0x37, 0x7c, 0x11, 0xd9, 0xc7, 0x48, 0xbf,
    0x8c, 0xf6, 0xb9, 0xb1, 0x82, 0x99, 0xfb, 0x0d, 0x5f, 0x44, 0xf6, 0x31,
    0xd2, 0x2f, 0xa3, 0x7d, 0x6e, 0xac, 0x60, 0xe6, 0x7e, 0xc3, 0x17, 0x91,
    0x7d, 0x8c, 0xf4, 0xcb, 0x68, 0x9f, 0x1b, 0x2b, 0x98, 0xb9, 0xdf, 0xf0,
    0x45, 0x64, 0x1f, 0x23, 0xfd, 0x32, 0xda, 0xe7, 0xc6, 0x0a, 0x66, 0xee,
    0x37, 0x7c, 0x12, 0x59, 0xc8, 0x48, 0x3f, 0x95, 0xe6, 0x07, 0xc6, 0x0a,
    0x66, 0xce, 0x27, 0x7c, 0x02, 0xd9, 0xc7, 0x48, 0x3f, 0x95, 0xe6, 0x07,
    0xc6, 0x0a, 0x66, 0xce, 0x27, 0x7c, 0x02, 0xd9, 0xc7, 0x48, 0x3f, 0x95,
    0xe6, 0x07, 0xc6, 0x0a, 0x66, 0xce, 0x27, 0x7c, 0x02, 0xd9, 0xc7, 0x48,
    0x3f, 0x95, 0xe6, 0x07, 0xc6, 0x0a, 0x66, 0xce, 0x27, 0x7c, 0x02, 0xd9,
    0xc7, 0x48, 0x3f, 0x95, 0xe6, 0x07, 0xc6, 0x0a, 0x66, 0xce, 0x27, 0x7c,
    0x02, 0xd9, 0xc7, 0x48, 0x3f, 0x95, 0xe6, 0x07, 0xc6, 0x0a, 0x66, 0xce,
    0x27, 0x7c, 0x02, 0xd9, 0xc7, 0x48, 0x3f, 0x95, 0xe6, 0x07, 0xc6, 0x0a,
    0x66, 0xce, 0x27, 0x7c, 0x02, 0xd9, 0xc7, 0x48, 0x3f, 0x95, 0xe6, 0x07,
    0xc6, 0x0a, 0x66, 0xce, 0x27, 0x7c, 0x03, 0x59, 0xc8, 0x48, 0xbf, 0x9d,
    0xd6, 0x17, 0xc6, 0x0a, 0x66, 0xae, 0x17, 0x7c, 0xf3, 0xd8, 0xc7, 0x48,
    0xbf, 0x9d, 0xd6, 0x17, 0xc6, 0x0a, 0x66, 0xae, 0x17, 0x7c, 0xf3, 0xd8,
    0xc7, 0x48, 0xbf, 0x9d, 0xd6, 0x17, 0xc6, 0x0a, 0x66, 0xae, 0x17, 0x7c,
    0xf3, 0xd8, 0xc7, 0x48, 0xbf, 0x9d, 0xd6, 0x17, 0xc6, 0x0a, 0x66, 0xae,
    0x17, 0x7c, 0xf3, 0xd8, 0xc7, 0x48, 0xbf, 0x9d, 0xd6, 0x17, 0xc6, 0x0a,
    0x66, 0xae, 0x17, 0x7c, 0xf3, 0xd8, 0xc7, 0x48, 0xbf, 0x9d, 0xd6, 0x17,
    0xc6, 0x0a, 0x66, 0xae, 0x17, 0x7c, 0xf3, 0xd8, 0xc7, 0x48, 0xbf, 0x9d,
    0xd6, 0x17, 0xc6, 0x0a, 0x66, 0xae, 0x17, 0x7c, 0xf3, 0xd8, 0xc7, 0x48,
    0xbf, 0x9d, 0xd6, 0x17, 0xc6, 0x0a, 0x66, 0xae, 0x17, 0x3c, 0xf0, 0x58,
    0xc8, 0x48, 0x1f, 0xa4, 0xc6, 0x27, 0xc6, 0x0a, 0x66, 0x8e, 0x07, 0x3c,
    0xe0, 0xd8, 0xc7, 0x48, 0x1f, 0xa4, 0xc6, 0x27, 0xc6, 0x0a, 0x66, 0x8e,
    0x07, 0x3c, 0xe0, 0xd8, 0xc7, 0x48, 0x1f, 0xa4, 0xc6, 0x27, 0xc6, 0x0a,
    0x66, 0x8e, 0x07, 0x3c, 0xe0, 0xd8, 0xc7, 0x48, 0x1f, 0xa4, 0xc6, 0x27,
    0xc6, 0x0a, 0x66, 0x8e, 0x07, 0x3c, 0xe0, 0xd8, 0xc7, 0x48, 0x1f, 0xa4,
    0xc6, 0x27, 0xc6, 0x0a, 0x66, 0x8e, 0x07, 0x3c, 0xe0, 0xd8, 0xc7, 0x48,
    0x1f, 0xa4, 0xc6, 0x27, 0xc6, 0x0a, 0x66, 0x8e, 0x07, 0x3c, 0xe0, 0xd8,
    0xc7, 0x48, 0x1f, 0xa4, 0xc6, 0x27, 0xc6, 0x0a, 0x66, 0x8e, 0x07, 0x3c,
    0xe0, 0xd8, 0xc7, 0x48, 0x1f, 0xa4, 0xc6, 0x27, 0xc6, 0x0a, 0x66, 0x8e,
    0x07, 0xbc, 0xe0, 0x58, 0xc8, 0x48, 0x5f, 0xac, 0xb6, 0x37, 0xc6, 0x0a,
    0x66, 0x6e, 0xfd, 0x5f, 0x68, 0xec, 0x63, 0xa4, 0x2f, 0x56, 0xdb, 0x1b,
    0x63, 0x05, 0x33, 0xb7, 0xfe, 0x2f, 0x34, 0xf6, 0x31, 0xd2, 0x17, 0xab,
    0xed, 0x8d, 0xb1, 0x82, 0x99, 0x5b, 0xff, 0x17, 0x1a, 0xfb, 0x18, 0xe9,
    0x8b, 0xd5, 0xf6, 0xc6, 0x58, 0xc1, 0xcc, 0xad, 0xff, 0x0b, 0x8d, 0x7d,
    0x8c, 0xf4, 0xc5, 0x6a, 0x7b, 0x63, 0xac, 0x60, 0xe6, 0xd6, 0xff, 0x85,
    0xc6, 0x3e, 0x46, 0xfa, 0x62, 0xb5, 0xbd, 0x31, 0x56, 0x30, 0x73, 0xeb,
    0xff, 0x42, 0x63, 0x1f, 0x23, 0x7d, 0xb1, 0xda, 0xde, 0x18, 0x2b, 0x98,
    0xb9, 0xf5, 0x7f, 0xa1, 0xb1, 0x8f, 0x91, 0xbe, 0x58, 0x6d, 0x6f, 0x8c,
    0x15, 0xcc, 0xdc, 0xfa, 0x3f, 0xd1, 0x58, 0xc8, 0x48, 0x9f, 0xb4, 0xa6,
    0x47, 0xc6, 0x0a, 0x66, 0x4e, 0xf5, 0x9f, 0x60, 0xec, 0x63, 0xa4, 0x4f,
    0x5a, 0xd3, 0x23, 0x63, 0x05, 0x33, 0xa7, 0xfa, 0x4f, 0x30, 0xf6, 0x31,
    0xd2, 0x27, 0xad, 0xe9, 0x91, 0xb1, 0x82, 0x99, 0x53, 0xfd, 0x27, 0x18,
    0xfb, 0x18, 0xe9, 0x93, 0xd6, 0xf4, 0xc8, 0x58, 0xc1, 0xcc, 0xa9, 0xfe,
    0x13, 0x8c, 0x7d, 0x8c, 0xf4, 0x49, 0x6b, 0x7a, 0x64, 0xac, 0x60, 0xe6,
    0x54, 0xff, 0x09, 0xc6, 0x3e, 0x46, 0xfa, 0xa4, 0x35, 0x3d, 0x32, 0x56,
    0x30, 0x73, 0xaa, 0xff, 0x04, 0x63, 0x1f, 0x23, 0x7d, 0xd2, 0x9a, 0x1e,
    0x19, 0x2b, 0x98, 0x39, 0xd5, 0x7f, 0x82, 0xb1, 0x8f, 0x91, 0x3e, 0x69,
    0x4d, 0x8f, 0x8c, 0x15, 0xcc, 0x9c, 0xea, 0xbf, 0xc1, 0x58, 0xc8, 0x48,
    0xdf, 0xbc, 0x96, 0x57, 0xc6, 0x0a, 0x66, 0x2e, 0xed, 0xdf, 0x58, 0xec,
    0x63, 0xa4, 0x6f, 0x5e, 0xcb, 0x2b, 0x63, 0x05, 0x33, 0x97, 0xf6, 0x6f,
    0x2c, 0xf6, 0x31, 0xd2, 0x37, 0xaf, 0xe5, 0x95, 0xb1, 0x82, 0x99, 0x4b,
    0xfb, 0x37, 0x16, 0xfb, 0x18, 0xe9, 0x9b, 0xd7, 0xf2, 0xca, 0x58, 0xc1,
    0xcc, 0xa5, 0xfd, 0x1b, 0x8b, 0x7d, 0x8c, 0xf4, 0xcd, 0x6b, 0x79, 0x65,
    0xac, 0x60, 0xe6, 0xd2, 0xfe, 0x8d, 0xc5, 0x3e, 0x46, 0xfa, 0xe6, 0xb5,
    0xbc, 0x32, 0x56, 0x30, 0x73, 0x69, 0xff, 0xc6, 0x62, 0x1f, 0x23, 0x7d,
    0xf3, 0x5a, 0x5e, 0x19, 0x2b, 0x98, 0xb9, 0xb4, 0x7f, 0x63, 0xb1, 0x8f,
    0x91, 0xbe, 0x79, 0x2d, 0xaf, 0x8c, 0x15, 0xcc, 0x5c, 0xda, 0x3f, 0xb2,
    0x58, 0xc8, 0x48, 0x1f, 0xc5, 0x86, 0x67, 0xc6, 0x0a, 0x66, 0x0e, 0xe5,
    0x1f, 0x51, 0xec, 0x63, 0xa4, 0x8f, 0x62, 0xc3, 0x33, 0x63, 0x05, 0x33,
    0x87, 0xf2, 0x8f, 0x28, 0xf6, 0x31, 0xd2, 0x47, 0xb1, 0xe1, 0x99, 0xb1,
    0x82, 0x99, 0x43, 0xf9, 0x47, 0x14, 0xfb, 0x18, 0xe9, 0xa3, 0xd8, 0xf0,
    0xcc, 0x58, 0xc1, 0xcc, 0xa1, 0xfc, 0x23, 0x8a, 0x7d, 0x8c, 0xf4, 0x51,
    0x6c, 0x78, 0x66, 0xac, 0x60, 0xe6, 0x50, 0xfe, 0x11, 0xc5, 0x3e, 0x46,
    0xfa, 0x28, 0x36, 0x3c, 0x33, 0x56, 0x30, 0x73, 0x28, 0xff, 0x88, 0x62,
    0x1f, 0x23, 0x7d, 0x14, 0x1b, 0x9e, 0x19, 0x2b, 0x98, 0x39, 0x94, 0x7f,
    0x44, 0xb1, 0x8f, 0x91, 0x3e, 0x8a, 0x0d, 0xcf, 0x8c, 0x15, 0xcc, 0x1c,
    0xca, 0xbf, 0xa2, 0x58, 0xc8, 0x48, 0x5f, 0xcd, 0x76, 0x77, 0xc6, 0x0a,
    0x66, 0xee, 0xdc, 0x5f, 0x49, 0xec, 0x63, 0xa4, 0xaf, 0x66, 0xbb, 0x3b,
    0x63, 0x05, 0x33, 0x77, 0xee, 0xaf, 0x24, 0xf6, 0x31, 0xd2, 0x57, 0xb3,
    0xdd, 0x9d, 0xb1, 0x82, 0x99, 0x3b, 0xf7, 0x57, 0x12, 0xfb, 0x18, 0xe9,
    0xab, 0xd9, 0xee, 0xce, 0x58, 0xc1, 0xcc, 0x9d, 0xfb, 0x2b, 0x89, 0x7d,
    0x8c, 0xf4, 0xd5, 0x6c, 0x77, 0x67, 0xac, 0x60, 0xe6, 0xce, 0xfd, 0x95,
    0xc4, 0x3e, 0x46, 0xfa, 0x6a, 0xb6, 0xbb, 0x33, 0x56, 0x30, 0x73, 0xe7,
    0xfe, 0x4a, 0x62, 0x1f, 0x23, 0x7d, 0x35, 0xdb, 0xdd, 0x19, 0x2b, 0x98,
    0xb9, 0x73, 0x7f, 0x25, 0xb1, 0x8f, 0x91, 0xbe, 0x9a, 0xed, 0xee, 0x8c,
    0x15, 0xcc, 0xdc, 0xb9, 0x3f, 0x93, 0x58, 0xc8, 0x48, 0x9f, 0xd5, 0x66,
    0x87, 0xc6, 0x0a, 0x66, 0xce, 0xd4, 0x9f, 0x41, 0xec, 0x63, 0xa4, 0xcf,
    0x6a, 0xb3, 0x43, 0x63, 0x05, 0x33, 0x67, 0xea, 0xcf, 0x20, 0xf6, 0x31,
    0xd2, 0x67, 0xb5, 0xd9, 0xa1, 0xb1, 0x82, 0x99, 0x33, 0xf5, 0x67, 0x10,
    0xfb, 0x18, 0xe9, 0xb3, 0xda, 0xec, 0xd0, 0x58, 0xc1, 0xcc, 0x99, 0xfa,
    0x33, 0x88, 0x7d, 0x8c, 0xf4, 0x59, 0x6d, 0x76, 0x68, 0xac, 0x60, 0xe6,
    0x4c, 0xfd, 0x19, 0xc4, 0x3e, 0x46, 0xfa, 0xac, 0x36, 0x3b, 0x34, 0x56,
    0x30, 0x73, 0xa6, 0xfe, 0x0c, 0x62, 0x1f, 0x23, 0x7d, 0x56, 0x9b, 0x1d,
    0x1a, 0x2b, 0x98, 0x39, 0x53, 0x7f, 0x06, 0xb1, 0x8f, 0x91, 0x3e, 0xab,
    0xcd, 0x0e, 0x8d, 0x15, 0xcc, 0x9c, 0xa9, 0xbf, 0x83, 0x58, 0xc8, 0x48,
    0xdf, 0xdd, 0x56, 0x97, 0xc6, 0x0a, 0x66, 0xae, 0xcc, 0xdf, 0x39, 0xec,
    0x63, 0xa4, 0xef, 0x6e, 0xab, 0x4b, 0x63, 0x05, 0x33, 0x57, 0xe6, 0xef,
    0x1c, 0xf6, 0x31, 0xd2, 0x77, 0xb7, 0xd5, 0xa5, 0xb1, 0x82, 0x99, 0x2b,
    0xf3, 0x77, 0x0e, 0xfb, 0x18, 0xe9, 0xbb, 0xdb, 0xea, 0xd2, 0x58, 0xc1,
    0xcc, 0x95, 0xf9, 0x3b, 0x87, 0x7d, 0x8c, 0xf4, 0xdd, 0x6d, 0x75, 0x69,
    0xac, 0x60, 0xe6, 0xca, 0xfc, 0x9d, 0xc3, 0x3e, 0x46, 0xfa, 0xee, 0xb6,
    0xba, 0x34, 0x56, 0x30, 0x73, 0x65, 0xfe, 0xce, 0x61, 0x1f, 0x23, 0x7d,
    0x77, 0x5b, 0x5d, 0x1a, 0x2b, 0x98, 0xb9, 0x32, 0x7f, 0xe7, 0xb0, 0x8f,
    0x91, 0xbe, 0xbb, 0xad, 0x2e, 0x8d, 0x15, 0xcc, 0x5c, 0x99, 0x1f, 0x38,
    0x2c, 0x64, 0xa4, 0x07, 0xb9, 0xd1, 0xa9, 0xb1, 0x82, 0x99, 0x23, 0xf1,
    0x03, 0x86, 0x7d, 0x8c, 0xf4, 0x20, 0x37, 0x3a, 0x35, 0x56, 0x30, 0x73,
    0x24, 0x7e, 0xc0, 0xb0, 0x8f, 0x91, 0x1e, 0xe4, 0x46, 0xa7, 0xc6, 0x0a,
    0x66, 0x8e, 0xc4, 0x0f, 0x18, 0xf6, 0x31, 0xd2, 0x83, 0xdc, 0xe8, 0xd4,
    0x58, 0xc1, 0xcc, 0x91, 0xf8, 0x01, 0xc3, 0x3e, 0x46, 0x7a, 0x90, 0x1b,
    0x9d, 0x1a, 0x2b, 0x98, 0x39, 0x12, 0x3f, 0x60, 0xd8, 0xc7, 0x48, 0x0f,
    0x72, 0xa3, 0x53, 0x63, 0x05, 0x33, 0x47, 0xe2, 0x07, 0x0c, 0xfb, 0x18,
    0xe9, 0x41, 0x6e, 0x74, 0x6a, 0xac, 0x60, 0xe6, 0x48, 0xfc, 0x80, 0x61,
    0x1f, 0x23, 0x3d, 0xc8, 0x8d, 0x4e, 0x8d, 0x15, 0xcc, 0x1c, 0x89, 0x5f,
    0x30, 0x2c, 0x64, 0xa4, 0x17, 0xbb, 0xcd, 0xad, 0xb1, 0x82, 0x99, 0x1b,
    0xef, 0x0b, 0x85, 0x7d, 0x8c, 0xf4, 0x62, 0xb7, 0xb9, 0x35, 0x56, 0x30,
    0x73, 0xe3, 0x7d, 0xa1, 0xb0, 0x8f, 0x91, 0x5e, 0xec, 0x36, 0xb7, 0xc6,
    0x0a, 0x66, 0x6e, 0xbc, 0x2f, 0x14, 0xf6, 0x31, 0xd2, 0x8b, 0xdd, 0xe6,
    0xd6, 0x58, 0xc1, 0xcc, 0x8d, 0xf7, 0x85, 0xc2, 0x3e, 0x46, 0x7a, 0xb1,
    0xdb, 0xdc, 0x1a, 0x2b, 0x98, 0xb9, 0xf1, 0xbe, 0x50, 0xd8, 0xc7, 0x48,
    0x2f, 0x76, 0x9b, 0x5b, 0x63, 0x05, 0x33, 0x37, 0xde, 0x17, 0x0a, 0xfb,
    0x18, 0xe9, 0xc5, 0x6e, 0x73, 0x6b, 0xac, 0x60, 0xe6, 0xc6, 0xfb, 0x42,
    0x61, 0x1f, 0x23, 0xbd, 0xd8, 0x6d, 0x6e, 0x8d, 0x15, 0xcc, 0xdc, 0x78,
    0x9f, 0x28, 0x2c, 0x64, 0xa4, 0x27, 0xbd, 0xc9, 0xb1, 0xb1, 0x82, 0x99,
    0x13, 0xed, 0x13, 0x84, 0x7d, 0x8c, 0xf4, 0xa4, 0x37, 0x39, 0x36, 0x56,
    0x30, 0x73, 0xa2, 0x7d, 0x82, 0xb0, 0x8f, 0x91, 0x9e, 0xf4, 0x26, 0xc7,
    0xc6, 0x0a, 0x66, 0x4e, 0xb4, 0x4f, 0x10, 0xf6, 0x31, 0xd2, 0x93, 0xde,
    0xe4, 0xd8, 0x58, 0xc1, 0xcc, 0x89, 0xf6, 0x09, 0xc2, 0x3e, 0x46, 0x7a,
    0xd2, 0x9b, 0x1c, 0x1b, 0x2b, 0x98, 0x39, 0xd1, 0x3e, 0x41, 0xd8, 0xc7,
    0x48, 0x4f, 0x7a, 0x93, 0x63, 0x63, 0x05, 0x33, 0x27, 0xda, 0x27, 0x08,
    0xfb, 0x18, 0xe9, 0x49, 0x6f, 0x72, 0x6c, 0xac, 0x60, 0xe6, 0x44, 0xfb,
    0x04, 0x61, 0x1f, 0x23, 0x3d, 0xe9, 0x4d, 0x8e, 0x8d, 0x15, 0xcc, 0x9c,
    0x68, 0xdf, 0x20, 0x2c, 0x64, 0xa4, 0x37, 0xbf, 0xc5, 0xb5, 0xb1, 0x82,
    0x99, 0x0b, 0xeb, 0x1b, 0x83, 0x7d, 0x8c, 0xf4, 0xe6, 0xb7, 0xb8, 0x36,
    0x56, 0x30, 0x73, 0x61, 0x7d, 0x63, 0xb0, 0x8f, 0x91, 0xde, 0xfc, 0x16,
    0xd7, 0xc6, 0x0a, 0x66, 0x2e, 0xac, 0x6f, 0x0c, 0xf6, 0x31, 0xd2, 0x9b,
    0xdf, 0xe2, 0xda, 0x58, 0xc1, 0xcc, 0x85, 0xf5, 0x8d, 0xc1, 0x3e, 0x46,
    0x7a, 0xf3, 0x5b, 0x5c, 0x1b, 0x2b, 0x98, 0xb9, 0xb0, 0xbe, 0x31, 0xd8,
    0xc7, 0x48, 0x6f, 0x7e, 0x8b, 0x6b, 0x63, 0x05, 0x33, 0x17, 0xd6, 0x37,
    0x06, 0xfb, 0x18, 0xe9, 0xcd, 0x6f, 0x71, 0x6d, 0xac, 0x60, 0xe6, 0xc2,
    0xfa, 0xc6, 0x60, 0x1f, 0x23, 0xbd, 0xf9, 0x2d, 0xae, 0x8d, 0x15, 0xcc,
    0x5c, 0x58, 0x1f, 0x19, 0x2c, 0x64, 0xa4, 0x47, 0xc1, 0xc1, 0xb9, 0xb1,
    0x82, 0x99, 0x03, 0xe9, 0x23, 0x82, 0x7d, 0x8c, 0xf4, 0x28, 0x38, 0x38,
    0x37, 0x56, 0x30, 0x73, 0x20, 0x7d, 0x44, 0xb0, 0x8f, 0x91, 0x1e, 0x05,
    0x07, 0xe7, 0xc6, 0x0a, 0x66, 0x0e, 0xa4, 0x8f, 0x08, 0xf6, 0x31, 0xd2,
    0xa3, 0xe0, 0xe0, 0xdc, 0x58, 0xc1, 0xcc, 0x81, 0xf4, 0x11, 0xc1, 0x3e,
    0x46, 0x7a, 0x14, 0x1c, 0x9c, 0x1b, 0x2b, 0x98, 0x39, 0x90, 0x3e, 0x22,
    0xd8, 0xc7, 0x48, 0x8f, 0x82, 0x83, 0x73, 0x63, 0x05, 0x33, 0x07, 0xd2,
    0x47, 0x04, 0xfb, 0x18, 0xe9, 0x51, 0x70, 0x70, 0x6e, 0xac, 0x60, 0xe6,
    0x40, 0xfa, 0x88, 0x60, 0x1f, 0x23, 0x3d, 0x0a, 0x0e, 0xce, 0x8d, 0x15,
    0xcc, 0x1c, 0x48, 0x5f, 0x11, 0x2c, 0x64, 0xa4, 0x57, 0xc3, 0xfe, 0xde,
    0x58, 0xc1, 0xcc, 0xde, 0xf9, 0x4a, 0x60, 0x1f, 0x23, 0xbd, 0x1a, 0xf6,
    0xf7, 0xc6, 0x0a, 0x66, 0xf6, 0xce, 0x57, 0x02, 0xfb, 0x18, 0xe9, 0xd5,
    0xb0, 0xbf, 0x37, 0x56, 0x30, 0xb3, 0x77, 0xbe, 0x12, 0xd8, 0xc7, 0x48,
    0xaf, 0x86, 0xfd, 0xbd, 0xb1, 0x82, 0x99, 0xbd, 0xf3, 0x95, 0xc0, 0x3e,
    0x46, 0x7a, 0x35, 0xec, 0xef, 0x8d, 0x15, 0xcc, 0xec, 0x9d, 0xaf, 0x04,
    0xf6, 0x31, 0xd2, 0xab, 0x61, 0x7f, 0x6f, 0xac, 0x60, 0x66, 0xef, 0x7c,
    0x25, 0xb0, 0x8f, 0x91, 0x5e, 0x0d, 0xfb, 0x7b, 0x63, 0x05, 0x33, 0x7b,
    0xe7, 0x2b, 0x81, 0x7d, 0x8c, 0xf4, 0x6a, 0xd8, 0xdf, 0x1b, 0x2b, 0x98,
    0xd9, 0x3b, 0x9f, 0x09, 0x2c, 0x64, 0xa4, 0x67, 0xc5, 0xba, 0x60, 0xac,
    0x60, 0x66, 0xad, 0x7c, 0x06, 0xb0, 0x8f, 0x91, 0x9e, 0x15, 0xeb, 0x82,
    0xb1, 0x82, 0x99, 0xb5, 0xf2, 0x19, 0xc0, 0x3e, 0x46, 0x7a, 0x56, 0xac,
    0x0b, 0xc6, 0x0a, 0x66, 0xd6, 0xca, 0x67, 0x00, 0xfb, 0x18, 0xe9, 0x59,
    0xb1, 0x2e, 0x18, 0x2b, 0x98, 0x59, 0x2b, 0x9f, 0x01, 0xec, 0x63, 0xa4,
    0x67, 0xc5, 0xba, 0x60, 0xac, 0x60, 0x66, 0xad, 0x7c, 0x06, 0xb0, 0x8f,
    0x91, 0x9e, 0x15, 0xeb, 0x82, 0xb1, 0x82, 0x99, 0xb5, 0xf2, 0x19, 0xc0,
    0x3e, 0x46, 0x7a, 0x56, 0xac, 0x0b, 0xc6, 0x0a, 0x66, 0xd6, 0xca, 0x67,
    0x00, 0xfb, 0x18, 0xe9, 0x59, 0xb1, 0x2e, 0x18, 0x2b, 0x98, 0x59, 0x2b,
    0xdf, 0x01, 0x2c, 0x64, 0xa4, 0x77, 0xc7, 0xb6, 0x61, 0xac, 0x60, 0x66,
    0x6b, 0x7c, 0xef, 0xb3, 0x8f, 0x91, 0xde, 0x1d, 0xdb, 0x86, 0xb1, 0x82,
    0x99, 0xad, 0xf1, 0xbd, 0xcf, 0x3e, 0x46, 0x7a, 0x77, 0x6c, 0x1b, 0xc6,
    0x0a, 0x66, 0xb6, 0xc6, 0xf7, 0x3e, 0xfb, 0x18, 0xe9, 0xdd, 0xb1, 0x6d,
    0x18, 0x2b, 0x98, 0xd9, 0x1a, 0xdf, 0xfb, 0xec, 0x63, 0xa4, 0x77, 0xc7,
    0xb6, 0x61, 0xac, 0x60, 0x66, 0x6b, 0x7c, 0xef, 0xb3, 0x8f, 0x91, 0xde,
    0x1d, 0xdb, 0x86, 0xb1, 0x82, 0x99, 0xad, 0xf1, 0xbd, 0xcf, 0x3e, 0x46,
    0x7a, 0x77, 0x6c, 0x1b, 0xc6, 0x0a, 0x66, 0xb6, 0xc6, 0xf7, 0x3e, 0xfb,
    0x18, 0xe9, 0xdd, 0xb1, 0x6d, 0x18, 0x2b, 0x98, 0xd9, 0x1a, 0x07, 0x7d,
    0x16, 0x32, 0xd2, 0x40, 0xb2, 0xac, 0x18, 0x2b, 0x98, 0x59, 0x0a, 0x07,
    0x75, 0xf6, 0x31, 0xd2, 0x40, 0xb2, 0xac, 0x18, 0x2b, 0x98, 0x59, 0x0a,
    0x07, 0x75, 0xf6, 0x31, 0xd2, 0x40, 0xb2, 0xac, 0x18, 0x2b, 0x98, 0x59,
    0x0a, 0x07, 0x75, 0xf6, 0x31, 0xd2, 0x40, 0xb2, 0xac, 0x18, 0x2b, 0x98,
    0x59, 0x0a, 0x07, 0x75, 0xf6, 0x31, 0xd2, 0x40, 0xb2, 0xac, 0x18, 0x2b,
    0x98, 0x59, 0x0a, 0x07, 0x75, 0xf6, 0x31, 0xd2, 0x40, 0xb2, 0xac, 0x18,
    0x2b, 0x98, 0x59, 0x0a, 0x07, 0x75, 0xf6, 0x31, 0xd2, 0x40, 0xb2, 0xac,
    0x18, 0x2b, 0x98, 0x59, 0x0a, 0x07, 0x75, 0xf6, 0x31, 0xd2, 0x40, 0xb2,
    0xac, 0x18, 0x2b, 0x98, 0x59, 0x0a, 0x27, 0x75, 0x16, 0x32, 0xd2, 0xc4,
    0xb2, 0xeb, 0x18, 0x2b, 0x98, 0xd9, 0xf9, 0x26, 0x6d, 0xf6, 0x31, 0xd2,
    0xc4, 0xb2, 0xeb, 0x18, 0x2b, 0x98, 0xd9, 0xf9, 0x26, 0x6d, 0xf6, 0x31,
    0xd2, 0xc4, 0xb2, 0xeb, 0x18, 0x2b, 0x98, 0xd9, 0xf9, 0x26, 0x6d, 0xf6,
    0x31, 0xd2, 0xc4, 0xb2, 0xeb, 0x18, 0x2b, 0x98, 0xd9, 0xf9, 0x26, 0x6d,
    0xf6, 0x31, 0xd2, 0xc4, 0xb2, 0xeb, 0x18, 0x2b, 0x98, 0xd9, 0xf9, 0x26,
    0x6d, 0xf6, 0x31, 0xd2, 0xc4, 0xb2, 0xeb, 0x18, 0x2b, 0x98, 0xd9, 0xf9,
    0x26, 0x6d, 0xf6, 0x31, 0xd2, 0xc4, 0xb2, 0xeb, 0x18, 0x2b, 0x98, 0xd9,
    0xf9, 0x26, 0x6d, 0xf6, 0x31, 0xd2, 0xc4, 0xb2, 0xeb, 0x18, 0x2b, 0x98,
    0xd9, 0xf9, 0x46, 0x6d, 0x16, 0x32, 0xd2, 0x48, 0xb3, 0x2a, 0x19, 0x2b,
    0x98, 0x59, 0xe9, 0x46, 0x65, 0xf6, 0x31, 0xd2, 0x48, 0xb3, 0x2a, 0x19,
    0x2b, 0x98, 0x59, 0xe9, 0x46, 0x65, 0xf6, 0x31, 0xd2, 0x48, 0xb3, 0x2a,
    0x19, 0x2b, 0x98, 0x59, 0xe9, 0x46, 0x65, 0xf6, 0x31, 0xd2, 0x48, 0xb3,
    0x2a, 0x19, 0x2b, 0x98, 0x59, 0xe9, 0x46, 0x65, 0xf6, 0x31, 0xd2, 0x48,
    0xb3, 0x2a, 0x19, 0x2b, 0x98, 0x59, 0xe9, 0x46, 0x65, 0xf6, 0x31, 0xd2,
    0x48, 0xb3, 0x2a, 0x19, 0x2b, 0x98, 0x59, 0xe9, 0x46, 0x65, 0xf6, 0x31,
    0xd2, 0x48, 0xb3, 0x2a, 0x19, 0x2b, 0x98, 0x59, 0xe9, 0x46, 0x65, 0xf6,
    0x31, 0xd2, 0x48, 0xb3, 0x2a, 0x19, 0x2b, 0x98, 0x59, 0xe9, 0x66, 0x65,
    0x16, 0x32, 0xd2, 0xcc, 0xb3, 0x69, 0x19, 0x2b, 0x98, 0xd9, 0xd8, 0x66,
    0x5d, 0xf6, 0x31, 0xd2, 0xcc, 0xb3, 0x69, 0x19, 0x2b, 0x98, 0xd9, 0xd8,
    0x66, 0x5d, 0xf6, 0x31, 0xd2, 0xcc, 0xb3, 0x69, 0x19, 0x2b, 0x98, 0xd9,
    0xd8, 0x66, 0x5d, 0xf6, 0x31, 0xd2, 0xcc, 0xb3, 0x69, 0x19, 0x2b, 0x98,
    0xd9, 0xd8, 0x66, 0x5d, 0xf6, 0x31, 0xd2, 0xcc, 0xb3, 0x69, 0x19, 0x2b,
    0x98, 0xd9, 0xd8, 0x66, 0x5d, 0xf6, 0x31, 0xd2, 0xcc, 0xb3, 0x69, 0x19,
    0x2b, 0x98, 0xd9, 0xd8, 0x66, 0x5d, 0xf6, 0x31, 0xd2, 0xcc, 0xb3, 0x69,
    0x19, 0x2b, 0x98, 0xd9, 0xd8, 0x66, 0x5d, 0xf6, 0x31, 0xd2, 0xcc, 0xb3,
    0x69, 0x19, 0x2b, 0x98, 0xd9, 0xd8, 0x86, 0x5d, 0x16, 0x32, 0xd2, 0x50,
    0xb4, 0xa8, 0x19, 0x2b, 0x98, 0x59, 0xc8, 0x86, 0x55, 0xf6, 0x31, 0xd2,
    0x50, 0xb4, 0xa8, 0x19, 0x2b, 0x98, 0x59, 0xc8, 0x86, 0x55, 0xf6, 0x31,
    0xd2, 0x50, 0xb4, 0xa8, 0x19, 0x2b, 0x98, 0x59, 0xc8, 0x86, 0x55, 0xf6,
    0x31, 0xd2, 0x50, 0xb4, 0xa8, 0x19, 0x2b, 0x98, 0x59, 0xc8, 0x86, 0x55,
    0xf6, 0x31, 0xd2, 0x50, 0xb4, 0xa8, 0x19, 0x2b, 0x98, 0x59, 0xc8, 0x86,
    0x55, 0xf6, 0x31, 0xd2, 0x50, 0xb4, 0xa8, 0x19, 0x2b, 0x98, 0x59, 0xc8,
    0x86, 0x55, 0xf6, 0x31, 0xd2, 0x50, 0xb4, 0xa8, 0x19, 0x2b, 0x98, 0x59,
    0xc8, 0x86, 0x55, 0xf6, 0x31, 0xd2, 0x50, 0xb4, 0xa8, 0x19, 0x2b, 0x98,
    0x59, 0xc8, 0xa6, 0x55, 0x16, 0x32, 0xd2, 0xd4, 0x34, 0xef, 0x19, 0x2b,
    0x98, 0x99, 0xbb, 0xa6, 0x4d, 0xf6, 0x31, 0xd2, 0xd4, 0x34, 0xef, 0x19,
    0x2b, 0x98, 0x99, 0xbb, 0xa6, 0x4d, 0xf6, 0x31, 0xd2, 0xd4, 0x34, 0xef,
    0x19, 0x2b, 0x98, 0x99, 0xbb, 0xa6, 0x4d, 0xf6, 0x31, 0xd2, 0xd4, 0x34,
    0xef, 0x19, 0x2b, 0x98, 0x99, 0xbb, 0xa6, 0x4d, 0xf6, 0x31, 0xd2, 0xd4,
    0x34, 0xef, 0x19, 0x2b, 0x98, 0x99, 0xbb, 0xa6, 0x4d, 0xf6, 0x31, 0xd2,
    0xd4, 0x34, 0xef, 0x19, 0x2b, 0x98, 0x99, 0xbb, 0xa6, 0x4d, 0xf6, 0x31,
    0xd2, 0xd4, 0x34, 0xef, 0x19, 0x2b, 0x98, 0x99, 0xbb, 0xa6, 0x4d, 0xf6,
    0x31, 0xd2, 0xd4, 0x34, 0xef, 0x19, 0x2b, 0x98, 0x99, 0xbb, 0xc6, 0x4d,
    0x16, 0x32, 0xd2, 0x58, 0x35, 0x2e, 0x1a, 0x2b, 0x98, 0x19, 0xab, 0xc6,
    0x45, 0xf6, 0x31, 0xd2, 0x58, 0x35, 0x2e, 0x1a, 0x2b, 0x98, 0x19, 0xab,
    0xc6, 0x45, 0xf6, 0x31, 0xd2, 0x58, 0x35, 0x2e, 0x1a, 0x2b, 0x98, 0x19,
    0xab, 0xc6, 0x45, 0xf6, 0x31, 0xd2, 0x58, 0x35, 0x2e, 0x1a, 0x2b, 0x98,
    0x19, 0xab, 0xc6, 0x45, 0xf6, 0x31, 0xd2, 0x58, 0x35, 0x2e, 0x1a, 0x2b,
    0x98, 0x19, 0xab, 0xc6, 0x45, 0xf6, 0x31, 0xd2, 0x58, 0x35, 0x2e, 0x1a,
    0x2b, 0x98, 0x19, 0xab, 0xc6, 0x45, 0xf6, 0x31, 0xd2, 0x58, 0x35, 0x2e,
    0x1a, 0x2b, 0x98, 0x19, 0xab, 0xc6, 0x45, 0xf6, 0x31, 0xd2, 0x58, 0x35,
    0x2e, 0x1a, 0x2b, 0x98, 0x19, 0xab, 0xe6, 0x45, 0x16, 0x32, 0xd2, 0xdc,
    0x35, 0x6d, 0x1a, 0x2b, 0x98, 0x99, 0x9a, 0xe6, 0x3d, 0xf6, 0x31, 0xd2,
    0xdc, 0x35, 0x6d, 0x1a, 0x2b, 0x98, 0x99, 0x9a, 0xe6, 0x3d, 0xf6, 0x31,
    0xd2, 0xdc, 0x35, 0x6d, 0x1a, 0x2b, 0x98, 0x99, 0x9a, 0xe6, 0x3d, 0xf6,
    0x31, 0xd2, 0xdc, 0x35, 0x6d, 0x1a, 0x2b, 0x98, 0x99, 0x9a, 0xe6, 0x3d,
    0xf6, 0x31, 0xd2, 0xdc, 0x35, 0x6d, 0x1a, 0x2b, 0x98, 0x99, 0x9a, 0xe6,
    0x3d, 0xf6, 0x31, 0xd2, 0xdc, 0x35, 0x6d, 0x1a, 0x2b, 0x98, 0x99, 0x9a,
    0xe6, 0x3d, 0xf6, 0x31, 0xd2, 0xdc, 0x35, 0x6d, 0x1a, 0x2b, 0x98, 0x99,
    0x9a, 0xe6, 0x3d, 0xf6, 0x31, 0xd2, 0xdc, 0x35, 0x6d, 0x1a, 0x2b, 0x98,
    0x99, 0x9a, 0x16, 0x3d, 0x16, 0x32, 0xd2, 0x42, 0x36, 0xac, 0x1a, 0x2b,
    0x98, 0x19, 0x8a, 0x16, 0x35, 0xf6, 0x31, 0xd2, 0x42, 0x36, 0xac, 0x1a,
    0x2b, 0x98, 0x19, 0x8a, 0x16, 0x35, 0xf6, 0x31, 0xd2, 0x42, 0x36, 0xac,
    0x1a, 0x2b, 0x98, 0x19, 0x8a, 0x16, 0x35, 0xf6, 0x31, 0xd2, 0x42, 0x36,
    0xac, 0x1a, 0x2b, 0x98, 0x19, 0x8a, 0x16, 0x35, 0xf6, 0x31, 0xd2, 0x42,
    0x36, 0xac, 0x1a, 0x2b, 0x98, 0x19, 0x8a, 0x16, 0x35, 0xf6, 0x31, 0xd2,
    0x42, 0x36, 0xac, 0x1a, 0x2b, 0x98, 0x19, 0x8a, 0x16, 0x35, 0xf6, 0x31,
    0xd2, 0x42, 0x36, 0xac, 0x1a, 0x2b, 0x98, 0x19, 0x8a, 0x16, 0x35, 0xf6,
    0x31, 0xd2, 0x42, 0x36, 0xac, 0x1a, 0x2b, 0x98, 0x19, 0x8a, 0x36, 0x35,
    0x16, 0x32, 0xd2, 0xc6, 0x36, 0xeb, 0x1a, 0x2b, 0x98, 0x99, 0x79, 0x36,
    0x2d, 0xf6, 0x31, 0xd2, 0xc6, 0x36, 0xeb, 0x1a, 0x2b, 0x98, 0x99, 0x79,
    0x36, 0x2d, 0xf6, 0x31, 0xd2, 0xc6, 0x36, 0xeb, 0x1a, 0x2b, 0x98, 0x99,
    0x79, 0x36, 0x2d, 0xf6, 0x31, 0xd2, 0xc6, 0x36, 0xeb, 0x1a, 0x2b, 0x98,
    0x99, 0x79, 0x36, 0x2d, 0xf6, 0x31, 0xd2, 0xc6, 0x36, 0xeb, 0x1a, 0x2b,
    0x98, 0x99, 0x79, 0x36, 0x2d, 0xf6, 0x31, 0xd2, 0xc6, 0x36, 0xeb, 0x1a,
    0x2b, 0x98, 0x99, 0x79, 0x36, 0x2d, 0xf6, 0x31, 0xd2, 0xc6, 0x36, 0xeb,
    0x1a, 0x2b, 0x98, 0x99, 0x79, 0x36, 0x2d, 0xf6, 0x31, 0xd2, 0xc6, 0x36,
    0xeb, 0x1a, 0x2b, 0x98, 0x99, 0x79, 0x56, 0x2d, 0x16, 0x32, 0xd2, 0x4a,
    0x37, 0x2a, 0x1b, 0x2b, 0x98, 0x19, 0x69, 0x56, 0x25, 0xf6, 0x31, 0xd2,
    0x4a, 0x37, 0x2a, 0x1b, 0x2b, 0x98, 0x19, 0x69, 0x56, 0x25, 0xf6, 0x31,
    0xd2, 0x4a, 0x37, 0x2a, 0x1b, 0x2b, 0x98, 0x19, 0x69, 0x56, 0x25, 0xf6,
    0x31, 0xd2, 0x4a, 0x37, 0x2a, 0x1b, 0x2b, 0x98, 0x19, 0x69, 0x56, 0x25,
    0xf6, 0x31, 0xd2, 0x4a, 0x37, 0x2a, 0x1b, 0x2b, 0x98, 0x19, 0x69, 0x56,
    0x25, 0xf6, 0x31, 0xd2, 0x4a, 0x37, 0x2a, 0x1b, 0x2b, 0x98, 0x19, 0x69,
    0x56, 0x25, 0xf6, 0x31, 0xd2, 0x4a, 0x37, 0x2a, 0x1b, 0x2b, 0x98, 0x19,
    0x69, 0x56, 0x25, 0xf6, 0x31, 0xd2, 0x4a, 0x37, 0x2a, 0x1b, 0x2b, 0x98,
    0x19, 0x69, 0x76, 0x25, 0x16, 0x32, 0xd2, 0xce, 0x37, 0x69, 0x1b, 0x2b,
    0x98, 0x99, 0x58, 0x76, 0x1d, 0xf6, 0x31, 0xd2, 0xce, 0x37, 0x69, 0x1b,
    0x2b, 0x98, 0x99, 0x58, 0x76, 0x1d, 0xf6, 0x31, 0xd2, 0xce, 0x37, 0x69,
    0x1b, 0x2b, 0x98, 0x99, 0x58, 0x76, 0x1d, 0xf6, 0x31, 0xd2, 0xce, 0x37,
    0x69, 0x1b, 0x2b, 0x98, 0x99, 0x58, 0x76, 0x1d, 0xf6, 0x31, 0xd2, 0xce,
    0x37, 0x69, 0x1b, 0x2b, 0x98, 0x99, 0x58, 0x76, 0x1d, 0xf6, 0x31, 0xd2,
    0xce, 0x37, 0x69, 0x1b, 0x2b, 0x98, 0x99, 0x58, 0x76, 0x1d, 0xf6, 0x31,
    0xd2, 0xce, 0x37, 0x69, 0x1b, 0x2b, 0x98, 0x99, 0x58, 0x76, 0x1d, 0xf6,
    0x31, 0xd2, 0xce, 0x37, 0x69, 0x1b, 0x2b, 0x98, 0x99, 0x58, 0x96, 0x1d,
    0x16, 0x32, 0xd2, 0x52, 0x38, 0xa8, 0x1b, 0x2b, 0x98, 0x19, 0x48, 0x96,
    0x15, 0xf6, 0x31, 0xd2, 0x52, 0x38, 0xa8, 0x1b, 0x2b, 0x98, 0x19, 0x48,
    0x96, 0x15, 0xf6, 0x31, 0xd2, 0x52, 0x38, 0xa8, 0x1b, 0x2b, 0x98, 0x19,
    0x48, 0x96, 0x15, 0xf6, 0x31, 0xd2, 0x52, 0x38, 0xa8, 0x1b, 0x2b, 0x98,
    0x19, 0x48, 0x96, 0x15, 0xf6, 0x31, 0xd2, 0x52, 0x38, 0xa8, 0x1b, 0x2b,
    0x98, 0x19, 0x48, 0x96, 0x15, 0xf6, 0x31, 0xd2, 0x52, 0x38, 0xa8, 0x1b,
    0x2b, 0x98, 0x19, 0x48, 0x96, 0x15, 0xf6, 0x31, 0xd2, 0x52, 0x38, 0xa8,
    0x1b, 0x2b, 0x98, 0x19, 0x48, 0x96, 0x15, 0xf6, 0x31, 0xd2, 0x52, 0x38,
    0xa8, 0x1b, 0x2b, 0x98, 0x19, 0x48, 0xb6, 0x15, 0x16, 0x32, 0xd2, 0xd6,
    0xf8, 0xde, 0x37, 0x56, 0x30, 0xf3, 0xee, 0xd8, 0x36, 0xd8, 0xc7, 0x48,
    0x5b, 0xe3, 0x7b, 0xdf, 0x58, 0xc1, 0xcc, 0xbb, 0x63, 0xdb, 0x60, 0x1f,
    0x23, 0x6d, 0x8d, 0xef, 0x7d, 0x63, 0x05, 0x33, 0xef, 0x8e, 0x6d, 0x83,
    0x7d, 0x8c, 0xb4, 0x35, 0xbe, 0xf7, 0x8d, 0x15, 0xcc, 0xbc, 0x3b, 0xb6,
    0x0d, 0xf6, 0x31, 0xd2, 0xd6, 0xf8, 0xde, 0x37, 0x56, 0x30, 0xf3, 0xee,
    0xd8, 0x36, 0xd8, 0xc7, 0x48, 0x5b, 0xe3, 0x7b, 0xdf, 0x58, 0xc1, 0xcc,
    0xbb, 0x63, 0xdb, 0x60, 0x1f, 0x23, 0x6d, 0x8d, 0xef, 0x7d, 0x63, 0x05,
    0x33, 0xef, 0x8e, 0x6d, 0x83, 0x7d, 0x8c, 0xb4, 0x35, 0xbe, 0xf7, 0x8d,
    0x15, 0xcc, 0xbc, 0x3b, 0xd6, 0x0d, 0x16, 0x32, 0xd2, 0x5a, 0xf9, 0x0c,
    0x30, 0x56, 0x30, 0xf3, 0xac, 0x58, 0x17, 0xd8, 0xc7, 0x48, 0x6b, 0xe5,
    0x33, 0xc0, 0x58, 0xc1, 0xcc, 0xb3, 0x62, 0x5d, 0x60, 0x1f, 0x23, 0xad,
    0x95, 0xcf, 0x00, 0x63, 0x05, 0x33, 0xcf, 0x8a, 0x75, 0x81, 0x7d, 0x8c,
    0xb4, 0x56, 0x3e, 0x03, 0x8c, 0x15, 0xcc, 0x3c, 0x2b, 0xd6, 0x05, 0xf6,
    0x31, 0xd2, 0x5a, 0xf9, 0x0c, 0x30, 0x56, 0x30, 0xf3, 0xac, 0x58, 0x17,
    0xd8, 0xc7, 0x48, 0x6b, 0xe5, 0x33, 0xc0, 0x58, 0xc1, 0xcc, 0xb3, 0x62,
    0x5d, 0x60, 0x1f, 0x23, 0xad, 0x95, 0xcf, 0x00, 0x63, 0x05, 0x33, 0xcf,
    0x8a, 0x75, 0x81, 0x7d, 0x8c, 0xb4, 0x56, 0x3e, 0x03, 0x8c, 0x15, 0xcc,
    0x3c, 0x2b, 0xf6, 0x05, 0x16, 0x32, 0xd2, 0xde, 0xf9, 0x4a, 0x30, 0x56,
    0x30, 0xf3, 0x6a, 0xd8, 0xdf, 0xb3, 0x8f, 0x91, 0xf6, 0xce, 0x57, 0x82,
    0xb1, 0x82, 0x99, 0x57, 0xc3, 0xfe, 0x9e, 0x7d, 0x8c, 0xb4, 0x77, 0xbe,
    0x12, 0x8c, 0x15, 0xcc, 0xbc, 0x1a, 0xf6, 0xf7, 0xec, 0x63, 0xa4, 0xbd,
    0xf3, 0x95, 0x60, 0xac, 0x60, 0xe6, 0xd5, 0xb0, 0xbf, 0x67, 0x1f, 0x23,
    0xed, 0x9d, 0xaf, 0x04, 0x63, 0x05, 0x33, 0xaf, 0x86, 0xfd, 0x3d, 0xfb,
    0x18, 0x69, 0xef, 0x7c, 0x25, 0x18, 0x2b, 0x98, 0x79, 0x35, 0xec, 0xef,
    0xd9, 0xc7, 0x48, 0x7b, 0xe7, 0x2b, 0xc1, 0x58, 0xc1, 0xcc, 0xab, 0x61,
    0x7f, 0xcf, 0x3e, 0x46, 0xda, 0x3b, 0x5f, 0x09, 0xc6, 0x0a, 0x66, 0x5e,
    0x0d, 0x07, 0xf7, 0x2c, 0x64, 0xa4, 0x03, 0xe9, 0x23, 0xc2, 0x58, 0xc1,
    0xcc, 0xa3, 0xe0, 0xe0, 0x9c, 0x7d, 0x8c, 0x74, 0x20, 0x7d, 0x44, 0x18,
    0x2b, 0x98, 0x79, 0x14, 0x1c, 0x9c, 0xb3, 0x8f, 0x91, 0x0e, 0xa4, 0x8f,
    0x08, 0x63, 0x05, 0x33, 0x8f, 0x82, 0x83, 0x73, 0xf6, 0x31, 0xd2, 0x81,
    0xf4, 0x11, 0x61, 0xac, 0x60, 0xe6, 0x51, 0x70, 0x70, 0xce, 0x3e, 0x46,
    0x3a, 0x90, 0x3e, 0x22, 0x8c, 0x15, 0xcc, 0x3c, 0x0a, 0x0e, 0xce, 0xd9,
    0xc7, 0x48, 0x07, 0xd2, 0x47, 0x84, 0xb1, 0x82, 0x99, 0x47, 0xc1, 0xc1,
    0x39, 0xfb, 0x18, 0xe9, 0x40, 0xfa, 0x88, 0x30, 0x56, 0x30, 0xf3, 0x28,
    0x38, 0x38, 0x67, 0x1f, 0x23, 0x1d, 0x48, 0x1f, 0x11, 0xc6, 0x0a, 0x66,
    0xfe, 0x70, 0x6c, 0xa4, 0xc7, 0x37, 0x19, 0x9c, 0x1b, 0x2b, 0x98, 0x39,
    0x90, 0x3e, 0x22, 0xd8, 0xc7, 0x48, 0x8f, 0x82, 0x83, 0x73, 0x63, 0x05,
    0x33, 0x07, 0xd2, 0x47, 0x04, 0xfb, 0x18, 0xe9, 0x51, 0x70, 0x70, 0x6e,
    0xac, 0x60, 0xe6, 0x40, 0xfa, 0x88, 0x60, 0x1f, 0x23, 0x3d, 0x0a, 0x0e,
    0xce, 0x8d, 0x15, 0xcc, 0x1c, 0x48, 0x1f, 0x11, 0xec, 0x63, 0xa4, 0x47,
    0xc1, 0xc1, 0xb9, 0xb1, 0x82, 0x99, 0x03, 0xe9, 0x23, 0xca, 0xc3, 0xa5,
    0x2b, 0x00, 0x00, 0x20, 0x00, 0x49, 0x44, 0x41, 0x54, 0x82, 0x7d, 0x8c,
    0xf4, 0x28, 0x38, 0x38, 0x37, 0x56, 0x30, 0x73, 0x20, 0x7d, 0x44, 0xb0,
    0x8f, 0x91, 0x1e, 0x05, 0x07, 0xe7, 0xc6, 0x0a, 0x66, 0x0e, 0xa4, 0x8f,
    0x08, 0xf6, 0x31, 0xd2, 0xa3, 0xe0, 0xe0, 0xdc, 0x58, 0xc1, 0xcc, 0x81,
    0xf4, 0x15, 0xc1, 0x42, 0x46, 0x7a, 0x35, 0xec, 0xef, 0x8d, 0x15, 0xcc,
    0xec, 0x9d, 0xaf, 0x04, 0xf6, 0x31, 0xd2, 0xab, 0x61, 0x7f, 0x6f, 0xac,
    0x60, 0x66, 0xef, 0x7c, 0x25, 0xb0, 0x8f, 0x91, 0x5e, 0x0d, 0xfb, 0x7b,
    0x63, 0x05, 0x33, 0x7b, 0xe7, 0x2b, 0x81, 0x7d, 0x8c, 0xf4, 0x6a, 0xd8,
    0xdf, 0x1b, 0x2b, 0x98, 0xd9, 0x3b, 0x5f, 0x09, 0xec, 0x63, 0xa4, 0x57,
    0xc3, 0xfe, 0xde, 0x58, 0xc1, 0xcc, 0xde, 0xf9, 0x4a, 0x60, 0x1f, 0x23,
    0xbd, 0x1a, 0xf6, 0xf7, 0xc6, 0x0a, 0x66, 0xf6, 0xce, 0x57, 0x02, 0xfb,
    0x18, 0xe9, 0xd5, 0xb0, 0xbf, 0x37, 0x56, 0x30, 0xb3, 0x77, 0xbe, 0x12,
    0xd8, 0xc7, 0x48, 0xaf, 0x86, 0xfd, 0xbd, 0xb1, 0x82, 0x99, 0xbd, 0xf3,
    0x99, 0xc0, 0x42, 0x46, 0x7a, 0x56, 0xac, 0x0b, 0xc6, 0x0a, 0x66, 0xd6,
    0xca, 0x67, 0x00, 0xfb, 0x18, 0xe9, 0x59, 0xb1, 0x2e, 0x18, 0x2b, 0x98,
    0x59, 0x2b, 0x9f, 0x01, 0xec, 0x63, 0xa4, 0x67, 0xc5, 0xba, 0x60, 0xac,
    0x60, 0x66, 0xad, 0x7c, 0x06, 0xb0, 0x8f, 0x91, 0x9e, 0x15, 0xeb, 0x82,
    0xb1, 0x82, 0x99, 0xb5, 0xf2, 0x19, 0xc0, 0x3e, 0x46, 0x7a, 0x56, 0xac,
    0x0b, 0xc6, 0x0a, 0x66, 0xd6, 0xca, 0x67, 0x00, 0xfb, 0x18, 0xe9, 0x59,
    0xb1, 0x2e, 0x18, 0x2b, 0x98, 0x59, 0x2b, 0x9f, 0x01, 0xec, 0x63, 0xa4,
    0x67, 0xc5, 0xba, 0x60, 0xac, 0x60, 0x66, 0xad, 0x7c, 0x06, 0xb0, 0x8f,
    0x91, 0x9e, 0x15, 0xeb, 0x82, 0xb1, 0x82, 0x99, 0xb5, 0xf2, 0x1d, 0xc0,
    0x42, 0x46, 0x7a, 0x77, 0x6c, 0x1b, 0xc6, 0x0a, 0x66, 0xb6, 0xc6, 0xf7,
    0x3e, 0xfb, 0x18, 0xe9, 0xdd, 0xb1, 0x6d, 0x18, 0x2b, 0x98, 0xd9, 0x1a,
    0xdf, 0xfb, 0xec, 0x63, 0xa4, 0x77, 0xc7, 0xb6, 0x61, 0xac, 0x60, 0x66,
    0x6b, 0x7c, 0xef, 0xb3, 0x8f, 0x91, 0xde, 0x1d, 0xdb, 0x86, 0xb1, 0x82,
    0x99, 0xad, 0xf1, 0xbd, 0xcf, 0x3e, 0x46, 0x7a, 0x77, 0x6c, 0x1b, 0xc6,
    0x0a, 0x66, 0xb6, 0xc6, 0xf7, 0x3e, 0xfb, 0x18, 0xe9, 0xdd, 0xb1, 0x6d,
    0x18, 0x2b, 0x98, 0xd9, 0x1a, 0xdf, 0xfb, 0xec, 0x63, 0xa4, 0x77, 0xc7,
    0xb6, 0x61, 0xac, 0x60, 0x66, 0x6b, 0x7c, 0xef, 0xb3, 0x8f, 0x91, 0xde,
    0x1d, 0xdb, 0x86, 0xb1, 0x82, 0x99, 0xad, 0x71, 0xd0, 0x67, 0x21, 0x23,
    0x0d, 0x24, 0xcb, 0x8a, 0xb1, 0x82, 0x99, 0xa5, 0x70, 0x50, 0x67, 0x1f,
    0x23, 0x0d, 0x24, 0xcb, 0x8a, 0xb1, 0x82, 0x99, 0xa5, 0x70, 0x50, 0x67,
    0x1f, 0x23, 0x0d, 0x24, 0xcb, 0x8a, 0xb1, 0x82, 0x99, 0xa5, 0x70, 0x50,
    0x67, 0x1f, 0x23, 0x0d, 0x24, 0xcb, 0x8a, 0xb1, 0x82, 0x99, 0xa5, 0x70,
    0x50, 0x67, 0x1f, 0x23, 0x0d, 0x24, 0xcb, 0x8a, 0xb1, 0x82, 0x99, 0xa5,
    0x70, 0x50, 0x67, 0x1f, 0x23, 0x0d, 0x24, 0xcb, 0x8a, 0xb1, 0x82, 0x99,
    0xa5, 0x70, 0x50, 0x67, 0x1f, 0x23, 0x0d, 0x24, 0xcb, 0x8a, 0xb1, 0x82,
    0x99, 0xa5, 0x70, 0x50, 0x67, 0x1f, 0x23, 0x0d, 0x24, 0xcb, 0x8a, 0xb1,
    0x82, 0x99, 0xa5, 0x70, 0x52, 0x67, 0x21, 0x23, 0x4d, 0x2c, 0xbb, 0x8e,
    0xb1, 0x82, 0x99, 0x9d, 0x6f, 0xd2, 0x66, 0x1f, 0x23, 0x4d, 0x2c, 0xbb,
    0x8e, 0xb1, 0x82, 0x99, 0x9d, 0x6f, 0xd2, 0x66, 0x1f, 0x23, 0x4d, 0x2c,
    0xbb, 0x8e, 0xb1, 0x82, 0x99, 0x9d, 0x6f, 0xd2, 0x66, 0x1f, 0x23, 0x4d,
    0x2c, 0xbb, 0x8e, 0xb1, 0x82, 0x99, 0x9d, 0x6f, 0xd2, 0x66, 0x1f, 0x23,
    0x4d, 0x2c, 0xbb, 0x8e, 0xb1, 0x82, 0x99, 0x9d, 0x6f, 0xd2, 0x66, 0x1f,
    0x23, 0x4d, 0x2c, 0xbb, 0x8e, 0xb1, 0x82, 0x99, 0x9d, 0x6f, 0xd2, 0x66,
    0x1f, 0x23, 0x4d, 0x2c, 0xbb, 0x8e, 0xb1, 0x82, 0x99, 0x9d, 0x6f, 0xd2,
    0x66, 0x1f, 0x23, 0x4d, 0x2c, 0xbb, 0x8e, 0xb1, 0x82, 0x99, 0x9d, 0x6f,
    0xd4, 0x66, 0x21, 0x23, 0x8d, 0x34, 0xab, 0x92, 0xb1, 0x82, 0x99, 0x95,
    0x6e, 0x54, 0x66, 0x1f, 0x23, 0x8d, 0x34, 0xab, 0x92, 0xb1, 0x82, 0x99,
    0x95, 0x6e, 0x54, 0x66, 0x1f, 0x23, 0x8d, 0x34, 0xab, 0x92, 0xb1, 0x82,
    0x99, 0x95, 0x6e, 0x54, 0x66, 0x1f, 0x23, 0x8d, 0x34, 0xab, 0x92, 0xb1,
    0x82, 0x99, 0x95, 0x6e, 0x54, 0x66, 0x1f, 0x23, 0x8d, 0x34, 0xab, 0x92,
    0xb1, 0x82, 0x99, 0x95, 0x6e, 0x54, 0x66, 0x1f, 0x23, 0x8d, 0x34, 0xab,
    0x92, 0xb1, 0x82, 0x99, 0x95, 0x6e, 0x54, 0x66, 0x1f, 0x23, 0x8d, 0x34,
    0xab, 0x92, 0xb1, 0x82, 0x99, 0x95, 0x6e, 0x54, 0x66, 0x1f, 0x23, 0x8d,
    0x34, 0xab, 0x92, 0xb1, 0x82, 0x99, 0x95, 0x6e, 0x56, 0x66, 0x21, 0x23,
    0xcd, 0x3c, 0x9b, 0x96, 0xb1, 0x82, 0x99, 0x8d, 0x6d, 0xd6, 0x65, 0x1f,
    0x23, 0xcd, 0x3c, 0x9b, 0x96, 0xb1, 0x82, 0x99, 0x8d, 0x6d, 0xd6, 0x65,
    0x1f, 0x23, 0xcd, 0x3c, 0x9b, 0x96, 0xb1, 0x82, 0x99, 0x8d, 0x6d, 0xd6,
    0x65, 0x1f, 0x23, 0xcd, 0x3c, 0x9b, 0x96, 0xb1, 0x82, 0x99, 0x8d, 0x6d,
    0xd6, 0x65, 0x1f, 0x23, 0xcd, 0x3c, 0x9b, 0x96, 0xb1, 0x82, 0x99, 0x8d,
    0x6d, 0xd6, 0x65, 0x1f, 0x23, 0xcd, 0x3c, 0x9b, 0x96, 0xb1, 0x82, 0x99,
    0x8d, 0x6d, 0xd6, 0x65, 0x1f, 0x23, 0xcd, 0x3c, 0x9b, 0x96, 0xb1, 0x82,
    0x99, 0x8d, 0x6d, 0xd6, 0x65, 0x1f, 0x23, 0xcd, 0x3c, 0x9b, 0x96, 0xb1,
    0x82, 0x99, 0x8d, 0x6d, 0xd8, 0x65, 0x21, 0x23, 0x0d, 0x45, 0x8b, 0x9a,
    0xb1, 0x82, 0x99, 0x85, 0x6c, 0x58, 0x65, 0x1f, 0x23, 0x0d, 0x45, 0x8b,
    0x9a, 0xb1, 0x82, 0x99, 0x85, 0x6c, 0x58, 0x65, 0x1f, 0x23, 0x0d, 0x45,
    0x8b, 0x9a, 0xb1, 0x82, 0x99, 0x85, 0x6c, 0x58, 0x65, 0x1f, 0x23, 0x0d,
    0x45, 0x8b, 0x9a, 0xb1, 0x82, 0x99, 0x85, 0x6c, 0x58, 0x65, 0x1f, 0x23,
    0x0d, 0x45, 0x8b, 0x9a, 0xb1, 0x82, 0x99, 0x85, 0x6c, 0x58, 0x65, 0x1f,
    0x23, 0x0d, 0x45, 0x8b, 0x9a, 0xb1, 0x82, 0x99, 0x85, 0x6c, 0x58, 0x65,
    0x1f, 0x23, 0x0d, 0x45, 0x8b, 0x9a, 0xb1, 0x82, 0x99, 0x85, 0x6c, 0x58,
    0x65, 0x1f, 0x23, 0x0d, 0x45, 0x8b, 0x9a, 0xb1, 0x82, 0x99, 0x85, 0x6c,
    0x5a, 0x65, 0x21, 0x23, 0x4d, 0x4d, 0xf3, 0x9e, 0xb1, 0x82, 0x99, 0xb9,
    0x6b, 0xda, 0x64, 0x1f, 0x23, 0x4d, 0x4d, 0xf3, 0x9e, 0xb1, 0x82, 0x99,
    0xb9, 0x6b, 0xda, 0x64, 0x1f, 0x23, 0x4d, 0x4d, 0xf3, 0x9e, 0xb1, 0x82,
    0x99, 0xb9, 0x6b, 0xda, 0x64, 0x1f, 0x23, 0x4d, 0x4d, 0xf3, 0x9e, 0xb1,
    0x82, 0x99, 0xb9, 0x6b, 0xda, 0x64, 0x1f, 0x23, 0x4d, 0x4d, 0xf3, 0x9e,
    0xb1, 0x82, 0x99, 0xb9, 0x6b, 0xda, 0x64, 0x1f, 0x23, 0x4d, 0x4d, 0xf3,
    0x9e, 0xb1, 0x82, 0x99, 0xb9, 0x6b, 0xda, 0x64, 0x1f, 0x23, 0x4d, 0x4d,
    0xf3, 0x9e, 0xb1, 0x82, 0x99, 0xb9, 0x6b, 0xda, 0x64, 0x1f, 0x23, 0x4d,
    0x4d, 0xf3, 0x9e, 0xb1, 0x82, 0x99, 0xb9, 0x6b, 0xdc, 0x64, 0x21, 0x23,
    0x8d, 0x55, 0xe3, 0xa2, 0xb1, 0x82, 0x99, 0xb1, 0x6a, 0x5c, 0x64, 0x1f,
    0x23, 0x8d, 0x55, 0xe3, 0xa2, 0xb1, 0x82, 0x99, 0xb1, 0x6a, 0x5c, 0x64,
    0x1f, 0x23, 0x8d, 0x55, 0xe3, 0xa2, 0xb1, 0x82, 0x99, 0xb1, 0x6a, 0x5c,
    0x64, 0x1f, 0x23, 0x8d, 0x55, 0xe3, 0xa2, 0xb1, 0x82, 0x99, 0xb1, 0x6a,
    0x5c, 0x64, 0x1f, 0x23, 0x8d, 0x55, 0xe3, 0xa2, 0xb1, 0x82, 0x99, 0xb1,
    0x6a, 0x5c, 0x64, 0x1f, 0x23, 0x8d, 0x55, 0xe3, 0xa2, 0xb1, 0x82, 0x99,
    0xb1, 0x6a, 0x5c, 0x64, 0x1f, 0x23, 0x8d, 0x55, 0xe3, 0xa2, 0xb1, 0x82,
    0x99, 0xb1, 0x6a, 0x5c, 0x64, 0x1f, 0x23, 0x8d, 0x55, 0xe3, 0xa2, 0xb1,
    0x82, 0x99, 0xb1, 0x6a, 0x5e, 0x64, 0x21, 0x23, 0xcd, 0x5d, 0xd3, 0xa6,
    0xb1, 0x82, 0x99, 0xa9, 0x69, 0xde, 0x63, 0x1f, 0x23, 0xcd, 0x5d, 0xd3,
    0xa6, 0xb1, 0x82, 0x99, 0xa9, 0x69, 0xde, 0x63, 0x1f, 0x23, 0xcd, 0x5d,
    0xd3, 0xa6, 0xb1, 0x82, 0x99, 0xa9, 0x69, 0xde, 0x63, 0x1f, 0x23, 0xcd,
    0x5d, 0xd3, 0xa6, 0xb1, 0x82, 0x99, 0xa9, 0x69, 0xde, 0x63, 0x1f, 0x23,
    0xcd, 0x5d, 0xd3, 0xa6, 0xb1, 0x82, 0x99, 0xa9, 0x69, 0xde, 0x63, 0x1f,
    0x23, 0xcd, 0x5d, 0xd3, 0xa6, 0xb1, 0x82, 0x99, 0xa9, 0x69, 0xde, 0x63,
    0x1f, 0x23, 0xcd, 0x5d, 0xd3, 0xa6, 0xb1, 0x82, 0x99, 0xa9, 0x69, 0xde,
    0x63, 0x1f, 0x23, 0xcd, 0x5d, 0xd3, 0xa6, 0xb1, 0x82, 0x99, 0xa9, 0x69,
    0xd1, 0x63, 0x21, 0x23, 0x2d, 0x64, 0xc3, 0xaa, 0xb1, 0x82, 0x99, 0xa1,
    0x68, 0x51, 0x63, 0x1f, 0x23, 0x2d, 0x64, 0xc3, 0xaa, 0xb1, 0x82, 0x99,
    0xa1, 0x68, 0x51, 0x63, 0x1f, 0x23, 0x2d, 0x64, 0xc3, 0xaa, 0xb1, 0x82,
    0x99, 0xa1, 0x68, 0x51, 0x63, 0x1f, 0x23, 0x2d, 0x64, 0xc3, 0xaa, 0xb1,
    0x82, 0x99, 0xa1, 0x68, 0x51, 0x63, 0x1f, 0x23, 0x2d, 0x64, 0xc3, 0xaa,
    0xb1, 0x82, 0x99, 0xa1, 0x68, 0x51, 0x63, 0x1f, 0x23, 0x2d, 0x64, 0xc3,
    0xaa, 0xb1, 0x82, 0x99, 0xa1, 0x68, 0x51, 0x63, 0x1f, 0x23, 0x2d, 0x64,
    0xc3, 0xaa, 0xb1, 0x82, 0x99, 0xa1, 0x68, 0x51, 0x63, 0x1f, 0x23, 0x2d,
    0x64, 0xc3, 0xaa, 0xb1, 0x82, 0x99, 0xa1, 0x68, 0x53, 0x63, 0x21, 0x23,
    0x6d, 0x6c, 0xb3, 0xae, 0xb1, 0x82, 0x99, 0x99, 0x67, 0xd3, 0x62, 0x1f,
    0x23, 0x6d, 0x6c, 0xb3, 0xae, 0xb1, 0x82, 0x99, 0x99, 0x67, 0xd3, 0x62,
    0x1f, 0x23, 0x6d, 0x6c, 0xb3, 0xae, 0xb1, 0x82, 0x99, 0x99, 0x67, 0xd3,
    0x62, 0x1f, 0x23, 0x6d, 0x6c, 0xb3, 0xae, 0xb1, 0x82, 0x99, 0x99, 0x67,
    0xd3, 0x62, 0x1f, 0x23, 0x6d, 0x6c, 0xb3, 0xae, 0xb1, 0x82, 0x99, 0x99,
    0x67, 0xd3, 0x62, 0x1f, 0x23, 0x6d, 0x6c, 0xb3, 0xae, 0xb1, 0x82, 0x99,
    0x99, 0x67, 0xd3, 0x62, 0x1f, 0x23, 0x6d, 0x6c, 0xb3, 0xae, 0xb1, 0x82,
    0x99, 0x99, 0x67, 0xd3, 0x62, 0x1f, 0x23, 0x6d, 0x6c, 0xb3, 0xae, 0xb1,
    0x82, 0x99, 0x99, 0x67, 0xd5, 0x62, 0x21, 0x23, 0xad, 0x74, 0xa3, 0xb2,
    0xb1, 0x82, 0x99, 0x91, 0x66, 0x55, 0x62, 0x1f, 0x23, 0xad, 0x74, 0xa3,
    0xb2, 0xb1, 0x82, 0x99, 0x91, 0x66, 0x55, 0x62, 0x1f, 0x23, 0xad, 0x74,
    0xa3, 0xb2, 0xb1, 0x82, 0x99, 0x91, 0x66, 0x55, 0x62, 0x1f, 0x23, 0xad,
    0x74, 0xa3, 0xb2, 0xb1, 0x82, 0x99, 0x91, 0x66, 0x55, 0x62, 0x1f, 0x23,
    0xad, 0x74, 0xa3, 0xb2, 0xb1, 0x82, 0x99, 0x91, 0x66, 0x55, 0x62, 0x1f,
    0x23, 0xad, 0x74, 0xa3, 0xb2, 0xb1, 0x82, 0x99, 0x91, 0x66, 0x55, 0x62,
    0x1f, 0x23, 0xad, 0x74, 0xa3, 0xb2, 0xb1, 0x82, 0x99, 0x91, 0x66, 0x55,
    0x62, 0x1f, 0x23, 0xad, 0x74, 0xa3, 0xb2, 0xb1, 0x82, 0x99, 0x91, 0x66,
    0x57, 0x62, 0x21, 0x23, 0xed, 0x7c, 0x93, 0xb6, 0xb1, 0x82, 0x99, 0x89,
    0x65, 0xd7, 0x61, 0x1f, 0x23, 0xed, 0x7c, 0x93, 0xb6, 0xb1, 0x82, 0x99,
    0x89, 0x65, 0xd7, 0x61, 0x1f, 0x23, 0xed, 0x7c, 0x93, 0xb6, 0xb1, 0x82,
    0x99, 0x89, 0x65, 0xd7, 0x61, 0x1f, 0x23, 0xed, 0x7c, 0x93, 0xb6, 0xb1,
    0x82, 0x99, 0x89, 0x65, 0xd7, 0x61, 0x1f, 0x23, 0xed, 0x7c, 0x93, 0xb6,
    0xb1, 0x82, 0x99, 0x89, 0x65, 0xd7, 0x61, 0x1f, 0x23, 0xed, 0x7c, 0x93,
    0xb6, 0xb1, 0x82, 0x99, 0x89, 0x65, 0xd7, 0x61, 0x1f, 0x23, 0xed, 0x7c,
    0x93, 0xb6, 0xb1, 0x82, 0x99, 0x89, 0x65, 0xd7, 0x61, 0x1f, 0x23, 0xed,
    0x7c, 0x93, 0xb6, 0xb1, 0x82, 0x99, 0x89, 0x65, 0xd9, 0x61, 0x21, 0x23,
    0x2d, 0x85, 0x83, 0xba, 0xb1, 0x82, 0x99, 0x81, 0x64, 0x59, 0x61, 0x1f,
    0x23, 0x2d, 0x85, 0x83, 0xba, 0xb1, 0x82, 0x99, 0x81, 0x64, 0x59, 0x61,
    0x1f, 0x23, 0x2d, 0x85, 0x83, 0xba, 0xb1, 0x82, 0x99, 0x81, 0x64, 0x59,
    0x61, 0x1f, 0x23, 0x2d, 0x85, 0x83, 0xba, 0xb1, 0x82, 0x99, 0x81, 0x64,
    0x59, 0x61, 0x1f, 0x23, 0x2d, 0x85, 0x83, 0xba, 0xb1, 0x82, 0x99, 0x81,
    0x64, 0x59, 0x61, 0x1f, 0x23, 0x2d, 0x85, 0x83, 0xba, 0xb1, 0x82, 0x99,
    0x81, 0x64, 0x59, 0x61, 0x1f, 0x23, 0x2d, 0x85, 0x83, 0xba, 0xb1, 0x82,
    0x99, 0x81, 0x64, 0x59, 0x61, 0x1f, 0x23, 0x2d, 0x85, 0x83, 0xba, 0xb1,
    0x82, 0x99, 0x81, 0x64, 0x5b, 0x61, 0x21, 0x23, 0x6d, 0x8d, 0xef, 0x7d,
    0x63, 0x05, 0x33, 0xef, 0x8e, 0x6d, 0x83, 0x7d, 0x8c, 0xb4, 0x35, 0xbe,
    0xf7, 0x8d, 0x15, 0xcc, 0xbc, 0x3b, 0xb6, 0x0d, 0xf6, 0x31, 0xd2, 0xd6,
    0xf8, 0xde, 0x37, 0x56, 0x30, 0xf3, 0xee, 0xd8, 0x36, 0xd8, 0xc7, 0x48,
    0x5b, 0xe3, 0x7b, 0xdf, 0x58, 0xc1, 0xcc, 0xbb, 0x63, 0xdb, 0x60, 0x1f,
    0x23, 0x6d, 0x8d, 0xef, 0x7d, 0x63, 0x05, 0x33, 0xef, 0x8e, 0x6d, 0x83,
    0x7d, 0x8c, 0xb4, 0x35, 0xbe, 0xf7, 0x8d, 0x15, 0xcc, 0xbc, 0x3b, 0xb6,
    0x0d, 0xf6, 0x31, 0xd2, 0xd6, 0xf8, 0xde, 0x37, 0x56, 0x30, 0xf3, 0xee,
    0xd8, 0x36, 0xd8, 0xc7, 0x48, 0x5b, 0xe3, 0x7b, 0xdf, 0x58, 0xc1, 0xcc,
    0xbb, 0x63, 0xdd, 0x60, 0x21, 0x23, 0xad, 0x95, 0xcf, 0x00, 0x63, 0x05,
    0x33, 0xcf, 0x8a, 0x75, 0x81, 0x7d, 0x8c, 0xb4, 0x56, 0x3e, 0x03, 0x8c,
    0x15, 0xcc, 0x3c, 0x2b, 0xd6, 0x05, 0xf6, 0x31, 0xd2, 0x5a, 0xf9, 0x0c,
    0x30, 0x56, 0x30, 0xf3, 0xac, 0x58, 0x17, 0xd8, 0xc7, 0x48, 0x6b, 0xe5,
    0x33, 0xc0, 0x58, 0xc1, 0xcc, 0xb3, 0x62, 0x5d, 0x60, 0x1f, 0x23, 0xad,
    0x95, 0xcf, 0x00, 0x63, 0x05, 0x33, 0xcf, 0x8a, 0x75, 0x81, 0x7d, 0x8c,
    0xb4, 0x56, 0x3e, 0x03, 0x8c, 0x15, 0xcc, 0x3c, 0x2b, 0xd6, 0x05, 0xf6,
    0x31, 0xd2, 0x5a, 0xf9, 0x0c, 0x30, 0x56, 0x30, 0xf3, 0xac, 0x58, 0x17,
    0xd8, 0xc7, 0x48, 0x6b, 0xe5, 0x33, 0xc0, 0x58, 0xc1, 0xcc, 0xb3, 0x62,
    0x5f, 0x60, 0x21, 0x23, 0xed, 0x9d, 0xaf, 0x04, 0x63, 0x05, 0x33, 0xaf,
    0x86, 0xfd, 0x3d, 0xfb, 0x18, 0x69, 0xef, 0x7c, 0x25, 0x18, 0x2b, 0x98,
    0x79, 0x35, 0xec, 0xef, 0xd9, 0xc7, 0x48, 0x7b, 0xe7, 0x2b, 0xc1, 0x58,
    0xc1, 0xcc, 0xab, 0x61, 0x7f, 0xcf, 0x3e, 0x46, 0xda, 0x3b, 0x5f, 0x09,
    0xc6, 0x0a, 0x66, 0x5e, 0x0d, 0xfb, 0x7b, 0xf6, 0x31, 0xd2, 0xde, 0xf9,
    0x4a, 0x30, 0x56, 0x30, 0xf3, 0x6a, 0xd8, 0xdf, 0xb3, 0x8f, 0x91, 0xf6,
    0xce, 0x57, 0x82, 0xb1, 0x82, 0x99, 0x57, 0xc3, 0xfe, 0x9e, 0x7d, 0x8c,
    0xb4, 0x77, 0xbe, 0x12, 0x8c, 0x15, 0xcc, 0xbc, 0x1a, 0xf6, 0xf7, 0xec,
    0x63, 0xa4, 0xbd, 0xf3, 0x95, 0x60, 0xac, 0x60, 0xe6, 0xd5, 0x70, 0x70,
    0xcf, 0x42, 0x46, 0x3a, 0x90, 0x3e, 0x22, 0x8c, 0x15, 0xcc, 0x3c, 0x0a,
    0x0e, 0xce, 0xd9, 0xc7, 0x48, 0x07, 0xd2, 0x47, 0x84, 0xb1, 0x82, 0x99,
    0x47, 0xc1, 0xc1, 0x39, 0xfb, 0x18, 0xe9, 0x40, 0xfa, 0x88, 0x30, 0x56,
    0x30, 0xf3, 0x28, 0x38, 0x38, 0x67, 0x1f, 0x23, 0x1d, 0x48, 0x1f, 0x11,
    0xc6, 0x0a, 0x66, 0x1e, 0x05, 0x07, 0xe7, 0xec, 0x63, 0xa4, 0x03, 0xe9,
    0x23, 0xc2, 0x58, 0xc1, 0xcc, 0xa3, 0xe0, 0xe0, 0x9c, 0x7d, 0x8c, 0x74,
    0x20, 0x7d, 0x44, 0x18, 0x2b, 0x98, 0x79, 0x14, 0x1c, 0x9c, 0xb3, 0x8f,
    0x91, 0x0e, 0xa4, 0x8f, 0x08, 0x63, 0x05, 0x33, 0x8f, 0x82, 0x83, 0x73,
    0xf6, 0x31, 0xd2, 0x81, 0xf4, 0x11, 0x61, 0xac, 0x60, 0xe6, 0x51, 0x70,
    0x71, 0xce, 0x42, 0x46, 0xba, 0xb0, 0xbe, 0x31, 0x8c, 0x15, 0xcc, 0xbc,
    0xf9, 0x2d, 0xae, 0xd9, 0xc7, 0x48, 0x17, 0xd6, 0x37, 0x86, 0xb1, 0x82,
    0x99, 0x37, 0xbf, 0xc5, 0x35, 0xfb, 0x18, 0xe9, 0xc2, 0xfa, 0xc6, 0x30,
    0x56, 0x30, 0xf3, 0xe6, 0xb7, 0xb8, 0x66, 0x1f, 0x23, 0x5d, 0x58, 0xdf,
    0x18, 0xc6, 0x0a, 0x66, 0xde, 0xfc, 0x16, 0xd7, 0xec, 0x63, 0xa4, 0x0b,
    0xeb, 0x1b, 0xc3, 0x58, 0xc1, 0xcc, 0x9b, 0xdf, 0xe2, 0x9a, 0x7d, 0x8c,
    0x74, 0x61, 0x7d, 0x63, 0x18, 0x2b, 0x98, 0x79, 0xf3, 0x5b, 0x5c, 0xb3,
    0x8f, 0x91, 0x2e, 0xac, 0x6f, 0x0c, 0x63, 0x05, 0x33, 0x6f, 0x7e, 0x8b,
    0x6b, 0xf6, 0x31, 0xd2, 0x85, 0xf5, 0x8d, 0x61, 0xac, 0x60, 0xe6, 0xcd,
    0x6f, 0x72, 0xcd, 0x42, 0x46, 0x3a, 0xd1, 0x3e, 0x41, 0x8c, 0x15, 0xcc,
    0x3c, 0xe9, 0x4d, 0x8e, 0xd9, 0xc7, 0x48, 0x27, 0xda, 0x27, 0x88, 0xb1,
    0x82, 0x99, 0x27, 0xbd, 0xc9, 0x31, 0xfb, 0x18, 0xe9, 0x44, 0xfb, 0x04,
    0x31, 0x56, 0x30, 0xf3, 0xa4, 0x37, 0x39, 0x66, 0x1f, 0x23, 0x9d, 0x68,
    0x9f, 0x20, 0xc6, 0x0a, 0x66, 0x9e, 0xf4, 0x26, 0xc7, 0xec, 0x63, 0xa4,
    0x13, 0xed, 0x13, 0xc4, 0x58, 0xc1, 0xcc, 0x93, 0xde, 0xe4, 0x98, 0x7d,
    0x8c, 0x74, 0xa2, 0x7d, 0x82, 0x18, 0x2b, 0x98, 0x79, 0xd2, 0x9b, 0x1c,
    0xb3, 0x8f, 0x91, 0x4e, 0xb4, 0x4f, 0x10, 0x63, 0x05, 0x33, 0x4f, 0x7a,
    0x93, 0x63, 0xf6, 0x31, 0xd2, 0x89, 0xf6, 0x09, 0x62, 0xac, 0x60, 0xe6,
    0x49, 0x6f, 0x73, 0xcc, 0x42, 0x46, 0xba, 0xf1, 0xbe, 0x50, 0x8c, 0x15,
    0xcc, 0xbc, 0xd8, 0x6d, 0x6e, 0xd9, 0xc7, 0x48, 0x37, 0xde, 0x17, 0x8a,
    0xb1, 0x82, 0x99, 0x17, 0xbb, 0xcd, 0x2d, 0xfb, 0x18, 0xe9, 0xc6, 0xfb,
    0x42, 0x31, 0x56, 0x30, 0xf3, 0x62, 0xb7, 0xb9, 0x65, 0x1f, 0x23, 0xdd,
    0x78, 0x5f, 0x28, 0xc6, 0x0a, 0x66, 0x5e, 0xec, 0x36, 0xb7, 0xec, 0x63,
    0xa4, 0x1b, 0xef, 0x0b, 0xc5, 0x58, 0xc1, 0xcc, 0x8b, 0xdd, 0xe6, 0x96,
    0x7d, 0x8c, 0x74, 0xe3, 0x7d, 0xa1, 0x18, 0x2b, 0x98, 0x79, 0xb1, 0xdb,
    0xdc, 0xb2, 0x8f, 0x91, 0x6e, 0xbc, 0x2f, 0x14, 0x63, 0x05, 0x33, 0x2f,
    0x76, 0x9b, 0x5b, 0xf6, 0x31, 0xd2, 0x8d, 0xf7, 0x85, 0x62, 0xac, 0x60,
    0xe6, 0xc5, 0x6e, 0x74, 0xcb, 0x42, 0x46, 0x3a, 0x12, 0x3f, 0x60, 0x8c,
    0x15, 0xcc, 0x3c, 0xc8, 0x8d, 0x4e, 0xd9, 0xc7, 0x48, 0x47, 0xe2, 0x07,
    0x8c, 0xb1, 0x82, 0x99, 0x07, 0xb9, 0xd1, 0x29, 0xfb, 0x18, 0xe9, 0x48,
    0xfc, 0x80, 0x31, 0x56, 0x30, 0xf3, 0x20, 0x37, 0x3a, 0x65, 0x1f, 0x23,
    0x1d, 0x89, 0x1f, 0x30, 0xc6, 0x0a, 0x66, 0x1e, 0xe4, 0x46, 0xa7, 0xec,
    0x63, 0xa4, 0x23, 0xf1, 0x03, 0xc6, 0x58, 0xc1, 0xcc, 0x83, 0xdc, 0xe8,
    0x94, 0x7d, 0x8c, 0x74, 0x24, 0x7e, 0xc0, 0x18, 0x2b, 0x98, 0x79, 0x90,
    0x1b, 0x9d, 0xb2, 0x8f, 0x91, 0x8e, 0xc4, 0x0f, 0x18, 0x63, 0x05, 0x33,
    0x0f, 0x72, 0xa3, 0x53, 0xf6, 0x31, 0xd2, 0x91, 0xf8, 0x01, 0x63, 0xac,
    0x60, 0xe6, 0x41, 0x6e, 0x75, 0xca, 0x42, 0x46, 0xba, 0x32, 0x7f, 0xe7,
    0x18, 0x2b, 0x98, 0xf9, 0xee, 0xb6, 0xba, 0x64, 0x1f, 0x23, 0x5d, 0x99,
    0xbf, 0x73, 0x8c, 0x15, 0xcc, 0x7c, 0x77, 0x5b, 0x5d, 0xb2, 0x8f, 0x91,
    0xae, 0xcc, 0xdf, 0x39, 0xc6, 0x0a, 0x66, 0xbe, 0xbb, 0xad, 0x2e, 0xd9,
    0xc7, 0x48, 0x57, 0xe6, 0xef, 0x1c, 0x63, 0x05, 0x33, 0xdf, 0xdd, 0x56,
    0x97, 0xec, 0x63, 0xa4, 0x2b, 0xf3, 0x77, 0x8e, 0xb1, 0x82, 0x99, 0xef,
    0x6e, 0xab, 0x4b, 0xf6, 0x31, 0xd2, 0x95, 0xf9, 0x3b, 0xc7, 0x58, 0xc1,
    0xcc, 0x77, 0xb7, 0xd5, 0x25, 0xfb, 0x18, 0xe9, 0xca, 0xfc, 0x9d, 0x63,
    0xac, 0x60, 0xe6, 0xbb, 0xdb, 0xea, 0x92, 0x7d, 0x8c, 0x74, 0x65, 0xfe,
    0xce, 0x31, 0x56, 0x30, 0xf3, 0xdd, 0x6d, 0x76, 0xc9, 0x42, 0x46, 0x3a,
    0x53, 0x7f, 0x06, 0x19, 0x2b, 0x98, 0xf9, 0xac, 0x36, 0x3b, 0x64, 0x1f,
    0x23, 0x9d, 0xa9, 0x3f, 0x83, 0x8c, 0x15, 0xcc, 0x7c, 0x56, 0x9b, 0x1d,
    0xb2, 0x8f, 0x91, 0xce, 0xd4, 0x9f, 0x41, 0xc6, 0x0a, 0x66, 0x3e, 0xab,
    0xcd, 0x0e, 0xd9, 0xc7, 0x48, 0x67, 0xea, 0xcf, 0x20, 0x63, 0x05, 0x33,
    0x9f, 0xd5, 0x66, 0x87, 0xec, 0x63, 0xa4, 0x33, 0xf5, 0x67, 0x90, 0xb1,
    0x82, 0x99, 0xcf, 0x6a, 0xb3, 0x43, 0xf6, 0x31, 0xd2, 0x99, 0xfa, 0x33,
    0xc8, 0x58, 0xc1, 0xcc, 0x67, 0xb5, 0xd9, 0x21, 0xfb, 0x18, 0xe9, 0x4c,
    0xfd, 0x19, 0x64, 0xac, 0x60, 0xe6, 0xb3, 0xda, 0xec, 0x90, 0x7d, 0x8c,
    0x74, 0xa6, 0xfe, 0x0c, 0x32, 0x56, 0x30, 0xf3, 0x59, 0x6d, 0x77, 0xc8,
    0x42, 0x46, 0xba, 0x73, 0x7f, 0x25, 0x19, 0x2b, 0x98, 0xf9, 0x6a, 0xb6,
    0xbb, 0x63, 0x1f, 0x23, 0xdd, 0xb9, 0xbf, 0x92, 0x8c, 0x15, 0xcc, 0x7c,
    0x35, 0xdb, 0xdd, 0xb1, 0x8f, 0x91, 0xee, 0xdc, 0x5f, 0x49, 0xc6, 0x0a,
    0x66, 0xbe, 0x9a, 0xed, 0xee, 0xd8, 0xc7, 0x48, 0x77, 0xee, 0xaf, 0x24,
    0x63, 0x05, 0x33, 0x5f, 0xcd, 0x76, 0x77, 0xec, 0x63, 0xa4, 0x3b, 0xf7,
    0x57, 0x92, 0xb1, 0x82, 0x99, 0xaf, 0x66, 0xbb, 0x3b, 0xf6, 0x31, 0xd2,
    0x9d, 0xfb, 0x2b, 0xc9, 0x58, 0xc1, 0xcc, 0x57, 0xb3, 0xdd, 0x1d, 0xfb,
    0x18, 0xe9, 0xce, 0xfd, 0x95, 0x64, 0xac, 0x60, 0xe6, 0xab, 0xd9, 0xee,
    0x8e, 0x7d, 0x8c, 0x74, 0xe7, 0xfe, 0x4a, 0x32, 0x56, 0x30, 0xf3, 0xd5,
    0x6c, 0x78, 0xc7, 0x42, 0x46, 0x3a, 0x94, 0x7f, 0x44, 0x19, 0x2b, 0x98,
    0xf9, 0x28, 0x36, 0x3c, 0x63, 0x1f, 0x23, 0x1d, 0xca, 0x3f, 0xa2, 0x8c,
    0x15, 0xcc, 0x7c, 0x14, 0x1b, 0x9e, 0xb1, 0x8f, 0x91, 0x0e, 0xe5, 0x1f,
    0x51, 0xc6, 0x0a, 0x66, 0x3e, 0x8a, 0x0d, 0xcf, 0xd8, 0xc7, 0x48, 0x87,
    0xf2, 0x8f, 0x28, 0x63, 0x05, 0x33, 0x1f, 0xc5, 0x86, 0x67, 0xec, 0x63,
    0xa4, 0x43, 0xf9, 0x47, 0x94, 0xb1, 0x82, 0x99, 0x8f, 0x62, 0xc3, 0x33,
    0xf6, 0x31, 0xd2, 0xa1, 0xfc, 0x23, 0xca, 0x58, 0xc1, 0xcc, 0x47, 0xb1,
    0xe1, 0x19, 0xfb, 0x18, 0xe9, 0x50, 0xfe, 0x11, 0x65, 0xac, 0x60, 0xe6,
    0xa3, 0xd8, 0xf0, 0x8c, 0x7d, 0x8c, 0x74, 0x28, 0xff, 0x88, 0x32, 0x56,
    0x30, 0xf3, 0x51, 0x6c, 0x79, 0xc6, 0x42, 0x46, 0xba, 0xb4, 0x7f, 0x63,
    0x19, 0x2b, 0x98, 0xf9, 0xe6, 0xb5, 0xbc, 0x62, 0x1f, 0x23, 0x5d, 0xda,
    0xbf, 0xb1, 0x8c, 0x15, 0xcc, 0x7c, 0xf3, 0x5a, 0x5e, 0xb1, 0x8f, 0x91,
    0x2e, 0xed, 0xdf, 0x58, 0xc6, 0x0a, 0x66, 0xbe, 0x79, 0x2d, 0xaf, 0xd8,
    0xc7, 0x48, 0x97, 0xf6, 0x6f, 0x2c, 0x63, 0x05, 0x33, 0xdf, 0xbc, 0x96,
    0x57, 0xec, 0x63, 0xa4, 0x4b, 0xfb, 0x37, 0x96, 0xb1, 0x82, 0x99, 0x6f,
    0x5e, 0xcb, 0x2b, 0xf6, 0x31, 0xd2, 0xa5, 0xfd, 0x1b, 0xcb, 0x58, 0xc1,
    0xcc, 0x37, 0xaf, 0xe5, 0x15, 0xfb, 0x18, 0xe9, 0xd2, 0xfe, 0x8d, 0x65,
    0xac, 0x60, 0xe6, 0x9b, 0xd7, 0xf2, 0x8a, 0x7d, 0x8c, 0x74, 0x69, 0xff,
    0xc6, 0x32, 0x56, 0x30, 0xf3, 0xcd, 0x6b, 0x7a, 0xc5, 0x42, 0x46, 0x3a,
    0xd5, 0x7f, 0x82, 0x19, 0x2b, 0x98, 0xf9, 0xa4, 0x35, 0x3d, 0x62, 0x1f,
    0x23, 0x9d, 0xea, 0x3f, 0xc1, 0x8c, 0x15, 0xcc, 0x7c, 0xd2, 0x9a, 0x1e,
    0xb1, 0x8f, 0x91, 0x4e, 0xf5, 0x9f, 0x60, 0xc6, 0x0a, 0x66, 0x3e, 0x69,
    0x4d, 0x8f, 0xd8, 0xc7, 0x48, 0xa7, 0xfa, 0x4f, 0x30, 0x63, 0x05, 0x33,
    0x9f, 0xb4, 0xa6, 0x47, 0xec, 0x63, 0xa4, 0x53, 0xfd, 0x27, 0x98, 0xb1,
    0x82, 0x99, 0x4f, 0x5a, 0xd3, 0x23, 0xf6, 0x31, 0xd2, 0xa9, 0xfe, 0x13,
    0xcc, 0x58, 0xc1, 0xcc, 0x27, 0xad, 0xe9, 0x11, 0xfb, 0x18, 0xe9, 0x54,
    0xff, 0x09, 0x66, 0xac, 0x60, 0xe6, 0x93, 0xd6, 0xf4, 0x88, 0x7d, 0x8c,
    0x74, 0xaa, 0xff, 0x04, 0x33, 0x56, 0x30, 0xf3, 0x49, 0x6b, 0x7b, 0xc4,
    0x42, 0x46, 0xba, 0xf5, 0x7f, 0xa1, 0x19, 0x2b, 0x98, 0xf9, 0x62, 0xb5,
    0xbd, 0x61, 0x1f, 0x23, 0xdd, 0xfa, 0xbf, 0xd0, 0x8c, 0x15, 0xcc, 0x7c,
    0xb1, 0xda, 0xde, 0xb0, 0x8f, 0x91, 0x6e, 0xfd, 0x5f, 0x68, 0xc6, 0x0a,
    0x66, 0xbe, 0x58, 0x6d, 0x6f, 0xd8, 0xc7, 0x48, 0xb7, 0xfe, 0x2f, 0x34,
    0x63, 0x05, 0x33, 0x5f, 0xac, 0xb6, 0x37, 0xec, 0x63, 0xa4, 0x5b, 0xff,
    0x17, 0x9a, 0xb1, 0x82, 0x99, 0x2f, 0x56, 0xdb, 0x1b, 0xf6, 0x31, 0xd2,
    0xad, 0xff, 0x0b, 0xcd, 0x58, 0xc1, 0xcc, 0x17, 0xab, 0xed, 0x0d, 0xfb,
    0x18, 0xe9, 0xd6, 0xff, 0x85, 0x66, 0xac, 0x60, 0xe6, 0x8b, 0xd5, 0xf6,
    0x86, 0x7d, 0x8c, 0x74, 0xeb, 0xff, 0x42, 0x33, 0x56, 0x30, 0xf3, 0xc5,
    0x6a, 0x7c, 0xc3, 0x42, 0x46, 0x3a, 0x1e, 0xf0, 0x80, 0x33, 0x56, 0x30,
    0xf3, 0x41, 0x6a, 0x7c, 0xc2, 0x3e, 0x46, 0x3a, 0x1e, 0xf0, 0x80, 0x33,
    0x56, 0x30, 0xf3, 0x41, 0x6a, 0x7c, 0xc2, 0x3e, 0x46, 0x3a, 0x1e, 0xf0,
    0x80, 0x33, 0x56, 0x30, 0xf3, 0x41, 0x6a, 0x7c, 0xc2, 0x3e, 0x46, 0x3a,
    0x1e, 0xf0, 0x80, 0x33, 0x56, 0x30, 0xf3, 0x41, 0x6a, 0x7c, 0xc2, 0x3e,
    0x46, 0x3a, 0x1e, 0xf0, 0x80, 0x33, 0x56, 0x30, 0xf3, 0x41, 0x6a, 0x7c,
    0xc2, 0x3e, 0x46, 0x3a, 0x1e, 0xf0, 0x80, 0x33, 0x56, 0x30, 0xf3, 0x41,
    0x6a, 0x7c, 0xc2, 0x3e, 0x46, 0x3a, 0x1e, 0xf0, 0x80, 0x33, 0x56, 0x30,
    0xf3, 0x41, 0x6a, 0x7c, 0xc2, 0x3e, 0x46, 0x3a, 0x1e, 0xf0, 0x80, 0x33,
    0x56, 0x30, 0xf3, 0x41, 0x6a, 0x7d, 0xc2, 0x42, 0x46, 0xba, 0x5e, 0xf0,
    0xcd, 0x33, 0x56, 0x30, 0xf3, 0xdb, 0x69, 0x7d, 0xc1, 0x3e, 0x46, 0xba,
    0x5e, 0xf0, 0xcd, 0x33, 0x56, 0x30, 0xf3, 0xdb, 0x69, 0x7d, 0xc1, 0x3e,
    0x46, 0xba, 0x5e, 0xf0, 0xcd, 0x33, 0x56, 0x30, 0xf3, 0xdb, 0x69, 0x7d,
    0xc1, 0x3e, 0x46, 0xba, 0x5e, 0xf0, 0xcd, 0x33, 0x56, 0x30, 0xf3, 0xdb,
    0x69, 0x7d, 0xc1, 0x3e, 0x46, 0xba, 0x5e, 0xf0, 0xcd, 0x33, 0x56, 0x30,
    0xf3, 0xdb, 0x69, 0x7d, 0xc1, 0x3e, 0x46, 0xba, 0x5e, 0xf0, 0xcd, 0x33,
    0x56, 0x30, 0xf3, 0xdb, 0x69, 0x7d, 0xc1, 0x3e, 0x46, 0xba, 0x5e, 0xf0,
    0xcd, 0x33, 0x56, 0x30, 0xf3, 0xdb, 0x69, 0x7d, 0xc1, 0x3e, 0x46, 0xba,
    0x5e, 0xf0, 0xcd, 0x33, 0x56, 0x30, 0xf3, 0xdb, 0x69, 0x7e, 0xc1, 0x42,
    0x46, 0x3a, 0x9f, 0xf0, 0x09, 0x34, 0x56, 0x30, 0xf3, 0x53, 0x69, 0x7e,
    0xc0, 0x3e, 0x46, 0x3a, 0x9f, 0xf0, 0x09, 0x34, 0x56, 0x30, 0xf3, 0x53,
    0x69, 0x7e, 0xc0, 0x3e, 0x46, 0x3a, 0x9f, 0xf0, 0x09, 0x34, 0x56, 0x30,
    0xf3, 0x53, 0x69, 0x7e, 0xc0, 0x3e, 0x46, 0x3a, 0x9f, 0xf0, 0x09, 0x34,
    0x56, 0x30, 0xf3, 0x53, 0x69, 0x7e, 0xc0, 0x3e, 0x46, 0x3a, 0x9f, 0xf0,
    0x09, 0x34, 0x56, 0x30, 0xf3, 0x53, 0x69, 0x7e, 0xc0, 0x3e, 0x46, 0x3a,
    0x9f, 0xf0, 0x09, 0x34, 0x56, 0x30, 0xf3, 0x53, 0x69, 0x7e, 0xc0, 0x3e,
    0x46, 0x3a, 0x9f, 0xf0, 0x09, 0x34, 0x56, 0x30, 0xf3, 0x53, 0x69, 0x7e,
    0xc0, 0x3e, 0x46, 0x3a, 0x9f, 0xf0, 0x09, 0x34, 0x56, 0x30, 0xf3, 0x53,
    0x69, 0x7f, 0xc0, 0x42, 0x46, 0xba, 0xdf, 0xf0, 0x45, 0x34, 0x56, 0x30,
    0xf3, 0xcb, 0x68, 0x9f, 0xb3, 0x8f, 0x91, 0xee, 0x37, 0x7c, 0x11, 0x8d,
    0x15, 0xcc, 0xfc, 0x32, 0xda, 0xe7, 0xec, 0x63, 0xa4, 0xfb, 0x0d, 0x5f,
    0x44, 0x63, 0x05, 0x33, 0xbf, 0x8c, 0xf6, 0x39, 0xfb, 0x18, 0xe9, 0x7e,
    0xc3, 0x17, 0xd1, 0x58, 0xc1, 0xcc, 0x2f, 0xa3, 0x7d, 0xce, 0x3e, 0x46,
    0xba, 0xdf, 0xf0, 0x45, 0x34, 0x56, 0x30, 0xf3, 0xcb, 0x68, 0x9f, 0xb3,
    0x8f, 0x91, 0xee, 0x37, 0x7c, 0x11, 0x8d, 0x15, 0xcc, 0xfc, 0x32, 0xda,
    0xe7, 0xec, 0x63, 0xa4, 0xfb, 0x0d, 0x5f, 0x44, 0x63, 0x05, 0x33, 0xbf,
    0x8c, 0xf6, 0x39, 0xfb, 0x18, 0xe9, 0x7e, 0xc3, 0x17, 0xd1, 0x58, 0xc1,
    0xcc, 0x2f, 0x23, 0x21, 0x67, 0x21, 0x23, 0x15, 0x46, 0x7c, 0x20, 0x8d,
    0x15, 0xcc, 0xfc, 0x10, 0x12, 0x62, 0xf6, 0x31, 0x52, 0x61, 0xc4, 0x07,
    0xd2, 0x58, 0xc1, 0xcc, 0x0f, 0x21, 0x21, 0x66, 0x1f, 0x23, 0x15, 0x46,
    0x7c, 0x20, 0x8d, 0x15, 0xcc, 0xfc, 0x10, 0x12, 0x62, 0xf6, 0x31, 0x52,
    0x61, 0xc4, 0x07, 0xd2, 0x58, 0xc1, 0xcc, 0x0f, 0x21, 0x21, 0x66, 0x1f,
    0x23, 0x15, 0x46, 0x7c, 0x20, 0x8d, 0x15, 0xcc, 0xfc, 0x10, 0x12, 0x62,
    0xf6, 0x31, 0x52, 0x61, 0xc4, 0x07, 0xd2, 0x58, 0xc1, 0xcc, 0x0f, 0x21,
    0x21, 0x66, 0x1f, 0x23, 0x15, 0x46, 0x7c, 0x20, 0x8d, 0x15, 0xcc, 0xfc,
    0x10, 0x12, 0x62, 0xf6, 0x31, 0x52, 0x61, 0xc4, 0x07, 0xd2, 0x58, 0xc1,
    0xcc, 0x0f, 0x21, 0x23, 0x66, 0x21, 0x23, 0x35, 0x56, 0x30, 0xd3, 0x58,
    0xc1, 0x4c, 0xf6, 0x31, 0x52, 0xf6, 0x31, 0x52, 0x63, 0x05, 0x33, 0x8d,
    0x15, 0xcc, 0x64, 0x1f, 0x23, 0x65, 0x1f, 0x23, 0x35, 0x56, 0x30, 0xd3,
    0x58, 0xc1, 0x4c, 0xf6, 0x31, 0x52, 0xf6, 0x31, 0x52, 0x63, 0x05, 0x33,
    0x8d, 0x15, 0xcc, 0x64, 0x1f, 0x23, 0x65, 0x1f, 0x23, 0x35, 0x56, 0x30,
    0xd3, 0x58, 0xc1, 0x4c, 0xf6, 0x31, 0x52, 0xf6, 0x31, 0x52, 0x63, 0x05,
    0x33, 0x8d, 0x15, 0xcc, 0x64, 0x1f, 0x23, 0x65, 0x1f, 0x23, 0x35, 0x56,
    0x30, 0xd3, 0x58, 0xc1, 0x4c, 0xf6, 0x31, 0x52, 0xf6, 0x31, 0x52, 0x63,
    0x05, 0x33, 0x8d, 0x15, 0xcc, 0x64, 0x9f, 0xff, 0x48, 0xca, 0x4f, 0x60,
    0xa4, 0xbf, 0xff, 0x70, 0xc6, 0x0a, 0x66, 0xfe, 0x6d, 0x34, 0x5e, 0x80,
    0xdf, 0xdc, 0x48, 0x8d, 0x15, 0xcc, 0x34, 0x56, 0x30, 0x93, 0x7d, 0x8c,
    0x94, 0x7d, 0x8c, 0xd4, 0x58, 0xc1, 0x4c, 0x63, 0x05, 0x33, 0xd9, 0xc7,
    0x48, 0xd9, 0xc7, 0x48, 0x8d, 0x15, 0xcc, 0x34, 0x56, 0x30, 0x93, 0x7d,
    0x8c, 0x94, 0x7d, 0x8c, 0xd4, 0x58, 0xc1, 0x4c, 0x63, 0x05, 0x33, 0xd9,
    0xc7, 0x48, 0xd9, 0xc7, 0x48, 0x8d, 0x15, 0xcc, 0x34, 0x56, 0x30, 0x93,
    0x7d, 0x8c, 0x94, 0x7d, 0x8c, 0xd4, 0x58, 0xc1, 0x4c, 0x63, 0x05, 0x33,
    0xd9, 0xc7, 0x48, 0xd9, 0xc7, 0x48, 0x8d, 0x15, 0x1f, 0x4c, 0x63, 0x06,
    0x33, 0x3f, 0x84, 0x84, 0x98, 0x7d, 0x8c, 0x54, 0x18, 0xf1, 0x81, 0x34,
    0x56, 0x30, 0xf3, 0x43, 0x48, 0x88, 0xd9, 0xc7, 0x48, 0x85, 0x11, 0x1f,
    0x48, 0x63, 0x05, 0x33, 0x3f, 0x84, 0x84, 0x98, 0x7d, 0x8c, 0x54, 0x18,
    0xf1, 0x81, 0x34, 0x56, 0x30, 0xf3, 0x43, 0x48, 0x88, 0xd9, 0xc7, 0x48,
    0x85, 0x11, 0x1f, 0x48, 0x63, 0x05, 0x33, 0x3f, 0x84, 0x84, 0x98, 0x7d,
    0x8c, 0x54, 0x18, 0xf1, 0x81, 0x34, 0x56, 0x30, 0xf3, 0x43, 0x48, 0x88,
    0xd9, 0xc7, 0x48, 0x85, 0x11, 0x1f, 0x48, 0x63, 0x05, 0x33, 0x3f, 0x84,
    0x84, 0x98, 0x7d, 0x8c, 0x54, 0x18, 0xf1, 0x81, 0x34, 0x56, 0x30, 0xf3,
    0x43, 0x48, 0x88, 0xd9, 0xc7, 0x48, 0x85, 0x11, 0x5f, 0x48, 0x63, 0x06,
    0x33, 0xbf, 0x8c, 0xf6, 0x39, 0xfb, 0x18, 0xe9, 0x7e, 0xc3, 0x17, 0xd1,
    0x58, 0xc1, 0xcc, 0x2f, 0xa3, 0x7d, 0xce, 0x3e, 0x46, 0xba, 0xdf, 0xf0,
    0x45, 0x34, 0x56, 0x30, 0xf3, 0xcb, 0x68, 0x9f, 0xb3, 0x8f, 0x91, 0xee,
    0x37, 0x7c, 0x11, 0x8d, 0x15, 0xcc, 0xfc, 0x32, 0xda, 0xe7, 0xec, 0x63,
    0xa4, 0xfb, 0x0d, 0x5f, 0x44, 0x63, 0x05, 0x33, 0xbf, 0x8c, 0xf6, 0x39,
    0xfb, 0x18, 0xe9, 0x7e, 0xc3, 0x17, 0xd1, 0x58, 0xc1, 0xcc, 0x2f, 0xa3,
    0x7d, 0xce, 0x3e, 0x46, 0xba, 0xdf, 0xf0, 0x45, 0x34, 0x56, 0x30, 0xf3,
    0xcb, 0x68, 0x9f, 0xb3, 0x8f, 0x91, 0xee, 0x37, 0x7c, 0x11, 0x8d, 0x15,
    0xcc, 0xfc, 0x32, 0xda, 0xe7, 0xec, 0x63, 0xa4, 0xfb, 0x0d, 0x9f, 0x44,
    0x63, 0x06, 0x33, 0x3f, 0x95, 0xe6, 0x07, 0xec, 0x63, 0xa4, 0xf3, 0x09,
    0x9f, 0x40, 0x63, 0x05, 0x33, 0x3f, 0x95, 0xe6, 0x07, 0xec, 0x63, 0xa4,
    0xf3, 0x09, 0x9f, 0x40, 0x63, 0x05, 0x33, 0x3f, 0x95, 0xe6, 0x07, 0xec,
    0x63, 0xa4, 0xf3, 0x09, 0x9f, 0x40, 0x63, 0x05, 0x33, 0x3f, 0x95, 0xe6,
    0x07, 0xec, 0x63, 0xa4, 0xf3, 0x09, 0x9f, 0x40, 0x63, 0x05, 0x33, 0x3f,
    0x95, 0xe6, 0x07, 0xec, 0x63, 0xa4, 0xf3, 0x09, 0x9f, 0x40, 0x63, 0x05,
    0x33, 0x3f, 0x95, 0xe6, 0x07, 0xec, 0x63, 0xa4, 0xf3, 0x09, 0x9f, 0x40,
    0x63, 0x05, 0x33, 0x3f, 0x95, 0xe6, 0x07, 0xec, 0x63, 0xa4, 0xf3, 0x09,
    0x9f, 0x40, 0x63, 0x05, 0x33, 0x3f, 0x95, 0xe6, 0x07, 0xec, 0x63, 0xa4,
    0xf3, 0x09, 0xdf, 0x40, 0x63, 0x06, 0x33, 0xbf, 0x9d, 0xd6, 0x17, 0xec,
    0x63, 0xa4, 0xeb, 0x05, 0xdf, 0x3c, 0x63, 0x05, 0x33, 0xbf, 0x9d, 0xd6,
    0x17, 0xec, 0x63, 0xa4, 0xeb, 0x05, 0xdf, 0x3c, 0x63, 0x05, 0x33, 0xbf,
    0x9d, 0xd6, 0x17, 0xec, 0x63, 0xa4, 0xeb, 0x05, 0xdf, 0x3c, 0x63, 0x05,
    0x33, 0xbf, 0x9d, 0xd6, 0x17, 0xec, 0x63, 0xa4, 0xeb, 0x05, 0xdf, 0x3c,
    0x63, 0x05, 0x33, 0xbf, 0x9d, 0xd6, 0x17, 0xec, 0x63, 0xa4, 0xeb, 0x05,
    0xdf, 0x3c, 0x63, 0x05, 0x33, 0xbf, 0x9d, 0xd6, 0x17, 0xec, 0x63, 0xa4,
    0xeb, 0x05, 0xdf, 0x3c, 0x63, 0x05, 0x33, 0xbf, 0x9d, 0xd6, 0x17, 0xec,
    0x63, 0xa4, 0xeb, 0x05, 0xdf, 0x3c, 0x63, 0x05, 0x33, 0xbf, 0x9d, 0xd6,
    0x17, 0xec, 0x63, 0xa4, 0xeb, 0x05, 0x0f, 0x3c, 0x63, 0x06, 0x33, 0x1f,
    0xa4, 0xc6, 0x27, 0xec, 0x63, 0xa4, 0xe3, 0x01, 0x0f, 0x38, 0x63, 0x05,
    0x33, 0x1f, 0xa4, 0xc6, 0x27, 0xec, 0x63, 0xa4, 0xe3, 0x01, 0x0f, 0x38,
    0x63, 0x05, 0x33, 0x1f, 0xa4, 0xc6, 0x27, 0xec, 0x63, 0xa4, 0xe3, 0x01,
    0x0f, 0x38, 0x63, 0x05, 0x33, 0x1f, 0xa4, 0xc6, 0x27, 0xec, 0x63, 0xa4,
    0xe3, 0x01, 0x0f, 0x38, 0x63, 0x05, 0x33, 0x1f, 0xa4, 0xc6, 0x27, 0xec,
    0x63, 0xa4, 0xe3, 0x01, 0x0f, 0x38, 0x63, 0x05, 0x33, 0x1f, 0xa4, 0xc6,
    0x27, 0xec, 0x63, 0xa4, 0xe3, 0x01, 0x0f, 0x38, 0x63, 0x05, 0x33, 0x1f,
    0xa4, 0xc6, 0x27, 0xec, 0x63, 0xa4, 0xe3, 0x01, 0x0f, 0x38, 0x63, 0x05,
    0x33, 0x1f, 0xa4, 0xc6, 0x27, 0xec, 0x63, 0xa4, 0xe3, 0x01, 0x2f, 0x38,
    0x63, 0x06, 0x33, 0x5f, 0xac, 0xb6, 0x37, 0xec, 0x63, 0xa4, 0x5b, 0xff,
    0x17, 0x9a, 0xb1, 0x82, 0x99, 0x2f, 0x56, 0xdb, 0x1b, 0xf6, 0x31, 0xd2,
    0xad, 0xff, 0x0b, 0xcd, 0x58, 0xc1, 0xcc, 0x17, 0xab, 0xed, 0x0d, 0xfb,
    0x18, 0xe9, 0xd6, 0xff, 0x85, 0x66, 0xac, 0x60, 0xe6, 0x8b, 0xd5, 0xf6,
    0x86, 0x7d, 0x8c, 0x74, 0xeb, 0xff, 0x42, 0x33, 0x56, 0x30, 0xf3, 0xc5,
    0x6a, 0x7b, 0xc3, 0x3e, 0x46, 0xba, 0xf5, 0x7f, 0xa1, 0x19, 0x2b, 0x98,
    0xf9, 0x62, 0xb5, 0xbd, 0x61, 0x1f, 0x23, 0xdd, 0xfa, 0xbf, 0xd0, 0x8c,
    0x15, 0xcc, 0x7c, 0xb1, 0xda, 0xde, 0xb0, 0x8f, 0x91, 0x6e, 0xfd, 0x5f,
    0x68, 0xc6, 0x0a, 0x66, 0xbe, 0x58, 0x6d, 0x6f, 0xd8, 0xc7, 0x48, 0xb7,
    0xfe, 0x4f, 0x34, 0x63, 0x06, 0x33, 0x9f, 0xb4, 0xa6, 0x47, 0xec, 0x63,
    0xa4, 0x53, 0xfd, 0x27, 0x98, 0xb1, 0x82, 0x99, 0x4f, 0x5a, 0xd3, 0x23,
    0xf6, 0x31, 0xd2, 0xa9, 0xfe, 0x13, 0xcc, 0x58, 0xc1, 0xcc, 0x27, 0xad,
    0xe9, 0x11, 0xfb, 0x18, 0xe9, 0x54, 0xff, 0x09, 0x66, 0xac, 0x60, 0xe6,
    0x93, 0xd6, 0xf4, 0x88, 0x7d, 0x8c, 0x74, 0xaa, 0xff, 0x04, 0x33, 0x56,
    0x30, 0xf3, 0x49, 0x6b, 0x7a, 0xc4, 0x3e, 0x46, 0x3a, 0xd5, 0x7f, 0x82,
    0x19, 0x2b, 0x98, 0xf9, 0xa4, 0x35, 0x3d, 0x62, 0x1f, 0x23, 0x9d, 0xea,
    0x3f, 0xc1, 0x8c, 0x15, 0xcc, 0x7c, 0xd2, 0x9a, 0x1e, 0xb1, 0x8f, 0x91,
    0x4e, 0xf5, 0x9f, 0x60, 0xc6, 0x0a, 0x66, 0x3e, 0x69, 0x4d, 0x8f, 0xd8,
    0xc7, 0x48, 0xa7, 0xfa, 0x6f, 0x30, 0x63, 0x06, 0x33, 0xdf, 0xbc, 0x96,
    0x57, 0xec, 0x63, 0xa4, 0x4b, 0xfb, 0x37, 0x96, 0xb1, 0x82, 0x99, 0x6f,
    0x5e, 0xcb, 0x2b, 0xf6, 0x31, 0xd2, 0xa5, 0xfd, 0x1b, 0xcb, 0x58, 0xc1,
    0xcc, 0x37, 0xaf, 0xe5, 0x15, 0xfb, 0x18, 0xe9, 0xd2, 0xfe, 0x8d, 0x65,
    0xac, 0x60, 0xe6, 0x9b, 0xd7, 0xf2, 0x8a, 0x7d, 0x8c, 0x74, 0x69, 0xff,
    0xc6, 0x32, 0x56, 0x30, 0xf3, 0xcd, 0x6b, 0x79, 0xc5, 0x3e, 0x46, 0xba,
    0xb4, 0x7f, 0x63, 0x19, 0x2b, 0x98, 0xf9, 0xe6, 0xb5, 0xbc, 0x62, 0x1f,
    0x23, 0x5d, 0xda, 0xbf, 0xb1, 0x8c, 0x15, 0xcc, 0x7c, 0xf3, 0x5a, 0x5e,
    0xb1, 0x8f, 0x91, 0x2e, 0xed, 0xdf, 0x58, 0xc6, 0x0a, 0x66, 0xbe, 0x79,
    0x2d, 0xaf, 0xd8, 0xc7, 0x48, 0x97, 0xf6, 0x8f, 0x2c, 0x63, 0x06, 0x33,
    0x1f, 0xc5, 0x86, 0x67, 0xec, 0x63, 0xa4, 0x43, 0xf9, 0x47, 0x94, 0xb1,
    0x82, 0x99, 0x8f, 0x62, 0xc3, 0x33, 0xf6, 0x31, 0xd2, 0xa1, 0xfc, 0x23,
    0xca, 0x58, 0xc1, 0xcc, 0x47, 0xb1, 0xe1, 0x19, 0xfb, 0x18, 0xe9, 0x50,
    0xfe, 0x11, 0x65, 0xac, 0x60, 0xe6, 0xa3, 0xd8, 0xf0, 0x8c, 0x7d, 0x8c,
    0x74, 0x28, 0xff, 0x88, 0x32, 0x56, 0x30, 0xf3, 0x51, 0x6c, 0x78, 0xc6,
    0x3e, 0x46, 0x3a, 0x94, 0x7f, 0x44, 0x19, 0x2b, 0x98, 0xf9, 0x28, 0x36,
    0x3c, 0x63, 0x1f, 0x23, 0x1d, 0xca, 0x3f, 0xa2, 0x8c, 0x15, 0xcc, 0x7c,
    0x14, 0x1b, 0x9e, 0xb1, 0x8f, 0x91, 0x0e, 0xe5, 0x1f, 0x51, 0xc6, 0x0a,
    0x66, 0x3e, 0x8a, 0x0d, 0xcf, 0xd8, 0xc7, 0x48, 0x87, 0xf2, 0xaf, 0x28,
    0x63, 0x06, 0x33, 0x5f, 0xcd, 0x76, 0x77, 0xec, 0x63, 0xa4, 0x3b, 0xf7,
    0x57, 0x92, 0xb1, 0x82, 0x99, 0xaf, 0x66, 0xbb, 0x3b, 0xf6, 0x31, 0xd2,
    0x9d, 0xfb, 0x2b, 0xc9, 0x58, 0xc1, 0xcc, 0x57, 0xb3, 0xdd, 0x1d, 0xfb,
    0x18, 0xe9, 0xce, 0xfd, 0x95, 0x64, 0xac, 0x60, 0xe6, 0xab, 0xd9, 0xee,
    0x8e, 0x7d, 0x8c, 0x74, 0xe7, 0xfe, 0x4a, 0x32, 0x56, 0x30, 0xf3, 0xd5,
    0x6c, 0x77, 0xc7, 0x3e, 0x46, 0xba, 0x73, 0x7f, 0x25, 0x19, 0x2b, 0x98,
    0xf9, 0x6a, 0xb6, 0xbb, 0x63, 0x1f, 0x23, 0xdd, 0xb9, 0xbf, 0x92, 0x8c,
    0x15, 0xcc, 0x7c, 0x35, 0xdb, 0xdd, 0xb1, 0x8f, 0x91, 0xee, 0xdc, 0x5f,
    0x49, 0xc6, 0x0a, 0x66, 0xbe, 0x9a, 0xed, 0xee, 0xd8, 0xc7, 0x48, 0x77,
    0xee, 0xcf, 0x24, 0x63, 0x06, 0x33, 0x9f, 0xd5, 0x66, 0x87, 0xec, 0x63,
    0xa4, 0x33, 0xf5, 0x67, 0x90, 0xb1, 0x82, 0x99, 0xcf, 0x6a, 0xb3, 0x43,
    0xf6, 0x31, 0xd2, 0x99, 0xfa, 0x33, 0xc8, 0x58, 0xc1, 0xcc, 0x67, 0xb5,
    0xd9, 0x21, 0xfb, 0x18, 0xe9, 0x4c, 0xfd, 0x19, 0x64, 0xac, 0x60, 0xe6,
    0xb3, 0xda, 0xec, 0x90, 0x7d, 0x8c, 0x74, 0xa6, 0xfe, 0x0c, 0x32, 0x56,
    0x30, 0xf3, 0x59, 0x6d, 0x76, 0xc8, 0x3e, 0x46, 0x3a, 0x53, 0x7f, 0x06,
    0x19, 0x2b, 0x98, 0xf9, 0xac, 0x36, 0x3b, 0x64, 0x1f, 0x23, 0x9d, 0xa9,
    0x3f, 0x83, 0x8c, 0x15, 0xcc, 0x7c, 0x56, 0x9b, 0x1d, 0xb2, 0x8f, 0x91,
    0xce, 0xd4, 0x9f, 0x41, 0xc6, 0x0a, 0x66, 0x3e, 0xab, 0xcd, 0x0e, 0xd9,
    0xc7, 0x48, 0x67, 0xea, 0xef, 0x20, 0x63, 0x06, 0x33, 0xdf, 0xdd, 0x56,
    0x97, 0xec, 0x63, 0xa4, 0x2b, 0xf3, 0x77, 0x8e, 0xb1, 0x82, 0x99, 0xef,
    0x6e, 0xab, 0x4b, 0xf6, 0x31, 0xd2, 0x95, 0xf9, 0x3b, 0xc7, 0x58, 0xc1,
    0xcc, 0x77, 0xb7, 0xd5, 0x25, 0xfb, 0x18, 0xe9, 0xca, 0xfc, 0x9d, 0x63,
    0xac, 0x60, 0xe6, 0xbb, 0xdb, 0xea, 0x92, 0x7d, 0x8c, 0x74, 0x65, 0xfe,
    0xce, 0x31, 0x56, 0x30, 0xf3, 0xdd, 0x6d, 0x75, 0xc9, 0x3e, 0x46, 0xba,
    0x32, 0x7f, 0xe7, 0x18, 0x2b, 0x98, 0xf9, 0xee, 0xb6, 0xba, 0x64, 0x1f,
    0x23, 0x5d, 0x99, 0xbf, 0x73, 0x8c, 0x15, 0xcc, 0x7c, 0x77, 0x5b, 0x5d,
    0xb2, 0x8f, 0x91, 0xae, 0xcc, 0xdf, 0x39, 0xc6, 0x0a, 0x66, 0xbe, 0xbb,
    0xad, 0x2e, 0xd9, 0xc7, 0x48, 0x57, 0xe6, 0x07, 0x8e, 0x31, 0x83, 0x99,
    0x07, 0xb9, 0xd1, 0x29, 0xfb, 0x18, 0xe9, 0x48, 0xfc, 0x80, 0x31, 0x56,
    0x30, 0xf3, 0x20, 0x37, 0x3a, 0x65, 0x1f, 0x23, 0x1d, 0x89, 0x1f, 0x30,
    0xc6, 0x0a, 0x66, 0x1e, 0xe4, 0x46, 0xa7, 0xec, 0x63, 0xa4, 0x23, 0xf1,
    0x03, 0xc6, 0x58, 0xc1, 0xcc, 0x83, 0xdc, 0xe8, 0x94, 0x7d, 0x8c, 0x74,
    0x24, 0x7e, 0xc0, 0x18, 0x2b, 0x98, 0x79, 0x90, 0x1b, 0x9d, 0xb2, 0x8f,
    0x91, 0x8e, 0xc4, 0x0f, 0x18, 0x63, 0x05, 0x33, 0x0f, 0x72, 0xa3, 0x53,
    0xf6, 0x31, 0xd2, 0x91, 0xf8, 0x01, 0x63, 0xac, 0x60, 0xe6, 0x41, 0x6e,
    0x74, 0xca, 0x3e, 0x46, 0x3a, 0x12, 0x3f, 0x60, 0x8c, 0x15, 0xcc, 0x3c,
    0xc8, 0x8d, 0x4e, 0xd9, 0xc7, 0x48, 0x47, 0xe2, 0x17, 0x8c, 0x31, 0x83,
    0x99, 0x17, 0xbb, 0xcd, 0x2d, 0xfb, 0x18, 0xe9, 0xc6, 0xfb, 0x42, 0x31,
    0x56, 0x30, 0xf3, 0x62, 0xb7, 0xb9, 0x65, 0x1f, 0x23, 0xdd, 0x78, 0x5f,
    0x28, 0xc6, 0x0a, 0x66, 0x5e, 0xec, 0x36, 0xb7, 0xec, 0x63, 0xa4, 0x1b,
    0xef, 0x0b, 0xc5, 0x58, 0xc1, 0xcc, 0x8b, 0xdd, 0xe6, 0x96, 0x7d, 0x8c,
    0x74, 0xe3, 0x7d, 0xa1, 0x18, 0x2b, 0x98, 0x79, 0xb1, 0xdb, 0xdc, 0xb2,
    0x8f, 0x91, 0x6e, 0xbc, 0x2f, 0x14, 0x63, 0x05, 0x33, 0x2f, 0x76, 0x9b,
    0x5b, 0xf6, 0x31, 0xd2, 0x8d, 0xf7, 0x85, 0x62, 0xac, 0x60, 0xe6, 0xc5,
    0x6e, 0x73, 0xcb, 0x3e, 0x46, 0xba, 0xf1, 0xbe, 0x50, 0x8c, 0x15, 0xcc,
    0xbc, 0xd8, 0x6d, 0x6e, 0xd9, 0xc7, 0x48, 0x37, 0xde, 0x27, 0x8a, 0x31,
    0x83, 0x99, 0x27, 0xbd, 0xc9, 0x31, 0xfb, 0x18, 0xe9, 0x44, 0xfb, 0x04,
    0x31, 0x56, 0x30, 0xf3, 0xa4, 0x37, 0x39, 0x66, 0x1f, 0x23, 0x9d, 0x68,
    0x9f, 0x20, 0xc6, 0x0a, 0x66, 0x9e, 0xf4, 0x26, 0xc7, 0xec, 0x63, 0xa4,
    0x13, 0xed, 0x13, 0xc4, 0x58, 0xc1, 0xcc, 0x93, 0xde, 0xe4, 0x98, 0x7d,
    0x8c, 0x74, 0xa2, 0x7d, 0x82, 0x18, 0x2b, 0x98, 0x79, 0xd2, 0x9b, 0x1c,
    0xb3, 0x8f, 0x91, 0x4e, 0xb4, 0x4f, 0x10, 0x63, 0x05, 0x33, 0x4f, 0x7a,
    0x93, 0x63, 0xf6, 0x31, 0xd2, 0x89, 0xf6, 0x09, 0x62, 0xac, 0x60, 0xe6,
    0x49, 0x6f, 0x72, 0xcc, 0x3e, 0x46, 0x3a, 0xd1, 0x3e, 0x41, 0x8c, 0x15,
    0xcc, 0x3c, 0xe9, 0x4d, 0x8e, 0xd9, 0xc7, 0x48, 0x27, 0xda, 0x37, 0x88,
    0x31, 0x83, 0x99, 0x37, 0xbf, 0xc5, 0x35, 0xfb, 0x18, 0xe9, 0xc2, 0xfa,
    0xc6, 0x30, 0x56, 0x30, 0xf3, 0xe6, 0xb7, 0xb8, 0x66, 0x1f, 0x23, 0x5d,
    0x58, 0xdf, 0x18, 0xc6, 0x0a, 0x66, 0xde, 0xfc, 0x16, 0xd7, 0xec, 0x63,
    0xa4, 0x0b, 0xeb, 0x1b, 0xc3, 0x58, 0xc1, 0xcc, 0x9b, 0xdf, 0xe2, 0x9a,
    0x7d, 0x8c, 0x74, 0x61, 0x7d, 0x63, 0x18, 0x2b, 0x98, 0x79, 0xf3, 0x5b,
    0x5c, 0xb3, 0x8f, 0x91, 0x2e, 0xac, 0x6f, 0x0c, 0x63, 0x05, 0x33, 0x6f,
    0x7e, 0x8b, 0x6b, 0xf6, 0x31, 0xd2, 0x85, 0xf5, 0x8d, 0x61, 0xac, 0x60,
    0xe6, 0xcd, 0x6f, 0x71, 0xcd, 0x3e, 0x46, 0xba, 0xb0, 0xbe, 0x31, 0x8c,
    0x15, 0xcc, 0xbc, 0xf9, 0x2d, 0xae, 0xd9, 0xc7, 0x48, 0x17, 0xd6, 0x47,
    0x86, 0x31, 0x83, 0x99, 0x47, 0xc1, 0xc1, 0x39, 0xfb, 0x18, 0xe9, 0x40,
    0xfa, 0x88, 0x30, 0x56, 0x30, 0xf3, 0x28, 0x38, 0x38, 0x67, 0x1f, 0x23,
    0x1d, 0x48, 0x1f, 0x11, 0xc6, 0x0a, 0x66, 0x1e, 0x05, 0x07, 0xe7, 0xec,
    0x63, 0xa4, 0x03, 0xe9, 0x23, 0xc2, 0x58, 0xc1, 0xcc, 0xa3, 0xe0, 0xe0,
    0x9c, 0x7d, 0x8c, 0x74, 0x20, 0x7d, 0x44, 0x18, 0x2b, 0x98, 0x79, 0x14,
    0x1c, 0x9c, 0xb3, 0x8f, 0x91, 0x0e, 0xa4, 0x8f, 0x08, 0x63, 0x05, 0x33,
    0x8f, 0x82, 0x83, 0x73, 0xf6, 0x31, 0xd2, 0x81, 0xf4, 0x11, 0x61, 0xac,
    0x60, 0xe6, 0x51, 0x70, 0x70, 0xce, 0x3e, 0x46, 0x3a, 0x90, 0x3e, 0x22,
    0x8c, 0x15, 0xcc, 0x3c, 0x0a, 0x0e, 0xce, 0xd9, 0xc7, 0x48, 0x07, 0xd2,
    0x57, 0x84, 0x31, 0x83, 0x99, 0x57, 0xc3, 0xfe, 0x9e, 0x7d, 0x8c, 0xb4,
    0x77, 0xbe, 0x12, 0x8c, 0x15, 0xcc, 0xbc, 0x1a, 0xf6, 0xf7, 0xec, 0x63,
    0xa4, 0xbd, 0xf3, 0x95, 0x60, 0xac, 0x60, 0xe6, 0xd5, 0xb0, 0xbf, 0x67,
    0x1f, 0x23, 0xed, 0x9d, 0xaf, 0x04, 0x63, 0x05, 0x33, 0xaf, 0x86, 0xfd,
    0x3d, 0xfb, 0x18, 0x69, 0xef, 0x7c, 0x25, 0x18, 0x2b, 0x98, 0x79, 0x35,
    0xec, 0xef, 0xd9, 0xc7, 0x48, 0x7b, 0xe7, 0x2b, 0xc1, 0x58, 0xc1, 0xcc,
    0xab, 0x61, 0x7f, 0xcf, 0x3e, 0x46, 0xda, 0x3b, 0x5f, 0x09, 0xc6, 0x0a,
    0x66, 0x5e, 0x0d, 0xfb, 0x7b, 0xf6, 0x31, 0xd2, 0xde, 0xf9, 0x4a, 0x30,
    0x56, 0x30, 0xf3, 0x6a, 0xd8, 0xdf, 0xb3, 0x8f, 0x91, 0xf6, 0xce, 0x67,
    0x82, 0x31, 0x83, 0x99, 0x67, 0xc5, 0xba, 0xc0, 0x3e, 0x46, 0x5a, 0x2b,
    0x9f, 0x01, 0xc6, 0x0a, 0x66, 0x9e, 0x15, 0xeb, 0x02, 0xfb, 0x18, 0x69,
    0xad, 0x7c, 0x06, 0x18, 0x2b, 0x98, 0x79, 0x56, 0xac, 0x0b, 0xec, 0x63,
    0xa4, 0xb5, 0xf2, 0x19, 0x60, 0xac, 0x60, 0xe6, 0x59, 0xb1, 0x2e, 0xb0,
    0x8f, 0x91, 0xd6, 0xca, 0x67, 0x80, 0xb1, 0x82, 0x99, 0x67, 0xc5, 0xba,
    0xc0, 0x3e, 0x46, 0x5a, 0x2b, 0x9f, 0x01, 0xc6, 0x0a, 0x66, 0x9e, 0x15,
    0xeb, 0x02, 0xfb, 0x18, 0x69, 0xad, 0x7c, 0x06, 0x18, 0x2b, 0x98, 0x79,
    0x56, 0xac, 0x0b, 0xec, 0x63, 0xa4, 0xb5, 0xf2, 0x19, 0x60, 0xac, 0x60,
    0xe6, 0x59, 0xb1, 0x2e, 0xb0, 0x8f, 0x91, 0xd6, 0xca, 0x77, 0x80, 0x31,
    0x83, 0x99, 0x77, 0xc7, 0xb6, 0xc1, 0x3e, 0x46, 0xda, 0x1a, 0xdf, 0xfb,
    0xc6, 0x0a, 0x66, 0xde, 0x1d, 0xdb, 0x06, 0xfb, 0x18, 0x69, 0x6b, 0x7c,
    0xef, 0x1b, 0x2b, 0x98, 0x79, 0x77, 0x6c, 0x1b, 0xec, 0x63, 0xa4, 0xad,
    0xf1, 0xbd, 0x6f, 0xac, 0x60, 0xe6, 0xdd, 0xb1, 0x6d, 0xb0, 0x8f, 0x91,
    0xb6, 0xc6, 0xf7, 0xbe, 0xb1, 0x82, 0x99, 0x77, 0xc7, 0xb6, 0xc1, 0x3e,
    0x46, 0xda, 0x1a, 0xdf, 0xfb, 0xc6, 0x0a, 0x66, 0xde, 0x1d, 0xdb, 0x06,
    0xfb, 0x18, 0x69, 0x6b, 0x7c, 0xef, 0x1b, 0x2b, 0x98, 0x79, 0x77, 0x6c,
    0x1b, 0xec, 0x63, 0xa4, 0xad, 0xf1, 0xbd, 0x6f, 0xac, 0x60, 0xe6, 0xdd,
    0xb1, 0x6d, 0xb0, 0x8f, 0x91, 0xb6, 0xc6, 0x41, 0xdf, 0x98, 0xc1, 0xcc,
    0x40, 0xb2, 0xac, 0xb0, 0x8f, 0x91, 0x96, 0xc2, 0x41, 0xdd, 0x58, 0xc1,
    0xcc, 0x40, 0xb2, 0xac, 0xb0, 0x8f, 0x91, 0x96, 0xc2, 0x41, 0xdd, 0x58,
    0xc1, 0xcc, 0x40, 0xb2, 0xac, 0xb0, 0x8f, 0x91, 0x96, 0xc2, 0x41, 0xdd,
    0x58, 0xc1, 0xcc, 0x40, 0xb2, 0xac, 0xb0, 0x8f, 0x91, 0x96, 0xc2, 0x41,
    0xdd, 0x58, 0xc1, 0xcc, 0x40, 0xb2, 0xac, 0xb0, 0x8f, 0x91, 0x96, 0xc2,
    0x41, 0xdd, 0x58, 0xc1, 0xcc, 0x40, 0xb2, 0xac, 0xb0, 0x8f, 0x91, 0x96,
    0xc2, 0x41, 0xdd, 0x58, 0xc1, 0xcc, 0x40, 0xb2, 0xac, 0xb0, 0x8f, 0x91,
    0x96, 0xc2, 0x41, 0xdd, 0x58, 0xc1, 0xcc, 0x40, 0xb2, 0xac, 0xb0, 0x8f,
    0x91, 0x96, 0xc2, 0x49, 0xdd, 0x98, 0xc1, 0xcc, 0xc4, 0xb2, 0xeb, 0xb0,
    0x8f, 0x91, 0x76, 0xbe, 0x49, 0xdb, 0x58, 0xc1, 0xcc, 0xc4, 0xb2, 0xeb,
    0xb0, 0x8f, 0x91, 0x76, 0xbe, 0x49, 0xdb, 0x58, 0xc1, 0xcc, 0xc4, 0xb2,
    0xeb, 0xb0, 0x8f, 0x91, 0x76, 0xbe, 0x49, 0xdb, 0x58, 0xc1, 0xcc, 0xc4,
    0xb2, 0xeb, 0xb0, 0x8f, 0x91, 0x76, 0xbe, 0x49, 0xdb, 0x58, 0xc1, 0xcc,
    0xc4, 0xb2, 0xeb, 0xb0, 0x8f, 0x91, 0x76, 0xbe, 0x49, 0xdb, 0x58, 0xc1,
    0xcc, 0xc4, 0xb2, 0xeb, 0xb0, 0x8f, 0x91, 0x76, 0xbe, 0x49, 0xdb, 0x58,
    0xc1, 0xcc, 0xc4, 0xb2, 0xeb, 0xb0, 0x8f, 0x91, 0x76, 0xbe, 0x49, 0xdb,
    0x58, 0xc1, 0xcc, 0xc4, 0xb2, 0xeb, 0xb0, 0x8f, 0x91, 0x76, 0xbe, 0x51,
    0xdb, 0x98, 0xc1, 0xcc, 0x48, 0xb3, 0x2a, 0xb1, 0x8f, 0x91, 0x56, 0xba,
    0x51, 0xd9, 0x58, 0xc1, 0xcc, 0x48, 0xb3, 0x2a, 0xb1, 0x8f, 0x91, 0x56,
    0xba, 0x51, 0xd9, 0x58, 0xc1, 0xcc, 0x48, 0xb3, 0x2a, 0xb1, 0x8f, 0x91,
    0x56, 0xba, 0x51, 0xd9, 0x58, 0xc1, 0xcc, 0x48, 0xb3, 0x2a, 0xb1, 0x8f,
    0x91, 0x56, 0xba, 0x51, 0xd9, 0x58, 0xc1, 0xcc, 0x48, 0xb3, 0x2a, 0xb1,
    0x8f, 0x91, 0x56, 0xba, 0x51, 0xd9, 0x58, 0xc1, 0xcc, 0x48, 0xb3, 0x2a,
    0xb1, 0x8f, 0x91, 0x56, 0xba, 0x51, 0xd9, 0x58, 0xc1, 0xcc, 0x48, 0xb3,
    0x2a, 0xb1, 0x8f, 0x91, 0x56, 0xba, 0x51, 0xd9, 0x58, 0xc1, 0xcc, 0x48,
    0xb3, 0x2a, 0xb1, 0x8f, 0x91, 0x56, 0xba, 0x59, 0xd9, 0x98, 0xc1, 0xcc,
    0xcc, 0xb3, 0x69, 0xb1, 0x8f, 0x91, 0x36, 0xb6, 0x59, 0xd7, 0x58, 0xc1,
    0xcc, 0xcc, 0xb3, 0x69, 0xb1, 0x8f, 0x91, 0x36, 0xb6, 0x59, 0xd7, 0x58,
    0xc1, 0xcc, 0xcc, 0xb3, 0x69, 0xb1, 0x8f, 0x91, 0x36, 0xb6, 0x59, 0xd7,
    0x58, 0xc1, 0xcc, 0xcc, 0xb3, 0x69, 0xb1, 0x8f, 0x91, 0x36, 0xb6, 0x59,
    0xd7, 0x58, 0xc1, 0xcc, 0xcc, 0xb3, 0x69, 0xb1, 0x8f, 0x91, 0x36, 0xb6,
    0x59, 0xd7, 0x58, 0xc1, 0xcc, 0xcc, 0xb3, 0x69, 0xb1, 0x8f, 0x91, 0x36,
    0xb6, 0x59, 0xd7, 0x58, 0xc1, 0xcc, 0xcc, 0xb3, 0x69, 0xb1, 0x8f, 0x91,
    0x36, 0xb6, 0x59, 0xd7, 0x58, 0xc1, 0xcc, 0xcc, 0xb3, 0x69, 0xb1, 0x8f,
    0x91, 0x36, 0xb6, 0x61, 0xd7, 0x98, 0xc1, 0xcc, 0x50, 0xb4, 0xa8, 0xb1,
    0x8f, 0x91, 0x16, 0xb2, 0x61, 0xd5, 0x58, 0xc1, 0xcc, 0x50, 0xb4, 0xa8,
    0xb1, 0x8f, 0x91, 0x16, 0xb2, 0x61, 0xd5, 0x58, 0xc1, 0xcc, 0x50, 0xb4,
    0xa8, 0xb1, 0x8f, 0x91, 0x16, 0xb2, 0x61, 0xd5, 0x58, 0xc1, 0xcc, 0x50,
    0xb4, 0xa8, 0xb1, 0x8f, 0x91, 0x16, 0xb2, 0x61, 0xd5, 0x58, 0xc1, 0xcc,
    0x50, 0xb4, 0xa8, 0xb1, 0x8f, 0x91, 0x16, 0xb2, 0x61, 0xd5, 0x58, 0xc1,
    0xcc, 0x50, 0xb4, 0xa8, 0xb1, 0x8f, 0x91, 0x16, 0xb2, 0x61, 0xd5, 0x58,
    0xc1, 0xcc, 0x50, 0xb4, 0xa8, 0xb1, 0x8f, 0x91, 0x16, 0xb2, 0x61, 0xd5,
    0x58, 0xc1, 0xcc, 0x50, 0xb4, 0xa8, 0xb1, 0x8f, 0x91, 0x16, 0xb2, 0x69,
    0xd5, 0x98, 0xc1, 0xcc, 0xd4, 0x34, 0xef, 0xb1, 0x8f, 0x91, 0xe6, 0xae,
    0x69, 0xd3, 0x58, 0xc1, 0xcc, 0xd4, 0x34, 0xef, 0xb1, 0x8f, 0x91, 0xe6,
    0xae, 0x69, 0xd3, 0x58, 0xc1, 0xcc, 0xd4, 0x34, 0xef, 0xb1, 0x8f, 0x91,
    0xe6, 0xae, 0x69, 0xd3, 0x58, 0xc1, 0xcc, 0xd4, 0x34, 0xef, 0xb1, 0x8f,
    0x91, 0xe6, 0xae, 0x69, 0xd3, 0x58, 0xc1, 0xcc, 0xd4, 0x34, 0xef, 0xb1,
    0x8f, 0x91, 0xe6, 0xae, 0x69, 0xd3, 0x58, 0xc1, 0xcc, 0xd4, 0x34, 0xef,
    0xb1, 0x8f, 0x91, 0xe6, 0xae, 0x69, 0xd3, 0x58, 0xc1, 0xcc, 0xd4, 0x34,
    0xef, 0xb1, 0x8f, 0x91, 0xe6, 0xae, 0x69, 0xd3, 0x58, 0xc1, 0xcc, 0xd4,
    0x34, 0xef, 0xb1, 0x8f, 0x91, 0xe6, 0xae, 0x71, 0xd3, 0x98, 0xc1, 0xcc,
    0x58, 0x35, 0x2e, 0xb2, 0x8f, 0x91, 0xc6, 0xaa, 0x71, 0xd1, 0x58, 0xc1,
    0xcc, 0x58, 0x35, 0x2e, 0xb2, 0x8f, 0x91, 0xc6, 0xaa, 0x71, 0xd1, 0x58,
    0xc1, 0xcc, 0x58, 0x35, 0x2e, 0xb2, 0x8f, 0x91, 0xc6, 0xaa, 0x71, 0xd1,
    0x58, 0xc1, 0xcc, 0x58, 0x35, 0x2e, 0xb2, 0x8f, 0x91, 0xc6, 0xaa, 0x71,
    0xd1, 0x58, 0xc1, 0xcc, 0x58, 0x35, 0x2e, 0xb2, 0x8f, 0x91, 0xc6, 0xaa,
    0x71, 0xd1, 0x58, 0xc1, 0xcc, 0x58, 0x35, 0x2e, 0xb2, 0x8f, 0x91, 0xc6,
    0xaa, 0x71, 0xd1, 0x58, 0xc1, 0xcc, 0x58, 0x35, 0x2e, 0xb2, 0x8f, 0x91,
    0xc6, 0xaa, 0x71, 0xd1, 0x58, 0xc1, 0xcc, 0x58, 0x35, 0x2e, 0xb2, 0x8f,
    0x91, 0xc6, 0xaa, 0x79, 0xd1, 0x98, 0xc1, 0xcc, 0xdc, 0x35, 0x6d, 0xb2,
    0x8f, 0x91, 0xa6, 0xa6, 0x79, 0xcf, 0x58, 0xc1, 0xcc, 0xdc, 0x35, 0x6d,
    0xb2, 0x8f, 0x91, 0xa6, 0xa6, 0x79, 0xcf, 0x58, 0xc1, 0xcc, 0xdc, 0x35,
    0x6d, 0xb2, 0x8f, 0x91, 0xa6, 0xa6, 0x79, 0xcf, 0x58, 0xc1, 0xcc, 0xdc,
    0x35, 0x6d, 0xb2, 0x8f, 0x91, 0xa6, 0xa6, 0x79, 0xcf, 0x58, 0xc1, 0xcc,
    0xdc, 0x35, 0x6d, 0xb2, 0x8f, 0x91, 0xa6, 0xa6, 0x79, 0xcf, 0x58, 0xc1,
    0xcc, 0xdc, 0x35, 0x6d, 0xb2, 0x8f, 0x91, 0xa6, 0xa6, 0x79, 0xcf, 0x58,
    0xc1, 0xcc, 0xdc, 0x35, 0x6d, 0xb2, 0x8f, 0x91, 0xa6, 0xa6, 0x79, 0xcf,
    0x58, 0xc1, 0xcc, 0xdc, 0x35, 0x6d, 0xb2, 0x8f, 0x91, 0xa6, 0xa6, 0x45,
    0xcf, 0x98, 0xc1, 0xcc, 0x42, 0x36, 0xac, 0xb2, 0x8f, 0x91, 0x86, 0xa2,
    0x45, 0xcd, 0x58, 0xc1, 0xcc, 0x42, 0x36, 0xac, 0xb2, 0x8f, 0x91, 0x86,
    0xa2, 0x45, 0xcd, 0x58, 0xc1, 0xcc, 0x42, 0x36, 0xac, 0xb2, 0x8f, 0x91,
    0x86, 0xa2, 0x45, 0xcd, 0x58, 0xc1, 0xcc, 0x42, 0x36, 0xac, 0xb2, 0x8f,
    0x91, 0x86, 0xa2, 0x45, 0xcd, 0x58, 0xc1, 0xcc, 0x42, 0x36, 0xac, 0xb2,
    0x8f, 0x91, 0x86, 0xa2, 0x45, 0xcd, 0x58, 0xc1, 0xcc, 0x42, 0x36, 0xac,
    0xb2, 0x8f, 0x91, 0x86, 0xa2, 0x45, 0xcd, 0x58, 0xc1, 0xcc, 0x42, 0x36,
    0xac, 0xb2, 0x8f, 0x91, 0x86, 0xa2, 0x45, 0xcd, 0x58, 0xc1, 0xcc, 0x42,
    0x36, 0xac, 0xb2, 0x8f, 0x91, 0x86, 0xa2, 0x4d, 0xcd, 0x98, 0xc1, 0xcc,
    0xc6, 0x36, 0xeb, 0xb2, 0x8f, 0x91, 0x66, 0x9e, 0x4d, 0xcb, 0x58, 0xc1,
    0xcc, 0xc6, 0x36, 0xeb, 0xb2, 0x8f, 0x91, 0x66, 0x9e, 0x4d, 0xcb, 0x58,
    0xc1, 0xcc, 0xc6, 0x36, 0xeb, 0xb2, 0x8f, 0x91, 0x66, 0x9e, 0x4d, 0xcb,
    0x58, 0xc1, 0xcc, 0xc6, 0x36, 0xeb, 0xb2, 0x8f, 0x91, 0x66, 0x9e, 0x4d,
    0xcb, 0x58, 0xc1, 0xcc, 0xc6, 0x36, 0xeb, 0xb2, 0x8f, 0x91, 0x66, 0x9e,
    0x4d, 0xcb, 0x58, 0xc1, 0xcc, 0xc6, 0x36, 0xeb, 0xb2, 0x8f, 0x91, 0x66,
    0x9e, 0x4d, 0xcb, 0x58, 0xc1, 0xcc, 0xc6, 0x36, 0xeb, 0xb2, 0x8f, 0x91,
    0x66, 0x9e, 0x4d, 0xcb, 0x58, 0xc1, 0xcc, 0xc6, 0x36, 0xeb, 0xb2, 0x8f,
    0x91, 0x66, 0x9e, 0x55, 0xcb, 0x98, 0xc1, 0xcc, 0x4a, 0x37, 0x2a, 0xb3,
    0x8f, 0x91, 0x46, 0x9a, 0x55, 0xc9, 0x58, 0xc1, 0xcc, 0x4a, 0x37, 0x2a,
    0xb3, 0x8f, 0x91, 0x46, 0x9a, 0x55, 0xc9, 0x58, 0xc1, 0xcc, 0x4a, 0x37,
    0x2a, 0xb3, 0x8f, 0x91, 0x46, 0x9a, 0x55, 0xc9, 0x58, 0xc1, 0xcc, 0x4a,
    0x37, 0x2a, 0xb3, 0x8f, 0x91, 0x46, 0x9a, 0x55, 0xc9, 0x58, 0xc1, 0xcc,
    0x4a, 0x37, 0x2a, 0xb3, 0x8f, 0x91, 0x46, 0x9a, 0x55, 0xc9, 0x58, 0xc1,
    0xcc, 0x4a, 0x37, 0x2a, 0xb3, 0x8f, 0x91, 0x46, 0x9a, 0x55, 0xc9, 0x58,
    0xc1, 0xcc, 0x4a, 0x37, 0x2a, 0xb3, 0x8f, 0x91, 0x46, 0x9a, 0x55, 0xc9,
    0x58, 0xc1, 0xcc, 0x4a, 0x37, 0x2a, 0xb3, 0x8f, 0x91, 0x46, 0x9a, 0x5d,
    0xc9, 0x98, 0xc1, 0xcc, 0xce, 0x37, 0x69, 0xb3, 0x8f, 0x91, 0x26, 0x96,
    0x5d, 0xc7, 0x58, 0xc1, 0xcc, 0xce, 0x37, 0x69, 0xb3, 0x8f, 0x91, 0x26,
    0x96, 0x5d, 0xc7, 0x58, 0xc1, 0xcc, 0xce, 0x37, 0x69, 0xb3, 0x8f, 0x91,
    0x26, 0x96, 0x5d, 0xc7, 0x58, 0xc1, 0xcc, 0xce, 0x37, 0x69, 0xb3, 0x8f,
    0x91, 0x26, 0x96, 0x5d, 0xc7, 0x58, 0xc1, 0xcc, 0xce, 0x37, 0x69, 0xb3,
    0x8f, 0x91, 0x26, 0x96, 0x5d, 0xc7, 0x58, 0xc1, 0xcc, 0xce, 0x37, 0x69,
    0xb3, 0x8f, 0x91, 0x26, 0x96, 0x5d, 0xc7, 0x58, 0xc1, 0xcc, 0xce, 0x37,
    0x69, 0xb3, 0x8f, 0x91, 0x26, 0x96, 0x5d, 0xc7, 0x58, 0xc1, 0xcc, 0xce,
    0x37, 0x69, 0xb3, 0x8f, 0x91, 0x26, 0x96, 0x65, 0xc7, 0x98, 0xc1, 0xcc,
    0x52, 0x38, 0xa8, 0xb3, 0x8f, 0x91, 0x06, 0x92, 0x65, 0xc5, 0x58, 0xc1,
    0xcc, 0x52, 0x38, 0xa8, 0xb3, 0x8f, 0x91, 0x06, 0x92, 0x65, 0xc5, 0x58,
    0xc1, 0xcc, 0x52, 0x38, 0xa8, 0xb3, 0x8f, 0x91, 0x06, 0x92, 0x65, 0xc5,
    0x58, 0xc1, 0xcc, 0x52, 0x38, 0xa8, 0xb3, 0x8f, 0x91, 0x06, 0x92, 0x65,
    0xc5, 0x58, 0xc1, 0xcc, 0x52, 0x38, 0xa8, 0xb3, 0x8f, 0x91, 0x06, 0x92,
    0x65, 0xc5, 0x58, 0xc1, 0xcc, 0x52, 0x38, 0xa8, 0xb3, 0x8f, 0x91, 0x06,
    0x92, 0x65, 0xc5, 0x58, 0xc1, 0xcc, 0x52, 0x38, 0xa8, 0xb3, 0x8f, 0x91,
    0x06, 0x92, 0x65, 0xc5, 0x58, 0xc1, 0xcc, 0x52, 0x38, 0xa8, 0xb3, 0x8f,
    0x91, 0x06, 0x92, 0x6d, 0xc5, 0x98, 0xc1, 0xcc, 0xd6, 0xf8, 0xde, 0x67,
    0x1f, 0x23, 0xbd, 0x3b, 0xb6, 0x0d, 0x63, 0x05, 0x33, 0x5b, 0xe3, 0x7b,
    0x9f, 0x7d, 0x8c, 0xf4, 0xee, 0xd8, 0x36, 0x8c, 0x15, 0xcc, 0x6c, 0x8d,
    0xef, 0x7d, 0xf6, 0x31, 0xd2, 0xbb, 0x63, 0xdb, 0x30, 0x56, 0x30, 0xb3,
    0x35, 0xbe, 0xf7, 0xd9, 0xc7, 0x48, 0xef, 0x8e, 0x6d, 0xc3, 0x58, 0xc1,
    0xcc, 0xd6, 0xf8, 0xde, 0x67, 0x1f, 0x23, 0xbd, 0x3b, 0xb6, 0x0d, 0x63,
    0x05, 0x33, 0x5b, 0xe3, 0x7b, 0x9f, 0x7d, 0x8c, 0xf4, 0xee, 0xd8, 0x36,
    0x8c, 0x15, 0xcc, 0x6c, 0x8d, 0xef, 0x7d, 0xf6, 0x31, 0xd2, 0xbb, 0x63,
    0xdb, 0x30, 0x56, 0x30, 0xb3, 0x35, 0xbe, 0xf7, 0xd9, 0xc7, 0x48, 0xef,
    0x8e, 0x75, 0xc3, 0x98, 0xc1, 0xcc, 0x5a, 0xf9, 0x0c, 0x60, 0x1f, 0x23,
    0x3d, 0x2b, 0xd6, 0x05, 0x63, 0x05, 0x33, 0x6b, 0xe5, 0x33, 0x80, 0x7d,
    0x8c, 0xf4, 0xac, 0x58, 0x17, 0x8c, 0x15, 0xcc, 0xac, 0x95, 0xcf, 0x00,
    0xf6, 0x31, 0xd2, 0xb3, 0x62, 0x5d, 0x30, 0x56, 0x30, 0xb3, 0x56, 0x3e,
    0x03, 0xd8, 0xc7, 0x48, 0xcf, 0x8a, 0x75, 0xc1, 0x58, 0xc1, 0xcc, 0x5a,
    0xf9, 0x0c, 0x60, 0x1f, 0x23, 0x3d, 0x2b, 0xd6, 0x05, 0x63, 0x05, 0x33,
    0x6b, 0xe5, 0x33, 0x80, 0x7d, 0x8c, 0xf4, 0xac, 0x58, 0x17, 0x8c, 0x15,
    0xcc, 0xac, 0x95, 0xcf, 0x00, 0xf6, 0x31, 0xd2, 0xb3, 0x62, 0x5d, 0x30,
    0x56, 0x30, 0xb3, 0x56, 0x3e, 0x03, 0xd8, 0xc7, 0x48, 0xcf, 0x8a, 0x7d,
    0xc1, 0x98, 0xc1, 0xcc, 0xde, 0xf9, 0x4a, 0x60, 0x1f, 0x23, 0xbd, 0x1a,
    0xf6, 0xf7, 0xc6, 0x0a, 0x66, 0xf6, 0xce, 0x57, 0x02, 0xfb, 0x18, 0xe9,
    0xd5, 0xb0, 0xbf, 0x37, 0x56, 0x30, 0xb3, 0x77, 0xbe, 0x12, 0xd8, 0xc7,
    0x48, 0xaf, 0x86, 0xfd, 0xbd, 0xb1, 0x82, 0x99, 0xbd, 0xf3, 0x95, 0xc0,
    0x3e, 0x46, 0x7a, 0x35, 0xec, 0xef, 0x8d, 0x15, 0xcc, 0xec, 0x9d, 0xaf,
    0x04, 0xf6, 0x31, 0xd2, 0xab, 0x61, 0x7f, 0x6f, 0xac, 0x60, 0x66, 0xef,
    0x7c, 0x25, 0xb0, 0x8f, 0x91, 0x5e, 0x0d, 0xfb, 0x7b, 0x63, 0x05, 0x33,
    0x7b, 0xe7, 0x2b, 0x81, 0x7d, 0x8c, 0xf4, 0x6a, 0xd8, 0xdf, 0x1b, 0x2b,
    0x98, 0xd9, 0x3b, 0x5f, 0x09, 0xec, 0x63, 0xa4, 0x57, 0xc3, 0xc1, 0xbd,
    0x31, 0x83, 0x99, 0x03, 0xe9, 0x23, 0x82, 0x7d, 0x8c, 0xf4, 0x28, 0x38,
    0x38, 0x37, 0x56, 0x30, 0x73, 0x20, 0x7d, 0x44, 0xb0, 0x8f, 0x91, 0x1e,
    0x05, 0x07, 0xe7, 0xc6, 0x0a, 0x66, 0x0e, 0xa4, 0x8f, 0x08, 0xf6, 0x31,
    0xd2, 0xa3, 0xe0, 0xe0, 0xdc, 0x58, 0xc1, 0xcc, 0x81, 0xf4, 0x11, 0xc1,
    0x3e, 0x46, 0x7a, 0x14, 0x1c, 0x9c, 0x1b, 0x2b, 0x98, 0x39, 0x90, 0x3e,
    0x22, 0xd8, 0xc7, 0x48, 0x8f, 0x82, 0x83, 0x73, 0x63, 0x05, 0x33, 0x07,
    0xd2, 0x47, 0x04, 0xfb, 0x18, 0xe9, 0x51, 0x70, 0x70, 0x6e, 0xac, 0x60,
    0xe6, 0x40, 0xfa, 0x88, 0x60, 0x1f, 0x23, 0x3d, 0x0a, 0x0e, 0xce, 0x8d,
    0x15, 0xcc, 0x1c, 0x48, 0x1f, 0x11, 0xec, 0x63, 0xa4, 0x3f, 0x06, 0x94,
    0x99, 0xc7, 0x37, 0x19, 0x9c, 0xb3, 0x8f, 0x91, 0x0e, 0xa4, 0x8f, 0x08,
    0x63, 0x05, 0x33, 0x8f, 0x82, 0x83, 0x73, 0xf6, 0x31, 0xd2, 0x81, 0xf4,
    0x11, 0x61, 0xac, 0x60, 0xe6, 0x51, 0x70, 0x70, 0xce, 0x3e, 0x46, 0x3a,
    0x90, 0x3e, 0x22, 0x8c, 0x15, 0xcc, 0x3c, 0x0a, 0x0e, 0xce, 0xd9, 0xc7,
    0x48, 0x07, 0xd2, 0x47, 0x84, 0xb1, 0x82, 0x99, 0x47, 0xc1, 0xc1, 0x39,
    0xfb, 0x18, 0xe9, 0x40, 0xfa, 0x88, 0x30, 0x56, 0x30, 0xf3, 0x28, 0x38,
    0x38, 0x67, 0x1f, 0x23, 0x1d, 0x48, 0x1f, 0x11, 0xc6, 0x0a, 0x66, 0x1e,
    0x05, 0x07, 0xe7, 0xec, 0x63, 0xa4, 0x03, 0xe9, 0x23, 0xc2, 0x58, 0xc1,
    0xcc, 0xa3, 0xe0, 0xe0, 0x9c, 0x7d, 0x8c, 0x74, 0x20, 0x7d, 0x45, 0x18,
    0x33, 0x98, 0x79, 0x35, 0xec, 0xde, 0xf7, 0x56, 0x13, 0x00, 0x00, 0x20,
    0x00, 0x49, 0x44, 0x41, 0x54, 0xef, 0xd9, 0xc7, 0x48, 0x7b, 0xe7, 0x2b,
    0xc1, 0x58, 0xc1, 0xcc, 0xab, 0x61, 0x7f, 0xcf, 0x3e, 0x46, 0xda, 0x3b,
    0x5f, 0x09, 0xc6, 0x0a, 0x66, 0x5e, 0x0d, 0xfb, 0x7b, 0xf6, 0x31, 0xd2,
    0xde, 0xf9, 0x4a, 0x30, 0x56, 0x30, 0xf3, 0x6a, 0xd8, 0xdf, 0xb3, 0x8f,
    0x91, 0xf6, 0xce, 0x57, 0x82, 0xb1, 0x82, 0x99, 0x57, 0xc3, 0xfe, 0x9e,
    0x7d, 0x8c, 0xb4, 0x77, 0xbe, 0x12, 0x8c, 0x15, 0xcc, 0xbc, 0x1a, 0xf6,
    0xf7, 0xec, 0x63, 0xa4, 0xbd, 0xf3, 0x95, 0x60, 0xac, 0x60, 0xe6, 0xd5,
    0xb0, 0xbf, 0x67, 0x1f, 0x23, 0xed, 0x9d, 0xaf, 0x04, 0x63, 0x05, 0x33,
    0xaf, 0x86, 0xfd, 0x3d, 0xfb, 0x18, 0x69, 0xef, 0x7c, 0x26, 0x18, 0x33,
    0x98, 0x79, 0x56, 0xac, 0x0b, 0xec, 0x63, 0xa4, 0xb5, 0xf2, 0x19, 0x60,
    0xac, 0x60, 0xe6, 0x59, 0xb1, 0x2e, 0xb0, 0x8f, 0x91, 0xd6, 0xca, 0x67,
    0x80, 0xb1, 0x82, 0x99, 0x67, 0xc5, 0xba, 0xc0, 0x3e, 0x46, 0x5a, 0x2b,
    0x9f, 0x01, 0xc6, 0x0a, 0x66, 0x9e, 0x15, 0xeb, 0x02, 0xfb, 0x18, 0x69,
    0xad, 0x7c, 0x06, 0x18, 0x2b, 0x98, 0x79, 0x56, 0xac, 0x0b, 0xec, 0x63,
    0xa4, 0xb5, 0xf2, 0x19, 0x60, 0xac, 0x60, 0xe6, 0x59, 0xb1, 0x2e, 0xb0,
    0x8f, 0x91, 0xd6, 0xca, 0x67, 0x80, 0xb1, 0x82, 0x99, 0x67, 0xc5, 0xba,
    0xc0, 0x3e, 0x46, 0x5a, 0x2b, 0x9f, 0x01, 0xc6, 0x0a, 0x66, 0x9e, 0x15,
    0xeb, 0x02, 0xfb, 0x18, 0x69, 0xad, 0x7c, 0x07, 0x18, 0x33, 0x98, 0x79,
    0x77, 0x6c, 0x1b, 0xec, 0x63, 0xa4, 0xad, 0xf1, 0xbd, 0x6f, 0xac, 0x60,
    0xe6, 0xdd, 0xb1, 0x6d, 0xb0, 0x8f, 0x91, 0xb6, 0xc6, 0xf7, 0xbe, 0xb1,
    0x82, 0x99, 0x77, 0xc7, 0xb6, 0xc1, 0x3e, 0x46, 0xda, 0x1a, 0xdf, 0xfb,
    0xc6, 0x0a, 0x66, 0xde, 0x1d, 0xdb, 0x06, 0xfb, 0x18, 0x69, 0x6b, 0x7c,
    0xef, 0x1b, 0x2b, 0x98, 0x79, 0x77, 0x6c, 0x1b, 0xec, 0x63, 0xa4, 0xad,
    0xf1, 0xbd, 0x6f, 0xac, 0x60, 0xe6, 0xdd, 0xb1, 0x6d, 0xb0, 0x8f, 0x91,
    0xb6, 0xc6, 0xf7, 0xbe, 0xb1, 0x82, 0x99, 0x77, 0xc7, 0xb6, 0xc1, 0x3e,
    0x46, 0xda, 0x1a, 0xdf, 0xfb, 0xc6, 0x0a, 0x66, 0xde, 0x1d, 0xdb, 0x06,
    0xfb, 0x18, 0x69, 0x6b, 0x1c, 0xf4, 0x8d, 0x19, 0xcc, 0x0c, 0x24, 0xcb,
    0x0a, 0xfb, 0x18, 0x69, 0x29, 0x1c, 0xd4, 0x8d, 0x15, 0xcc, 0x0c, 0x24,
    0xcb, 0x0a, 0xfb, 0x18, 0x69, 0x29, 0x1c, 0xd4, 0x8d, 0x15, 0xcc, 0x0c,
    0x24, 0xcb, 0x0a, 0xfb, 0x18, 0x69, 0x29, 0x1c, 0xd4, 0x8d, 0x15, 0xcc,
    0x0c, 0x24, 0xcb, 0x0a, 0xfb, 0x18, 0x69, 0x29, 0x1c, 0xd4, 0x8d, 0x15,
    0xcc, 0x0c, 0x24, 0xcb, 0x0a, 0xfb, 0x18, 0x69, 0x29, 0x1c, 0xd4, 0x8d,
    0x15, 0xcc, 0x0c, 0x24, 0xcb, 0x0a, 0xfb, 0x18, 0x69, 0x29, 0x1c, 0xd4,
    0x8d, 0x15, 0xcc, 0x0c, 0x24, 0xcb, 0x0a, 0xfb, 0x18, 0x69, 0x29, 0x1c,
    0xd4, 0x8d, 0x15, 0xcc, 0x0c, 0x24, 0xcb, 0x0a, 0xfb, 0x18, 0x69, 0x29,
    0x9c, 0xd4, 0x8d, 0x19, 0xcc, 0x4c, 0x2c, 0xbb, 0x0e, 0xfb, 0x18, 0x69,
    0xe7, 0x9b, 0xb4, 0x8d, 0x15, 0xcc, 0x4c, 0x2c, 0xbb, 0x0e, 0xfb, 0x18,
    0x69, 0xe7, 0x9b, 0xb4, 0x8d, 0x15, 0xcc, 0x4c, 0x2c, 0xbb, 0x0e, 0xfb,
    0x18, 0x69, 0xe7, 0x9b, 0xb4, 0x8d, 0x15, 0xcc, 0x4c, 0x2c, 0xbb, 0x0e,
    0xfb, 0x18, 0x69, 0xe7, 0x9b, 0xb4, 0x8d, 0x15, 0xcc, 0x4c, 0x2c, 0xbb,
    0x0e, 0xfb, 0x18, 0x69, 0xe7, 0x9b, 0xb4, 0x8d, 0x15, 0xcc, 0x4c, 0x2c,
    0xbb, 0x0e, 0xfb, 0x18, 0x69, 0xe7, 0x9b, 0xb4, 0x8d, 0x15, 0xcc, 0x4c,
    0x2c, 0xbb, 0x0e, 0xfb, 0x18, 0x69, 0xe7, 0x9b, 0xb4, 0x8d, 0x15, 0xcc,
    0x4c, 0x2c, 0xbb, 0x0e, 0xfb, 0x18, 0x69, 0xe7, 0x1b, 0xb5, 0x8d, 0x19,
    0xcc, 0x8c, 0x34, 0xab, 0x12, 0xfb, 0x18, 0x69, 0xa5, 0x1b, 0x95, 0x8d,
    0x15, 0xcc, 0x8c, 0x34, 0xab, 0x12, 0xfb, 0x18, 0x69, 0xa5, 0x1b, 0x95,
    0x8d, 0x15, 0xcc, 0x8c, 0x34, 0xab, 0x12, 0xfb, 0x18, 0x69, 0xa5, 0x1b,
    0x95, 0x8d, 0x15, 0xcc, 0x8c, 0x34, 0xab, 0x12, 0xfb, 0x18, 0x69, 0xa5,
    0x1b, 0x95, 0x8d, 0x15, 0xcc, 0x8c, 0x34, 0xab, 0x12, 0xfb, 0x18, 0x69,
    0xa5, 0x1b, 0x95, 0x8d, 0x15, 0xcc, 0x8c, 0x34, 0xab, 0x12, 0xfb, 0x18,
    0x69, 0xa5, 0x1b, 0x95, 0x8d, 0x15, 0xcc, 0x8c, 0x34, 0xab, 0x12, 0xfb,
    0x18, 0x69, 0xa5, 0x1b, 0x95, 0x8d, 0x15, 0xcc, 0x8c, 0x34, 0xab, 0x12,
    0xfb, 0x18, 0x69, 0xa5, 0x9b, 0x95, 0x8d, 0x19, 0xcc, 0xcc, 0x3c, 0x9b,
    0x16, 0xfb, 0x18, 0x69, 0x63, 0x9b, 0x75, 0x8d, 0x15, 0xcc, 0xcc, 0x3c,
    0x9b, 0x16, 0xfb, 0x18, 0x69, 0x63, 0x9b, 0x75, 0x8d, 0x15, 0xcc, 0xcc,
    0x3c, 0x9b, 0x16, 0xfb, 0x18, 0x69, 0x63, 0x9b, 0x75, 0x8d, 0x15, 0xcc,
    0xcc, 0x3c, 0x9b, 0x16, 0xfb, 0x18, 0x69, 0x63, 0x9b, 0x75, 0x8d, 0x15,
    0xcc, 0xcc, 0x3c, 0x9b, 0x16, 0xfb, 0x18, 0x69, 0x63, 0x9b, 0x75, 0x8d,
    0x15, 0xcc, 0xcc, 0x3c, 0x9b, 0x16, 0xfb, 0x18, 0x69, 0x63, 0x9b, 0x75,
    0x8d, 0x15, 0xcc, 0xcc, 0x3c, 0x9b, 0x16, 0xfb, 0x18, 0x69, 0x63, 0x9b,
    0x75, 0x8d, 0x15, 0xcc, 0xcc, 0x3c, 0x9b, 0x16, 0xfb, 0x18, 0x69, 0x63,
    0x1b, 0x76, 0x8d, 0x19, 0xcc, 0x0c, 0x45, 0x8b, 0x1a, 0xfb, 0x18, 0x69,
    0x21, 0x1b, 0x56, 0x8d, 0x15, 0xcc, 0x0c, 0x45, 0x8b, 0x1a, 0xfb, 0x18,
    0x69, 0x21, 0x1b, 0x56, 0x8d, 0x15, 0xcc, 0x0c, 0x45, 0x8b, 0x1a, 0xfb,
    0x18, 0x69, 0x21, 0x1b, 0x56, 0x8d, 0x15, 0xcc, 0x0c, 0x45, 0x8b, 0x1a,
    0xfb, 0x18, 0x69, 0x21, 0x1b, 0x56, 0x8d, 0x15, 0xcc, 0x0c, 0x45, 0x8b,
    0x1a, 0xfb, 0x18, 0x69, 0x21, 0x1b, 0x56, 0x8d, 0x15, 0xcc, 0x0c, 0x45,
    0x8b, 0x1a, 0xfb, 0x18, 0x69, 0x21, 0x1b, 0x56, 0x8d, 0x15, 0xcc, 0x0c,
    0x45, 0x8b, 0x1a, 0xfb, 0x18, 0x69, 0x21, 0x1b, 0x56, 0x8d, 0x15, 0xcc,
    0x0c, 0x45, 0x8b, 0x1a, 0xfb, 0x18, 0x69, 0x21, 0x9b, 0x56, 0x8d, 0x19,
    0xcc, 0x4c, 0x4d, 0xf3, 0x1e, 0xfb, 0x18, 0x69, 0xee, 0x9a, 0x36, 0x8d,
    0x15, 0xcc, 0x4c, 0x4d, 0xf3, 0x1e, 0xfb, 0x18, 0x69, 0xee, 0x9a, 0x36,
    0x8d, 0x15, 0xcc, 0x4c, 0x4d, 0xf3, 0x1e, 0xfb, 0x18, 0x69, 0xee, 0x9a,
    0x36, 0x8d, 0x15, 0xcc, 0x4c, 0x4d, 0xf3, 0x1e, 0xfb, 0x18, 0x69, 0xee,
    0x9a, 0x36, 0x8d, 0x15, 0xcc, 0x4c, 0x4d, 0xf3, 0x1e, 0xfb, 0x18, 0x69,
    0xee, 0x9a, 0x36, 0x8d, 0x15, 0xcc, 0x4c, 0x4d, 0xf3, 0x1e, 0xfb, 0x18,
    0x69, 0xee, 0x9a, 0x36, 0x8d, 0x15, 0xcc, 0x4c, 0x4d, 0xf3, 0x1e, 0xfb,
    0x18, 0x69, 0xee, 0x9a, 0x36, 0x8d, 0x15, 0xcc, 0x4c, 0x4d, 0xf3, 0x1e,
    0xfb, 0x18, 0x69, 0xee, 0x1a, 0x37, 0x8d, 0x19, 0xcc, 0x8c, 0x55, 0xe3,
    0x22, 0xfb, 0x18, 0x69, 0xac, 0x1a, 0x17, 0x8d, 0x15, 0xcc, 0x8c, 0x55,
    0xe3, 0x22, 0xfb, 0x18, 0x69, 0xac, 0x1a, 0x17, 0x8d, 0x15, 0xcc, 0x8c,
    0x55, 0xe3, 0x22, 0xfb, 0x18, 0x69, 0xac, 0x1a, 0x17, 0x8d, 0x15, 0xcc,
    0x8c, 0x55, 0xe3, 0x22, 0xfb, 0x18, 0x69, 0xac, 0x1a, 0x17, 0x8d, 0x15,
    0xcc, 0x8c, 0x55, 0xe3, 0x22, 0xfb, 0x18, 0x69, 0xac, 0x1a, 0x17, 0x8d,
    0x15, 0xcc, 0x8c, 0x55, 0xe3, 0x22, 0xfb, 0x18, 0x69, 0xac, 0x1a, 0x17,
    0x8d, 0x15, 0xcc, 0x8c, 0x55, 0xe3, 0x22, 0xfb, 0x18, 0x69, 0xac, 0x1a,
    0x17, 0x8d, 0x15, 0xcc, 0x8c, 0x55, 0xe3, 0x22, 0xfb, 0x18, 0x69, 0xac,
    0x9a, 0x17, 0x8d, 0x19, 0xcc, 0xcc, 0x5d, 0xd3, 0x26, 0xfb, 0x18, 0x69,
    0x6a, 0x9a, 0xf7, 0x8c, 0x15, 0xcc, 0xcc, 0x5d, 0xd3, 0x26, 0xfb, 0x18,
    0x69, 0x6a, 0x9a, 0xf7, 0x8c, 0x15, 0xcc, 0xcc, 0x5d, 0xd3, 0x26, 0xfb,
    0x18, 0x69, 0x6a, 0x9a, 0xf7, 0x8c, 0x15, 0xcc, 0xcc, 0x5d, 0xd3, 0x26,
    0xfb, 0x18, 0x69, 0x6a, 0x9a, 0xf7, 0x8c, 0x15, 0xcc, 0xcc, 0x5d, 0xd3,
    0x26, 0xfb, 0x18, 0x69, 0x6a, 0x9a, 0xf7, 0x8c, 0x15, 0xcc, 0xcc, 0x5d,
    0xd3, 0x26, 0xfb, 0x18, 0x69, 0x6a, 0x9a, 0xf7, 0x8c, 0x15, 0xcc, 0xcc,
    0x5d, 0xd3, 0x26, 0xfb, 0x18, 0x69, 0x6a, 0x9a, 0xf7, 0x8c, 0x15, 0xcc,
    0xcc, 0x5d, 0xd3, 0x26, 0xfb, 0x18, 0x69, 0x6a, 0x5a, 0xf4, 0x8c, 0x19,
    0xcc, 0x2c, 0x64, 0xc3, 0x2a, 0xfb, 0x18, 0x69, 0x28, 0x5a, 0xd4, 0x8c,
    0x15, 0xcc, 0x2c, 0x64, 0xc3, 0x2a, 0xfb, 0x18, 0x69, 0x28, 0x5a, 0xd4,
    0x8c, 0x15, 0xcc, 0x2c, 0x64, 0xc3, 0x2a, 0xfb, 0x18, 0x69, 0x28, 0x5a,
    0xd4, 0x8c, 0x15, 0xcc, 0x2c, 0x64, 0xc3, 0x2a, 0xfb, 0x18, 0x69, 0x28,
    0x5a, 0xd4, 0x8c, 0x15, 0xcc, 0x2c, 0x64, 0xc3, 0x2a, 0xfb, 0x18, 0x69,
    0x28, 0x5a, 0xd4, 0x8c, 0x15, 0xcc, 0x2c, 0x64, 0xc3, 0x2a, 0xfb, 0x18,
    0x69, 0x28, 0x5a, 0xd4, 0x8c, 0x15, 0xcc, 0x2c, 0x64, 0xc3, 0x2a, 0xfb,
    0x18, 0x69, 0x28, 0x5a, 0xd4, 0x8c, 0x15, 0xcc, 0x2c, 0x64, 0xc3, 0x2a,
    0xfb, 0x18, 0x69, 0x28, 0xda, 0xd4, 0x8c, 0x19, 0xcc, 0x6c, 0x6c, 0xb3,
    0x2e, 0xfb, 0x18, 0x69, 0xe6, 0xd9, 0xb4, 0x8c, 0x15, 0xcc, 0x6c, 0x6c,
    0xb3, 0x2e, 0xfb, 0x18, 0x69, 0xe6, 0xd9, 0xb4, 0x8c, 0x15, 0xcc, 0x6c,
    0x6c, 0xb3, 0x2e, 0xfb, 0x18, 0x69, 0xe6, 0xd9, 0xb4, 0x8c, 0x15, 0xcc,
    0x6c, 0x6c, 0xb3, 0x2e, 0xfb, 0x18, 0x69, 0xe6, 0xd9, 0xb4, 0x8c, 0x15,
    0xcc, 0x6c, 0x6c, 0xb3, 0x2e, 0xfb, 0x18, 0x69, 0xe6, 0xd9, 0xb4, 0x8c,
    0x15, 0xcc, 0x6c, 0x6c, 0xb3, 0x2e, 0xfb, 0x18, 0x69, 0xe6, 0xd9, 0xb4,
    0x8c, 0x15, 0xcc, 0x6c, 0x6c, 0xb3, 0x2e, 0xfb, 0x18, 0x69, 0xe6, 0xd9,
    0xb4, 0x8c, 0x15, 0xcc, 0x6c, 0x6c, 0xb3, 0x2e, 0xfb, 0x18, 0x69, 0xe6,
    0x59, 0xb5, 0x8c, 0x19, 0xcc, 0xac, 0x74, 0xa3, 0x32, 0xfb, 0x18, 0x69,
    0xa4, 0x59, 0x95, 0x8c, 0x15, 0xcc, 0xac, 0x74, 0xa3, 0x32, 0xfb, 0x18,
    0x69, 0xa4, 0x59, 0x95, 0x8c, 0x15, 0xcc, 0xac, 0x74, 0xa3, 0x32, 0xfb,
    0x18, 0x69, 0xa4, 0x59, 0x95, 0x8c, 0x15, 0xcc, 0xac, 0x74, 0xa3, 0x32,
    0xfb, 0x18, 0x69, 0xa4, 0x59, 0x95, 0x8c, 0x15, 0xcc, 0xac, 0x74, 0xa3,
    0x32, 0xfb, 0x18, 0x69, 0xa4, 0x59, 0x95, 0x8c, 0x15, 0xcc, 0xac, 0x74,
    0xa3, 0x32, 0xfb, 0x18, 0x69, 0xa4, 0x59, 0x95, 0x8c, 0x15, 0xcc, 0xac,
    0x74, 0xa3, 0x32, 0xfb, 0x18, 0x69, 0xa4, 0x59, 0x95, 0x8c, 0x15, 0xcc,
    0xac, 0x74, 0xa3, 0x32, 0xfb, 0x18, 0x69, 0xa4, 0xd9, 0x95, 0x8c, 0x19,
    0xcc, 0xec, 0x7c, 0x93, 0x36, 0xfb, 0x18, 0x69, 0x62, 0xd9, 0x75, 0x8c,
    0x15, 0xcc, 0xec, 0x7c, 0x93, 0x36, 0xfb, 0x18, 0x69, 0x62, 0xd9, 0x75,
    0x8c, 0x15, 0xcc, 0xec, 0x7c, 0x93, 0x36, 0xfb, 0x18, 0x69, 0x62, 0xd9,
    0x75, 0x8c, 0x15, 0xcc, 0xec, 0x7c, 0x93, 0x36, 0xfb, 0x18, 0x69, 0x62,
    0xd9, 0x75, 0x8c, 0x15, 0xcc, 0xec, 0x7c, 0x93, 0x36, 0xfb, 0x18, 0x69,
    0x62, 0xd9, 0x75, 0x8c, 0x15, 0xcc, 0xec, 0x7c, 0x93, 0x36, 0xfb, 0x18,
    0x69, 0x62, 0xd9, 0x75, 0x8c, 0x15, 0xcc, 0xec, 0x7c, 0x93, 0x36, 0xfb,
    0x18, 0x69, 0x62, 0xd9, 0x75, 0x8c, 0x15, 0xcc, 0xec, 0x7c, 0x93, 0x36,
    0xfb, 0x18, 0x69, 0x62, 0x59, 0x76, 0x8c, 0x19, 0xcc, 0x2c, 0x85, 0x83,
    0x3a, 0xfb, 0x18, 0x69, 0x20, 0x59, 0x56, 0x8c, 0x15, 0xcc, 0x2c, 0x85,
    0x83, 0x3a, 0xfb, 0x18, 0x69, 0x20, 0x59, 0x56, 0x8c, 0x15, 0xcc, 0x2c,
    0x85, 0x83, 0x3a, 0xfb, 0x18, 0x69, 0x20, 0x59, 0x56, 0x8c, 0x15, 0xcc,
    0x2c, 0x85, 0x83, 0x3a, 0xfb, 0x18, 0x69, 0x20, 0x59, 0x56, 0x8c, 0x15,
    0xcc, 0x2c, 0x85, 0x83, 0x3a, 0xfb, 0x18, 0x69, 0x20, 0x59, 0x56, 0x8c,
    0x15, 0xcc, 0x2c, 0x85, 0x83, 0x3a, 0xfb, 0x18, 0x69, 0x20, 0x59, 0x56,
    0x8c, 0x15, 0xcc, 0x2c, 0x85, 0x83, 0x3a, 0xfb, 0x18, 0x69, 0x20, 0x59,
    0x56, 0x8c, 0x15, 0xcc, 0x2c, 0x85, 0x83, 0x3a, 0xfb, 0x18, 0x69, 0x20,
    0xd9, 0x56, 0x8c, 0x19, 0xcc, 0x6c, 0x8d, 0xef, 0x7d, 0xf6, 0x31, 0xd2,
    0xbb, 0x63, 0xdb, 0x30, 0x56, 0x30, 0xb3, 0x35, 0xbe, 0xf7, 0xd9, 0xc7,
    0x48, 0xef, 0x8e, 0x6d, 0xc3, 0x58, 0xc1, 0xcc, 0xd6, 0xf8, 0xde, 0x67,
    0x1f, 0x23, 0xbd, 0x3b, 0xb6, 0x0d, 0x63, 0x05, 0x33, 0x5b, 0xe3, 0x7b,
    0x9f, 0x7d, 0x8c, 0xf4, 0xee, 0xd8, 0x36, 0x8c, 0x15, 0xcc, 0x6c, 0x8d,
    0xef, 0x7d, 0xf6, 0x31, 0xd2, 0xbb, 0x63, 0xdb, 0x30, 0x56, 0x30, 0xb3,
    0x35, 0xbe, 0xf7, 0xd9, 0xc7, 0x48, 0xef, 0x8e, 0x6d, 0xc3, 0x58, 0xc1,
    0xcc, 0xd6, 0xf8, 0xde, 0x67, 0x1f, 0x23, 0xbd, 0x3b, 0xb6, 0x0d, 0x63,
    0x05, 0x33, 0x5b, 0xe3, 0x7b, 0x9f, 0x7d, 0x8c, 0xf4, 0xee, 0x58, 0x37,
    0x8c, 0x19, 0xcc, 0xac, 0x95, 0xcf, 0x00, 0xf6, 0x31, 0xd2, 0xb3, 0x62,
    0x5d, 0x30, 0x56, 0x30, 0xb3, 0x56, 0x3e, 0x03, 0xd8, 0xc7, 0x48, 0xcf,
    0x8a, 0x75, 0xc1, 0x58, 0xc1, 0xcc, 0x5a, 0xf9, 0x0c, 0x60, 0x1f, 0x23,
    0x3d, 0x2b, 0xd6, 0x05, 0x63, 0x05, 0x33, 0x6b, 0xe5, 0x33, 0x80, 0x7d,
    0x8c, 0xf4, 0xac, 0x58, 0x17, 0x8c, 0x15, 0xcc, 0xac, 0x95, 0xcf, 0x00,
    0xf6, 0x31, 0xd2, 0xb3, 0x62, 0x5d, 0x30, 0x56, 0x30, 0xb3, 0x56, 0x3e,
    0x03, 0xd8, 0xc7, 0x48, 0xcf, 0x8a, 0x75, 0xc1, 0x58, 0xc1, 0xcc, 0x5a,
    0xf9, 0x0c, 0x60, 0x1f, 0x23, 0x3d, 0x2b, 0xd6, 0x05, 0x63, 0x05, 0x33,
    0x6b, 0xe5, 0x33, 0x80, 0x7d, 0x8c, 0xf4, 0xac, 0xd8, 0x17, 0x8c, 0x19,
    0xcc, 0xec, 0x9d, 0xaf, 0x04, 0xf6, 0x31, 0xd2, 0xab, 0x61, 0x7f, 0x6f,
    0xac, 0x60, 0x66, 0xef, 0x7c, 0x25, 0xb0, 0x8f, 0x91, 0x5e, 0x0d, 0xfb,
    0x7b, 0x63, 0x05, 0x33, 0x7b, 0xe7, 0x2b, 0x81, 0x7d, 0x8c, 0xf4, 0x6a,
    0xd8, 0xdf, 0x1b, 0x2b, 0x98, 0xd9, 0x3b, 0x5f, 0x09, 0xec, 0x63, 0xa4,
    0x57, 0xc3, 0xfe, 0xde, 0x58, 0xc1, 0xcc, 0xde, 0xf9, 0x4a, 0x60, 0x1f,
    0x23, 0xbd, 0x1a, 0xf6, 0xf7, 0xc6, 0x0a, 0x66, 0xf6, 0xce, 0x57, 0x02,
    0xfb, 0x18, 0xe9, 0xd5, 0xb0, 0xbf, 0x37, 0x56, 0x30, 0xb3, 0x77, 0xbe,
    0x12, 0xd8, 0xc7, 0x48, 0xaf, 0x86, 0xfd, 0xbd, 0xb1, 0x82, 0x99, 0xbd,
    0xf3, 0x95, 0xc0, 0x3e, 0x46, 0x7a, 0x35, 0x1c, 0xdc, 0x1b, 0x33, 0x98,
    0x39, 0x90, 0x3e, 0x22, 0xd8, 0xc7, 0x48, 0x8f, 0x82, 0x83, 0x73, 0x63,
    0x05, 0x33, 0x07, 0xd2, 0x47, 0x04, 0xfb, 0x18, 0xe9, 0x51, 0x70, 0x70,
    0x6e, 0xac, 0x60, 0xe6, 0x40, 0xfa, 0x88, 0x60, 0x1f, 0x23, 0x3d, 0x0a,
    0x0e, 0xce, 0x8d, 0x15, 0xcc, 0x1c, 0x48, 0x1f, 0x11, 0xec, 0x63, 0xa4,
    0x47, 0xc1, 0xc1, 0xb9, 0xb1, 0x82, 0x99, 0x03, 0xe9, 0x23, 0x82, 0x7d,
    0x8c, 0xf4, 0x28, 0x38, 0x38, 0x37, 0x56, 0x30, 0x73, 0x20, 0x7d, 0x44,
    0xb0, 0x8f, 0x91, 0x1e, 0x05, 0x07, 0xe7, 0xc6, 0x0a, 0x66, 0x0e, 0xa4,
    0x8f, 0x08, 0xf6, 0x31, 0xd2, 0xa3, 0xe0, 0xe0, 0xdc, 0x58, 0xc1, 0xcc,
    0x81, 0xf4, 0x11, 0xc1, 0x3e, 0x46, 0x7a, 0x14, 0x5c, 0x9c, 0x1b, 0x33,
    0x98, 0xb9, 0xb0, 0xbe, 0x31, 0xd8, 0xc7, 0x48, 0x6f, 0x7e, 0x8b, 0x6b,
    0x63, 0x05, 0x33, 0x17, 0xd6, 0x37, 0x06, 0xfb, 0x18, 0xe9, 0xcd, 0x6f,
    0x71, 0x6d, 0xac, 0x60, 0xe6, 0xc2, 0xfa, 0xc6, 0x60, 0x1f, 0x23, 0xbd,
    0xf9, 0x2d, 0xae, 0x8d, 0x15, 0xcc, 0x5c, 0x58, 0xdf, 0x18, 0xec, 0x63,
    0xa4, 0x37, 0xbf, 0xc5, 0xb5, 0xb1, 0x82, 0x99, 0x0b, 0xeb, 0x1b, 0x83,
    0x7d, 0x8c, 0xf4, 0xe6, 0xb7, 0xb8, 0x36, 0x56, 0x30, 0x73, 0x61, 0x7d,
    0x63, 0xb0, 0x8f, 0x91, 0xde, 0xfc, 0x16, 0xd7, 0xc6, 0x0a, 0x66, 0x2e,
    0xac, 0x6f, 0x0c, 0xf6, 0x31, 0xd2, 0x9b, 0xdf, 0xe2, 0xda, 0x58, 0xc1,
    0xcc, 0x85, 0xf5, 0x8d, 0xc1, 0x3e, 0x46, 0x7a, 0xf3, 0x9b, 0x5c, 0x1b,
    0x33, 0x98, 0x39, 0xd1, 0x3e, 0x41, 0xd8, 0xc7, 0x48, 0x4f, 0x7a, 0x93,
    0x63, 0x63, 0x05, 0x33, 0x27, 0xda, 0x27, 0x08, 0xfb, 0x18, 0xe9, 0x49,
    0x6f, 0x72, 0x6c, 0xac, 0x60, 0xe6, 0x44, 0xfb, 0x04, 0x61, 0x1f, 0x23,
    0x3d, 0xe9, 0x4d, 0x8e, 0x8d, 0x15, 0xcc, 0x9c, 0x68, 0x9f, 0x20, 0xec,
    0x63, 0xa4, 0x27, 0xbd, 0xc9, 0xb1, 0xb1, 0x82, 0x99, 0x13, 0xed, 0x13,
    0x84, 0x7d, 0x8c, 0xf4, 0xa4, 0x37, 0x39, 0x36, 0x56, 0x30, 0x73, 0xa2,
    0x7d, 0x82, 0xb0, 0x8f, 0x91, 0x9e, 0xf4, 0x26, 0xc7, 0xc6, 0x0a, 0x66,
    0x4e, 0xb4, 0x4f, 0x10, 0xf6, 0x31, 0xd2, 0x93, 0xde, 0xe4, 0xd8, 0x58,
    0xc1, 0xcc, 0x89, 0xf6, 0x09, 0xc2, 0x3e, 0x46, 0x7a, 0xd2, 0xdb, 0x1c,
    0x1b, 0x33, 0x98, 0xb9, 0xf1, 0xbe, 0x50, 0xd8, 0xc7, 0x48, 0x2f, 0x76,
    0x9b, 0x5b, 0x63, 0x05, 0x33, 0x37, 0xde, 0x17, 0x0a, 0xfb, 0x18, 0xe9,
    0xc5, 0x6e, 0x73, 0x6b, 0xac, 0x60, 0xe6, 0xc6, 0xfb, 0x42, 0x61, 0x1f,
    0x23, 0xbd, 0xd8, 0x6d, 0x6e, 0x8d, 0x15, 0xcc, 0xdc, 0x78, 0x5f, 0x28,
    0xec, 0x63, 0xa4, 0x17, 0xbb, 0xcd, 0xad, 0xb1, 0x82, 0x99, 0x1b, 0xef,
    0x0b, 0x85, 0x7d, 0x8c, 0xf4, 0x62, 0xb7, 0xb9, 0x35, 0x56, 0x30, 0x73,
    0xe3, 0x7d, 0xa1, 0xb0, 0x8f, 0x91, 0x5e, 0xec, 0x36, 0xb7, 0xc6, 0x0a,
    0x66, 0x6e, 0xbc, 0x2f, 0x14, 0xf6, 0x31, 0xd2, 0x8b, 0xdd, 0xe6, 0xd6,
    0x58, 0xc1, 0xcc, 0x8d, 0xf7, 0x85, 0xc2, 0x3e, 0x46, 0x7a, 0xb1, 0x1b,
    0xdd, 0x1a, 0x33, 0x98, 0x39, 0x12, 0x3f, 0x60, 0xd8, 0xc7, 0x48, 0x0f,
    0x72, 0xa3, 0x53, 0x63, 0x05, 0x33, 0x47, 0xe2, 0x07, 0x0c, 0xfb, 0x18,
    0xe9, 0x41, 0x6e, 0x74, 0x6a, 0xac, 0x60, 0xe6, 0x48, 0xfc, 0x80, 0x61,
    0x1f, 0x23, 0x3d, 0xc8, 0x8d, 0x4e, 0x8d, 0x15, 0xcc, 0x1c, 0x89, 0x1f,
    0x30, 0xec, 0x63, 0xa4, 0x07, 0xb9, 0xd1, 0xa9, 0xb1, 0x82, 0x99, 0x23,
    0xf1, 0x03, 0x86, 0x7d, 0x8c, 0xf4, 0x20, 0x37, 0x3a, 0x35, 0x56, 0x30,
    0x73, 0x24, 0x7e, 0xc0, 0xb0, 0x8f, 0x91, 0x1e, 0xe4, 0x46, 0xa7, 0xc6,
    0x0a, 0x66, 0x8e, 0xc4, 0x0f, 0x18, 0xf6, 0x31, 0xd2, 0x83, 0xdc, 0xe8,
    0xd4, 0x58, 0xc1, 0xcc, 0x91, 0xf8, 0x01, 0xc3, 0x3e, 0x46, 0x7a, 0x90,
    0x5b, 0x9d, 0x1a, 0x33, 0x98, 0xb9, 0x32, 0x7f, 0xe7, 0xb0, 0x8f, 0x91,
    0xbe, 0xbb, 0xad, 0x2e, 0x8d, 0x15, 0xcc, 0x5c, 0x99, 0xbf, 0x73, 0xd8,
    0xc7, 0x48, 0xdf, 0xdd, 0x56, 0x97, 0xc6, 0x0a, 0x66, 0xae, 0xcc, 0xdf,
    0x39, 0xec, 0x63, 0xa4, 0xef, 0x6e, 0xab, 0x4b, 0x63, 0x05, 0x33, 0x57,
    0xe6, 0xef, 0x1c, 0xf6, 0x31, 0xd2, 0x77, 0xb7, 0xd5, 0xa5, 0xb1, 0x82,
    0x99, 0x2b, 0xf3, 0x77, 0x0e, 0xfb, 0x18, 0xe9, 0xbb, 0xdb, 0xea, 0xd2,
    0x58, 0xc1, 0xcc, 0x95, 0xf9, 0x3b, 0x87, 0x7d, 0x8c, 0xf4, 0xdd, 0x6d,
    0x75, 0x69, 0xac, 0x60, 0xe6, 0xca, 0xfc, 0x9d, 0xc3, 0x3e, 0x46, 0xfa,
    0xee, 0xb6, 0xba, 0x34, 0x56, 0x30, 0x73, 0x65, 0xfe, 0xce, 0x61, 0x1f,
    0x23, 0x7d, 0x77, 0x9b, 0x5d, 0x1a, 0x33, 0x98, 0x39, 0x53, 0x7f, 0x06,
    0xb1, 0x8f, 0x91, 0x3e, 0xab, 0xcd, 0x0e, 0x8d, 0x15, 0xcc, 0x9c, 0xa9,
    0x3f, 0x83, 0xd8, 0xc7, 0x48, 0x9f, 0xd5, 0x66, 0x87, 0xc6, 0x0a, 0x66,
    0xce, 0xd4, 0x9f, 0x41, 0xec, 0x63, 0xa4, 0xcf, 0x6a, 0xb3, 0x43, 0x63,
    0x05, 0x33, 0x67, 0xea, 0xcf, 0x20, 0xf6, 0x31, 0xd2, 0x67, 0xb5, 0xd9,
    0xa1, 0xb1, 0x82, 0x99, 0x33, 0xf5, 0x67, 0x10, 0xfb, 0x18, 0xe9, 0xb3,
    0xda, 0xec, 0xd0, 0x58, 0xc1, 0xcc, 0x99, 0xfa, 0x33, 0x88, 0x7d, 0x8c,
    0xf4, 0x59, 0x6d, 0x76, 0x68, 0xac, 0x60, 0xe6, 0x4c, 0xfd, 0x19, 0xc4,
    0x3e, 0x46, 0xfa, 0xac, 0x36, 0x3b, 0x34, 0x56, 0x30, 0x73, 0xa6, 0xfe,
    0x0c, 0x62, 0x1f, 0x23, 0x7d, 0x56, 0xdb, 0x1d, 0x1a, 0x33, 0x98, 0xb9,
    0x73, 0x7f, 0x25, 0xb1, 0x8f, 0x91, 0xbe, 0x9a, 0xed, 0xee, 0x8c, 0x15,
    0xcc, 0xdc, 0xb9, 0xbf, 0x92, 0xd8, 0xc7, 0x48, 0x5f, 0xcd, 0x76, 0x77,
    0xc6, 0x0a, 0x66, 0xee, 0xdc, 0x5f, 0x49, 0xec, 0x63, 0xa4, 0xaf, 0x66,
    0xbb, 0x3b, 0x63, 0x05, 0x33, 0x77, 0xee, 0xaf, 0x24, 0xf6, 0x31, 0xd2,
    0x57, 0xb3, 0xdd, 0x9d, 0xb1, 0x82, 0x99, 0x3b, 0xf7, 0x57, 0x12, 0xfb,
    0x18, 0xe9, 0xab, 0xd9, 0xee, 0xce, 0x58, 0xc1, 0xcc, 0x9d, 0xfb, 0x2b,
    0x89, 0x7d, 0x8c, 0xf4, 0xd5, 0x6c, 0x77, 0x67, 0xac, 0x60, 0xe6, 0xce,
    0xfd, 0x95, 0xc4, 0x3e, 0x46, 0xfa, 0x6a, 0xb6, 0xbb, 0x33, 0x56, 0x30,
    0x73, 0xe7, 0xfe, 0x4a, 0x62, 0x1f, 0x23, 0x7d, 0x35, 0x1b, 0xde, 0x19,
    0x33, 0x98, 0x39, 0x94, 0x7f, 0x44, 0xb1, 0x8f, 0x91, 0x3e, 0x8a, 0x0d,
    0xcf, 0x8c, 0x15, 0xcc, 0x1c, 0xca, 0x3f, 0xa2, 0xd8, 0xc7, 0x48, 0x1f,
    0xc5, 0x86, 0x67, 0xc6, 0x0a, 0x66, 0x0e, 0xe5, 0x1f, 0x51, 0xff, 0x63,
    0x8f, 0x0c, 0x92, 0x03, 0x89, 0x81, 0x10, 0xb6, 0xff, 0x7f, 0xf5, 0xfe,
    0x40, 0xe3, 0x06, 0x94, 0x43, 0x2a, 0x67, 0x1a, 0x95, 0xb0, 0xd9, 0xc7,
    0x48, 0x1f, 0xc5, 0x86, 0x67, 0xc6, 0x0a, 0x66, 0x0e, 0xe5, 0x1f, 0x51,
    0xec, 0x63, 0xa4, 0x8f, 0x62, 0xc3, 0x33, 0x63, 0x05, 0x33, 0x87, 0xf2,
    0x8f, 0x28, 0xf6, 0x31, 0xd2, 0x47, 0xb1, 0xe1, 0x99, 0xb1, 0x82, 0x99,
    0x43, 0xf9, 0x47, 0x14, 0xfb, 0x18, 0xe9, 0xa3, 0xd8, 0xf0, 0xcc, 0x58,
    0xc1, 0xcc, 0xa1, 0xfc, 0x23, 0x8a, 0x7d, 0x8c, 0xf4, 0x51, 0x6c, 0x78,
    0x66, 0xac, 0x60, 0xe6, 0x50, 0xfe, 0x11, 0xc5, 0x3e, 0x46, 0xfa, 0x28,
    0xb6, 0x3c, 0x33, 0x66, 0x30, 0x73, 0x69, 0xff, 0xc6, 0x62, 0x1f, 0x23,
    0x7d, 0xf3, 0x5a, 0x5e, 0x19, 0x2b, 0x98, 0xb9, 0xb4, 0x7f, 0x63, 0xb1,
    0x8f, 0x91, 0xbe, 0x79, 0x2d, 0xaf, 0x8c, 0x15, 0xcc, 0x5c, 0xda, 0xbf,
    0xb1, 0xd8, 0xc7, 0x48, 0xdf, 0xbc, 0x96, 0x57, 0xc6, 0x0a, 0x66, 0x2e,
    0xed, 0xdf, 0x58, 0xec, 0x63, 0xa4, 0x6f, 0x5e, 0xcb, 0x2b, 0x63, 0x05,
    0x33, 0x97, 0xf6, 0x6f, 0x2c, 0xf6, 0x31, 0xd2, 0x37, 0xaf, 0xe5, 0x95,
    0xb1, 0x82, 0x99, 0x4b, 0xfb, 0x37, 0x16, 0xfb, 0x18, 0xe9, 0x9b, 0xd7,
    0xf2, 0xca, 0x58, 0xc1, 0xcc, 0xa5, 0xfd, 0x1b, 0x8b, 0x7d, 0x8c, 0xf4,
    0xcd, 0x6b, 0x79, 0x65, 0xac, 0x60, 0xe6, 0xd2, 0xfe, 0x8d, 0xc5, 0x3e,
    0x46, 0xfa, 0xe6, 0x35, 0xbd, 0x32, 0x66, 0x30, 0x73, 0xaa, 0xff, 0x04,
    0x63, 0x1f, 0x23, 0x7d, 0xd2, 0x9a, 0x1e, 0x19, 0x2b, 0x98, 0x39, 0xd5,
    0x7f, 0x82, 0xb1, 0x8f, 0x91, 0x3e, 0x69, 0x4d, 0x8f, 0x8c, 0x15, 0xcc,
    0x9c, 0xea, 0x3f, 0xc1, 0xd8, 0xc7, 0x48, 0x9f, 0xb4, 0xa6, 0x47, 0xc6,
    0x0a, 0x66, 0x4e, 0xf5, 0x9f, 0x60, 0xec, 0x63, 0xa4, 0x4f, 0x5a, 0xd3,
    0x23, 0x63, 0x05, 0x33, 0xa7, 0xfa, 0x4f, 0x30, 0xf6, 0x31, 0xd2, 0x27,
    0xad, 0xe9, 0x91, 0xb1, 0x82, 0x99, 0x53, 0xfd, 0x27, 0x18, 0xfb, 0x18,
    0xe9, 0x93, 0xd6, 0xf4, 0xc8, 0x58, 0xc1, 0xcc, 0xa9, 0xfe, 0x13, 0x8c,
    0x7d, 0x8c, 0xf4, 0x49, 0x6b, 0x7a, 0x64, 0xac, 0x60, 0xe6, 0x54, 0xff,
    0x09, 0xc6, 0x3e, 0x46, 0xfa, 0xa4, 0xb5, 0x3d, 0x32, 0x66, 0x30, 0x73,
    0xeb, 0xff, 0x42, 0x63, 0x1f, 0x23, 0x7d, 0xb1, 0xda, 0xde, 0x18, 0x2b,
    0x98, 0xb9, 0xf5, 0x7f, 0xa1, 0xb1, 0x8f, 0x91, 0xbe, 0x58, 0x6d, 0x6f,
    0x8c, 0x15, 0xcc, 0xdc, 0xfa, 0xbf, 0xd0, 0xd8, 0xc7, 0x48, 0x5f, 0xac,
    0xb6, 0x37, 0xc6, 0x0a, 0x66, 0x6e, 0xfd, 0x5f, 0x68, 0xec, 0x63, 0xa4,
    0x2f, 0x56, 0xdb, 0x1b, 0x63, 0x05, 0x33, 0xb7, 0xfe, 0x2f, 0x34, 0xf6,
    0x31, 0xd2, 0x17, 0xab, 0xed, 0x8d, 0xb1, 0x82, 0x99, 0x5b, 0xff, 0x17,
    0x1a, 0xfb, 0x18, 0xe9, 0x8b, 0xd5, 0xf6, 0xc6, 0x58, 0xc1, 0xcc, 0xad,
    0xff, 0x0b, 0x8d, 0x7d, 0x8c, 0xf4, 0xc5, 0x6a, 0x7b, 0x63, 0xac, 0x60,
    0xe6, 0xd6, 0xff, 0x85, 0xc6, 0x3e, 0x46, 0xfa, 0x62, 0x35, 0xbe, 0x31,
    0x66, 0x30, 0x73, 0x3c, 0xe0, 0x01, 0xc7, 0x3e, 0x46, 0xfa, 0x20, 0x35,
    0x3e, 0x31, 0x56, 0x30, 0x73, 0x3c, 0xe0, 0x01, 0xc7, 0x3e, 0x46, 0xfa,
    0x20, 0x35, 0x3e, 0x31, 0x56, 0x30, 0x73, 0x3c, 0xe0, 0x01, 0xc7, 0x3e,
    0x46, 0xfa, 0x20, 0x35, 0x3e, 0x31, 0x56, 0x30, 0x73, 0x3c, 0xe0, 0x01,
    0xc7, 0x3e, 0x46, 0xfa, 0x20, 0x35, 0x3e, 0x31, 0x56, 0x30, 0x73, 0x3c,
    0xe0, 0x01, 0xc7, 0x3e, 0x46, 0xfa, 0x20, 0x35, 0x3e, 0x31, 0x56, 0x30,
    0x73, 0x3c, 0xe0, 0x01, 0xc7, 0x3e, 0x46, 0xfa, 0x20, 0x35, 0x3e, 0x31,
    0x56, 0x30, 0x73, 0x3c, 0xe0, 0x01, 0xc7, 0x3e, 0x46, 0xfa, 0x20, 0x35,
    0x3e, 0x31, 0x56, 0x30, 0x73, 0x3c, 0xe0, 0x01, 0xc7, 0x3e, 0x46, 0xfa,
    0x20, 0xb5, 0x3e, 0x31, 0x66, 0x30, 0x73, 0xbd, 0xe0, 0x9b, 0xc7, 0x3e,
    0x46, 0xfa, 0xed, 0xb4, 0xbe, 0x30, 0x56, 0x30, 0x73, 0xbd, 0xe0, 0x9b,
    0xc7, 0x3e, 0x46, 0xfa, 0xed, 0xb4, 0xbe, 0x30, 0x56, 0x30, 0x73, 0xbd,
    0xe0, 0x9b, 0xc7, 0x3e, 0x46, 0xfa, 0xed, 0xb4, 0xbe, 0x30, 0x56, 0x30,
    0x73, 0xbd, 0xe0, 0x9b, 0xc7, 0x3e, 0x46, 0xfa, 0xed, 0xb4, 0xbe, 0x30,
    0x56, 0x30, 0x73, 0xbd, 0xe0, 0x9b, 0xc7, 0x3e, 0x46, 0xfa, 0xed, 0xb4,
    0xbe, 0x30, 0x56, 0x30, 0x73, 0xbd, 0xe0, 0x9b, 0xc7, 0x3e, 0x46, 0xfa,
    0xed, 0xb4, 0xbe, 0x30, 0x56, 0x30, 0x73, 0xbd, 0xe0, 0x9b, 0xc7, 0x3e,
    0x46, 0xfa, 0xed, 0xb4, 0xbe, 0x30, 0x56, 0x30, 0x73, 0xbd, 0xe0, 0x9b,
    0xc7, 0x3e, 0x46, 0xfa, 0xed, 0x34, 0xbf, 0x30, 0x66, 0x30, 0x73, 0x3e,
    0xe1, 0x13, 0xc8, 0x3e, 0x46, 0xfa, 0xa9, 0x34, 0x3f, 0x30, 0x56, 0x30,
    0x73, 0x3e, 0xe1, 0x13, 0xc8, 0x3e, 0x46, 0xfa, 0xa9, 0x34, 0x3f, 0x30,
    0x56, 0x30, 0x73, 0x3e, 0xe1, 0x13, 0xc8, 0x3e, 0x46, 0xfa, 0xa9, 0x34,
    0x3f, 0x30, 0x56, 0x30, 0x73, 0x3e, 0xe1, 0x13, 0xc8, 0x3e, 0x46, 0xfa,
    0xa9, 0x34, 0x3f, 0x30, 0x56, 0x30, 0x73, 0x3e, 0xe1, 0x13, 0xc8, 0x3e,
    0x46, 0xfa, 0xa9, 0x34, 0x3f, 0x30, 0x56, 0x30, 0x73, 0x3e, 0xe1, 0x13,
    0xc8, 0x3e, 0x46, 0xfa, 0xa9, 0x34, 0x3f, 0x30, 0x56, 0x30, 0x73, 0x3e,
    0xe1, 0x13, 0xc8, 0x3e, 0x46, 0xfa, 0xa9, 0x34, 0x3f, 0x30, 0x56, 0x30,
    0x73, 0x3e, 0xe1, 0x13, 0xc8, 0x3e, 0x46, 0xfa, 0xa9, 0xb4, 0x3f, 0x30,
    0x66, 0x30, 0x73, 0xbf, 0xe1, 0x8b, 0xc8, 0x3e, 0x46, 0xfa, 0x65, 0xb4,
    0xcf, 0x8d, 0x15, 0xcc, 0xdc, 0x6f, 0xf8, 0x22, 0xb2, 0x8f, 0x91, 0x7e,
    0x19, 0xed, 0x73, 0x63, 0x05, 0x33, 0xf7, 0x1b, 0xbe, 0x88, 0xec, 0x63,
    0xa4, 0x5f, 0x46, 0xfb, 0xdc, 0x58, 0xc1, 0xcc, 0xfd, 0x86, 0x2f, 0x22,
    0xfb, 0x18, 0xe9, 0x97, 0xd1, 0x3e, 0x37, 0x56, 0x30, 0x73, 0xbf, 0xe1,
    0x8b, 0xc8, 0x3e, 0x46, 0xfa, 0x65, 0xb4, 0xcf, 0x8d, 0x15, 0xcc, 0xdc,
    0x6f, 0xf8, 0x22, 0xb2, 0x8f, 0x91, 0x7e, 0x19, 0xed, 0x73, 0x63, 0x05,
    0x33, 0xf7, 0x1b, 0xbe, 0x88, 0xec, 0x63, 0xa4, 0x5f, 0x46, 0xfb, 0xdc,
    0x58, 0xc1, 0xcc, 0xfd, 0x86, 0x2f, 0x22, 0xfb, 0x18, 0xe9, 0x97, 0x91,
    0x90, 0x1b, 0x33, 0x98, 0x29, 0x8c, 0xf8, 0x40, 0xb2, 0x8f, 0x91, 0x7e,
    0x08, 0x09, 0xb1, 0xb1, 0x82, 0x99, 0xc2, 0x88, 0x0f, 0x24, 0xfb, 0x18,
    0xe9, 0x87, 0x90, 0x10, 0x1b, 0x2b, 0x98, 0x29, 0x8c, 0xf8, 0x40, 0xb2,
    0x8f, 0x91, 0x7e, 0x08, 0x09, 0xb1, 0xb1, 0x82, 0x99, 0xc2, 0x88, 0x0f,
    0x24, 0xfb, 0x18, 0xe9, 0x87, 0x90, 0x10, 0x1b, 0x2b, 0x98, 0x29, 0x8c,
    0xf8, 0x40, 0xb2, 0x8f, 0x91, 0x7e, 0x08, 0x09, 0xb1, 0xb1, 0x82, 0x99,
    0xc2, 0x88, 0x0f, 0x24, 0xfb, 0x18, 0xe9, 0x87, 0x90, 0x10, 0x1b, 0x2b,
    0x98, 0x29, 0x8c, 0xf8, 0x40, 0xb2, 0x8f, 0x91, 0x7e, 0x08, 0x09, 0xb1,
    0xb1, 0x82, 0x99, 0xc2, 0x88, 0x0f, 0x24, 0xfb, 0x18, 0xe9, 0x87, 0x90,
    0x11, 0x1b, 0x33, 0x98, 0x69, 0xac, 0x60, 0x26, 0xfb, 0x18, 0x29, 0xfb,
    0x18, 0xa9, 0xb1, 0x82, 0x99, 0xc6, 0x0a, 0x66, 0xb2, 0x8f, 0x91, 0xb2,
    0x8f, 0x91, 0x1a, 0x2b, 0x98, 0x69, 0xac, 0x60, 0x26, 0xfb, 0x18, 0x29,
    0xfb, 0x18, 0xa9, 0xb1, 0x82, 0x99, 0xc6, 0x0a, 0x66, 0xb2, 0x8f, 0x91,
    0xb2, 0x8f, 0x91, 0x1a, 0x2b, 0x98, 0x69, 0xac, 0x60, 0x26, 0xfb, 0x18,
    0x29, 0xfb, 0x18, 0xa9, 0xb1, 0x82, 0x99, 0xc6, 0x0a, 0x66, 0xb2, 0x8f,
    0x91, 0xb2, 0x8f, 0x91, 0x1a, 0x2b, 0x98, 0x69, 0xac, 0x60, 0x26, 0xfb,
    0x18, 0x29, 0xfb, 0x18, 0xa9, 0xb1, 0x82, 0x99, 0xc6, 0x0a, 0x66, 0xb2,
    0x8f, 0x91, 0xb2, 0xcf, 0x2f, 0x49, 0x8d, 0x87, 0x63, 0xe6, 0xcf, 0x3f,
    0x1c, 0xfb, 0x18, 0xe9, 0xdf, 0x46, 0xe3, 0x05, 0x8c, 0x9f, 0x62, 0xa6,
    0xb1, 0x82, 0x99, 0xec, 0x63, 0xa4, 0xec, 0x63, 0xa4, 0xc6, 0x0a, 0x66,
    0x1a, 0x2b, 0x98, 0xc9, 0x3e, 0x46, 0xca, 0x3e, 0x46, 0x6a, 0xac, 0x60,
    0xa6, 0xb1, 0x82, 0x99, 0xec, 0x63, 0xa4, 0xec, 0x63, 0xa4, 0xc6, 0x0a,
    0x66, 0x1a, 0x2b, 0x98, 0xc9, 0x3e, 0x46, 0xca, 0x3e, 0x46, 0x6a, 0xac,
    0x60, 0xa6, 0xb1, 0x82, 0x99, 0xec, 0x63, 0xa4, 0xec, 0x63, 0xa4, 0xc6,
    0x0a, 0x66, 0x1a, 0x2b, 0x98, 0xc9, 0x3e, 0x46, 0xca, 0x3e, 0x46, 0x6a,
    0xac, 0x60, 0xa6, 0xb1, 0xe2, 0x83, 0xc9, 0x42, 0x46, 0xfa, 0x21, 0x24,
    0xc4, 0xc6, 0x0a, 0x66, 0x0a, 0x23, 0x3e, 0x90, 0xec, 0x63, 0xa4, 0x1f,
    0x42, 0x42, 0x6c, 0xac, 0x60, 0xa6, 0x30, 0xe2, 0x03, 0xc9, 0x3e, 0x46,
    0xfa, 0x21, 0x24, 0xc4, 0xc6, 0x0a, 0x66, 0x0a, 0x23, 0x3e, 0x90, 0xec,
    0x63, 0xa4, 0x1f, 0x42, 0x42, 0x6c, 0xac, 0x60, 0xa6, 0x30, 0xe2, 0x03,
    0xc9, 0x3e, 0x46, 0xfa, 0x21, 0x24, 0xc4, 0xc6, 0x0a, 0x66, 0x0a, 0x23,
    0x3e, 0x90, 0xec, 0x63, 0xa4, 0x1f, 0x42, 0x42, 0x6c, 0xac, 0x60, 0xa6,
    0x30, 0xe2, 0x03, 0xc9, 0x3e, 0x46, 0xfa, 0x21, 0x24, 0xc4, 0xc6, 0x0a,
    0x66, 0x0a, 0x23, 0x3e, 0x90, 0xec, 0x63, 0xa4, 0x1f, 0x42, 0x42, 0x6c,
    0xac, 0x60, 0xa6, 0x30, 0xe2, 0x0b, 0xc9, 0x42, 0x46, 0xfa, 0x65, 0xb4,
    0xcf, 0x8d, 0x15, 0xcc, 0xdc, 0x6f, 0xf8, 0x22, 0xb2, 0x8f, 0x91, 0x7e,
    0x19, 0xed, 0x73, 0x63, 0x05, 0x33, 0xf7, 0x1b, 0xbe, 0x88, 0xec, 0x63,
    0xa4, 0x5f, 0x46, 0xfb, 0xdc, 0x58, 0xc1, 0xcc, 0xfd, 0x86, 0x2f, 0x22,
    0xfb, 0x18, 0xe9, 0x97, 0xd1, 0x3e, 0x37, 0x56, 0x30, 0x73, 0xbf, 0xe1,
    0x8b, 0xc8, 0x3e, 0x46, 0xfa, 0x65, 0xb4, 0xcf, 0x8d, 0x15, 0xcc, 0xdc,
    0x6f, 0xf8, 0x22, 0xb2, 0x8f, 0x91, 0x7e, 0x19, 0xed, 0x73, 0x63, 0x05,
    0x33, 0xf7, 0x1b, 0xbe, 0x88, 0xec, 0x63, 0xa4, 0x5f, 0x46, 0xfb, 0xdc,
    0x58, 0xc1, 0xcc, 0xfd, 0x86, 0x2f, 0x22, 0xfb, 0x18, 0xe9, 0x97, 0xd1,
    0x3e, 0x37, 0x56, 0x30, 0x73, 0xbf, 0xe1, 0x93, 0xc8, 0x42, 0x46, 0xfa,
    0xa9, 0x34, 0x3f, 0x30, 0x56, 0x30, 0x73, 0x3e, 0xe1, 0x13, 0xc8, 0x3e,
    0x46, 0xfa, 0xa9, 0x34, 0x3f, 0x30, 0x56, 0x30, 0x73, 0x3e, 0xe1, 0x13,
    0xc8, 0x3e, 0x46, 0xfa, 0xa9, 0x34, 0x3f, 0x30, 0x56, 0x30, 0x73, 0x3e,
    0xe1, 0x13, 0xc8, 0x3e, 0x46, 0xfa, 0xa9, 0x34, 0x3f, 0x30, 0x56, 0x30,
    0x73, 0x3e, 0xe1, 0x13, 0xc8, 0x3e, 0x46, 0xfa, 0xa9, 0x34, 0x3f, 0x30,
    0x56, 0x30, 0x73, 0x3e, 0xe1, 0x13, 0xc8, 0x3e, 0x46, 0xfa, 0xa9, 0x34,
    0x3f, 0x30, 0x56, 0x30, 0x73, 0x3e, 0xe1, 0x13, 0xc8, 0x3e, 0x46, 0xfa,
    0xa9, 0x34, 0x3f, 0x30, 0x56, 0x30, 0x73, 0x3e, 0xe1, 0x13, 0xc8, 0x3e,
    0x46, 0xfa, 0xa9, 0x34, 0x3f, 0x30, 0x56, 0x30, 0x73, 0x3e, 0xe1, 0x1b,
    0xc8, 0x42, 0x46, 0xfa, 0xed, 0xb4, 0xbe, 0x30, 0x56, 0x30, 0x73, 0xbd,
    0xe0, 0x9b, 0xc7, 0x3e, 0x46, 0xfa, 0xed, 0xb4, 0xbe, 0x30, 0x56, 0x30,
    0x73, 0xbd, 0xe0, 0x9b, 0xc7, 0x3e, 0x46, 0xfa, 0xed, 0xb4, 0xbe, 0x30,
    0x56, 0x30, 0x73, 0xbd, 0xe0, 0x9b, 0xc7, 0x3e, 0x46, 0xfa, 0xed, 0xb4,
    0xbe, 0x30, 0x56, 0x30, 0x73, 0xbd, 0xe0, 0x9b, 0xc7, 0x3e, 0x46, 0xfa,
    0xed, 0xb4, 0xbe, 0x30, 0x56, 0x30, 0x73, 0xbd, 0xe0, 0x9b, 0xc7, 0x3e,
    0x46, 0xfa, 0xed, 0xb4, 0xbe, 0x30, 0x56, 0x30, 0x73, 0xbd, 0xe0, 0x9b,
    0xc7, 0x3e, 0x46, 0xfa, 0xed, 0xb4, 0xbe, 0x30, 0x56, 0x30, 0x73, 0xbd,
    0xe0, 0x9b, 0xc7, 0x3e, 0x46, 0xfa, 0xed, 0xb4, 0xbe, 0x30, 0x56, 0x30,
    0x73, 0xbd, 0xe0, 0x81, 0xc7, 0x42, 0x46, 0xfa, 0x20, 0x35, 0x3e, 0x31,
    0x56, 0x30, 0x73, 0x3c, 0xe0, 0x01, 0xc7, 0x3e, 0x46, 0xfa, 0x20, 0x35,
    0x3e, 0x31, 0x56, 0x30, 0x73, 0x3c, 0xe0, 0x01, 0xc7, 0x3e, 0x46, 0xfa,
    0x20, 0x35, 0x3e, 0x31, 0x56, 0x30, 0x73, 0x3c, 0xe0, 0x01, 0xc7, 0x3e,
    0x46, 0xfa, 0x20, 0x35, 0x3e, 0x31, 0x56, 0x30, 0x73, 0x3c, 0xe0, 0x01,
    0xc7, 0x3e, 0x46, 0xfa, 0x20, 0x35, 0x3e, 0x31, 0x56, 0x30, 0x73, 0x3c,
    0xe0, 0x01, 0xc7, 0x3e, 0x46, 0xfa, 0x20, 0x35, 0x3e, 0x31, 0x56, 0x30,
    0x73, 0x3c, 0xe0, 0x01, 0xc7, 0x3e, 0x46, 0xfa, 0x20, 0x35, 0x3e, 0x31,
    0x56, 0x30, 0x73, 0x3c, 0xe0, 0x01, 0xc7, 0x3e, 0x46, 0xfa, 0x20, 0x35,
    0x3e, 0x31, 0x56, 0x30, 0x73, 0x3c, 0xe0, 0x05, 0xc7, 0x42, 0x46, 0xfa,
    0x62, 0xb5, 0xbd, 0x31, 0x56, 0x30, 0x73, 0xeb, 0xff, 0x42, 0x63, 0x1f,
    0x23, 0x7d, 0xb1, 0xda, 0xde, 0x18, 0x2b, 0x98, 0xb9, 0xf5, 0x7f, 0xa1,
    0xb1, 0x8f, 0x91, 0xbe, 0x58, 0x6d, 0x6f, 0x8c, 0x15, 0xcc, 0xdc, 0xfa,
    0xbf, 0xd0, 0xd8, 0xc7, 0x48, 0x5f, 0xac, 0xb6, 0x37, 0xc6, 0x0a, 0x66,
    0x6e, 0xfd, 0x5f, 0x68, 0xec, 0x63, 0xa4, 0x2f, 0x56, 0xdb, 0x1b, 0x63,
    0x05, 0x33, 0xb7, 0xfe, 0x2f, 0x34, 0xf6, 0x31, 0xd2, 0x17, 0xab, 0xed,
    0x8d, 0xb1, 0x82, 0x99, 0x5b, 0xff, 0x17, 0x1a, 0xfb, 0x18, 0xe9, 0x8b,
    0xd5, 0xf6, 0xc6, 0x58, 0xc1, 0xcc, 0xad, 0xff, 0x0b, 0x8d, 0x7d, 0x8c,
    0xf4, 0xc5, 0x6a, 0x7b, 0x63, 0xac, 0x60, 0xe6, 0xd6, 0xff, 0x89, 0xc6,
    0x42, 0x46, 0xfa, 0xa4, 0x35, 0x3d, 0x32, 0x56, 0x30, 0x73, 0xaa, 0xff,
    0x04, 0x63, 0x1f, 0x23, 0x7d, 0xd2, 0x9a, 0x1e, 0x19, 0x2b, 0x98, 0x39,
    0xd5, 0x7f, 0x82, 0xb1, 0x8f, 0x91, 0x3e, 0x69, 0x4d, 0x8f, 0x8c, 0x15,
    0xcc, 0x9c, 0xea, 0x3f, 0xc1, 0xd8, 0xc7, 0x48, 0x9f, 0xb4, 0xa6, 0x47,
    0xc6, 0x0a, 0x66, 0x4e, 0xf5, 0x9f, 0x60, 0xec, 0x63, 0xa4, 0x4f, 0x5a,
    0xd3, 0x23, 0x63, 0x05, 0x33, 0xa7, 0xfa, 0x4f, 0x30, 0xf6, 0x31, 0xd2,
    0x27, 0xad, 0xe9, 0x91, 0xb1, 0x82, 0x99, 0x53, 0xfd, 0x27, 0x18, 0xfb,
    0x18, 0xe9, 0x93, 0xd6, 0xf4, 0xc8, 0x58, 0xc1, 0xcc, 0xa9, 0xfe, 0x13,
    0x8c, 0x7d, 0x8c, 0xf4, 0x49, 0x6b, 0x7a, 0x64, 0xac, 0x60, 0xe6, 0x54,
    0xff, 0x0d, 0xc6, 0x42, 0x46, 0xfa, 0xe6, 0xb5, 0xbc, 0x32, 0x56, 0x30,
    0x73, 0x69, 0xff, 0xc6, 0x62, 0x1f, 0x23, 0x7d, 0xf3, 0x5a, 0x5e, 0x19,
    0x2b, 0x98, 0xb9, 0xb4, 0x7f, 0x63, 0xb1, 0x8f, 0x91, 0xbe, 0x79, 0x2d,
    0xaf, 0x8c, 0x15, 0xcc, 0x5c, 0xda, 0xbf, 0xb1, 0xd8, 0xc7, 0x48, 0xdf,
    0xbc, 0x96, 0x57, 0xc6, 0x0a, 0x66, 0x2e, 0xed, 0xdf, 0x58, 0xec, 0x63,
    0xa4, 0x6f, 0x5e, 0xcb, 0x2b, 0x63, 0x05, 0x33, 0x97, 0xf6, 0x6f, 0x2c,
    0xf6, 0x31, 0xd2, 0x37, 0xaf, 0xe5, 0x95, 0xb1, 0x82, 0x99, 0x4b, 0xfb,
    0x37, 0x16, 0xfb, 0x18, 0xe9, 0x9b, 0xd7, 0xf2, 0xca, 0x58, 0xc1, 0xcc,
    0xa5, 0xfd, 0x1b, 0x8b, 0x7d, 0x8c, 0xf4, 0xcd, 0x6b, 0x79, 0x65, 0xac,
    0x60, 0xe6, 0xd2, 0xfe, 0x91, 0xc5, 0x42, 0x46, 0xfa, 0x28, 0x36, 0x3c,
    0x33, 0x56, 0x30, 0x73, 0x28, 0xff, 0x88, 0x62, 0x1f, 0x23, 0x7d, 0x14,
    0x1b, 0x9e, 0x19, 0x2b, 0x98, 0x39, 0x94, 0x7f, 0x44, 0xb1, 0x8f, 0x91,
    0x3e, 0x8a, 0x0d, 0xcf, 0x8c, 0x15, 0xcc, 0x1c, 0xca, 0x3f, 0xa2, 0xd8,
    0xc7, 0x48, 0x1f, 0xc5, 0x86, 0x67, 0xc6, 0x0a, 0x66, 0x0e, 0xe5, 0x1f,
    0x51, 0xec, 0x63, 0xa4, 0x8f, 0x62, 0xc3, 0x33, 0x63, 0x05, 0x33, 0x87,
    0xf2, 0x8f, 0x28, 0xf6, 0x31, 0xd2, 0x47, 0xb1, 0xe1, 0x99, 0xb1, 0x82,
    0x99, 0x43, 0xf9, 0x47, 0x14, 0xfb, 0x18, 0xe9, 0xa3, 0xd8, 0xf0, 0xcc,
    0x58, 0xc1, 0xcc, 0xa1, 0xfc, 0x23, 0x8a, 0x7d, 0x8c, 0xf4, 0x51, 0x6c,
    0x78, 0x66, 0xac, 0x60, 0xe6, 0x50, 0xfe, 0x15, 0xc5, 0x42, 0x46, 0xfa,
    0x6a, 0xb6, 0xbb, 0x33, 0x56, 0x30, 0x73, 0xe7, 0xfe, 0x4a, 0x62, 0x1f,
    0x23, 0x7d, 0x35, 0xdb, 0xdd, 0x19, 0x2b, 0x98, 0xb9, 0x73, 0x7f, 0x25,
    0xb1, 0x8f, 0x91, 0xbe, 0x9a, 0xed, 0xee, 0x8c, 0x15, 0xcc, 0xdc, 0xb9,
    0xbf, 0x92, 0xd8, 0xc7, 0x48, 0x5f, 0xcd, 0x76, 0x77, 0xc6, 0x0a, 0x66,
    0xee, 0xdc, 0x5f, 0x49, 0xec, 0x63, 0xa4, 0xaf, 0x66, 0xbb, 0x3b, 0x63,
    0x05, 0x33, 0x77, 0xee, 0xaf, 0x24, 0xf6, 0x31, 0xd2, 0x57, 0xb3, 0xdd,
    0x9d, 0xb1, 0x82, 0x99, 0x3b, 0xf7, 0x57, 0x12, 0xfb, 0x18, 0xe9, 0xab,
    0xd9, 0xee, 0xce, 0x58, 0xc1, 0xcc, 0x9d, 0xfb, 0x2b, 0x89, 0x7d, 0x8c,
    0xf4, 0xd5, 0x6c, 0x77, 0x67, 0xac, 0x60, 0xe6, 0xce, 0xfd, 0x99, 0xc4,
    0x42, 0x46, 0xfa, 0xac, 0x36, 0x3b, 0x34, 0x56, 0x30, 0x73, 0xa6, 0xfe,
    0x0c, 0x62, 0x1f, 0x23, 0x7d, 0x56, 0x9b, 0x1d, 0x1a, 0x2b, 0x98, 0x39,
    0x53, 0x7f, 0x06, 0xb1, 0x8f, 0x91, 0x3e, 0xab, 0xcd, 0x0e, 0x8d, 0x15,
    0xcc, 0x9c, 0xa9, 0x3f, 0x83, 0xd8, 0xc7, 0x48, 0x9f, 0xd5, 0x66, 0x87,
    0xc6, 0x0a, 0x66, 0xce, 0xd4, 0x9f, 0x41, 0xec, 0x63, 0xa4, 0xcf, 0x6a,
    0xb3, 0x43, 0x63, 0x05, 0x33, 0x67, 0xea, 0xcf, 0x20, 0xf6, 0x31, 0xd2,
    0x67, 0xb5, 0xd9, 0xa1, 0xb1, 0x82, 0x99, 0x33, 0xf5, 0x67, 0x10, 0xfb,
    0x18, 0xe9, 0xb3, 0xda, 0xec, 0xd0, 0x58, 0xc1, 0xcc, 0x99, 0xfa, 0x33,
    0x88, 0x7d, 0x8c, 0xf4, 0x59, 0x6d, 0x76, 0x68, 0xac, 0x60, 0xe6, 0x4c,
    0xfd, 0x1d, 0xc4, 0x42, 0x46, 0xfa, 0xee, 0xb6, 0xba, 0x34, 0x56, 0x30,
    0x73, 0x65, 0xfe, 0xce, 0x61, 0x1f, 0x23, 0x7d, 0x77, 0x5b, 0x5d, 0x1a,
    0x2b, 0x98, 0xb9, 0x32, 0x7f, 0xe7, 0xb0, 0x8f, 0x91, 0xbe, 0xbb, 0xad,
    0x2e, 0x8d, 0x15, 0xcc, 0x5c, 0x99, 0xbf, 0x73, 0xd8, 0xc7, 0x48, 0xdf,
    0xdd, 0x56, 0x97, 0xc6, 0x0a, 0x66, 0xae, 0xcc, 0xdf, 0x39, 0xec, 0x63,
    0xa4, 0xef, 0x6e, 0xab, 0x4b, 0x63, 0x05, 0x33, 0x57, 0xe6, 0xef, 0x1c,
    0xf6, 0x31, 0xd2, 0x77, 0xb7, 0xd5, 0xa5, 0xb1, 0x82, 0x99, 0x2b, 0xf3,
    0x77, 0x0e, 0xfb, 0x18, 0xe9, 0xbb, 0xdb, 0xea, 0xd2, 0x58, 0xc1, 0xcc,
    0x95, 0xf9, 0x3b, 0x87, 0x7d, 0x8c, 0xf4, 0xdd, 0x6d, 0x75, 0x69, 0xac,
    0x60, 0xe6, 0xca, 0xfc, 0xc0, 0x61, 0x21, 0x23, 0x3d, 0xc8, 0x8d, 0x4e,
    0x8d, 0x15, 0xcc, 0x1c, 0x89, 0x1f, 0x30, 0xec, 0x63, 0xa4, 0x07, 0xb9,
    0xd1, 0xa9, 0xb1, 0x82, 0x99, 0x23, 0xf1, 0x03, 0x86, 0x7d, 0x8c, 0xf4,
    0x20, 0x37, 0x3a, 0x35, 0x56, 0x30, 0x73, 0x24, 0x7e, 0xc0, 0xb0, 0x8f,
    0x91, 0x1e, 0xe4, 0x46, 0xa7, 0xc6, 0x0a, 0x66, 0x8e, 0xc4, 0x0f, 0x18,
    0xf6, 0x31, 0xd2, 0x83, 0xdc, 0xe8, 0xd4, 0x58, 0xc1, 0xcc, 0x91, 0xf8,
    0x01, 0xc3, 0x3e, 0x46, 0x7a, 0x90, 0x1b, 0x9d, 0x1a, 0x2b, 0x98, 0x39,
    0x12, 0x3f, 0x60, 0xd8, 0xc7, 0x48, 0x0f, 0x72, 0xa3, 0x53, 0x63, 0x05,
    0x33, 0x47, 0xe2, 0x07, 0x0c, 0xfb, 0x18, 0xe9, 0x41, 0x6e, 0x74, 0x6a,
    0xac, 0x60, 0xe6, 0x48, 0xfc, 0x82, 0x61, 0x21, 0x23, 0xbd, 0xd8, 0x6d,
    0x6e, 0x8d, 0x15, 0xcc, 0xdc, 0x78, 0x5f, 0x28, 0xec, 0x63, 0xa4, 0x17,
    0xbb, 0xcd, 0xad, 0xb1, 0x82, 0x99, 0x1b, 0xef, 0x0b, 0x85, 0x7d, 0x8c,
    0xf4, 0x62, 0xb7, 0xb9, 0x35, 0x56, 0x30, 0x73, 0xe3, 0x7d, 0xa1, 0xb0,
    0x8f, 0x91, 0x5e, 0xec, 0x36, 0xb7, 0xc6, 0x0a, 0x66, 0x6e, 0xbc, 0x2f,
    0x14, 0xf6, 0x31, 0xd2, 0x8b, 0xdd, 0xe6, 0xd6, 0x58, 0xc1, 0xcc, 0x8d,
    0xf7, 0x85, 0xc2, 0x3e, 0x46, 0x7a, 0xb1, 0xdb, 0xdc, 0x1a, 0x2b, 0x98,
    0xb9, 0xf1, 0xbe, 0x50, 0xd8, 0xc7, 0x48, 0x2f, 0x76, 0x9b, 0x5b, 0x63,
    0x05, 0x33, 0x37, 0xde, 0x17, 0x0a, 0xfb, 0x18, 0xe9, 0xc5, 0x6e, 0x73,
    0x6b, 0xac, 0x60, 0xe6, 0xc6, 0xfb, 0x44, 0x61, 0x21, 0x23, 0x3d, 0xe9,
    0x4d, 0x8e, 0x8d, 0x15, 0xcc, 0x9c, 0x68, 0x9f, 0x20, 0xec, 0x63, 0xa4,
    0x27, 0xbd, 0xc9, 0xb1, 0xb1, 0x82, 0x99, 0x13, 0xed, 0x13, 0x84, 0x7d,
    0x8c, 0xf4, 0xa4, 0x37, 0x39, 0x36, 0x56, 0x30, 0x73, 0xa2, 0x7d, 0x82,
    0xb0, 0x8f, 0x91, 0x9e, 0xf4, 0x26, 0xc7, 0xc6, 0x0a, 0x66, 0x4e, 0xb4,
    0x4f, 0x10, 0xf6, 0x31, 0xd2, 0x93, 0xde, 0xe4, 0xd8, 0x58, 0xc1, 0xcc,
    0x89, 0xf6, 0x09, 0xc2, 0x3e, 0x46, 0x7a, 0xd2, 0x9b, 0x1c, 0x1b, 0x2b,
    0x98, 0x39, 0xd1, 0x3e, 0x41, 0xd8, 0xc7, 0x48, 0x4f, 0x7a, 0x93, 0x63,
    0x63, 0x05, 0x33, 0x27, 0xda, 0x27, 0x08, 0xfb, 0x18, 0xe9, 0x49, 0x6f,
    0x72, 0x6c, 0xac, 0x60, 0xe6, 0x44, 0xfb, 0x06, 0x61, 0x21, 0x23, 0xbd,
    0xf9, 0x2d, 0xae, 0x8d, 0x15, 0xcc, 0x5c, 0x58, 0xdf, 0x18, 0xec, 0x63,
    0xa4, 0x37, 0xbf, 0xc5, 0xb5, 0xb1, 0x82, 0x99, 0x0b, 0xeb, 0x1b, 0x83,
    0x7d, 0x8c, 0xf4, 0xe6, 0xb7, 0xb8, 0x36, 0x56, 0x30, 0x73, 0x61, 0x7d,
    0x63, 0xb0, 0x8f, 0x91, 0xde, 0xfc, 0x16, 0xd7, 0xc6, 0x0a, 0x66, 0x2e,
    0xac, 0x6f, 0x0c, 0xf6, 0x31, 0xd2, 0x9b, 0xdf, 0xe2, 0xda, 0x58, 0xc1,
    0xcc, 0x85, 0xf5, 0x8d, 0xc1, 0x3e, 0x46, 0x7a, 0xf3, 0x5b, 0x5c, 0x1b,
    0x2b, 0x98, 0xb9, 0xb0, 0xbe, 0x31, 0xd8, 0xc7, 0x48, 0x6f, 0x7e, 0x8b,
    0x6b, 0x63, 0x05, 0x33, 0x17, 0xd6, 0x37, 0x06, 0xfb, 0x18, 0xe9, 0xcd,
    0x6f, 0x71, 0x6d, 0xac, 0x60, 0xe6, 0xc2, 0xfa, 0xc8, 0x60, 0x21, 0x23,
    0x3d, 0x0a, 0x0e, 0xce, 0x8d, 0x15, 0xcc, 0x1c, 0x48, 0x1f, 0x11, 0xec,
    0x63, 0xa4, 0x47, 0xc1, 0xc1, 0xb9, 0xb1, 0x82, 0x99, 0x03, 0xe9, 0x23,
    0x82, 0x7d, 0x8c, 0xf4, 0x28, 0x38, 0x38, 0x37, 0x56, 0x30, 0x73, 0x20,
    0x7d, 0x44, 0xb0, 0x8f, 0x91, 0x1e, 0x05, 0x07, 0xe7, 0xc6, 0x0a, 0x66,
    0x0e, 0xa4, 0x8f, 0x08, 0xf6, 0x31, 0xd2, 0xa3, 0xe0, 0xe0, 0xdc, 0x58,
    0xc1, 0xcc, 0x81, 0xf4, 0x11, 0xc1, 0x3e, 0x46, 0x7a, 0x14, 0x1c, 0x9c,
    0x1b, 0x2b, 0x98, 0x39, 0x90, 0x3e, 0x22, 0xd8, 0xc7, 0x48, 0x8f, 0x82,
    0x83, 0x73, 0x63, 0x05, 0x33, 0x07, 0xd2, 0x47, 0x04, 0xfb, 0x18, 0xe9,
    0x51, 0x70, 0x70, 0x6e, 0xac, 0x60, 0xe6, 0x40, 0xfa, 0x8a, 0x60, 0x21,
    0x23, 0xbd, 0x1a, 0xf6, 0xf7, 0xc6, 0x0a, 0x66, 0xf6, 0xce, 0x57, 0x02,
    0xfb, 0x18, 0xe9, 0xd5, 0xb0, 0xbf, 0x37, 0x56, 0x30, 0xb3, 0x77, 0xbe,
    0x12, 0xd8, 0xc7, 0x48, 0xaf, 0x86, 0xfd, 0xbd, 0xb1, 0x82, 0x99, 0xbd,
    0xf3, 0x95, 0xc0, 0x3e, 0x46, 0x7a, 0x35, 0xec, 0xef, 0x8d, 0x15, 0xcc,
    0xec, 0x9d, 0xaf, 0x04, 0xf6, 0x31, 0xd2, 0xab, 0x61, 0x7f, 0x6f, 0xac,
    0x60, 0x66, 0xef, 0x7c, 0x25, 0xb0, 0x8f, 0x91, 0x5e, 0x0d, 0xfb, 0x7b,
    0x63, 0x05, 0x33, 0x7b, 0xe7, 0x2b, 0x81, 0x7d, 0x8c, 0xf4, 0x6a, 0xd8,
    0xdf, 0x1b, 0x2b, 0x98, 0xd9, 0x3b, 0x5f, 0x09, 0xec, 0x63, 0xa4, 0x57,
    0xc3, 0xfe, 0xde, 0x58, 0xc1, 0xcc, 0xde, 0xf9, 0x4c, 0x60, 0x21, 0x23,
    0x3d, 0x2b, 0xd6, 0x05, 0x63, 0x05, 0x33, 0x6b, 0xe5, 0x33, 0x80, 0x7d,
    0x8c, 0xf4, 0xac, 0x58, 0x17, 0x8c, 0x15, 0xcc, 0xac, 0x95, 0xcf, 0x00,
    0xf6, 0x31, 0xd2, 0xb3, 0x62, 0x5d, 0x30, 0x56, 0x30, 0xb3, 0x56, 0x3e,
    0x03, 0xd8, 0xc7, 0x48, 0xcf, 0x8a, 0x75, 0xc1, 0x58, 0xc1, 0xcc, 0x5a,
    0xf9, 0x0c, 0x60, 0x1f, 0x23, 0x3d, 0x2b, 0xd6, 0x05, 0x63, 0x05, 0x33,
    0x6b, 0xe5, 0x33, 0x80, 0x7d, 0x8c, 0xf4, 0xac, 0x58, 0x17, 0x8c, 0x15,
    0xcc, 0xac, 0x95, 0xcf, 0x00, 0xf6, 0x31, 0xd2, 0xb3, 0x62, 0x5d, 0x30,
    0x56, 0x30, 0xb3, 0x56, 0x3e, 0x03, 0xd8, 0xc7, 0x48, 0xcf, 0x8a, 0x75,
    0xc1, 0x58, 0xc1, 0xcc, 0x5a, 0xf9, 0x0e, 0x60, 0x21, 0x23, 0xbd, 0x3b,
    0xb6, 0x0d, 0x63, 0x05, 0x33, 0x5b, 0xe3, 0x7b, 0x9f, 0x7d, 0x8c, 0xf4,
    0xee, 0xd8, 0x36, 0x8c, 0x15, 0xcc, 0x6c, 0x8d, 0xef, 0x7d, 0xf6, 0x31,
    0xd2, 0xbb, 0x63, 0xdb, 0x30, 0x56, 0x30, 0xb3, 0x35, 0xbe, 0xf7, 0xd9,
    0xc7, 0x48, 0xef, 0x8e, 0x6d, 0xc3, 0x58, 0xc1, 0xcc, 0xd6, 0xf8, 0xde,
    0x67, 0x1f, 0x23, 0xbd, 0x3b, 0xb6, 0x0d, 0x63, 0x05, 0x33, 0x5b, 0xe3,
    0x7b, 0x9f, 0x7d, 0x8c, 0xf4, 0xee, 0xd8, 0x36, 0x8c, 0x15, 0xcc, 0x6c,
    0x8d, 0xef, 0x7d, 0xf6, 0x31, 0xd2, 0xbb, 0x63, 0xdb, 0x30, 0x56, 0x30,
    0xb3, 0x35, 0xbe, 0xf7, 0xd9, 0xc7, 0x48, 0xef, 0x8e, 0x6d, 0xc3, 0x58,
    0xc1, 0xcc, 0xd6, 0x38, 0xe8, 0xb3, 0x90, 0x91, 0x06, 0x92, 0x65, 0xc5,
    0x58, 0xc1, 0xcc, 0x52, 0x38, 0xa8, 0xb3, 0x8f, 0x91, 0x06, 0x92, 0x65,
    0xc5, 0x58, 0xc1, 0xcc, 0x52, 0x38, 0xa8, 0xb3, 0x8f, 0x91, 0x06, 0x92,
    0x65, 0xc5, 0x58, 0xc1, 0xcc, 0x52, 0x38, 0xa8, 0xb3, 0x8f, 0x91, 0x06,
    0x92, 0x65, 0xc5, 0x58, 0xc1, 0xcc, 0x52, 0x38, 0xa8, 0xb3, 0x8f, 0x91,
    0x06, 0x92, 0x65, 0xc5, 0x58, 0xc1, 0xcc, 0x52, 0x38, 0xa8, 0xb3, 0x8f,
    0x91, 0x06, 0x92, 0x65, 0xc5, 0x58, 0xc1, 0xcc, 0x52, 0x38, 0xa8, 0xb3,
    0x8f, 0x91, 0x06, 0x92, 0x65, 0xc5, 0x58, 0xc1, 0xcc, 0x52, 0x38, 0xa8,
    0xb3, 0x8f, 0x91, 0x06, 0x92, 0x65, 0xc5, 0x58, 0xc1, 0xcc, 0x52, 0x38,
    0xa9, 0xb3, 0x90, 0x91, 0x26, 0x96, 0x5d, 0xc7, 0x58, 0xc1, 0xcc, 0xce,
    0x37, 0x69, 0xb3, 0x8f, 0x91, 0x26, 0x96, 0x5d, 0xc7, 0x58, 0xc1, 0xcc,
    0xce, 0x37, 0x69, 0xb3, 0x8f, 0x91, 0x26, 0x96, 0x5d, 0xc7, 0x58, 0xc1,
    0xcc, 0xce, 0x37, 0x69, 0xb3, 0x8f, 0x91, 0x26, 0x96, 0x5d, 0xc7, 0x58,
    0xc1, 0xcc, 0xce, 0x37, 0x69, 0xb3, 0x8f, 0x91, 0x26, 0x96, 0x5d, 0xc7,
    0x58, 0xc1, 0xcc, 0xce, 0x37, 0x69, 0xb3, 0x8f, 0x91, 0x26, 0x96, 0x5d,
    0xc7, 0x58, 0xc1, 0xcc, 0xce, 0x37, 0x69, 0xb3, 0x8f, 0x91, 0x26, 0x96,
    0x5d, 0xc7, 0x58, 0xc1, 0xcc, 0xce, 0x37, 0x69, 0xb3, 0x8f, 0x91, 0x26,
    0x96, 0x5d, 0xc7, 0x58, 0xc1, 0xcc, 0xce, 0x37, 0x6a, 0xb3, 0x90, 0x91,
    0x46, 0x9a, 0x55, 0xc9, 0x58, 0xc1, 0xcc, 0x4a, 0x37, 0x2a, 0xb3, 0x8f,
    0x91, 0x46, 0x9a, 0x55, 0xc9, 0x58, 0xc1, 0xcc, 0x4a, 0x37, 0x2a, 0xb3,
    0x8f, 0x91, 0x46, 0x9a, 0x55, 0xc9, 0x58, 0xc1, 0xcc, 0x4a, 0x37, 0x2a,
    0xb3, 0x8f, 0x91, 0x46, 0x9a, 0x55, 0xc9, 0x58, 0xc1, 0xcc, 0x4a, 0x37,
    0x2a, 0xb3, 0x8f, 0x91, 0x46, 0x9a, 0x55, 0xc9, 0x58, 0xc1, 0xcc, 0x4a,
    0x37, 0x2a, 0xb3, 0x8f, 0x91, 0x46, 0x9a, 0x55, 0xc9, 0x58, 0xc1, 0xcc,
    0x4a, 0x37, 0x2a, 0xb3, 0x8f, 0x91, 0x46, 0x9a, 0x55, 0xc9, 0x58, 0xc1,
    0xcc, 0x4a, 0x37, 0x2a, 0xb3, 0x8f, 0x91, 0x46, 0x9a, 0x55, 0xc9, 0x58,
    0xc1, 0xcc, 0x4a, 0x37, 0x2b, 0xb3, 0x90, 0x91, 0x66, 0x9e, 0x4d, 0xcb,
    0x58, 0xc1, 0xcc, 0xc6, 0x36, 0xeb, 0xb2, 0x8f, 0x91, 0x66, 0x9e, 0x4d,
    0xcb, 0x58, 0xc1, 0xcc, 0xc6, 0x36, 0xeb, 0xb2, 0x8f, 0x91, 0x66, 0x9e,
    0x4d, 0xcb, 0x58, 0xc1, 0xcc, 0xc6, 0x36, 0xeb, 0xb2, 0x8f, 0x91, 0x66,
    0x9e, 0x4d, 0xcb, 0x58, 0xc1, 0xcc, 0xc6, 0x36, 0xeb, 0xb2, 0x8f, 0x91,
    0x66, 0x9e, 0x4d, 0xcb, 0x58, 0xc1, 0xcc, 0xc6, 0x36, 0xeb, 0xb2, 0x8f,
    0x91, 0x66, 0x9e, 0x4d, 0xcb, 0x58, 0xc1, 0xcc, 0xc6, 0x36, 0xeb, 0xb2,
    0x8f, 0x91, 0x66, 0x9e, 0x4d, 0xcb, 0x58, 0xc1, 0xcc, 0xc6, 0x36, 0xeb,
    0xb2, 0x8f, 0x91, 0x66, 0x9e, 0x4d, 0xcb, 0x58, 0xc1, 0xcc, 0xc6, 0x36,
    0xec, 0xb2, 0x90, 0x91, 0x86, 0xa2, 0x45, 0xcd, 0x58, 0xc1, 0xcc, 0x42,
    0x36, 0xac, 0xb2, 0x8f, 0x91, 0x86, 0xa2, 0x45, 0xcd, 0x58, 0xc1, 0xcc,
    0x42, 0x36, 0xac, 0xb2, 0x8f, 0x91, 0x86, 0xa2, 0x45, 0xcd, 0x58, 0xc1,
    0xcc, 0x42, 0x36, 0xac, 0xb2, 0x8f, 0x91, 0x86, 0xa2, 0x45, 0xcd, 0x58,
    0xc1, 0xcc, 0x42, 0x36, 0xac, 0xb2, 0x8f, 0x91, 0x86, 0xa2, 0x45, 0xcd,
    0x58, 0xc1, 0xcc, 0x42, 0x36, 0xac, 0xb2, 0x8f, 0x91, 0x86, 0xa2, 0x45,
    0xcd, 0x58, 0xc1, 0xcc, 0x42, 0x36, 0xac, 0xb2, 0x8f, 0x91, 0x86, 0xa2,
    0x45, 0xcd, 0x58, 0xc1, 0xcc, 0x42, 0x36, 0xac, 0xb2, 0x8f, 0x91, 0x86,
    0xa2, 0x45, 0xcd, 0x58, 0xc1, 0xcc, 0x42, 0x36, 0xad, 0xb2, 0x90, 0x91,
    0xa6, 0xa6, 0x79, 0xcf, 0x58, 0xc1, 0xcc, 0xdc, 0x35, 0x6d, 0xb2, 0x8f,
    0x91, 0xa6, 0xa6, 0x79, 0xcf, 0x58, 0xc1, 0xcc, 0xdc, 0x35, 0x6d, 0xb2,
    0x8f, 0x91, 0xa6, 0xa6, 0x79, 0xcf, 0x58, 0xc1, 0xcc, 0xdc, 0x35, 0x6d,
    0xb2, 0x8f, 0x91, 0xa6, 0xa6, 0x79, 0xcf, 0x58, 0xc1, 0xcc, 0xdc, 0x35,
    0x6d, 0xb2, 0x8f, 0x91, 0xa6, 0xa6, 0x79, 0xcf, 0x58, 0xc1, 0xcc, 0xdc,
    0x35, 0x6d, 0xb2, 0x8f, 0x91, 0xa6, 0xa6, 0x79, 0xcf, 0x58, 0xc1, 0xcc,
    0xdc, 0x35, 0x6d, 0xb2, 0x8f, 0x91, 0xa6, 0xa6, 0x79, 0xcf, 0x58, 0xc1,
    0xcc, 0xdc, 0x35, 0x6d, 0xb2, 0x8f, 0x91, 0xa6, 0xa6, 0x79, 0xcf, 0x58,
    0xc1, 0xcc, 0xdc, 0x35, 0x6e, 0xb2, 0x90, 0x91, 0xc6, 0xaa, 0x71, 0xd1,
    0x58, 0xc1, 0xcc, 0x58, 0x35, 0x2e, 0xb2, 0x8f, 0x91, 0xc6, 0xaa, 0x71,
    0xd1, 0x58, 0xc1, 0xcc, 0x58, 0x35, 0x2e, 0xb2, 0x8f, 0x91, 0xc6, 0xaa,
    0x71, 0xd1, 0x58, 0xc1, 0xcc, 0x58, 0x35, 0x2e, 0xb2, 0x8f, 0x91, 0xc6,
    0xaa, 0x71, 0xd1, 0x58, 0xc1, 0xcc, 0x58, 0x35, 0x2e, 0xb2, 0x8f, 0x91,
    0xc6, 0xaa, 0x71, 0xd1, 0x58, 0xc1, 0xcc, 0x58, 0x35, 0x2e, 0xb2, 0x8f,
    0x91, 0xc6, 0xaa, 0x71, 0xd1, 0x58, 0xc1, 0xcc, 0x58, 0x35, 0x2e, 0xb2,
    0x8f, 0x91, 0xc6, 0xaa, 0x71, 0xd1, 0x58, 0xc1, 0xcc, 0x58, 0x35, 0x2e,
    0xb2, 0x8f, 0x91, 0xc6, 0xaa, 0x71, 0xd1, 0x58, 0xc1, 0xcc, 0x58, 0x35,
    0x2f, 0xb2, 0x90, 0x91, 0xe6, 0xae, 0x69, 0xd3, 0x58, 0xc1, 0xcc, 0xd4,
    0x34, 0xef, 0xb1, 0x8f, 0x91, 0xe6, 0xae, 0x69, 0xd3, 0x58, 0xc1, 0xcc,
    0xd4, 0x34, 0xef, 0xb1, 0x8f, 0x91, 0xe6, 0xae, 0x69, 0xd3, 0x58, 0xc1,
    0xcc, 0xd4, 0x34, 0xef, 0xb1, 0x8f, 0x91, 0xe6, 0xae, 0x69, 0xd3, 0x58,
    0xc1, 0xcc, 0xd4, 0x34, 0xef, 0xb1, 0x8f, 0x91, 0xe6, 0xae, 0x69, 0xd3,
    0x58, 0xc1, 0xcc, 0xd4, 0x34, 0xef, 0xb1, 0x8f, 0x91, 0xe6, 0xae, 0x69,
    0xd3, 0x58, 0xc1, 0xcc, 0xd4, 0x34, 0xef, 0xb1, 0x8f, 0x91, 0xe6, 0xae,
    0x69, 0xd3, 0x58, 0xc1, 0xcc, 0xd4, 0x34, 0xef, 0xb1, 0x8f, 0x91, 0xe6,
    0xae, 0x69, 0xd3, 0x58, 0xc1, 0xcc, 0xd4, 0xb4, 0xe8, 0xb1, 0x90, 0x91,
    0x16, 0xb2, 0x61, 0xd5, 0x58, 0xc1, 0xcc, 0x50, 0xb4, 0xa8, 0xb1, 0x8f,
    0x91, 0x16, 0xb2, 0x61, 0xd5, 0x58, 0xc1, 0xcc, 0x50, 0xb4, 0xa8, 0xb1,
    0x8f, 0x91, 0x16, 0xb2, 0x61, 0xd5, 0x58, 0xc1, 0xcc, 0x50, 0xb4, 0xa8,
    0xb1, 0x8f, 0x91, 0x16, 0xb2, 0x61, 0xd5, 0x58, 0xc1, 0xcc, 0x50, 0xb4,
    0xa8, 0xb1, 0x8f, 0x91, 0x16, 0xb2, 0x61, 0xd5, 0x58, 0xc1, 0xcc, 0x50,
    0xb4, 0xa8, 0xb1, 0x8f, 0x91, 0x16, 0xb2, 0x61, 0xd5, 0x58, 0xc1, 0xcc,
    0x50, 0xb4, 0xa8, 0xb1, 0x8f, 0x91, 0x16, 0xb2, 0x61, 0xd5, 0x58, 0xc1,
    0xcc, 0x50, 0xb4, 0xa8, 0xb1, 0x8f, 0x91, 0x16, 0xb2, 0x61, 0xd5, 0x58,
    0xc1, 0xcc, 0x50, 0xb4, 0xa9, 0xb1, 0x90, 0x91, 0x36, 0xb6, 0x59, 0xd7,
    0x58, 0xc1, 0xcc, 0xcc, 0xb3, 0x69, 0xb1, 0x8f, 0x91, 0x36, 0xb6, 0x59,
    0xd7, 0x58, 0xc1, 0xcc, 0xcc, 0xb3, 0x69, 0xb1, 0x8f, 0x91, 0x36, 0xb6,
    0x59, 0xd7, 0x58, 0xc1, 0xcc, 0xcc, 0xb3, 0x69, 0xb1, 0x8f, 0x91, 0x36,
    0xb6, 0x59, 0xd7, 0x58, 0xc1, 0xcc, 0xcc, 0xb3, 0x69, 0xb1, 0x8f, 0x91,
    0x36, 0xb6, 0x59, 0xd7, 0x58, 0xc1, 0xcc, 0xcc, 0xb3, 0x69, 0xb1, 0x8f,
    0x91, 0x36, 0xb6, 0x59, 0xd7, 0x58, 0xc1, 0xcc, 0xcc, 0xb3, 0x69, 0xb1,
    0x8f, 0x91, 0x36, 0xb6, 0x59, 0xd7, 0x58, 0xc1, 0xcc, 0xcc, 0xb3, 0x69,
    0xb1, 0x8f, 0x91, 0x36, 0xb6, 0x59, 0xd7, 0x58, 0xc1, 0xcc, 0xcc, 0xb3,
    0x6a, 0xb1, 0x90, 0x91, 0x56, 0xba, 0x51, 0xd9, 0x58, 0xc1, 0xcc, 0x48,
    0xb3, 0x2a, 0xb1, 0x8f, 0x91, 0x56, 0xba, 0x51, 0xd9, 0x58, 0xc1, 0xcc,
    0x48, 0xb3, 0x2a, 0xb1, 0x8f, 0x91, 0x56, 0xba, 0x51, 0xd9, 0x58, 0xc1,
    0xcc, 0x48, 0xb3, 0x2a, 0xb1, 0x8f, 0x91, 0x56, 0xba, 0x51, 0xd9, 0x58,
    0xc1, 0xcc, 0x48, 0xb3, 0x2a, 0xb1, 0x8f, 0x91, 0x56, 0xba, 0x51, 0xd9,
    0x58, 0xc1, 0xcc, 0x48, 0xb3, 0x2a, 0xb1, 0x8f, 0x91, 0x56, 0xba, 0x51,
    0xd9, 0x58, 0xc1, 0xcc, 0x48, 0xb3, 0x2a, 0xb1, 0x8f, 0x91, 0x56, 0xba,
    0x51, 0xd9, 0x58, 0xc1, 0xcc, 0x48, 0xb3, 0x2a, 0xb1, 0x8f, 0x91, 0x56,
    0xba, 0x51, 0xd9, 0x58, 0xc1, 0xcc, 0x48, 0xb3, 0x2b, 0xb1, 0x90, 0x91,
    0x76, 0xbe, 0x49, 0xdb, 0x58, 0xc1, 0xcc, 0xc4, 0xb2, 0xeb, 0xb0, 0x8f,
    0x91, 0x76, 0xbe, 0x49, 0xdb, 0x58, 0xc1, 0xcc, 0xc4, 0xb2, 0xeb, 0xb0,
    0x8f, 0x91, 0x76, 0xbe, 0x49, 0xdb, 0x58, 0xc1, 0xcc, 0xc4, 0xb2, 0xeb,
    0xb0, 0x8f, 0x91, 0x76, 0xbe, 0x49, 0xdb, 0x58, 0xc1, 0xcc, 0xc4, 0xb2,
    0xeb, 0xb0, 0x8f, 0x91, 0x76, 0xbe, 0x49, 0xdb, 0x58, 0xc1, 0xcc, 0xc4,
    0xb2, 0xeb, 0xb0, 0x8f, 0x91, 0x76, 0xbe, 0x49, 0xdb, 0x58, 0xc1, 0xcc,
    0xc4, 0xb2, 0xeb, 0xb0, 0x8f, 0x91, 0x76, 0xbe, 0x49, 0xdb, 0x58, 0xc1,
    0xcc, 0xc4, 0xb2, 0xeb, 0xb0, 0x8f, 0x91, 0x76, 0xbe, 0x49, 0xdb, 0x58,
    0xc1, 0xcc, 0xc4, 0xb2, 0xec, 0xb0, 0x90, 0x91, 0x96, 0xc2, 0x41, 0xdd,
    0x58, 0xc1, 0xcc, 0x40, 0xb2, 0xac, 0xb0, 0x8f, 0x91, 0x96, 0xc2, 0x41,
    0xdd, 0x58, 0xc1, 0xcc, 0x40, 0xb2, 0xac, 0xb0, 0x8f, 0x91, 0x96, 0xc2,
    0x41, 0xdd, 0x58, 0xc1, 0xcc, 0x40, 0xb2, 0xac, 0xb0, 0x8f, 0x91, 0x96,
    0xc2, 0x41, 0xdd, 0x58, 0xc1, 0xcc, 0x40, 0xb2, 0xac, 0xb0, 0x8f, 0x91,
    0x96, 0xc2, 0x41, 0xdd, 0x58, 0xc1, 0xcc, 0x40, 0xb2, 0xac, 0xb0, 0x8f,
    0x91, 0x96, 0xc2, 0x41, 0xdd, 0x58, 0xc1, 0xcc, 0x40, 0xb2, 0xac, 0xb0,
    0x8f, 0x91, 0x96, 0xc2, 0x41, 0xdd, 0x58, 0xc1, 0xcc, 0x40, 0xb2, 0xac,
    0xb0, 0x8f, 0x91, 0x96, 0xc2, 0x41, 0xdd, 0x58, 0xc1, 0xcc, 0x40, 0xb2,
    0xad, 0xb0, 0x90, 0x91, 0xb6, 0xc6, 0xf7, 0xbe, 0xb1, 0x82, 0x99, 0x77,
    0xc7, 0xb6, 0xc1, 0x3e, 0x46, 0xda, 0x1a, 0xdf, 0xfb, 0xc6, 0x0a, 0x66,
    0xde, 0x1d, 0xdb, 0x06, 0xfb, 0x18, 0x69, 0x6b, 0x7c, 0xef, 0x1b, 0x2b,
    0x98, 0x79, 0x77, 0x6c, 0x1b, 0xec, 0x63, 0xa4, 0xad, 0xf1, 0xbd, 0x6f,
    0xac, 0x60, 0xe6, 0xdd, 0xb1, 0x6d, 0xb0, 0x8f, 0x91, 0xb6, 0xc6, 0xf7,
    0xbe, 0xb1, 0x82, 0x99, 0x77, 0xc7, 0xb6, 0xc1, 0x3e, 0x46, 0xda, 0x1a,
    0xdf, 0xfb, 0xc6, 0x0a, 0x66, 0xde, 0x1d, 0xdb, 0x06, 0xfb, 0x18, 0x69,
    0x6b, 0x7c, 0xef, 0x1b, 0x2b, 0x98, 0x79, 0x77, 0x6c, 0x1b, 0xec, 0x63,
    0xa4, 0xad, 0xf1, 0xbd, 0x6f, 0xac, 0x60, 0xe6, 0xdd, 0xb1, 0x6e, 0xb0,
    0x90, 0x91, 0xd6, 0xca, 0x67, 0x80, 0xb1, 0x82, 0x99, 0x67, 0xc5, 0xba,
    0xc0, 0x3e, 0x46, 0x5a, 0x2b, 0x9f, 0x01, 0xc6, 0x0a, 0x66, 0x9e, 0x15,
    0xeb, 0x02, 0xfb, 0x18, 0x69, 0xad, 0x7c, 0x06, 0x18, 0x2b, 0x98, 0x79,
    0x56, 0xac, 0x0b, 0xec, 0x63, 0xa4, 0xb5, 0xf2, 0x19, 0x60, 0xac, 0x60,
    0xe6, 0x59, 0xb1, 0x2e, 0xb0, 0x8f, 0x91, 0xd6, 0xca, 0x67, 0x80, 0xb1,
    0x82, 0x99, 0x67, 0xc5, 0xba, 0xc0, 0x3e, 0x46, 0x5a, 0x2b, 0x9f, 0x01,
    0xc6, 0x0a, 0x66, 0x9e, 0x15, 0xeb, 0x02, 0xfb, 0x18, 0x69, 0xad, 0x7c,
    0x06, 0x18, 0x2b, 0x98, 0x79, 0x56, 0xac, 0x0b, 0xec, 0x63, 0xa4, 0xb5,
    0xf2, 0x19, 0x60, 0xac, 0x60, 0xe6, 0x59, 0xb1, 0x2f, 0xb0, 0x90, 0x91,
    0xf6, 0xce, 0x57, 0x82, 0xb1, 0x82, 0x99, 0x57, 0xc3, 0xfe, 0x9e, 0x7d,
    0x8c, 0xb4, 0x77, 0xbe, 0x12, 0x8c, 0x15, 0xcc, 0xbc, 0x1a, 0xf6, 0xf7,
    0xec, 0x63, 0xa4, 0xbd, 0xf3, 0x95, 0x60, 0xac, 0x60, 0xe6, 0xd5, 0xb0,
    0xbf, 0x67, 0x1f, 0x23, 0xed, 0x9d, 0xaf, 0x04, 0x63, 0x05, 0x33, 0xaf,
    0x86, 0xfd, 0x3d, 0xfb, 0x18, 0x69, 0xef, 0x7c, 0x25, 0x18, 0x2b, 0x98,
    0x79, 0x35, 0xec, 0xef, 0xd9, 0xc7, 0x48, 0x7b, 0xe7, 0x2b, 0xc1, 0x58,
    0xc1, 0xcc, 0xab, 0x61, 0x7f, 0xcf, 0x3e, 0x46, 0xda, 0x3b, 0x5f, 0x09,
    0xc6, 0x0a, 0x66, 0x5e, 0x0d, 0xfb, 0x7b, 0xf6, 0x31, 0xd2, 0xde, 0xf9,
    0x4a, 0x30, 0x56, 0x30, 0xf3, 0x6a, 0x38, 0xb8, 0x67, 0x21, 0x23, 0x1d,
    0x48, 0x1f, 0x11, 0xc6, 0x0a, 0x66, 0x1e, 0x05, 0x07, 0xe7, 0xec, 0x63,
    0xa4, 0x03, 0xe9, 0x23, 0xc2, 0x58, 0xc1, 0xcc, 0xa3, 0xe0, 0xe0, 0x9c,
    0x7d, 0x8c, 0x74, 0x20, 0x7d, 0x44, 0x18, 0x2b, 0x98, 0x79, 0x14, 0x1c,
    0x9c, 0xb3, 0x8f, 0x91, 0x0e, 0xa4, 0x8f, 0x08, 0x63, 0x05, 0x33, 0x8f,
    0x82, 0x83, 0x73, 0xf6, 0x31, 0xd2, 0x81, 0xf4, 0x11, 0x61, 0xac, 0x60,
    0xe6, 0x51, 0x70, 0x70, 0xce, 0x3e, 0x46, 0x3a, 0x90, 0x3e, 0x22, 0x8c,
    0x15, 0xcc, 0x3c, 0x0a, 0x0e, 0xce, 0xd9, 0xc7, 0x48, 0x07, 0xd2, 0x47,
    0x84, 0xb1, 0x82, 0x99, 0x47, 0xc1, 0xc1, 0x39, 0xfb, 0x18, 0xe9, 0x40,
    0xfa, 0x88, 0x30, 0x56, 0x30, 0xf3, 0x1f, 0xc7, 0x46, 0x7a, 0x7c, 0x93,
    0xc1, 0xb9, 0xb1, 0x82, 0x99, 0x03, 0xe9, 0x23, 0x82, 0x7d, 0x8c, 0xf4,
    0x28, 0x38, 0x38, 0x37, 0x56, 0x30, 0x73, 0x20, 0x7d, 0x44, 0xb0, 0x8f,
    0x91, 0x1e, 0x05, 0x07, 0xe7, 0xc6, 0x0a, 0x66, 0x0e, 0xa4, 0x8f, 0x08,
    0xf6, 0x31, 0xd2, 0xa3, 0xe0, 0xe0, 0xdc, 0x58, 0xc1, 0xcc, 0x81, 0xf4,
    0x11, 0xc1, 0x3e, 0x46, 0x7a, 0x14, 0x1c, 0x9c, 0x1b, 0x2b, 0x98, 0x39,
    0x90, 0x3e, 0x22, 0xd8, 0xc7, 0x48, 0x8f, 0x82, 0x83, 0x73, 0x63, 0x05,
    0x33, 0x07, 0xd2, 0x47, 0x04, 0xfb, 0x18, 0xe9, 0x51, 0x70, 0x70, 0x6e,
    0xac, 0x60, 0xe6, 0x40, 0xfa, 0x88, 0x60, 0x1f, 0x23, 0x3d, 0x0a, 0x0e,
    0xce, 0x8d, 0x15, 0xcc, 0x1c, 0x48, 0x5f, 0x11, 0x2c, 0x64, 0xa4, 0x57,
    0xc3, 0xfe, 0xde, 0x58, 0xc1, 0xcc, 0xde, 0xf9, 0x4a, 0x60, 0x1f, 0x23,
    0xbd, 0x1a, 0xf6, 0xf7, 0xc6, 0x0a, 0x66, 0xf6, 0xce, 0x57, 0x02, 0xfb,
    0x18, 0x82, 0xe7, 0x7c, 0x99, 0x00, 0x00, 0x20, 0x00, 0x49, 0x44, 0x41,
    0x54, 0xe9, 0xd5, 0xb0, 0xbf, 0x37, 0x56, 0x30, 0xb3, 0x77, 0xbe, 0x12,
    0xd8, 0xc7, 0x48, 0xaf, 0x86, 0xfd, 0xbd, 0xb1, 0x82, 0x99, 0xbd, 0xf3,
    0x95, 0xc0, 0x3e, 0x46, 0x7a, 0x35, 0xec, 0xef, 0x8d, 0x15, 0xcc, 0xec,
    0x9d, 0xaf, 0x04, 0xf6, 0x31, 0xd2, 0xab, 0x61, 0x7f, 0x6f, 0xac, 0x60,
    0x66, 0xef, 0x7c, 0x25, 0xb0, 0x8f, 0x91, 0x5e, 0x0d, 0xfb, 0x7b, 0x63,
    0x05, 0x33, 0x7b, 0xe7, 0x2b, 0x81, 0x7d, 0x8c, 0xf4, 0x6a, 0xd8, 0xdf,
    0x1b, 0x2b, 0x98, 0xd9, 0x3b, 0x9f, 0x09, 0x2c, 0x64, 0xa4, 0x67, 0xc5,
    0xba, 0x60, 0xac, 0x60, 0x66, 0xad, 0x7c, 0x06, 0xb0, 0x8f, 0x91, 0x9e,
    0x15, 0xeb, 0x82, 0xb1, 0x82, 0x99, 0xb5, 0xf2, 0x19, 0xc0, 0x3e, 0x46,
    0x7a, 0x56, 0xac, 0x0b, 0xc6, 0x0a, 0x66, 0xd6, 0xca, 0x67, 0x00, 0xfb,
    0x18, 0xe9, 0x59, 0xb1, 0x2e, 0x18, 0x2b, 0x98, 0x59, 0x2b, 0x9f, 0x01,
    0xec, 0x63, 0xa4, 0x67, 0xc5, 0xba, 0x60, 0xac, 0x60, 0x66, 0xad, 0x7c,
    0x06, 0xb0, 0x8f, 0x91, 0x9e, 0x15, 0xeb, 0x82, 0xb1, 0x82, 0x99, 0xb5,
    0xf2, 0x19, 0xc0, 0x3e, 0x46, 0x7a, 0x56, 0xac, 0x0b, 0xc6, 0x0a, 0x66,
    0xd6, 0xca, 0x67, 0x00, 0xfb, 0x18, 0xe9, 0x59, 0xb1, 0x2e, 0x18, 0x2b,
    0x98, 0x59, 0x2b, 0xdf, 0x01, 0x2c, 0x64, 0xa4, 0x77, 0xc7, 0xb6, 0x61,
    0xac, 0x60, 0x66, 0x6b, 0x7c, 0xef, 0xb3, 0x8f, 0x91, 0xde, 0x1d, 0xdb,
    0x86, 0xb1, 0x82, 0x99, 0xad, 0xf1, 0xbd, 0xcf, 0x3e, 0x46, 0x7a, 0x77,
    0x6c, 0x1b, 0xc6, 0x0a, 0x66, 0xb6, 0xc6, 0xf7, 0x3e, 0xfb, 0x18, 0xe9,
    0xdd, 0xb1, 0x6d, 0x18, 0x2b, 0x98, 0xd9, 0x1a, 0xdf, 0xfb, 0xec, 0x63,
    0xa4, 0x77, 0xc7, 0xb6, 0x61, 0xac, 0x60, 0x66, 0x6b, 0x7c, 0xef, 0xb3,
    0x8f, 0x91, 0xde, 0x1d, 0xdb, 0x86, 0xb1, 0x82, 0x99, 0xad, 0xf1, 0xbd,
    0xcf, 0x3e, 0x46, 0x7a, 0x77, 0x6c, 0x1b, 0xc6, 0x0a, 0x66, 0xb6, 0xc6,
    0xf7, 0x3e, 0xfb, 0x18, 0xe9, 0xdd, 0xb1, 0x6d, 0x18, 0x2b, 0x98, 0xd9,
    0x1a, 0x07, 0x7d, 0x16, 0x32, 0xd2, 0x40, 0xb2, 0xac, 0x18, 0x2b, 0x98,
    0x59, 0x0a, 0x07, 0x75, 0xf6, 0x31, 0xd2, 0x40, 0xb2, 0xac, 0x18, 0x2b,
    0x98, 0x59, 0x0a, 0x07, 0x75, 0xf6, 0x31, 0xd2, 0x40, 0xb2, 0xac, 0x18,
    0x2b, 0x98, 0x59, 0x0a, 0x07, 0x75, 0xf6, 0x31, 0xd2, 0x40, 0xb2, 0xac,
    0x18, 0x2b, 0x98, 0x59, 0x0a, 0x07, 0x75, 0xf6, 0x31, 0xd2, 0x40, 0xb2,
    0xac, 0x18, 0x2b, 0x98, 0x59, 0x0a, 0x07, 0x75, 0xf6, 0x31, 0xd2, 0x40,
    0xb2, 0xac, 0x18, 0x2b, 0x98, 0x59, 0x0a, 0x07, 0x75, 0xf6, 0x31, 0xd2,
    0x40, 0xb2, 0xac, 0x18, 0x2b, 0x98, 0x59, 0x0a, 0x07, 0x75, 0xf6, 0x31,
    0xd2, 0x40, 0xb2, 0xac, 0x18, 0x2b, 0x98, 0x59, 0x0a, 0x27, 0x75, 0x16,
    0x32, 0xd2, 0xc4, 0xb2, 0xeb, 0x18, 0x2b, 0x98, 0xd9, 0xf9, 0x26, 0x6d,
    0xf6, 0x31, 0xd2, 0xc4, 0xb2, 0xeb, 0x18, 0x2b, 0x98, 0xd9, 0xf9, 0x26,
    0x6d, 0xf6, 0x31, 0xd2, 0xc4, 0xb2, 0xeb, 0x18, 0x2b, 0x98, 0xd9, 0xf9,
    0x26, 0x6d, 0xf6, 0x31, 0xd2, 0xc4, 0xb2, 0xeb, 0x18, 0x2b, 0x98, 0xd9,
    0xf9, 0x26, 0x6d, 0xf6, 0x31, 0xd2, 0xc4, 0xb2, 0xeb, 0x18, 0x2b, 0x98,
    0xd9, 0xf9, 0x26, 0x6d, 0xf6, 0x31, 0xd2, 0xc4, 0xb2, 0xeb, 0x18, 0x2b,
    0x98, 0xd9, 0xf9, 0x26, 0x6d, 0xf6, 0x31, 0xd2, 0xc4, 0xb2, 0xeb, 0x18,
    0x2b, 0x98, 0xd9, 0xf9, 0x26, 0x6d, 0xf6, 0x31, 0xd2, 0xc4, 0xb2, 0xeb,
    0x18, 0x2b, 0x98, 0xd9, 0xf9, 0x46, 0x6d, 0x16, 0x32, 0xd2, 0x48, 0xb3,
    0x2a, 0x19, 0x2b, 0x98, 0x59, 0xe9, 0x46, 0x65, 0xf6, 0x31, 0xd2, 0x48,
    0xb3, 0x2a, 0x19, 0x2b, 0x98, 0x59, 0xe9, 0x46, 0x65, 0xf6, 0x31, 0xd2,
    0x48, 0xb3, 0x2a, 0x19, 0x2b, 0x98, 0x59, 0xe9, 0x46, 0x65, 0xf6, 0x31,
    0xd2, 0x48, 0xb3, 0x2a, 0x19, 0x2b, 0x98, 0x59, 0xe9, 0x46, 0x65, 0xf6,
    0x31, 0xd2, 0x48, 0xb3, 0x2a, 0x19, 0x2b, 0x98, 0x59, 0xe9, 0x46, 0x65,
    0xf6, 0x31, 0xd2, 0x48, 0xb3, 0x2a, 0x19, 0x2b, 0x98, 0x59, 0xe9, 0x46,
    0x65, 0xf6, 0x31, 0xd2, 0x48, 0xb3, 0x2a, 0x19, 0x2b, 0x98, 0x59, 0xe9,
    0x46, 0x65, 0xf6, 0x31, 0xd2, 0x48, 0xb3, 0x2a, 0x19, 0x2b, 0x98, 0x59,
    0xe9, 0x66, 0x65, 0x16, 0x32, 0xd2, 0xcc, 0xb3, 0x69, 0x19, 0x2b, 0x98,
    0xd9, 0xd8, 0x66, 0x5d, 0xf6, 0x31, 0xd2, 0xcc, 0xb3, 0x69, 0x19, 0x2b,
    0x98, 0xd9, 0xd8, 0x66, 0x5d, 0xf6, 0x31, 0xd2, 0xcc, 0xb3, 0x69, 0x19,
    0x2b, 0x98, 0xd9, 0xd8, 0x66, 0x5d, 0xf6, 0x31, 0xd2, 0xcc, 0xb3, 0x69,
    0x19, 0x2b, 0x98, 0xd9, 0xd8, 0x66, 0x5d, 0xf6, 0x31, 0xd2, 0xcc, 0xb3,
    0x69, 0x19, 0x2b, 0x98, 0xd9, 0xd8, 0x66, 0x5d, 0xf6, 0x31, 0xd2, 0xcc,
    0xb3, 0x69, 0x19, 0x2b, 0x98, 0xd9, 0xd8, 0x66, 0x5d, 0xf6, 0x31, 0xd2,
    0xcc, 0xb3, 0x69, 0x19, 0x2b, 0x98, 0xd9, 0xd8, 0x66, 0x5d, 0xf6, 0x31,
    0xd2, 0xcc, 0xb3, 0x69, 0x19, 0x2b, 0x98, 0xd9, 0xd8, 0x86, 0x5d, 0x16,
    0x32, 0xd2, 0x50, 0xb4, 0xa8, 0x19, 0x2b, 0x98, 0x59, 0xc8, 0x86, 0x55,
    0xf6, 0x31, 0xd2, 0x50, 0xb4, 0xa8, 0x19, 0x2b, 0x98, 0x59, 0xc8, 0x86,
    0x55, 0xf6, 0x31, 0xd2, 0x50, 0xb4, 0xa8, 0x19, 0x2b, 0x98, 0x59, 0xc8,
    0x86, 0x55, 0xf6, 0x31, 0xd2, 0x50, 0xb4, 0xa8, 0x19, 0x2b, 0x98, 0x59,
    0xc8, 0x86, 0x55, 0xf6, 0x31, 0xd2, 0x50, 0xb4, 0xa8, 0x19, 0x2b, 0x98,
    0x59, 0xc8, 0x86, 0x55, 0xf6, 0x31, 0xd2, 0x50, 0xb4, 0xa8, 0x19, 0x2b,
    0x98, 0x59, 0xc8, 0x86, 0x55, 0xf6, 0x31, 0xd2, 0x50, 0xb4, 0xa8, 0x19,
    0x2b, 0x98, 0x59, 0xc8, 0x86, 0x55, 0xf6, 0x31, 0xd2, 0x50, 0xb4, 0xa8,
    0x19, 0x2b, 0x98, 0x59, 0xc8, 0xa6, 0x55, 0x16, 0x32, 0xd2, 0xd4, 0x34,
    0xef, 0x19, 0x2b, 0x98, 0x99, 0xbb, 0xa6, 0x4d, 0xf6, 0x31, 0xd2, 0xd4,
    0x34, 0xef, 0x19, 0x2b, 0x98, 0x99, 0xbb, 0xa6, 0x4d, 0xf6, 0x31, 0xd2,
    0xd4, 0x34, 0xef, 0x19, 0x2b, 0x98, 0x99, 0xbb, 0xa6, 0x4d, 0xf6, 0x31,
    0xd2, 0xd4, 0x34, 0xef, 0x19, 0x2b, 0x98, 0x99, 0xbb, 0xa6, 0x4d, 0xf6,
    0x31, 0xd2, 0xd4, 0x34, 0xef, 0x19, 0x2b, 0x98, 0x99, 0xbb, 0xa6, 0x4d,
    0xf6, 0x31, 0xd2, 0xd4, 0x34, 0xef, 0x19, 0x2b, 0x98, 0x99, 0xbb, 0xa6,
    0x4d, 0xf6, 0x31, 0xd2, 0xd4, 0x34, 0xef, 0x19, 0x2b, 0x98, 0x99, 0xbb,
    0xa6, 0x4d, 0xf6, 0x31, 0xd2, 0xd4, 0x34, 0xef, 0x19, 0x2b, 0x98, 0x99,
    0xbb, 0xc6, 0x4d, 0x16, 0x32, 0xd2, 0x58, 0x35, 0x2e, 0x1a, 0x2b, 0x98,
    0x19, 0xab, 0xc6, 0x45, 0xf6, 0x31, 0xd2, 0x58, 0x35, 0x2e, 0x1a, 0x2b,
    0x98, 0x19, 0xab, 0xc6, 0x45, 0xf6, 0x31, 0xd2, 0x58, 0x35, 0x2e, 0x1a,
    0x2b, 0x98, 0x19, 0xab, 0xc6, 0x45, 0xf6, 0x31, 0xd2, 0x58, 0x35, 0x2e,
    0x1a, 0x2b, 0x98, 0x19, 0xab, 0xc6, 0x45, 0xf6, 0x31, 0xd2, 0x58, 0x35,
    0x2e, 0x1a, 0x2b, 0x98, 0x19, 0xab, 0xc6, 0x45, 0xf6, 0x31, 0xd2, 0x58,
    0x35, 0x2e, 0x1a, 0x2b, 0x98, 0x19, 0xab, 0xc6, 0x45, 0xf6, 0x31, 0xd2,
    0x58, 0x35, 0x2e, 0x1a, 0x2b, 0x98, 0x19, 0xab, 0xc6, 0x45, 0xf6, 0x31,
    0xd2, 0x58, 0x35, 0x2e, 0x1a, 0x2b, 0x98, 0x19, 0xab, 0xe6, 0x45, 0x16,
    0x32, 0xd2, 0xdc, 0x35, 0x6d, 0x1a, 0x2b, 0x98, 0x99, 0x9a, 0xe6, 0x3d,
    0xf6, 0x31, 0xd2, 0xdc, 0x35, 0x6d, 0x1a, 0x2b, 0x98, 0x99, 0x9a, 0xe6,
    0x3d, 0xf6, 0x31, 0xd2, 0xdc, 0x35, 0x6d, 0x1a, 0x2b, 0x98, 0x99, 0x9a,
    0xe6, 0x3d, 0xf6, 0x31, 0xd2, 0xdc, 0x35, 0x6d, 0x1a, 0x2b, 0x98, 0x99,
    0x9a, 0xe6, 0x3d, 0xf6, 0x31, 0xd2, 0xdc, 0x35, 0x6d, 0x1a, 0x2b, 0x98,
    0x99, 0x9a, 0xe6, 0x3d, 0xf6, 0x31, 0xd2, 0xdc, 0x35, 0x6d, 0x1a, 0x2b,
    0x98, 0x99, 0x9a, 0xe6, 0x3d, 0xf6, 0x31, 0xd2, 0xdc, 0x35, 0x6d, 0x1a,
    0x2b, 0x98, 0x99, 0x9a, 0xe6, 0x3d, 0xf6, 0x31, 0xd2, 0xdc, 0x35, 0x6d,
    0x1a, 0x2b, 0x98, 0x99, 0x9a, 0x16, 0x3d, 0x16, 0x32, 0xd2, 0x42, 0x36,
    0xac, 0x1a, 0x2b, 0x98, 0x19, 0x8a, 0x16, 0x35, 0xf6, 0x31, 0xd2, 0x42,
    0x36, 0xac, 0x1a, 0x2b, 0x98, 0x19, 0x8a, 0x16, 0x35, 0xf6, 0x31, 0xd2,
    0x42, 0x36, 0xac, 0x1a, 0x2b, 0x98, 0x19, 0x8a, 0x16, 0x35, 0xf6, 0x31,
    0xd2, 0x42, 0x36, 0xac, 0x1a, 0x2b, 0x98, 0x19, 0x8a, 0x16, 0x35, 0xf6,
    0x31, 0xd2, 0x42, 0x36, 0xac, 0x1a, 0x2b, 0x98, 0x19, 0x8a, 0x16, 0x35,
    0xf6, 0x31, 0xd2, 0x42, 0x36, 0xac, 0x1a, 0x2b, 0x98, 0x19, 0x8a, 0x16,
    0x35, 0xf6, 0x31, 0xd2, 0x42, 0x36, 0xac, 0x1a, 0x2b, 0x98, 0x19, 0x8a,
    0x16, 0x35, 0xf6, 0x31, 0xd2, 0x42, 0x36, 0xac, 0x1a, 0x2b, 0x98, 0x19,
    0x8a, 0x36, 0x35, 0x16, 0x32, 0xd2, 0xc6, 0x36, 0xeb, 0x1a, 0x2b, 0x98,
    0x99, 0x79, 0x36, 0x2d, 0xf6, 0x31, 0xd2, 0xc6, 0x36, 0xeb, 0x1a, 0x2b,
    0x98, 0x99, 0x79, 0x36, 0x2d, 0xf6, 0x31, 0xd2, 0xc6, 0x36, 0xeb, 0x1a,
    0x2b, 0x98, 0x99, 0x79, 0x36, 0x2d, 0xf6, 0x31, 0xd2, 0xc6, 0x36, 0xeb,
    0x1a, 0x2b, 0x98, 0x99, 0x79, 0x36, 0x2d, 0xf6, 0x31, 0xd2, 0xc6, 0x36,
    0xeb, 0x1a, 0x2b, 0x98, 0x99, 0x79, 0x36, 0x2d, 0xf6, 0x31, 0xd2, 0xc6,
    0x36, 0xeb, 0x1a, 0x2b, 0x98, 0x99, 0x79, 0x36, 0x2d, 0xf6, 0x31, 0xd2,
    0xc6, 0x36, 0xeb, 0x1a, 0x2b, 0x98, 0x99, 0x79, 0x36, 0x2d, 0xf6, 0x31,
    0xd2, 0xc6, 0x36, 0xeb, 0x1a, 0x2b, 0x98, 0x99, 0x79, 0x56, 0x2d, 0x16,
    0x32, 0xd2, 0x4a, 0x37, 0x2a, 0x1b, 0x2b, 0x98, 0x19, 0x69, 0x56, 0x25,
    0xf6, 0x31, 0xd2, 0x4a, 0x37, 0x2a, 0x1b, 0x2b, 0x98, 0x19, 0x69, 0x56,
    0x25, 0xf6, 0x31, 0xd2, 0x4a, 0x37, 0x2a, 0x1b, 0x2b, 0x98, 0x19, 0x69,
    0x56, 0x25, 0xf6, 0x31, 0xd2, 0x4a, 0x37, 0x2a, 0x1b, 0x2b, 0x98, 0x19,
    0x69, 0x56, 0x25, 0xf6, 0x31, 0xd2, 0x4a, 0x37, 0x2a, 0x1b, 0x2b, 0x98,
    0x19, 0x69, 0x56, 0x25, 0xf6, 0x31, 0xd2, 0x4a, 0x37, 0x2a, 0x1b, 0x2b,
    0x98, 0x19, 0x69, 0x56, 0x25, 0xf6, 0x31, 0xd2, 0x4a, 0x37, 0x2a, 0x1b,
    0x2b, 0x98, 0x19, 0x69, 0x56, 0x25, 0xf6, 0x31, 0xd2, 0x4a, 0x37, 0x2a,
    0x1b, 0x2b, 0x98, 0x19, 0x69, 0x76, 0x25, 0x16, 0x32, 0xd2, 0xce, 0x37,
    0x69, 0x1b, 0x2b, 0x98, 0x99, 0x58, 0x76, 0x1d, 0xf6, 0x31, 0xd2, 0xce,
    0x37, 0x69, 0x1b, 0x2b, 0x98, 0x99, 0x58, 0x76, 0x1d, 0xf6, 0x31, 0xd2,
    0xce, 0x37, 0x69, 0x1b, 0x2b, 0x98, 0x99, 0x58, 0x76, 0x1d, 0xf6, 0x31,
    0xd2, 0xce, 0x37, 0x69, 0x1b, 0x2b, 0x98, 0x99, 0x58, 0x76, 0x1d, 0xf6,
    0x31, 0xd2, 0xce, 0x37, 0x69, 0x1b, 0x2b, 0x98, 0x99, 0x58, 0x76, 0x1d,
    0xf6, 0x31, 0xd2, 0xce, 0x37, 0x69, 0x1b, 0x2b, 0x98, 0x99, 0x58, 0x76,
    0x1d, 0xf6, 0x31, 0xd2, 0xce, 0x37, 0x69, 0x1b, 0x2b, 0x98, 0x99, 0x58,
    0x76, 0x1d, 0xf6, 0x31, 0xd2, 0xce, 0x37, 0x69, 0x1b, 0x2b, 0x98, 0x99,
    0x58, 0x96, 0x1d, 0x16, 0x32, 0xd2, 0x52, 0x38, 0xa8, 0x1b, 0x2b, 0x98,
    0x19, 0x48, 0x96, 0x15, 0xf6, 0x31, 0xd2, 0x52, 0x38, 0xa8, 0x1b, 0x2b,
    0x98, 0x19, 0x48, 0x96, 0x15, 0xf6, 0x31, 0xd2, 0x52, 0x38, 0xa8, 0x1b,
    0x2b, 0x98, 0x19, 0x48, 0x96, 0x15, 0xf6, 0x31, 0xd2, 0x52, 0x38, 0xa8,
    0x1b, 0x2b, 0x98, 0x19, 0x48, 0x96, 0x15, 0xf6, 0x31, 0xd2, 0x52, 0x38,
    0xa8, 0x1b, 0x2b, 0x98, 0x19, 0x48, 0x96, 0x15, 0xf6, 0x31, 0xd2, 0x52,
    0x38, 0xa8, 0x1b, 0x2b, 0x98, 0x19, 0x48, 0x96, 0x15, 0xf6, 0x31, 0xd2,
    0x52, 0x38, 0xa8, 0x1b, 0x2b, 0x98, 0x19, 0x48, 0x96, 0x15, 0xf6, 0x31,
    0xd2, 0x52, 0x38, 0xa8, 0x1b, 0x2b, 0x98, 0x19, 0x48, 0xb6, 0x15, 0x16,
    0x32, 0xd2, 0xd6, 0xf8, 0xde, 0x37, 0x56, 0x30, 0xf3, 0xee, 0xd8, 0x36,
    0xd8, 0xc7, 0x48, 0x5b, 0xe3, 0x7b, 0xdf, 0x58, 0xc1, 0xcc, 0xbb, 0x63,
    0xdb, 0x60, 0x1f, 0x23, 0x6d, 0x8d, 0xef, 0x7d, 0x63, 0x05, 0x33, 0xef,
    0x8e, 0x6d, 0x83, 0x7d, 0x8c, 0xb4, 0x35, 0xbe, 0xf7, 0x8d, 0x15, 0xcc,
    0xbc, 0x3b, 0xb6, 0x0d, 0xf6, 0x31, 0xd2, 0xd6, 0xf8, 0xde, 0x37, 0x56,
    0x30, 0xf3, 0xee, 0xd8, 0x36, 0xd8, 0xc7, 0x48, 0x5b, 0xe3, 0x7b, 0xdf,
    0x58, 0xc1, 0xcc, 0xbb, 0x63, 0xdb, 0x60, 0x1f, 0x23, 0x6d, 0x8d, 0xef,
    0x7d, 0x63, 0x05, 0x33, 0xef, 0x8e, 0x6d, 0x83, 0x7d, 0x8c, 0xb4, 0x35,
    0xbe, 0xf7, 0x8d, 0x15, 0xcc, 0xbc, 0x3b, 0xd6, 0x0d, 0x16, 0x32, 0xd2,
    0x5a, 0xf9, 0x0c, 0x30, 0x56, 0x30, 0xf3, 0xac, 0x58, 0x17, 0xd8, 0xc7,
    0x48, 0x6b, 0xe5, 0x33, 0xc0, 0x58, 0xc1, 0xcc, 0xb3, 0x62, 0x5d, 0x60,
    0x1f, 0x23, 0xad, 0x95, 0xcf, 0x00, 0x63, 0x05, 0x33, 0xcf, 0x8a, 0x75,
    0x81, 0x7d, 0x8c, 0xb4, 0x56, 0x3e, 0x03, 0x8c, 0x15, 0xcc, 0x3c, 0x2b,
    0xd6, 0x05, 0xf6, 0x31, 0xd2, 0x5a, 0xf9, 0x0c, 0x30, 0x56, 0x30, 0xf3,
    0xac, 0x58, 0x17, 0xd8, 0xc7, 0x48, 0x6b, 0xe5, 0x33, 0xc0, 0x58, 0xc1,
    0xcc, 0xb3, 0x62, 0x5d, 0x60, 0x1f, 0x23, 0xad, 0x95, 0xcf, 0x00, 0x63,
    0x05, 0x33, 0xcf, 0x8a, 0x75, 0x81, 0x7d, 0x8c, 0xb4, 0x56, 0x3e, 0x03,
    0x8c, 0x15, 0xcc, 0x3c, 0x2b, 0xf6, 0x05, 0x16, 0x32, 0xd2, 0xde, 0xf9,
    0x4a, 0x30, 0x56, 0x30, 0xf3, 0x6a, 0xd8, 0xdf, 0xb3, 0x8f, 0x91, 0xf6,
    0xce, 0x57, 0x82, 0xb1, 0x82, 0x99, 0x57, 0xc3, 0xfe, 0x9e, 0x7d, 0x8c,
    0xb4, 0x77, 0xbe, 0x12, 0x8c, 0x15, 0xcc, 0xbc, 0x1a, 0xf6, 0xf7, 0xec,
    0x63, 0xa4, 0xbd, 0xf3, 0x95, 0x60, 0xac, 0x60, 0xe6, 0xd5, 0xb0, 0xbf,
    0x67, 0x1f, 0x23, 0xed, 0x9d, 0xaf, 0x04, 0x63, 0x05, 0x33, 0xaf, 0x86,
    0xfd, 0x3d, 0xfb, 0x18, 0x69, 0xef, 0x7c, 0x25, 0x18, 0x2b, 0x98, 0x79,
    0x35, 0xec, 0xef, 0xd9, 0xc7, 0x48, 0x7b, 0xe7, 0x2b, 0xc1, 0x58, 0xc1,
    0xcc, 0xab, 0x61, 0x7f, 0xcf, 0x3e, 0x46, 0xda, 0x3b, 0x5f, 0x09, 0xc6,
    0x0a, 0x66, 0x5e, 0x0d, 0x07, 0xf7, 0x2c, 0x64, 0xa4, 0x03, 0xe9, 0x23,
    0xc2, 0x58, 0xc1, 0xcc, 0xa3, 0xe0, 0xe0, 0x9c, 0x7d, 0x8c, 0x74, 0x20,
    0x7d, 0x44, 0x18, 0x2b, 0x98, 0x79, 0x14, 0x1c, 0x9c, 0xb3, 0x8f, 0x91,
    0x0e, 0xa4, 0x8f, 0x08, 0x63, 0x05, 0x33, 0x8f, 0x82, 0x83, 0x73, 0xf6,
    0x31, 0xd2, 0x81, 0xf4, 0x11, 0x61, 0xac, 0x60, 0xe6, 0x51, 0x70, 0x70,
    0xce, 0x3e, 0x46, 0x3a, 0x90, 0x3e, 0x22, 0x8c, 0x15, 0xcc, 0x3c, 0x0a,
    0x0e, 0xce, 0xd9, 0xc7, 0x48, 0x07, 0xd2, 0x47, 0x84, 0xb1, 0x82, 0x99,
    0x47, 0xc1, 0xc1, 0x39, 0xfb, 0x18, 0xe9, 0x40, 0xfa, 0x88, 0x30, 0x56,
    0x30, 0xf3, 0x28, 0x38, 0x38, 0x67, 0x1f, 0x23, 0x1d, 0x48, 0x1f, 0x11,
    0xc6, 0x0a, 0x66, 0x1e, 0x05, 0x17, 0xe7, 0x2c, 0x64, 0xa4, 0x0b, 0xeb,
    0x1b, 0xc3, 0x58, 0xc1, 0xcc, 0x9b, 0xdf, 0xe2, 0x9a, 0x7d, 0x8c, 0x74,
    0x61, 0x7d, 0x63, 0x18, 0x2b, 0x98, 0x79, 0xf3, 0x5b, 0x5c, 0xb3, 0x8f,
    0x91, 0x2e, 0xac, 0x6f, 0x0c, 0x63, 0x05, 0x33, 0x6f, 0x7e, 0x8b, 0x6b,
    0xf6, 0x31, 0xd2, 0x85, 0xf5, 0x8d, 0x61, 0xac, 0x60, 0xe6, 0xcd, 0x6f,
    0x71, 0xcd, 0x3e, 0x46, 0xba, 0xb0, 0xbe, 0x31, 0x8c, 0x15, 0xcc, 0xbc,
    0xf9, 0x2d, 0xae, 0xd9, 0xc7, 0x48, 0x17, 0xd6, 0x37, 0x86, 0xb1, 0x82,
    0x99, 0x37, 0xbf, 0xc5, 0x35, 0xfb, 0x18, 0xe9, 0xc2, 0xfa, 0xc6, 0x30,
    0x56, 0x30, 0xf3, 0xe6, 0xb7, 0xb8, 0x66, 0x1f, 0x23, 0x5d, 0x58, 0xdf,
    0x18, 0xc6, 0x0a, 0x66, 0xde, 0xfc, 0x26, 0xd7, 0x2c, 0x64, 0xa4, 0x13,
    0xed, 0x13, 0xc4, 0x58, 0xc1, 0xcc, 0x93, 0xde, 0xe4, 0x98, 0x7d, 0x8c,
    0x74, 0xa2, 0x7d, 0x82, 0x18, 0x2b, 0x98, 0x79, 0xd2, 0x9b, 0x1c, 0xb3,
    0x8f, 0x91, 0x4e, 0xb4, 0x4f, 0x10, 0x63, 0x05, 0x33, 0x4f, 0x7a, 0x93,
    0x63, 0xf6, 0x31, 0xd2, 0x89, 0xf6, 0x09, 0x62, 0xac, 0x60, 0xe6, 0x49,
    0x6f, 0x72, 0xcc, 0x3e, 0x46, 0x3a, 0xd1, 0x3e, 0x41, 0x8c, 0x15, 0xcc,
    0x3c, 0xe9, 0x4d, 0x8e, 0xd9, 0xc7, 0x48, 0x27, 0xda, 0x27, 0x88, 0xb1,
    0x82, 0x99, 0x27, 0xbd, 0xc9, 0x31, 0xfb, 0x18, 0xe9, 0x44, 0xfb, 0x04,
    0x31, 0x56, 0x30, 0xf3, 0xa4, 0x37, 0x39, 0x66, 0x1f, 0x23, 0x9d, 0x68,
    0x9f, 0x20, 0xc6, 0x0a, 0x66, 0x9e, 0xf4, 0x36, 0xc7, 0x2c, 0x64, 0xa4,
    0x1b, 0xef, 0x0b, 0xc5, 0x58, 0xc1, 0xcc, 0x8b, 0xdd, 0xe6, 0x96, 0x7d,
    0x8c, 0x74, 0xe3, 0x7d, 0xa1, 0x18, 0x2b, 0x98, 0x79, 0xb1, 0xdb, 0xdc,
    0xb2, 0x8f, 0x91, 0x6e, 0xbc, 0x2f, 0x14, 0x63, 0x05, 0x33, 0x2f, 0x76,
    0x9b, 0x5b, 0xf6, 0x31, 0xd2, 0x8d, 0xf7, 0x85, 0x62, 0xac, 0x60, 0xe6,
    0xc5, 0x6e, 0x73, 0xcb, 0x3e, 0x46, 0xba, 0xf1, 0xbe, 0x50, 0x8c, 0x15,
    0xcc, 0xbc, 0xd8, 0x6d, 0x6e, 0xd9, 0xc7, 0x48, 0x37, 0xde, 0x17, 0x8a,
    0xb1, 0x82, 0x99, 0x17, 0xbb, 0xcd, 0x2d, 0xfb, 0x18, 0xe9, 0xc6, 0xfb,
    0x42, 0x31, 0x56, 0x30, 0xf3, 0x62, 0xb7, 0xb9, 0x65, 0x1f, 0x23, 0xdd,
    0x78, 0x5f, 0x28, 0xc6, 0x0a, 0x66, 0x5e, 0xec, 0x46, 0xb7, 0x2c, 0x64,
    0xa4, 0x23, 0xf1, 0x03, 0xc6, 0x58, 0xc1, 0xcc, 0x83, 0xdc, 0xe8, 0x94,
    0x7d, 0x8c, 0x74, 0x24, 0x7e, 0xc0, 0x18, 0x2b, 0x98, 0x79, 0x90, 0x1b,
    0x9d, 0xb2, 0x8f, 0x91, 0x8e, 0xc4, 0x0f, 0x18, 0x63, 0x05, 0x33, 0x0f,
    0x72, 0xa3, 0x53, 0xf6, 0x31, 0xd2, 0x91, 0xf8, 0x01, 0x63, 0xac, 0x60,
    0xe6, 0x41, 0x6e, 0x74, 0xca, 0x3e, 0x46, 0x3a, 0x12, 0x3f, 0x60, 0x8c,
    0x15, 0xcc, 0x3c, 0xc8, 0x8d, 0x4e, 0xd9, 0xc7, 0x48, 0x47, 0xe2, 0x07,
    0x8c, 0xb1, 0x82, 0x99, 0x07, 0xb9, 0xd1, 0x29, 0xfb, 0x18, 0xe9, 0x48,
    0xfc, 0x80, 0x31, 0x56, 0x30, 0xf3, 0x20, 0x37, 0x3a, 0x65, 0x1f, 0x23,
    0x1d, 0x89, 0x1f, 0x30, 0xc6, 0x0a, 0x66, 0x1e, 0xe4, 0x56, 0xa7, 0x2c,
    0x64, 0xa4, 0x2b, 0xf3, 0x77, 0x8e, 0xb1, 0x82, 0x99, 0xef, 0x6e, 0xab,
    0x4b, 0xf6, 0x31, 0xd2, 0x95, 0xf9, 0x3b, 0xc7, 0x58, 0xc1, 0xcc, 0x77,
    0xb7, 0xd5, 0x25, 0xfb, 0x18, 0xe9, 0xca, 0xfc, 0x9d, 0x63, 0xac, 0x60,
    0xe6, 0xbb, 0xdb, 0xea, 0x92, 0x7d, 0x8c, 0x74, 0x65, 0xfe, 0xce, 0x31,
    0x56, 0x30, 0xf3, 0xdd, 0x6d, 0x75, 0xc9, 0x3e, 0x46, 0xba, 0x32, 0x7f,
    0xe7, 0x18, 0x2b, 0x98, 0xf9, 0xee, 0xb6, 0xba, 0x64, 0x1f, 0x23, 0x5d,
    0x99, 0xbf, 0x73, 0x8c, 0x15, 0xcc, 0x7c, 0x77, 0x5b, 0x5d, 0xb2, 0x8f,
    0x91, 0xae, 0xcc, 0xdf, 0x39, 0xc6, 0x0a, 0x66, 0xbe, 0xbb, 0xad, 0x2e,
    0xd9, 0xc7, 0x48, 0x57, 0xe6, 0xef, 0x1c, 0x63, 0x05, 0x33, 0xdf, 0xdd,
    0x66, 0x97, 0x2c, 0x64, 0xa4, 0x33, 0xf5, 0x67, 0x90, 0xb1, 0x82, 0x99,
    0xcf, 0x6a, 0xb3, 0x43, 0xf6, 0x31, 0xd2, 0x99, 0xfa, 0x33, 0xc8, 0x58,
    0xc1, 0xcc, 0x67, 0xb5, 0xd9, 0x21, 0xfb, 0x18, 0xe9, 0x4c, 0xfd, 0x19,
    0x64, 0xac, 0x60, 0xe6, 0xb3, 0xda, 0xec, 0x90, 0x7d, 0x8c, 0x74, 0xa6,
    0xfe, 0x0c, 0x32, 0x56, 0x30, 0xf3, 0x59, 0x6d, 0x76, 0xc8, 0x3e, 0x46,
    0x3a, 0x53, 0x7f, 0x06, 0x19, 0x2b, 0x98, 0xf9, 0xac, 0x36, 0x3b, 0x64,
    0x1f, 0x23, 0x9d, 0xa9, 0x3f, 0x83, 0x8c, 0x15, 0xcc, 0x7c, 0x56, 0x9b,
    0x1d, 0xb2, 0x8f, 0x91, 0xce, 0xd4, 0x9f, 0x41, 0xc6, 0x0a, 0x66, 0x3e,
    0xab, 0xcd, 0x0e, 0xd9, 0xc7, 0x48, 0x67, 0xea, 0xcf, 0x20, 0x63, 0x05,
    0x33, 0x9f, 0xd5, 0x76, 0x87, 0x2c, 0x64, 0xa4, 0x3b, 0xf7, 0x57, 0x92,
    0xb1, 0x82, 0x99, 0xaf, 0x66, 0xbb, 0x3b, 0xf6, 0x31, 0xd2, 0x9d, 0xfb,
    0x2b, 0xc9, 0x58, 0xc1, 0xcc, 0x57, 0xb3, 0xdd, 0x1d, 0xfb, 0x18, 0xe9,
    0xce, 0xfd, 0x95, 0x64, 0xac, 0x60, 0xe6, 0xab, 0xd9, 0xee, 0x8e, 0x7d,
    0x8c, 0x74, 0xe7, 0xfe, 0x4a, 0x32, 0x56, 0x30, 0xf3, 0xd5, 0x6c, 0x77,
    0xc7, 0x3e, 0x46, 0xba, 0x73, 0x7f, 0x25, 0x19, 0x2b, 0x98, 0xf9, 0x6a,
    0xb6, 0xbb, 0x63, 0x1f, 0x23, 0xdd, 0xb9, 0xbf, 0x92, 0x8c, 0x15, 0xcc,
    0x7c, 0x35, 0xdb, 0xdd, 0xb1, 0x8f, 0x91, 0xee, 0xdc, 0x5f, 0x49, 0xc6,
    0x0a, 0x66, 0xbe, 0x9a, 0xed, 0xee, 0xd8, 0xc7, 0x48, 0x77, 0xee, 0xaf,
    0x24, 0x63, 0x05, 0x33, 0x5f, 0xcd, 0x86, 0x77, 0x2c, 0x64, 0xa4, 0x43,
    0xf9, 0x47, 0x94, 0xb1, 0x82, 0x99, 0x8f, 0x62, 0xc3, 0x33, 0xf6, 0x31,
    0xd2, 0xa1, 0xfc, 0x23, 0xca, 0x58, 0xc1, 0xcc, 0x47, 0xb1, 0xe1, 0x19,
    0xfb, 0x18, 0xe9, 0x50, 0xfe, 0x11, 0x65, 0xac, 0x60, 0xe6, 0xa3, 0xd8,
    0xf0, 0x8c, 0x7d, 0x8c, 0x74, 0x28, 0xff, 0x88, 0x32, 0x56, 0x30, 0xf3,
    0x51, 0x6c, 0x78, 0xc6, 0x3e, 0x46, 0x3a, 0x94, 0x7f, 0x44, 0x19, 0x2b,
    0x98, 0xf9, 0x28, 0x36, 0x3c, 0x63, 0x1f, 0x23, 0x1d, 0xca, 0x3f, 0xa2,
    0x8c, 0x15, 0xcc, 0x7c, 0x14, 0x1b, 0x9e, 0xb1, 0x8f, 0x91, 0x0e, 0xe5,
    0x1f, 0x51, 0xc6, 0x0a, 0x66, 0x3e, 0x8a, 0x0d, 0xcf, 0xd8, 0xc7, 0x48,
    0x87, 0xf2, 0x8f, 0x28, 0x63, 0x05, 0x33, 0x1f, 0xc5, 0x96, 0x67, 0x2c,
    0x64, 0xa4, 0x4b, 0xfb, 0x37, 0x96, 0xb1, 0x82, 0x99, 0x6f, 0x5e, 0xcb,
    0x2b, 0xf6, 0x31, 0xd2, 0xa5, 0xfd, 0x1b, 0xcb, 0x58, 0xc1, 0xcc, 0x37,
    0xaf, 0xe5, 0x15, 0xfb, 0x18, 0xe9, 0xd2, 0xfe, 0x8d, 0x65, 0xac, 0x60,
    0xe6, 0x9b, 0xd7, 0xf2, 0x8a, 0x7d, 0x8c, 0x74, 0x69, 0xff, 0xc6, 0x32,
    0x56, 0x30, 0xf3, 0xcd, 0x6b, 0x79, 0xc5, 0x3e, 0x46, 0xba, 0xb4, 0x7f,
    0x63, 0x19, 0x2b, 0x98, 0xf9, 0xe6, 0xb5, 0xbc, 0x62, 0x1f, 0x23, 0x5d,
    0xda, 0xbf, 0xb1, 0x8c, 0x15, 0xcc, 0x7c, 0xf3, 0x5a, 0x5e, 0xb1, 0x8f,
    0x91, 0x2e, 0xed, 0xdf, 0x58, 0xc6, 0x0a, 0x66, 0xbe, 0x79, 0x2d, 0xaf,
    0xd8, 0xc7, 0x48, 0x97, 0xf6, 0x6f, 0x2c, 0x63, 0x05, 0x33, 0xdf, 0xbc,
    0xa6, 0x57, 0x2c, 0x64, 0xa4, 0x53, 0xfd, 0x27, 0x98, 0xb1, 0x82, 0x99,
    0x4f, 0x5a, 0xd3, 0x23, 0xf6, 0x31, 0xd2, 0xa9, 0xfe, 0x13, 0xcc, 0x58,
    0xc1, 0xcc, 0x27, 0xad, 0xe9, 0x11, 0xfb, 0x18, 0xe9, 0x54, 0xff, 0x09,
    0x66, 0xac, 0x60, 0xe6, 0x93, 0xd6, 0xf4, 0x88, 0x7d, 0x8c, 0x74, 0xaa,
    0xff, 0x04, 0x33, 0x56, 0x30, 0xf3, 0x49, 0x6b, 0x7a, 0xc4, 0x3e, 0x46,
    0x3a, 0xd5, 0x7f, 0x82, 0x19, 0x2b, 0x98, 0xf9, 0xa4, 0x35, 0x3d, 0x62,
    0x1f, 0x23, 0x9d, 0xea, 0x3f, 0xc1, 0x8c, 0x15, 0xcc, 0x7c, 0xd2, 0x9a,
    0x1e, 0xb1, 0x8f, 0x91, 0x4e, 0xf5, 0x9f, 0x60, 0xc6, 0x0a, 0x66, 0x3e,
    0x69, 0x4d, 0x8f, 0xd8, 0xc7, 0x48, 0xa7, 0xfa, 0x4f, 0x30, 0x63, 0x05,
    0x33, 0x9f, 0xb4, 0xb6, 0x47, 0x2c, 0x64, 0xa4, 0x5b, 0xff, 0x17, 0x9a,
    0xb1, 0x82, 0x99, 0x2f, 0x56, 0xdb, 0x1b, 0xf6, 0x31, 0xd2, 0xad, 0xff,
    0x0b, 0xcd, 0x58, 0xc1, 0xcc, 0x17, 0xab, 0xed, 0x0d, 0xfb, 0x18, 0xe9,
    0xd6, 0xff, 0x85, 0x66, 0xac, 0x60, 0xe6, 0x8b, 0xd5, 0xf6, 0x86, 0x7d,
    0x8c, 0x74, 0xeb, 0xff, 0x42, 0x33, 0x56, 0x30, 0xf3, 0xc5, 0x6a, 0x7b,
    0xc3, 0x3e, 0x46, 0xba, 0xf5, 0x7f, 0xa1, 0x19, 0x2b, 0x98, 0xf9, 0x62,
    0xb5, 0xbd, 0x61, 0x1f, 0x23, 0xdd, 0xfa, 0xbf, 0xd0, 0x8c, 0x15, 0xcc,
    0x7c, 0xb1, 0xda, 0xde, 0xb0, 0x8f, 0x91, 0x6e, 0xfd, 0x5f, 0x68, 0xc6,
    0x0a, 0x66, 0xbe, 0x58, 0x6d, 0x6f, 0xd8, 0xc7, 0x48, 0xb7, 0xfe, 0x2f,
    0x34, 0x63, 0x05, 0x33, 0x5f, 0xac, 0xc6, 0x37, 0x2c, 0x64, 0xa4, 0xe3,
    0x01, 0x0f, 0x38, 0x63, 0x05, 0x33, 0x1f, 0xa4, 0xc6, 0x27, 0xec, 0x63,
    0xa4, 0xe3, 0x01, 0x0f, 0x38, 0x63, 0x05, 0x33, 0x1f, 0xa4, 0xc6, 0x27,
    0xec, 0x63, 0xa4, 0xe3, 0x01, 0x0f, 0x38, 0x63, 0x05, 0x33, 0x1f, 0xa4,
    0xc6, 0x27, 0xec, 0x63, 0xa4, 0xe3, 0x01, 0x0f, 0x38, 0x63, 0x05, 0x33,
    0x1f, 0xa4, 0xc6, 0x27, 0xec, 0x63, 0xa4, 0xe3, 0x01, 0x0f, 0x38, 0x63,
    0x05, 0x33, 0x1f, 0xa4, 0xc6, 0x27, 0xec, 0x63, 0xa4, 0xe3, 0x01, 0x0f,
    0x38, 0x63, 0x05, 0x33, 0x1f, 0xa4, 0xc6, 0x27, 0xec, 0x63, 0xa4, 0xe3,
    0x01, 0x0f, 0x38, 0x63, 0x05, 0x33, 0x1f, 0xa4, 0xc6, 0x27, 0xec, 0x63,
    0xa4, 0xe3, 0x01, 0x0f, 0x38, 0x63, 0x05, 0x33, 0x1f, 0xa4, 0xd6, 0x27,
    0x2c, 0x64, 0xa4, 0xeb, 0x05, 0xdf, 0x3c, 0x63, 0x05, 0x33, 0xbf, 0x9d,
    0xd6, 0x17, 0xec, 0x63, 0xa4, 0xeb, 0x05, 0xdf, 0x3c, 0x63, 0x05, 0x33,
    0xbf, 0x9d, 0xd6, 0x17, 0xec, 0x63, 0xa4, 0xeb, 0x05, 0xdf, 0x3c, 0x63,
    0x05, 0x33, 0xbf, 0x9d, 0xd6, 0x17, 0xec, 0x63, 0xa4, 0xeb, 0x05, 0xdf,
    0x3c, 0x63, 0x05, 0x33, 0xbf, 0x9d, 0xd6, 0x17, 0xec, 0x63, 0xa4, 0xeb,
    0x05, 0xdf, 0x3c, 0x63, 0x05, 0x33, 0xbf, 0x9d, 0xd6, 0x17, 0xec, 0x63,
    0xa4, 0xeb, 0x05, 0xdf, 0x3c, 0x63, 0x05, 0x33, 0xbf, 0x9d, 0xd6, 0x17,
    0xec, 0x63, 0xa4, 0xeb, 0x05, 0xdf, 0x3c, 0x63, 0x05, 0x33, 0xbf, 0x9d,
    0xd6, 0x17, 0xec, 0x63, 0xa4, 0xeb, 0x05, 0xdf, 0x3c, 0x63, 0x05, 0x33,
    0xbf, 0x9d, 0xe6, 0x17, 0x2c, 0x64, 0xa4, 0xf3, 0x09, 0x9f, 0x40, 0x63,
    0x05, 0x33, 0x3f, 0x95, 0xe6, 0x07, 0xec, 0x63, 0xa4, 0xf3, 0x09, 0x9f,
    0x40, 0x63, 0x05, 0x33, 0x3f, 0x95, 0xe6, 0x07, 0xec, 0x63, 0xa4, 0xf3,
    0x09, 0x9f, 0x40, 0x63, 0x05, 0x33, 0x3f, 0x95, 0xe6, 0x07, 0xec, 0x63,
    0xa4, 0xf3, 0x09, 0x9f, 0x40, 0x63, 0x05, 0x33, 0x3f, 0x95, 0xe6, 0x07,
    0xec, 0x63, 0xa4, 0xf3, 0x09, 0x9f, 0x40, 0x63, 0x05, 0x33, 0x3f, 0x95,
    0xe6, 0x07, 0xec, 0x63, 0xa4, 0xf3, 0x09, 0x9f, 0x40, 0x63, 0x05, 0x33,
    0x3f, 0x95, 0xe6, 0x07, 0xec, 0x63, 0xa4, 0xf3, 0x09, 0x9f, 0x40, 0x63,
    0x05, 0x33, 0x3f, 0x95, 0xe6, 0x07, 0xec, 0x63, 0xa4, 0xf3, 0x09, 0x9f,
    0x40, 0x63, 0x05, 0x33, 0x3f, 0x95, 0xf6, 0x07, 0x2c, 0x64, 0xa4, 0xfb,
    0x0d, 0x5f, 0x44, 0x63, 0x05, 0x33, 0xbf, 0x8c, 0xf6, 0x39, 0xfb, 0x18,
    0xe9, 0x7e, 0xc3, 0x17, 0xd1, 0x58, 0xc1, 0xcc, 0x2f, 0xa3, 0x7d, 0xce,
    0x3e, 0x46, 0xba, 0xdf, 0xf0, 0x45, 0x34, 0x56, 0x30, 0xf3, 0xcb, 0x68,
    0x9f, 0xb3, 0x8f, 0x91, 0xee, 0x37, 0x7c, 0x11, 0x8d, 0x15, 0xcc, 0xfc,
    0x32, 0xda, 0xe7, 0xec, 0x63, 0xa4, 0xfb, 0x0d, 0x5f, 0x44, 0x63, 0x05,
    0x33, 0xbf, 0x8c, 0xf6, 0x39, 0xfb, 0x18, 0xe9, 0x7e, 0xc3, 0x17, 0xd1,
    0x58, 0xc1, 0xcc, 0x2f, 0xa3, 0x7d, 0xce, 0x3e, 0x46, 0xba, 0xdf, 0xf0,
    0x45, 0x34, 0x56, 0x30, 0xf3, 0xcb, 0x68, 0x9f, 0xb3, 0x8f, 0x91, 0xee,
    0x37, 0x7c, 0x11, 0x8d, 0x15, 0xcc, 0xfc, 0x32, 0x12, 0x72, 0x16, 0x32,
    0x52, 0x61, 0xc4, 0x07, 0xd2, 0x58, 0xc1, 0xcc, 0x0f, 0x21, 0x21, 0x66,
    0x1f, 0x23, 0x15, 0x46, 0x7c, 0x20, 0x8d, 0x15, 0xcc, 0xfc, 0x10, 0x12,
    0x62, 0xf6, 0x31, 0x52, 0x61, 0xc4, 0x07, 0xd2, 0x58, 0xc1, 0xcc, 0x0f,
    0x21, 0x21, 0x66, 0x1f, 0x23, 0x15, 0x46, 0x7c, 0x20, 0x8d, 0x15, 0xcc,
    0xfc, 0x10, 0x12, 0x62, 0xf6, 0x31, 0x52, 0x61, 0xc4, 0x07, 0xd2, 0x58,
    0xc1, 0xcc, 0x0f, 0x21, 0x21, 0x66, 0x1f, 0x23, 0x15, 0x46, 0x7c, 0x20,
    0x8d, 0x15, 0xcc, 0xfc, 0x10, 0x12, 0x62, 0xf6, 0x31, 0x52, 0x61, 0xc4,
    0x07, 0xd2, 0x58, 0xc1, 0xcc, 0x0f, 0x21, 0x21, 0x66, 0x1f, 0x23, 0x15,
    0x46, 0x7c, 0x20, 0x8d, 0x15, 0xcc, 0xfc, 0x10, 0x32, 0x62, 0x16, 0x32,
    0x52, 0x63, 0x05, 0x33, 0x8d, 0x15, 0xcc, 0x64, 0x1f, 0x23, 0x65, 0x1f,
    0x23, 0x35, 0x56, 0x30, 0xd3, 0x58, 0xc1, 0x4c, 0xf6, 0x31, 0x52, 0xf6,
    0x31, 0x52, 0x63, 0x05, 0x33, 0x8d, 0x15, 0xcc, 0x64, 0x1f, 0x23, 0x65,
    0x1f, 0x23, 0x35, 0x56, 0x30, 0xd3, 0x58, 0xc1, 0x4c, 0xf6, 0x31, 0x52,
    0xf6, 0x31, 0x52, 0x63, 0x05, 0x33, 0x8d, 0x15, 0xcc, 0x64, 0x1f, 0x23,
    0x65, 0x1f, 0x23, 0x35, 0x56, 0x30, 0xd3, 0x58, 0xc1, 0x4c, 0xf6, 0x31,
    0x52, 0xf6, 0x31, 0x52, 0x63, 0x05, 0x33, 0x8d, 0x15, 0xcc, 0x64, 0x1f,
    0x23, 0x65, 0x1f, 0x23, 0x35, 0x56, 0x30, 0xd3, 0x58, 0xc1, 0x4c, 0xf6,
    0xf9, 0x25, 0x29, 0x3f, 0x81, 0x91, 0xfe, 0xfc, 0xc3, 0x19, 0x2b, 0x98,
    0xf9, 0xb7, 0xd1, 0x78, 0x01, 0x7e, 0x73, 0x23, 0x35, 0x56, 0x30, 0xd3,
    0x58, 0xc1, 0x4c, 0xf6, 0x31, 0x52, 0xf6, 0x31, 0x52, 0x63, 0x05, 0x33,
    0x8d, 0x15, 0xcc, 0x64, 0x1f, 0x23, 0x65, 0x1f, 0x23, 0x35, 0x56, 0x30,
    0xd3, 0x58, 0xc1, 0x4c, 0xf6, 0x31, 0x52, 0xf6, 0x31, 0x52, 0x63, 0x05,
    0x33, 0x8d, 0x15, 0xcc, 0x64, 0x1f, 0x23, 0x65, 0x1f, 0x23, 0x35, 0x56,
    0x30, 0xd3, 0x58, 0xc1, 0x4c, 0xf6, 0x31, 0x52, 0xf6, 0x31, 0x52, 0x63,
    0x05, 0x33, 0x8d, 0x15, 0xcc, 0x64, 0x1f, 0x23, 0x65, 0x1f, 0x23, 0x35,
    0x56, 0x7c, 0x30, 0x8d, 0x19, 0xcc, 0xfc, 0x10, 0x12, 0x62, 0xf6, 0x31,
    0x52, 0x61, 0xc4, 0x07, 0xd2, 0x58, 0xc1, 0xcc, 0x0f, 0x21, 0x21, 0x66,
    0x1f, 0x23, 0x15, 0x46, 0x7c, 0x20, 0x8d, 0x15, 0xcc, 0xfc, 0x10, 0x12,
    0x62, 0xf6, 0x31, 0x52, 0x61, 0xc4, 0x07, 0xd2, 0x58, 0xc1, 0xcc, 0x0f,
    0x21, 0x21, 0x66, 0x1f, 0x23, 0x15, 0x46, 0x7c, 0x20, 0x8d, 0x15, 0xcc,
    0xfc, 0x10, 0x12, 0x62, 0xf6, 0x31, 0x52, 0x61, 0xc4, 0x07, 0xd2, 0x58,
    0xc1, 0xcc, 0x0f, 0x21, 0x21, 0x66, 0x1f, 0x23, 0x15, 0x46, 0x7c, 0x20,
    0x8d, 0x15, 0xcc, 0xfc, 0x10, 0x12, 0x62, 0xf6, 0x31, 0x52, 0x61, 0xc4,
    0x07, 0xd2, 0x58, 0xc1, 0xcc, 0x0f, 0x21, 0x21, 0x66, 0x1f, 0x23, 0x15,
    0x46, 0x7c, 0x21, 0x8d, 0x19, 0xcc, 0xfc, 0x32, 0xda, 0xe7, 0xec, 0x63,
    0xa4, 0xfb, 0x0d, 0x5f, 0x44, 0x63, 0x05, 0x33, 0xbf, 0x8c, 0xf6, 0x39,
    0xfb, 0x18, 0xe9, 0x7e, 0xc3, 0x17, 0xd1, 0x58, 0xc1, 0xcc, 0x2f, 0xa3,
    0x7d, 0xce, 0x3e, 0x46, 0xba, 0xdf, 0xf0, 0x45, 0x34, 0x56, 0x30, 0xf3,
    0xcb, 0x68, 0x9f, 0xb3, 0x8f, 0x91, 0xee, 0x37, 0x7c, 0x11, 0x8d, 0x15,
    0xcc, 0xfc, 0x32, 0xda, 0xe7, 0xec, 0x63, 0xa4, 0xfb, 0x0d, 0x5f, 0x44,
    0x63, 0x05, 0x33, 0xbf, 0x8c, 0xf6, 0x39, 0xfb, 0x18, 0xe9, 0x7e, 0xc3,
    0x17, 0xd1, 0x58, 0xc1, 0xcc, 0x2f, 0xa3, 0x7d, 0xce, 0x3e, 0x46, 0xba,
    0xdf, 0xf0, 0x45, 0x34, 0x56, 0x30, 0xf3, 0xcb, 0x68, 0x9f, 0xb3, 0x8f,
    0x91, 0xee, 0x37, 0x7c, 0x12, 0x8d, 0x19, 0xcc, 0xfc, 0x54, 0x9a, 0x1f,
    0xb0, 0x8f, 0x91, 0xce, 0x27, 0x7c, 0x02, 0x8d, 0x15, 0xcc, 0xfc, 0x54,
    0x9a, 0x1f, 0xb0, 0x8f, 0x91, 0xce, 0x27, 0x7c, 0x02, 0x8d, 0x15, 0xcc,
    0xfc, 0x54, 0x9a, 0x1f, 0xb0, 0x8f, 0x91, 0xce, 0x27, 0x7c, 0x02, 0x8d,
    0x15, 0xcc, 0xfc, 0x54, 0x9a, 0x1f, 0xb0, 0x8f, 0x91, 0xce, 0x27, 0x7c,
    0x02, 0x8d, 0x15, 0xcc, 0xfc, 0x54, 0x9a, 0x1f, 0xb0, 0x8f, 0x91, 0xce,
    0x27, 0x7c, 0x02, 0x8d, 0x15, 0xcc, 0xfc, 0x54, 0x9a, 0x1f, 0xb0, 0x8f,
    0x91, 0xce, 0x27, 0x7c, 0x02, 0x8d, 0x15, 0xcc, 0xfc, 0x54, 0x9a, 0x1f,
    0xb0, 0x8f, 0x91, 0xce, 0x27, 0x7c, 0x02, 0x8d, 0x15, 0xcc, 0xfc, 0x54,
    0x9a, 0x1f, 0xb0, 0x8f, 0x91, 0xce, 0x27, 0x7c, 0x03, 0x8d, 0x19, 0xcc,
    0xfc, 0x76, 0x5a, 0x5f, 0xb0, 0x8f, 0x91, 0xae, 0x17, 0x7c, 0xf3, 0x8c,
    0x15, 0xcc, 0xfc, 0x76, 0x5a, 0x5f, 0xb0, 0x8f, 0x91, 0xae, 0x17, 0x7c,
    0xf3, 0x8c, 0x15, 0xcc, 0xfc, 0x76, 0x5a, 0x5f, 0xb0, 0x8f, 0x91, 0xae,
    0x17, 0x7c, 0xf3, 0x8c, 0x15, 0xcc, 0xfc, 0x76, 0x5a, 0x5f, 0xb0, 0x8f,
    0x91, 0xae, 0x17, 0x7c, 0xf3, 0x8c, 0x15, 0xcc, 0xfc, 0x76, 0x5a, 0x5f,
    0xb0, 0x8f, 0x91, 0xae, 0x17, 0x7c, 0xf3, 0x8c, 0x15, 0xcc, 0xfc, 0x76,
    0x5a, 0x5f, 0xb0, 0x8f, 0x91, 0xae, 0x17, 0x7c, 0xf3, 0x8c, 0x15, 0xcc,
    0xfc, 0x76, 0x5a, 0x5f, 0xb0, 0x8f, 0x91, 0xae, 0x17, 0x7c, 0xf3, 0x8c,
    0x15, 0xcc, 0xfc, 0x76, 0x5a, 0x5f, 0xb0, 0x8f, 0x91, 0xae, 0x17, 0x3c,
    0xf0, 0x8c, 0x19, 0xcc, 0x7c, 0x90, 0x1a, 0x9f, 0xb0, 0x8f, 0x91, 0x8e,
    0x07, 0x3c, 0xe0, 0x8c, 0x15, 0xcc, 0x7c, 0x90, 0x1a, 0x9f, 0xb0, 0x8f,
    0x91, 0x8e, 0x07, 0x3c, 0xe0, 0x8c, 0x15, 0xcc, 0x7c, 0x90, 0x1a, 0x9f,
    0xb0, 0x8f, 0x91, 0x8e, 0x07, 0x3c, 0xe0, 0x8c, 0x15, 0xcc, 0x7c, 0x90,
    0x1a, 0x9f, 0xb0, 0x8f, 0x91, 0x8e, 0x07, 0x3c, 0xe0, 0x8c, 0x15, 0xcc,
    0x7c, 0x90, 0x1a, 0x9f, 0xb0, 0x8f, 0x91, 0x8e, 0x07, 0x3c, 0xe0, 0x8c,
    0x15, 0xcc, 0x7c, 0x90, 0x1a, 0x9f, 0xb0, 0x8f, 0x91, 0x8e, 0x07, 0x3c,
    0xe0, 0x8c, 0x15, 0xcc, 0x7c, 0x90, 0x1a, 0x9f, 0xb0, 0x8f, 0x91, 0x8e,
    0x07, 0x3c, 0xe0, 0x8c, 0x15, 0xcc, 0x7c, 0x90, 0x1a, 0x9f, 0xb0, 0x8f,
    0x91, 0x8e, 0x07, 0xbc, 0xe0, 0x8c, 0x19, 0xcc, 0x7c, 0xb1, 0xda, 0xde,
    0xb0, 0x8f, 0x91, 0x6e, 0xfd, 0x5f, 0x68, 0xc6, 0x0a, 0x66, 0xbe, 0x58,
    0x6d, 0x6f, 0xd8, 0xc7, 0x48, 0xb7, 0xfe, 0x2f, 0x34, 0x63, 0x05, 0x33,
    0x5f, 0xac, 0xb6, 0x37, 0xec, 0x63, 0xa4, 0x5b, 0xff, 0x17, 0x9a, 0xb1,
    0x82, 0x99, 0x2f, 0x56, 0xdb, 0x1b, 0xf6, 0x31, 0xd2, 0xad, 0xff, 0x0b,
    0xcd, 0x58, 0xc1, 0xcc, 0x17, 0xab, 0xed, 0x0d, 0xfb, 0x18, 0xe9, 0xd6,
    0xff, 0x85, 0x66, 0xac, 0x60, 0xe6, 0x8b, 0xd5, 0xf6, 0x86, 0x7d, 0x8c,
    0x74, 0xeb, 0xff, 0x42, 0x33, 0x56, 0x30, 0xf3, 0xc5, 0x6a, 0x7b, 0xc3,
    0x3e, 0x46, 0xba, 0xf5, 0x7f, 0xa1, 0x19, 0x2b, 0x98, 0xf9, 0x62, 0xb5,
    0xbd, 0x61, 0x1f, 0x23, 0xdd, 0xfa, 0x3f, 0xd1, 0x8c, 0x19, 0xcc, 0x7c,
    0xd2, 0x9a, 0x1e, 0xb1, 0x8f, 0x91, 0x4e, 0xf5, 0x9f, 0x60, 0xc6, 0x0a,
    0x66, 0x3e, 0x69, 0x4d, 0x8f, 0xd8, 0xc7, 0x48, 0xa7, 0xfa, 0x4f, 0x30,
    0x63, 0x05, 0x33, 0x9f, 0xb4, 0xa6, 0x47, 0xec, 0x63, 0xa4, 0x53, 0xfd,
    0x27, 0x98, 0xb1, 0x82, 0x99, 0x4f, 0x5a, 0xd3, 0x23, 0xf6, 0x31, 0xd2,
    0xa9, 0xfe, 0x13, 0xcc, 0x58, 0xc1, 0xcc, 0x27, 0xad, 0xe9, 0x11, 0xfb,
    0x18, 0xe9, 0x54, 0xff, 0x09, 0x66, 0xac, 0x60, 0xe6, 0x93, 0xd6, 0xf4,
    0x88, 0x7d, 0x8c, 0x74, 0xaa, 0xff, 0x04, 0x33, 0x56, 0x30, 0xf3, 0x49,
    0x6b, 0x7a, 0xc4, 0x3e, 0x46, 0x3a, 0xd5, 0x7f, 0x82, 0x19, 0x2b, 0x98,
    0xf9, 0xa4, 0x35, 0x3d, 0x62, 0x1f, 0x23, 0x9d, 0xea, 0xbf, 0xc1, 0x8c,
    0x19, 0xcc, 0x7c, 0xf3, 0x5a, 0x5e, 0xb1, 0x8f, 0x91, 0x2e, 0xed, 0xdf,
    0x58, 0xc6, 0x0a, 0x66, 0xbe, 0x79, 0x2d, 0xaf, 0xd8, 0xc7, 0x48, 0x97,
    0xf6, 0x6f, 0x2c, 0x63, 0x05, 0x33, 0xdf, 0xbc, 0x96, 0x57, 0xec, 0x63,
    0xa4, 0x4b, 0xfb, 0x37, 0x96, 0xb1, 0x82, 0x99, 0x6f, 0x5e, 0xcb, 0x2b,
    0xf6, 0x31, 0xd2, 0xa5, 0xfd, 0x1b, 0xcb, 0x58, 0xc1, 0xcc, 0x37, 0xaf,
    0xe5, 0x15, 0xfb, 0x18, 0xe9, 0xd2, 0xfe, 0x8d, 0x65, 0xac, 0x60, 0xe6,
    0x9b, 0xd7, 0xf2, 0x8a, 0x7d, 0x8c, 0x74, 0x69, 0xff, 0xc6, 0x32, 0x56,
    0x30, 0xf3, 0xcd, 0x6b, 0x79, 0xc5, 0x3e, 0x46, 0xba, 0xb4, 0x7f, 0x63,
    0x19, 0x2b, 0x98, 0xf9, 0xe6, 0xb5, 0xbc, 0x62, 0x1f, 0x23, 0x5d, 0xda,
    0x3f, 0xb2, 0x8c, 0x19, 0xcc, 0x7c, 0x14, 0x1b, 0x9e, 0xb1, 0x8f, 0x91,
    0x0e, 0xe5, 0x1f, 0x51, 0xc6, 0x0a, 0x66, 0x3e, 0x8a, 0x0d, 0xcf, 0xd8,
    0xc7, 0x48, 0x87, 0xf2, 0x8f, 0x28, 0x63, 0x05, 0x33, 0x1f, 0xc5, 0x86,
    0x67, 0xec, 0x63, 0xa4, 0x43, 0xf9, 0x47, 0x94, 0xb1, 0x82, 0x99, 0x8f,
    0x62, 0xc3, 0x33, 0xf6, 0x31, 0xd2, 0xa1, 0xfc, 0x23, 0xca, 0x58, 0xc1,
    0xcc, 0x47, 0xb1, 0xe1, 0x19, 0xfb, 0x18, 0xe9, 0x50, 0xfe, 0x11, 0x65,
    0xac, 0x60, 0xe6, 0xa3, 0xd8, 0xf0, 0x8c, 0x7d, 0x8c, 0x74, 0x28, 0xff,
    0x88, 0x32, 0x56, 0x30, 0xf3, 0x51, 0x6c, 0x78, 0xc6, 0x3e, 0x46, 0x3a,
    0x94, 0x7f, 0x44, 0x19, 0x2b, 0x98, 0xf9, 0x28, 0x36, 0x3c, 0x63, 0x1f,
    0x23, 0x1d, 0xca, 0xbf, 0xa2, 0x8c, 0x19, 0xcc, 0x7c, 0x35, 0xdb, 0xdd,
    0xb1, 0x8f, 0x91, 0xee, 0xdc, 0x5f, 0x49, 0xc6, 0x0a, 0x66, 0xbe, 0x9a,
    0xed, 0xee, 0xd8, 0xc7, 0x48, 0x77, 0xee, 0xaf, 0x24, 0x63, 0x05, 0x33,
    0x5f, 0xcd, 0x76, 0x77, 0xec, 0x63, 0xa4, 0x3b, 0xf7, 0x57, 0x92, 0xb1,
    0x82, 0x99, 0xaf, 0x66, 0xbb, 0x3b, 0xf6, 0x31, 0xd2, 0x9d, 0xfb, 0x2b,
    0xc9, 0x58, 0xc1, 0xcc, 0x57, 0xb3, 0xdd, 0x1d, 0xfb, 0x18, 0xe9, 0xce,
    0xfd, 0x95, 0x64, 0xac, 0x60, 0xe6, 0xab, 0xd9, 0xee, 0x8e, 0x7d, 0x8c,
    0x74, 0xe7, 0xfe, 0x4a, 0x32, 0x56, 0x30, 0xf3, 0xd5, 0x6c, 0x77, 0xc7,
    0x3e, 0x46, 0xba, 0x73, 0x7f, 0x25, 0x19, 0x2b, 0x98, 0xf9, 0x6a, 0xb6,
    0xbb, 0x63, 0x1f, 0x23, 0xdd, 0xb9, 0x3f, 0x93, 0x8c, 0x19, 0xcc, 0x7c,
    0x56, 0x9b, 0x1d, 0xb2, 0x8f, 0x91, 0xce, 0xd4, 0x9f, 0x41, 0xc6, 0x0a,
    0x66, 0x3e, 0xab, 0xcd, 0x0e, 0xd9, 0xc7, 0x48, 0x67, 0xea, 0xcf, 0x20,
    0x63, 0x05, 0x33, 0x9f, 0xd5, 0x66, 0x87, 0xec, 0x63, 0xa4, 0x33, 0xf5,
    0x67, 0x90, 0xb1, 0x82, 0x99, 0xcf, 0x6a, 0xb3, 0x43, 0xf6, 0x31, 0xd2,
    0x99, 0xfa, 0x33, 0xc8, 0x58, 0xc1, 0xcc, 0x67, 0xb5, 0xd9, 0x21, 0xfb,
    0x18, 0xe9, 0x4c, 0xfd, 0x19, 0x64, 0xac, 0x60, 0xe6, 0xb3, 0xda, 0xec,
    0x90, 0x7d, 0x8c, 0x74, 0xa6, 0xfe, 0x0c, 0x32, 0x56, 0x30, 0xf3, 0x59,
    0x6d, 0x76, 0xc8, 0x3e, 0x46, 0x3a, 0x53, 0x7f, 0x06, 0x19, 0x2b, 0x98,
    0xf9, 0xac, 0x36, 0x3b, 0x64, 0x1f, 0x23, 0x9d, 0xa9, 0xbf, 0x83, 0x8c,
    0x19, 0xcc, 0x7c, 0x77, 0x5b, 0x5d, 0xb2, 0x8f, 0x91, 0xae, 0xcc, 0xdf,
    0x39, 0xc6, 0x0a, 0x66, 0xbe, 0xbb, 0xad, 0x2e, 0xd9, 0xc7, 0x48, 0x57,
    0xe6, 0xef, 0x1c, 0x63, 0x05, 0x33, 0xdf, 0xdd, 0x56, 0x97, 0xec, 0x63,
    0xa4, 0x2b, 0xf3, 0x77, 0x8e, 0xb1, 0x82, 0x99, 0xef, 0x6e, 0xab, 0x4b,
    0xf6, 0x31, 0xd2, 0x95, 0xf9, 0x3b, 0xc7, 0x58, 0xc1, 0xcc, 0x77, 0xb7,
    0xd5, 0x25, 0xfb, 0x18, 0xe9, 0xca, 0xfc, 0x9d, 0x63, 0xac, 0x60, 0xe6,
    0xbb, 0xdb, 0xea, 0x92, 0x7d, 0x8c, 0x74, 0x65, 0xfe, 0xce, 0x31, 0x56,
    0x30, 0xf3, 0xdd, 0x6d, 0x75, 0xc9, 0x3e, 0x46, 0xba, 0x32, 0x7f, 0xe7,
    0x18, 0x2b, 0x98, 0xf9, 0xee, 0xb6, 0xba, 0x64, 0x1f, 0x23, 0x5d, 0x99,
    0x1f, 0x38, 0xc6, 0x0c, 0x66, 0x1e, 0xe4, 0x46, 0xa7, 0xec, 0x63, 0xa4,
    0x23, 0xf1, 0x03, 0xc6, 0x58, 0xc1, 0xcc, 0x83, 0xdc, 0xe8, 0x94, 0x7d,
    0x8c, 0x74, 0x24, 0x7e, 0xc0, 0x18, 0x2b, 0x98, 0x79, 0x90, 0x1b, 0x9d,
    0xb2, 0x8f, 0x91, 0x8e, 0xc4, 0x0f, 0x18, 0x63, 0x05, 0x33, 0x0f, 0x72,
    0xa3, 0x53, 0xf6, 0x31, 0xd2, 0x91, 0xf8, 0x01, 0x63, 0xac, 0x60, 0xe6,
    0x41, 0x6e, 0x74, 0xca, 0x3e, 0x46, 0x3a, 0x12, 0x3f, 0x60, 0x8c, 0x15,
    0xcc, 0x3c, 0xc8, 0x8d, 0x4e, 0xd9, 0xc7, 0x48, 0x47, 0xe2, 0x07, 0x8c,
    0xb1, 0x82, 0x99, 0x07, 0xb9, 0xd1, 0x29, 0xfb, 0x18, 0xe9, 0x48, 0xfc,
    0x80, 0x31, 0x56, 0x30, 0xf3, 0x20, 0x37, 0x3a, 0x65, 0x1f, 0x23, 0x1d,
    0x89, 0x5f, 0x30, 0xc6, 0x0c, 0x66, 0x5e, 0xec, 0x36, 0xb7, 0xec, 0x63,
    0xa4, 0x1b, 0xef, 0x0b, 0xc5, 0x58, 0xc1, 0xcc, 0x8b, 0xdd, 0xe6, 0x96,
    0x7d, 0x8c, 0x74, 0xe3, 0x7d, 0xa1, 0x18, 0x2b, 0x98, 0x79, 0xb1, 0xdb,
    0xdc, 0xb2, 0x8f, 0x91, 0x6e, 0xbc, 0x2f, 0x14, 0x63, 0x05, 0x33, 0x2f,
    0x76, 0x9b, 0x5b, 0xf6, 0x31, 0xd2, 0x8d, 0xf7, 0x85, 0x62, 0xac, 0x60,
    0xe6, 0xc5, 0x6e, 0x73, 0xcb, 0x3e, 0x46, 0xba, 0xf1, 0xbe, 0x50, 0x8c,
    0x15, 0xcc, 0xbc, 0xd8, 0x6d, 0x6e, 0xd9, 0xc7, 0x48, 0x37, 0xde, 0x17,
    0x8a, 0xb1, 0x82, 0x99, 0x17, 0xbb, 0xcd, 0x2d, 0xfb, 0x18, 0xe9, 0xc6,
    0xfb, 0x42, 0x31, 0x56, 0x30, 0xf3, 0x62, 0xb7, 0xb9, 0x65, 0x1f, 0x23,
    0xdd, 0x78, 0x9f, 0x28, 0xc6, 0x0c, 0x66, 0x9e, 0xf4, 0x26, 0xc7, 0xec,
    0x63, 0xa4, 0x13, 0xed, 0x13, 0xc4, 0x58, 0xc1, 0xcc, 0x93, 0xde, 0xe4,
    0x98, 0x7d, 0x8c, 0x74, 0xa2, 0x7d, 0x82, 0x18, 0x2b, 0x98, 0x79, 0xd2,
    0x9b, 0x1c, 0xb3, 0x8f, 0x91, 0x4e, 0xb4, 0x4f, 0x10, 0x63, 0x05, 0x33,
    0x4f, 0x7a, 0x93, 0x63, 0xf6, 0x31, 0xd2, 0x89, 0xf6, 0x09, 0x62, 0xac,
    0x60, 0xe6, 0x49, 0x6f, 0x72, 0xcc, 0x3e, 0x46, 0x3a, 0xd1, 0x3e, 0x41,
    0x8c, 0x15, 0xcc, 0x3c, 0xe9, 0x4d, 0x8e, 0xd9, 0xc7, 0x48, 0x27, 0xda,
    0x27, 0x88, 0xb1, 0x82, 0x99, 0x27, 0xbd, 0xc9, 0x31, 0xfb, 0x18, 0xe9,
    0x44, 0xfb, 0x04, 0x31, 0x56, 0x30, 0xf3, 0xa4, 0x37, 0x39, 0x66, 0x1f,
    0x23, 0x9d, 0x68, 0xdf, 0x20, 0xc6, 0x0c, 0x66, 0xde, 0xfc, 0x16, 0xd7,
    0xec, 0x63, 0xa4, 0x0b, 0xeb, 0x1b, 0xc3, 0x58, 0xc1, 0xcc, 0x9b, 0xdf,
    0xe2, 0x9a, 0x7d, 0x8c, 0x74, 0x61, 0x7d, 0x63, 0x18, 0x2b, 0x98, 0x79,
    0xf3, 0x5b, 0x5c, 0xb3, 0x8f, 0x91, 0x2e, 0xac, 0x6f, 0x0c, 0x63, 0x05,
    0x33, 0x6f, 0x7e, 0x8b, 0x6b, 0xf6, 0x31, 0xd2, 0x85, 0xf5, 0x8d, 0x61,
    0xac, 0x60, 0xe6, 0xcd, 0x6f, 0x71, 0xcd, 0x3e, 0x46, 0xba, 0xb0, 0xbe,
    0x31, 0x8c, 0x15, 0xcc, 0xbc, 0xf9, 0x2d, 0xae, 0xd9, 0xc7, 0x48, 0x17,
    0xd6, 0x37, 0x86, 0xb1, 0x82, 0x99, 0x37, 0xbf, 0xc5, 0x35, 0xfb, 0x18,
    0xe9, 0xc2, 0xfa, 0xc6, 0x30, 0x56, 0x30, 0xf3, 0xe6, 0xb7, 0xb8, 0x66,
    0x1f, 0x23, 0x5d, 0x58, 0x1f, 0x19, 0xc6, 0x0c, 0x66, 0x1e, 0x05, 0x07,
    0xe7, 0xec, 0x63, 0xa4, 0x03, 0xe9, 0x23, 0xc2, 0x58, 0xc1, 0xcc, 0xa3,
    0xe0, 0xe0, 0x9c, 0x7d, 0x8c, 0x74, 0x20, 0x7d, 0x44, 0x18, 0x2b, 0x98,
    0x79, 0x14, 0x1c, 0x9c, 0xb3, 0x8f, 0x91, 0x0e, 0xa4, 0x8f, 0x08, 0x63,
    0x05, 0x33, 0x8f, 0x82, 0x83, 0x73, 0xf6, 0x31, 0xd2, 0x81, 0xf4, 0x11,
    0x61, 0xac, 0x60, 0xe6, 0x51, 0x70, 0x70, 0xce, 0x3e, 0x46, 0x3a, 0x90,
    0x3e, 0x22, 0x8c, 0x15, 0xcc, 0x3c, 0x0a, 0x0e, 0xce, 0xd9, 0xc7, 0x48,
    0x07, 0xd2, 0x47, 0x84, 0xb1, 0x82, 0x99, 0x47, 0xc1, 0xc1, 0x39, 0xfb,
    0x18, 0xe9, 0x40, 0xfa, 0x88, 0x30, 0x56, 0x30, 0xf3, 0x28, 0x38, 0x38,
    0x67, 0x1f, 0x23, 0x1d, 0x48, 0x5f, 0x11, 0xc6, 0x0c, 0x66, 0x5e, 0x0d,
    0xfb, 0x7b, 0xf6, 0x31, 0xd2, 0xde, 0xf9, 0x4a, 0x30, 0x56, 0x30, 0xf3,
    0x6a, 0xd8, 0xdf, 0xb3, 0x8f, 0x91, 0xf6, 0xce, 0x57, 0x82, 0xb1, 0x82,
    0x99, 0x57, 0xc3, 0xfe, 0x9e, 0x7d, 0x8c, 0xb4, 0x77, 0xbe, 0x12, 0x8c,
    0x15, 0xcc, 0xbc, 0x1a, 0xf6, 0xf7, 0xec, 0x63, 0xa4, 0xbd, 0xf3, 0x95,
    0x60, 0xac, 0x60, 0xe6, 0xd5, 0xb0, 0xbf, 0x67, 0x1f, 0x23, 0xed, 0x9d,
    0xaf, 0x04, 0x63, 0x05, 0x33, 0xaf, 0x86, 0xfd, 0x3d, 0xfb, 0x18, 0x69,
    0xef, 0x7c, 0x25, 0x18, 0x2b, 0x98, 0x79, 0x35, 0xec, 0xef, 0xd9, 0xc7,
    0x48, 0x7b, 0xe7, 0x2b, 0xc1, 0x58, 0xc1, 0xcc, 0xab, 0x61, 0x7f, 0xcf,
    0x3e, 0x46, 0xda, 0x3b, 0x9f, 0x09, 0xc6, 0x0c, 0x66, 0x9e, 0x15, 0xeb,
    0x02, 0xfb, 0x18, 0x69, 0xad, 0x7c, 0x06, 0x18, 0x2b, 0x98, 0x79, 0x56,
    0xac, 0x0b, 0xec, 0x63, 0xa4, 0xb5, 0xf2, 0x19, 0x60, 0xac, 0x60, 0xe6,
    0x59, 0xb1, 0x2e, 0xb0, 0x8f, 0x91, 0xd6, 0xca, 0x67, 0x80, 0xb1, 0x82,
    0x99, 0x67, 0xc5, 0xba, 0xc0, 0x3e, 0x46, 0x5a, 0x2b, 0x9f, 0x01, 0xc6,
    0x0a, 0x66, 0x9e, 0x15, 0xeb, 0x02, 0xfb, 0x18, 0x69, 0xad, 0x7c, 0x06,
    0x18, 0x2b, 0x98, 0x79, 0x56, 0xac, 0x0b, 0xec, 0x63, 0xa4, 0xb5, 0xf2,
    0x19, 0x60, 0xac, 0x60, 0xe6, 0x59, 0xb1, 0x2e, 0xb0, 0x8f, 0x91, 0xd6,
    0xca, 0x67, 0x80, 0xb1, 0x82, 0x99, 0x67, 0xc5, 0xba, 0xc0, 0x3e, 0x46,
    0x5a, 0x2b, 0xdf, 0x01, 0xc6, 0x0c, 0x66, 0xde, 0x1d, 0xdb, 0x06, 0xfb,
    0x18, 0x69, 0x6b, 0x7c, 0xef, 0x1b, 0x2b, 0x98, 0x79, 0x77, 0x6c, 0x1b,
    0xec, 0x63, 0xa4, 0xad, 0xf1, 0xbd, 0x6f, 0xac, 0x60, 0xe6, 0xdd, 0xb1,
    0x6d, 0xb0, 0x8f, 0x91, 0xb6, 0xc6, 0xf7, 0xbe, 0xb1, 0x82, 0x99, 0x77,
    0xc7, 0xb6, 0xc1, 0x3e, 0x46, 0xda, 0x1a, 0xdf, 0xfb, 0xc6, 0x0a, 0x66,
    0xde, 0x1d, 0xdb, 0x06, 0xfb, 0x18, 0x69, 0x6b, 0x7c, 0xef, 0x1b, 0x2b,
    0x98, 0x79, 0x77, 0x6c, 0x1b, 0xec, 0x63, 0xa4, 0xad, 0xf1, 0xbd, 0x6f,
    0xac, 0x60, 0xe6, 0xdd, 0xb1, 0x6d, 0xb0, 0x8f, 0x91, 0xb6, 0xc6, 0xf7,
    0xbe, 0xb1, 0x82, 0x99, 0x77, 0xc7, 0xb6, 0xc1, 0x3e, 0x46, 0xda, 0x1a,
    0x07, 0x7d, 0x63, 0x06, 0x33, 0x03, 0xc9, 0xb2, 0xc2, 0x3e, 0x46, 0x5a,
    0x0a, 0x07, 0x75, 0x63, 0x05, 0x33, 0x03, 0xc9, 0xb2, 0xc2, 0x3e, 0x46,
    0x5a, 0x0a, 0x07, 0x75, 0x63, 0x05, 0x33, 0x03, 0xc9, 0xb2, 0xc2, 0x3e,
    0x46, 0x5a, 0x0a, 0x07, 0x75, 0x63, 0x05, 0x33, 0x03, 0xc9, 0xb2, 0xc2,
    0x3e, 0x46, 0x5a, 0x0a, 0x07, 0x75, 0x63, 0x05, 0x33, 0x03, 0xc9, 0xb2,
    0xc2, 0x3e, 0x46, 0x5a, 0x0a, 0x07, 0x75, 0x63, 0x05, 0x33, 0x03, 0xc9,
    0xb2, 0xc2, 0x3e, 0x46, 0x5a, 0x0a, 0x07, 0x75, 0x63, 0x05, 0x33, 0x03,
    0xc9, 0xb2, 0xc2, 0x3e, 0x46, 0x5a, 0x0a, 0x07, 0x75, 0x63, 0x05, 0x33,
    0x03, 0xc9, 0xb2, 0xc2, 0x3e, 0x46, 0x5a, 0x0a, 0x27, 0x75, 0x63, 0x06,
    0x33, 0x13, 0xcb, 0xae, 0xc3, 0x3e, 0x46, 0xda, 0xf9, 0x26, 0x6d, 0x63,
    0x05, 0x33, 0x13, 0xcb, 0xae, 0xc3, 0x3e, 0x46, 0xda, 0xf9, 0x26, 0x6d,
    0x63, 0x05, 0x33, 0x13, 0xcb, 0xae, 0xc3, 0x3e, 0x46, 0xda, 0xf9, 0x26,
    0x6d, 0x63, 0x05, 0x33, 0x13, 0xcb, 0xae, 0xc3, 0x3e, 0x46, 0xda, 0xf9,
    0x26, 0x6d, 0x63, 0x05, 0x33, 0x13, 0xcb, 0xae, 0xc3, 0x3e, 0x46, 0xda,
    0xf9, 0x26, 0x6d, 0x63, 0x05, 0x33, 0x13, 0xcb, 0xae, 0xc3, 0x3e, 0x46,
    0xda, 0xf9, 0x26, 0x6d, 0x63, 0x05, 0x33, 0x13, 0xcb, 0xae, 0xc3, 0x3e,
    0x46, 0xda, 0xf9, 0x26, 0x6d, 0x63, 0x05, 0x33, 0x13, 0xcb, 0xae, 0xc3,
    0x3e, 0x46, 0xda, 0xf9, 0x46, 0x6d, 0x63, 0x06, 0x33, 0x23, 0xcd, 0xaa,
    0xc4, 0x3e, 0x46, 0x5a, 0xe9, 0x46, 0x65, 0x63, 0x05, 0x33, 0x23, 0xcd,
    0xaa, 0xc4, 0x3e, 0x46, 0x5a, 0xe9, 0x46, 0x65, 0x63, 0x05, 0x33, 0x23,
    0xcd, 0xaa, 0xc4, 0x3e, 0x46, 0x5a, 0xe9, 0x46, 0x65, 0x63, 0x05, 0x33,
    0x23, 0xcd, 0xaa, 0xc4, 0x3e, 0x46, 0x5a, 0xe9, 0x46, 0x65, 0x63, 0x05,
    0x33, 0x23, 0xcd, 0xaa, 0xc4, 0x3e, 0x46, 0x5a, 0xe9, 0x46, 0x65, 0x63,
    0x05, 0x33, 0x23, 0xcd, 0xaa, 0xc4, 0x3e, 0x46, 0x5a, 0xe9, 0x46, 0x65,
    0x63, 0x05, 0x33, 0x23, 0xcd, 0xaa, 0xc4, 0x3e, 0x46, 0x5a, 0xe9, 0x46,
    0x65, 0x63, 0x05, 0x33, 0x23, 0xcd, 0xaa, 0xc4, 0x3e, 0x46, 0x5a, 0xe9,
    0x66, 0x65, 0x63, 0x06, 0x33, 0x33, 0xcf, 0xa6, 0xc5, 0x3e, 0x46, 0xda,
    0xd8, 0x66, 0x5d, 0x63, 0x05, 0x33, 0x33, 0xcf, 0xa6, 0xc5, 0x3e, 0x46,
    0xda, 0xd8, 0x66, 0x5d, 0x63, 0x05, 0x33, 0x33, 0xcf, 0xa6, 0xc5, 0x3e,
    0x46, 0xda, 0xd8, 0x66, 0x5d, 0x63, 0x05, 0x33, 0x33, 0xcf, 0xa6, 0xc5,
    0x3e, 0x46, 0xda, 0xd8, 0x66, 0x5d, 0x63, 0x05, 0x33, 0x33, 0xcf, 0xa6,
    0xc5, 0x3e, 0x46, 0xda, 0xd8, 0x66, 0x5d, 0x63, 0x05, 0x33, 0x33, 0xcf,
    0xa6, 0xc5, 0x3e, 0x46, 0xda, 0xd8, 0x66, 0x5d, 0x63, 0x05, 0x33, 0x33,
    0xcf, 0xa6, 0xc5, 0x3e, 0x46, 0xda, 0xd8, 0x66, 0x5d, 0x63, 0x05, 0x33,
    0x33, 0xcf, 0xa6, 0xc5, 0x3e, 0x46, 0xda, 0xd8, 0x86, 0x5d, 0x63, 0x06,
    0x33, 0x43, 0xd1, 0xa2, 0xc6, 0x3e, 0x46, 0x5a, 0xc8, 0x86, 0x55, 0x63,
    0x05, 0x33, 0x43, 0xd1, 0xa2, 0xc6, 0x3e, 0x46, 0x5a, 0xc8, 0x86, 0x55,
    0x63, 0x05, 0x33, 0x43, 0xd1, 0xa2, 0xc6, 0x3e, 0x46, 0x5a, 0xc8, 0x86,
    0x55, 0x63, 0x05, 0x33, 0x43, 0xd1, 0xa2, 0xc6, 0x3e, 0x46, 0x5a, 0xc8,
    0x86, 0x55, 0x63, 0x05, 0x33, 0x43, 0xd1, 0xa2, 0xc6, 0x3e, 0x46, 0x5a,
    0xc8, 0x86, 0x55, 0x63, 0x05, 0x33, 0x43, 0xd1, 0xa2, 0xc6, 0x3e, 0x46,
    0x5a, 0xc8, 0x86, 0x55, 0x63, 0x05, 0x33, 0x43, 0xd1, 0xa2, 0xc6, 0x3e,
    0x46, 0x5a, 0xc8, 0x86, 0x55, 0x63, 0x05, 0x33, 0x43, 0xd1, 0xa2, 0xc6,
    0x3e, 0x46, 0x5a, 0xc8, 0xa6, 0x55, 0x63, 0x06, 0x33, 0x53, 0xd3, 0xbc,
    0xc7, 0x3e, 0x46, 0x9a, 0xbb, 0xa6, 0x4d, 0x63, 0x05, 0x33, 0x53, 0xd3,
    0xbc, 0xc7, 0x3e, 0x46, 0x9a, 0xbb, 0xa6, 0x4d, 0x63, 0x05, 0x33, 0x53,
    0xd3, 0xbc, 0xc7, 0x3e, 0x46, 0x9a, 0xbb, 0xa6, 0x4d, 0x63, 0x05, 0x33,
    0x53, 0xd3, 0xbc, 0xc7, 0x3e, 0x46, 0x9a, 0xbb, 0xa6, 0x4d, 0x63, 0x05,
    0x33, 0x53, 0xd3, 0xbc, 0xc7, 0x3e, 0x46, 0x9a, 0xbb, 0xa6, 0x4d, 0x63,
    0x05, 0x33, 0x53, 0xd3, 0xbc, 0xc7, 0x3e, 0x46, 0x9a, 0xbb, 0xa6, 0x4d,
    0x63, 0x05, 0x33, 0x53, 0xd3, 0xbc, 0xc7, 0x3e, 0x46, 0x9a, 0xbb, 0xa6,
    0x4d, 0x63, 0x05, 0x33, 0x53, 0xd3, 0xbc, 0xc7, 0x3e, 0x46, 0x9a, 0xbb,
    0xc6, 0x4d, 0x63, 0x06, 0x33, 0x63, 0xd5, 0xb8, 0xc8, 0x3e, 0x46, 0x1a,
    0xab, 0xc6, 0x45, 0x63, 0x05, 0x33, 0x63, 0xd5, 0xb8, 0xc8, 0x3e, 0x46,
    0x1a, 0xab, 0xc6, 0x45, 0x63, 0x05, 0x33, 0x63, 0xd5, 0xb8, 0xc8, 0x3e,
    0x46, 0x1a, 0xab, 0xc6, 0x45, 0x63, 0x05, 0x33, 0x63, 0xd5, 0xb8, 0xc8,
    0x3e, 0x46, 0x1a, 0xab, 0xc6, 0x45, 0x63, 0x05, 0x33, 0x63, 0xd5, 0xb8,
    0xc8, 0x3e, 0x46, 0x1a, 0xab, 0xc6, 0x45, 0x63, 0x05, 0x33, 0x63, 0xd5,
    0xb8, 0xc8, 0x3e, 0x46, 0x1a, 0xab, 0xc6, 0x45, 0x63, 0x05, 0x33, 0x63,
    0xd5, 0xb8, 0xc8, 0x3e, 0x46, 0x1a, 0xab, 0xc6, 0x45, 0x63, 0x05, 0x33,
    0x63, 0xd5, 0xb8, 0xc8, 0x3e, 0x46, 0x1a, 0xab, 0xe6, 0x45, 0x63, 0x06,
    0x33, 0x73, 0xd7, 0xb4, 0xc9, 0x3e, 0x46, 0x9a, 0x9a, 0xe6, 0x3d, 0x63,
    0x05, 0x33, 0x73, 0xd7, 0xb4, 0xc9, 0x3e, 0x46, 0x9a, 0x9a, 0xe6, 0x3d,
    0x63, 0x05, 0x33, 0x73, 0xd7, 0xb4, 0xc9, 0x3e, 0x46, 0x9a, 0x9a, 0xe6,
    0x3d, 0x63, 0x05, 0x33, 0x73, 0xd7, 0xb4, 0xc9, 0x3e, 0x46, 0x9a, 0x9a,
    0xe6, 0x3d, 0x63, 0x05, 0x33, 0x73, 0xd7, 0xb4, 0xc9, 0x3e, 0x46, 0x9a,
    0x9a, 0xe6, 0x3d, 0x63, 0x05, 0x33, 0x73, 0xd7, 0xb4, 0xc9, 0x3e, 0x46,
    0x9a, 0x9a, 0xe6, 0x3d, 0x63, 0x05, 0x33, 0x73, 0xd7, 0xb4, 0xc9, 0x3e,
    0x46, 0x9a, 0x9a, 0xe6, 0x3d, 0x63, 0x05, 0x33, 0x73, 0xd7, 0xb4, 0xc9,
    0x3e, 0x46, 0x9a, 0x9a, 0x16, 0x3d, 0x63, 0x06, 0x33, 0x0b, 0xd9, 0xb0,
    0xca, 0x3e, 0x46, 0x1a, 0x8a, 0x16, 0x35, 0x63, 0x05, 0x33, 0x0b, 0xd9,
    0xb0, 0xca, 0x3e, 0x46, 0x1a, 0x8a, 0x16, 0x35, 0x63, 0x05, 0x33, 0x0b,
    0xd9, 0xb0, 0xca, 0x3e, 0x46, 0x1a, 0x8a, 0x16, 0x35, 0x63, 0x05, 0x33,
    0x0b, 0xd9, 0xb0, 0xca, 0x3e, 0x46, 0x1a, 0x8a, 0x16, 0x35, 0x63, 0x05,
    0x33, 0x0b, 0xd9, 0xb0, 0xca, 0x3e, 0x46, 0x1a, 0x8a, 0x16, 0x35, 0x63,
    0x05, 0x33, 0x0b, 0xd9, 0xb0, 0xca, 0x3e, 0x46, 0x1a, 0x8a, 0x16, 0x35,
    0x63, 0x05, 0x33, 0x0b, 0xd9, 0xb0, 0xca, 0x3e, 0x46, 0x1a, 0x8a, 0x16,
    0x35, 0x63, 0x05, 0x33, 0x0b, 0xd9, 0xb0, 0xca, 0x3e, 0x46, 0x1a, 0x8a,
    0x36, 0x35, 0x63, 0x06, 0x33, 0x1b, 0xdb, 0xac, 0xcb, 0x3e, 0x46, 0x9a,
    0x79, 0x36, 0x2d, 0x63, 0x05, 0x33, 0x1b, 0xdb, 0xac, 0xcb, 0x3e, 0x46,
    0x9a, 0x79, 0x36, 0x2d, 0x63, 0x05, 0x33, 0x1b, 0xdb, 0xac, 0xcb, 0x3e,
    0x46, 0x9a, 0x79, 0x36, 0x2d, 0x63, 0x05, 0x33, 0x1b, 0xdb, 0xac, 0xcb,
    0x3e, 0x46, 0x9a, 0x79, 0x36, 0x2d, 0x63, 0x05, 0x33, 0x1b, 0xdb, 0xac,
    0xcb, 0x3e, 0x46, 0x9a, 0x79, 0x36, 0x2d, 0x63, 0x05, 0x33, 0x1b, 0xdb,
    0xac, 0xcb, 0x3e, 0x46, 0x9a, 0x79, 0x36, 0x2d, 0x63, 0x05, 0x33, 0x1b,
    0xdb, 0xac, 0xcb, 0x3e, 0x46, 0x9a, 0x79, 0x36, 0x2d, 0x63, 0x05, 0x33,
    0x1b, 0xdb, 0xac, 0xcb, 0x3e, 0x46, 0x9a, 0x79, 0x56, 0x2d, 0x63, 0x06,
    0x33, 0x2b, 0xdd, 0xa8, 0xcc, 0x3e, 0x46, 0x1a, 0x69, 0x56, 0x25, 0x63,
    0x05, 0x33, 0x2b, 0xdd, 0xa8, 0xcc, 0x3e, 0x46, 0x1a, 0x69, 0x56, 0x25,
    0x63, 0x05, 0x33, 0x2b, 0xdd, 0xa8, 0xcc, 0x3e, 0x46, 0x1a, 0x69, 0x56,
    0x25, 0x63, 0x05, 0x33, 0x2b, 0xdd, 0xa8, 0xcc, 0x3e, 0x46, 0x1a, 0x69,
    0x56, 0x25, 0x63, 0x05, 0x33, 0x2b, 0xdd, 0xa8, 0xcc, 0x3e, 0x46, 0x1a,
    0x69, 0x56, 0x25, 0x63, 0x05, 0x33, 0x2b, 0xdd, 0xa8, 0xcc, 0x3e, 0x46,
    0x1a, 0x69, 0x56, 0x25, 0x63, 0x05, 0x33, 0x2b, 0xdd, 0xa8, 0xcc, 0x3e,
    0x46, 0x1a, 0x69, 0x56, 0x25, 0x63, 0x05, 0x33, 0x2b, 0xdd, 0xa8, 0xcc,
    0x3e, 0x46, 0x1a, 0x69, 0x76, 0x25, 0x63, 0x06, 0x33, 0x3b, 0xdf, 0xa4,
    0xcd, 0x3e, 0x46, 0x9a, 0x58, 0x76, 0x1d, 0x63, 0x05, 0x33, 0x3b, 0xdf,
    0xa4, 0xcd, 0x3e, 0x46, 0x9a, 0x58, 0x76, 0x1d, 0x63, 0x05, 0x33, 0x3b,
    0xdf, 0xa4, 0xcd, 0x3e, 0x46, 0x9a, 0x58, 0x76, 0x1d, 0x63, 0x05, 0x33,
    0x3b, 0xdf, 0xa4, 0xcd, 0x3e, 0x46, 0x9a, 0x58, 0x76, 0x1d, 0x63, 0x05,
    0x33, 0x3b, 0xdf, 0xa4, 0xcd, 0x3e, 0x46, 0x9a, 0x58, 0x76, 0x1d, 0x63,
    0x05, 0x33, 0x3b, 0xdf, 0xa4, 0xcd, 0x3e, 0x46, 0x9a, 0x58, 0x76, 0x1d,
    0x63, 0x05, 0x33, 0x3b, 0xdf, 0xa4, 0xcd, 0x3e, 0x46, 0x9a, 0x58, 0x76,
    0x1d, 0x63, 0x05, 0x33, 0x3b, 0xdf, 0xa4, 0xcd, 0x3e, 0x46, 0x9a, 0x58,
    0x96, 0x1d, 0x63, 0x06, 0x33, 0x4b, 0xe1, 0xa0, 0xce, 0x3e, 0x46, 0x1a,
    0x48, 0x96, 0x15, 0x63, 0x05, 0x33, 0x4b, 0xe1, 0xa0, 0xce, 0x3e, 0x46,
    0x1a, 0x48, 0x96, 0x15, 0x63, 0x05, 0x33, 0x4b, 0xe1, 0xa0, 0xce, 0x3e,
    0x46, 0x1a, 0x48, 0x96, 0x15, 0x63, 0x05, 0x33, 0x4b, 0xe1, 0xa0, 0xce,
    0x3e, 0x46, 0x1a, 0x48, 0x96, 0x15, 0x63, 0x05, 0x33, 0x4b, 0xe1, 0xa0,
    0xce, 0x3e, 0x46, 0x1a, 0x48, 0x96, 0x15, 0x63, 0x05, 0x33, 0x4b, 0xe1,
    0xa0, 0xce, 0x3e, 0x46, 0x1a, 0x48, 0x96, 0x15, 0x63, 0x05, 0x33, 0x4b,
    0xe1, 0xa0, 0xce, 0x3e, 0x46, 0x1a, 0x48, 0x96, 0x15, 0x63, 0x05, 0x33,
    0x4b, 0xe1, 0xa0, 0xce, 0x3e, 0x46, 0x1a, 0x48, 0xb6, 0x15, 0x63, 0x06,
    0x33, 0x5b, 0xe3, 0x7b, 0x9f, 0x7d, 0x8c, 0xf4, 0xee, 0xd8, 0x36, 0x8c,
    0x15, 0xcc, 0x6c, 0x8d, 0xef, 0x7d, 0xf6, 0x31, 0xd2, 0xbb, 0x63, 0xdb,
    0x30, 0x56, 0x30, 0xb3, 0x35, 0xbe, 0xf7, 0xd9, 0xc7, 0x48, 0xef, 0x8e,
    0x6d, 0xc3, 0x58, 0xc1, 0xcc, 0xd6, 0xf8, 0xde, 0x67, 0x1f, 0x23, 0xbd,
    0x3b, 0xb6, 0x0d, 0x63, 0x05, 0x33, 0x5b, 0xe3, 0x7b, 0x9f, 0x7d, 0x8c,
    0xf4, 0xee, 0xd8, 0x36, 0x8c, 0x15, 0xcc, 0x6c, 0x8d, 0xef, 0x7d, 0xf6,
    0x31, 0xd2, 0xbb, 0x63, 0xdb, 0x30, 0x56, 0x30, 0xb3, 0x35, 0xbe, 0xf7,
    0xd9, 0xc7, 0x48, 0xef, 0x8e, 0x6d, 0xc3, 0x58, 0xc1, 0xcc, 0xd6, 0xf8,
    0xde, 0x67, 0x1f, 0x23, 0xbd, 0x3b, 0xd6, 0x0d, 0x63, 0x06, 0x33, 0x6b,
    0xe5, 0x33, 0x80, 0x7d, 0x8c, 0xf4, 0xac, 0x58, 0x17, 0x8c, 0x15, 0xcc,
    0xac, 0x95, 0xcf, 0x00, 0xf6, 0x31, 0xd2, 0xb3, 0x62, 0x5d, 0x30, 0x56,
    0x30, 0xb3, 0x56, 0x3e, 0x03, 0xd8, 0xc7, 0x48, 0xcf, 0x8a, 0x75, 0xc1,
    0x58, 0xc1, 0xcc, 0x5a, 0xf9, 0x0c, 0x60, 0x1f, 0x23, 0x3d, 0x2b, 0xd6,
    0x05, 0x63, 0x05, 0x33, 0x6b, 0xe5, 0x33, 0x80, 0x7d, 0x8c, 0xf4, 0xac,
    0x58, 0x17, 0x8c, 0x15, 0xcc, 0xac, 0x95, 0xcf, 0x00, 0xf6, 0x31, 0xd2,
    0xb3, 0x62, 0x5d, 0x30, 0x56, 0x30, 0xb3, 0x56, 0x3e, 0x03, 0xd8, 0xc7,
    0x48, 0xcf, 0x8a, 0x75, 0xc1, 0x58, 0xc1, 0xcc, 0x5a, 0xf9, 0x0c, 0x60,
    0x1f, 0x23, 0x3d, 0x2b, 0xf6, 0x05, 0x63, 0x06, 0x33, 0x7b, 0xe7, 0x2b,
    0x81, 0x7d, 0x8c, 0xf4, 0x6a, 0xd8, 0xdf, 0x1b, 0x2b, 0x98, 0xd9, 0x3b,
    0x5f, 0x09, 0xec, 0x63, 0xa4, 0x57, 0xc3, 0xfe, 0xde, 0x58, 0xc1, 0xcc,
    0xde, 0xf9, 0x4a, 0x60, 0x1f, 0x23, 0xbd, 0x1a, 0xf6, 0xf7, 0xc6, 0x0a,
    0x66, 0xf6, 0xce, 0x57, 0x02, 0xfb, 0x18, 0xe9, 0xd5, 0xb0, 0xbf, 0x37,
    0x56, 0x30, 0xb3, 0x77, 0xbe, 0x12, 0xd8, 0xc7, 0x48, 0xaf, 0x86, 0xfd,
    0xbd, 0xb1, 0x82, 0x99, 0xbd, 0xf3, 0x95, 0xc0, 0x3e, 0x46, 0x7a, 0x35,
    0xec, 0xef, 0x8d, 0x15, 0xcc, 0xec, 0x9d, 0xaf, 0x04, 0xf6, 0x31, 0xd2,
    0xab, 0x61, 0x7f, 0x6f, 0xac, 0x60, 0x66, 0xef, 0x7c, 0x25, 0xb0, 0x8f,
    0x91, 0x5e, 0x0d, 0x07, 0xf7, 0xc6, 0x0c, 0x66, 0x0e, 0xa4, 0x8f, 0x08,
    0xf6, 0x31, 0xd2, 0xa3, 0xe0, 0xe0, 0xdc, 0x58, 0xc1, 0xcc, 0x81, 0xf4,
    0x11, 0xc1, 0x3e, 0x46, 0x7a, 0x14, 0x1c, 0x9c, 0x1b, 0x2b, 0x98, 0x39,
    0x90, 0x3e, 0x22, 0xd8, 0xc7, 0x48, 0x8f, 0x82, 0x83, 0x73, 0x63, 0x05,
    0x33, 0x07, 0xd2, 0x47, 0x04, 0xfb, 0x18, 0xe9, 0x51, 0x70, 0x70, 0x6e,
    0xac, 0x60, 0xe6, 0x40, 0xfa, 0x88, 0x60, 0x1f, 0x23, 0x3d, 0x0a, 0x0e,
    0xce, 0x8d, 0x15, 0xcc, 0x1c, 0x48, 0x1f, 0x11, 0xec, 0x63, 0xa4, 0x47,
    0xc1, 0xc1, 0xb9, 0xb1, 0x82, 0x99, 0x03, 0xe9, 0x23, 0x82, 0x7d, 0x8c,
    0xf4, 0x28, 0x38, 0x38, 0x37, 0x56, 0x30, 0x73, 0x20, 0x7d, 0x44, 0xb0,
    0x8f, 0x91, 0xfe, 0x33, 0xa0, 0xcc, 0x3c, 0xbe, 0xc9, 0xe0, 0x9c, 0x7d,
    0x8c, 0x74, 0x20, 0x7d, 0x44, 0x18, 0x2b, 0x98, 0x79, 0x14, 0x1c, 0x9c,
    0xb3, 0x8f, 0x91, 0x0e, 0xa4, 0x8f, 0x08, 0x63, 0x05, 0x33, 0x8f, 0x82,
    0x83, 0x73, 0xf6, 0x31, 0xd2, 0x81, 0xf4, 0x11, 0x61, 0xac, 0x60, 0xe6,
    0x51, 0x70, 0x70, 0xce, 0x3e, 0x46, 0x3a, 0x90, 0x3e, 0x22, 0x8c, 0x15,
    0xcc, 0x3c, 0x0a, 0x0e, 0xce, 0xd9, 0xc7, 0x48, 0x07, 0xd2, 0x47, 0x84,
    0xb1, 0x82, 0x99, 0x47, 0xc1, 0xc1, 0x39, 0xfb, 0x18, 0xe9, 0x40, 0xfa,
    0x88, 0x30, 0x56, 0x30, 0xf3, 0x28, 0x38, 0x38, 0x67, 0x1f, 0x23, 0x1d,
    0x48, 0x1f, 0x11, 0xc6, 0x0a, 0x66, 0x1e, 0x05, 0x07, 0xe7, 0xec, 0x63,
    0xa4, 0x03, 0xe9, 0x2b, 0xc2, 0x98, 0xc1, 0xcc, 0xab, 0x61, 0x7f, 0xcf,
    0x3e, 0x46, 0xda, 0x3b, 0x5f, 0x09, 0xc6, 0x0a, 0x66, 0x5e, 0x0d, 0xfb,
    0x7b, 0xf6, 0x31, 0xd2, 0xde, 0xf9, 0x4a, 0x30, 0x56, 0x30, 0xf3, 0x6a,
    0xd8, 0xdf, 0xb3, 0x8f, 0x91, 0xf6, 0xce, 0x57, 0x82, 0xb1, 0x82, 0x99,
    0x57, 0xc3, 0xfe, 0x9e, 0x7d, 0x8c, 0xb4, 0x77, 0xbe, 0x12, 0x8c, 0x15,
    0xcc, 0xbc, 0x1a, 0xf6, 0xf7, 0xec, 0x63, 0xa4, 0xbd, 0xf3, 0x95, 0x60,
    0xac, 0x60, 0xe6, 0xd5, 0xb0, 0xbf, 0x67, 0x1f, 0x23, 0x88, 0xba, 0x5f,
    0x9d, 0x00, 0x00, 0x20, 0x00, 0x49, 0x44, 0x41, 0x54, 0xed, 0x9d, 0xaf,
    0x04, 0x63, 0x05, 0x33, 0xaf, 0x86, 0xfd, 0x3d, 0xfb, 0x18, 0x69, 0xef,
    0x7c, 0x25, 0x18, 0x2b, 0x98, 0x79, 0x35, 0xec, 0xef, 0xd9, 0xc7, 0x48,
    0x7b, 0xe7, 0x33, 0xc1, 0x98, 0xc1, 0xcc, 0xb3, 0x62, 0x5d, 0x60, 0x1f,
    0x23, 0xad, 0x95, 0xcf, 0x00, 0x63, 0x05, 0x33, 0xcf, 0x8a, 0x75, 0x81,
    0x7d, 0x8c, 0xb4, 0x56, 0x3e, 0x03, 0x8c, 0x15, 0xcc, 0x3c, 0x2b, 0xd6,
    0x05, 0xf6, 0x31, 0xd2, 0x5a, 0xf9, 0x0c, 0x30, 0x56, 0x30, 0xf3, 0xac,
    0x58, 0x17, 0xd8, 0xc7, 0x48, 0x6b, 0xe5, 0x33, 0xc0, 0x58, 0xc1, 0xcc,
    0xb3, 0x62, 0x5d, 0x60, 0x1f, 0x23, 0xad, 0x95, 0xcf, 0x00, 0x63, 0x05,
    0x33, 0xcf, 0x8a, 0x75, 0x81, 0x7d, 0x8c, 0xb4, 0x56, 0x3e, 0x03, 0x8c,
    0x15, 0xcc, 0x3c, 0x2b, 0xd6, 0x05, 0xf6, 0x31, 0xd2, 0x5a, 0xf9, 0x0c,
    0x30, 0x56, 0x30, 0xf3, 0xac, 0x58, 0x17, 0xd8, 0xc7, 0x48, 0x6b, 0xe5,
    0x3b, 0xc0, 0x98, 0xc1, 0xcc, 0xbb, 0x63, 0xdb, 0x60, 0x1f, 0x23, 0x6d,
    0x8d, 0xef, 0x7d, 0x63, 0x05, 0x33, 0xef, 0x8e, 0x6d, 0x83, 0x7d, 0x8c,
    0xb4, 0x35, 0xbe, 0xf7, 0x8d, 0x15, 0xcc, 0xbc, 0x3b, 0xb6, 0x0d, 0xf6,
    0x31, 0xd2, 0xd6, 0xf8, 0xde, 0x37, 0x56, 0x30, 0xf3, 0xee, 0xd8, 0x36,
    0xd8, 0xc7, 0x48, 0x5b, 0xe3, 0x7b, 0xdf, 0x58, 0xc1, 0xcc, 0xbb, 0x63,
    0xdb, 0x60, 0x1f, 0x23, 0x6d, 0x8d, 0xef, 0x7d, 0x63, 0x05, 0x33, 0xef,
    0x8e, 0x6d, 0x83, 0x7d, 0x8c, 0xb4, 0x35, 0xbe, 0xf7, 0x8d, 0x15, 0xcc,
    0xbc, 0x3b, 0xb6, 0x0d, 0xf6, 0x31, 0xd2, 0xd6, 0xf8, 0xde, 0x37, 0x56,
    0x30, 0xf3, 0xee, 0xd8, 0x36, 0xd8, 0xc7, 0x48, 0x5b, 0xe3, 0xa0, 0x6f,
    0xcc, 0x60, 0x66, 0x20, 0x59, 0x56, 0xd8, 0xc7, 0x48, 0x4b, 0xe1, 0xa0,
    0x6e, 0xac, 0x60, 0x66, 0x20, 0x59, 0x56, 0xd8, 0xc7, 0x48, 0x4b, 0xe1,
    0xa0, 0x6e, 0xac, 0x60, 0x66, 0x20, 0x59, 0x56, 0xd8, 0xc7, 0x48, 0x4b,
    0xe1, 0xa0, 0x6e, 0xac, 0x60, 0x66, 0x20, 0x59, 0x56, 0xd8, 0xc7, 0x48,
    0x4b, 0xe1, 0xa0, 0x6e, 0xac, 0x60, 0x66, 0x20, 0x59, 0x56, 0xd8, 0xc7,
    0x48, 0x4b, 0xe1, 0xa0, 0x6e, 0xac, 0x60, 0x66, 0x20, 0x59, 0x56, 0xd8,
    0xc7, 0x48, 0x4b, 0xe1, 0xa0, 0x6e, 0xac, 0x60, 0x66, 0x20, 0x59, 0x56,
    0xd8, 0xc7, 0x48, 0x4b, 0xe1, 0xa0, 0x6e, 0xac, 0x60, 0x66, 0x20, 0x59,
    0x56, 0xd8, 0xc7, 0x48, 0x4b, 0xe1, 0xa4, 0x6e, 0xcc, 0x60, 0x66, 0x62,
    0xd9, 0x75, 0xd8, 0xc7, 0x48, 0x3b, 0xdf, 0xa4, 0x6d, 0xac, 0x60, 0x66,
    0x62, 0xd9, 0x75, 0xd8, 0xc7, 0x48, 0x3b, 0xdf, 0xa4, 0x6d, 0xac, 0x60,
    0x66, 0x62, 0xd9, 0x75, 0xd8, 0xc7, 0x48, 0x3b, 0xdf, 0xa4, 0x6d, 0xac,
    0x60, 0x66, 0x62, 0xd9, 0x75, 0xd8, 0xc7, 0x48, 0x3b, 0xdf, 0xa4, 0x6d,
    0xac, 0x60, 0x66, 0x62, 0xd9, 0x75, 0xd8, 0xc7, 0x48, 0x3b, 0xdf, 0xa4,
    0x6d, 0xac, 0x60, 0x66, 0x62, 0xd9, 0x75, 0xd8, 0xc7, 0x48, 0x3b, 0xdf,
    0xa4, 0x6d, 0xac, 0x60, 0x66, 0x62, 0xd9, 0x75, 0xd8, 0xc7, 0x48, 0x3b,
    0xdf, 0xa4, 0x6d, 0xac, 0x60, 0x66, 0x62, 0xd9, 0x75, 0xd8, 0xc7, 0x48,
    0x3b, 0xdf, 0xa8, 0x6d, 0xcc, 0x60, 0x66, 0xa4, 0x59, 0x95, 0xd8, 0xc7,
    0x48, 0x2b, 0xdd, 0xa8, 0x6c, 0xac, 0x60, 0x66, 0xa4, 0x59, 0x95, 0xd8,
    0xc7, 0x48, 0x2b, 0xdd, 0xa8, 0x6c, 0xac, 0x60, 0x66, 0xa4, 0x59, 0x95,
    0xd8, 0xc7, 0x48, 0x2b, 0xdd, 0xa8, 0x6c, 0xac, 0x60, 0x66, 0xa4, 0x59,
    0x95, 0xd8, 0xc7, 0x48, 0x2b, 0xdd, 0xa8, 0x6c, 0xac, 0x60, 0x66, 0xa4,
    0x59, 0x95, 0xd8, 0xc7, 0x48, 0x2b, 0xdd, 0xa8, 0x6c, 0xac, 0x60, 0x66,
    0xa4, 0x59, 0x95, 0xd8, 0xc7, 0x48, 0x2b, 0xdd, 0xa8, 0x6c, 0xac, 0x60,
    0x66, 0xa4, 0x59, 0x95, 0xd8, 0xc7, 0x48, 0x2b, 0xdd, 0xa8, 0x6c, 0xac,
    0x60, 0x66, 0xa4, 0x59, 0x95, 0xd8, 0xc7, 0x48, 0x2b, 0xdd, 0xac, 0x6c,
    0xcc, 0x60, 0x66, 0xe6, 0xd9, 0xb4, 0xd8, 0xc7, 0x48, 0x1b, 0xdb, 0xac,
    0x6b, 0xac, 0x60, 0x66, 0xe6, 0xd9, 0xb4, 0xd8, 0xc7, 0x48, 0x1b, 0xdb,
    0xac, 0x6b, 0xac, 0x60, 0x66, 0xe6, 0xd9, 0xb4, 0xd8, 0xc7, 0x48, 0x1b,
    0xdb, 0xac, 0x6b, 0xac, 0x60, 0x66, 0xe6, 0xd9, 0xb4, 0xd8, 0xc7, 0x48,
    0x1b, 0xdb, 0xac, 0x6b, 0xac, 0x60, 0x66, 0xe6, 0xd9, 0xb4, 0xd8, 0xc7,
    0x48, 0x1b, 0xdb, 0xac, 0x6b, 0xac, 0x60, 0x66, 0xe6, 0xd9, 0xb4, 0xd8,
    0xc7, 0x48, 0x1b, 0xdb, 0xac, 0x6b, 0xac, 0x60, 0x66, 0xe6, 0xd9, 0xb4,
    0xd8, 0xc7, 0x48, 0x1b, 0xdb, 0xac, 0x6b, 0xac, 0x60, 0x66, 0xe6, 0xd9,
    0xb4, 0xd8, 0xc7, 0x48, 0x1b, 0xdb, 0xb0, 0x6b, 0xcc, 0x60, 0x66, 0x28,
    0x5a, 0xd4, 0xd8, 0xc7, 0x48, 0x0b, 0xd9, 0xb0, 0x6a, 0xac, 0x60, 0x66,
    0x28, 0x5a, 0xd4, 0xd8, 0xc7, 0x48, 0x0b, 0xd9, 0xb0, 0x6a, 0xac, 0x60,
    0x66, 0x28, 0x5a, 0xd4, 0xd8, 0xc7, 0x48, 0x0b, 0xd9, 0xb0, 0x6a, 0xac,
    0x60, 0x66, 0x28, 0x5a, 0xd4, 0xd8, 0xc7, 0x48, 0x0b, 0xd9, 0xb0, 0x6a,
    0xac, 0x60, 0x66, 0x28, 0x5a, 0xd4, 0xd8, 0xc7, 0x48, 0x0b, 0xd9, 0xb0,
    0x6a, 0xac, 0x60, 0x66, 0x28, 0x5a, 0xd4, 0xd8, 0xc7, 0x48, 0x0b, 0xd9,
    0xb0, 0x6a, 0xac, 0x60, 0x66, 0x28, 0x5a, 0xd4, 0xd8, 0xc7, 0x48, 0x0b,
    0xd9, 0xb0, 0x6a, 0xac, 0x60, 0x66, 0x28, 0x5a, 0xd4, 0xd8, 0xc7, 0x48,
    0x0b, 0xd9, 0xb4, 0x6a, 0xcc, 0x60, 0x66, 0x6a, 0x9a, 0xf7, 0xd8, 0xc7,
    0x48, 0x73, 0xd7, 0xb4, 0x69, 0xac, 0x60, 0x66, 0x6a, 0x9a, 0xf7, 0xd8,
    0xc7, 0x48, 0x73, 0xd7, 0xb4, 0x69, 0xac, 0x60, 0x66, 0x6a, 0x9a, 0xf7,
    0xd8, 0xc7, 0x48, 0x73, 0xd7, 0xb4, 0x69, 0xac, 0x60, 0x66, 0x6a, 0x9a,
    0xf7, 0xd8, 0xc7, 0x48, 0x73, 0xd7, 0xb4, 0x69, 0xac, 0x60, 0x66, 0x6a,
    0x9a, 0xf7, 0xd8, 0xc7, 0x48, 0x73, 0xd7, 0xb4, 0x69, 0xac, 0x60, 0x66,
    0x6a, 0x9a, 0xf7, 0xd8, 0xc7, 0x48, 0x73, 0xd7, 0xb4, 0x69, 0xac, 0x60,
    0x66, 0x6a, 0x9a, 0xf7, 0xd8, 0xc7, 0x48, 0x73, 0xd7, 0xb4, 0x69, 0xac,
    0x60, 0x66, 0x6a, 0x9a, 0xf7, 0xd8, 0xc7, 0x48, 0x73, 0xd7, 0xb8, 0x69,
    0xcc, 0x60, 0x66, 0xac, 0x1a, 0x17, 0xd9, 0xc7, 0x48, 0x63, 0xd5, 0xb8,
    0x68, 0xac, 0x60, 0x66, 0xac, 0x1a, 0x17, 0xd9, 0xc7, 0x48, 0x63, 0xd5,
    0xb8, 0x68, 0xac, 0x60, 0x66, 0xac, 0x1a, 0x17, 0xd9, 0xc7, 0x48, 0x63,
    0xd5, 0xb8, 0x68, 0xac, 0x60, 0x66, 0xac, 0x1a, 0x17, 0xd9, 0xc7, 0x48,
    0x63, 0xd5, 0xb8, 0x68, 0xac, 0x60, 0x66, 0xac, 0x1a, 0x17, 0xd9, 0xc7,
    0x48, 0x63, 0xd5, 0xb8, 0x68, 0xac, 0x60, 0x66, 0xac, 0x1a, 0x17, 0xd9,
    0xc7, 0x48, 0x63, 0xd5, 0xb8, 0x68, 0xac, 0x60, 0x66, 0xac, 0x1a, 0x17,
    0xd9, 0xc7, 0x48, 0x63, 0xd5, 0xb8, 0x68, 0xac, 0x60, 0x66, 0xac, 0x1a,
    0x17, 0xd9, 0xc7, 0x48, 0x63, 0xd5, 0xbc, 0x68, 0xcc, 0x60, 0x66, 0xee,
    0x9a, 0x36, 0xd9, 0xc7, 0x48, 0x53, 0xd3, 0xbc, 0x67, 0xac, 0x60, 0x66,
    0xee, 0x9a, 0x36, 0xd9, 0xc7, 0x48, 0x53, 0xd3, 0xbc, 0x67, 0xac, 0x60,
    0x66, 0xee, 0x9a, 0x36, 0xd9, 0xc7, 0x48, 0x53, 0xd3, 0xbc, 0x67, 0xac,
    0x60, 0x66, 0xee, 0x9a, 0x36, 0xd9, 0xc7, 0x48, 0x53, 0xd3, 0xbc, 0x67,
    0xac, 0x60, 0x66, 0xee, 0x9a, 0x36, 0xd9, 0xc7, 0x48, 0x53, 0xd3, 0xbc,
    0x67, 0xac, 0x60, 0x66, 0xee, 0x9a, 0x36, 0xd9, 0xc7, 0x48, 0x53, 0xd3,
    0xbc, 0x67, 0xac, 0x60, 0x66, 0xee, 0x9a, 0x36, 0xd9, 0xc7, 0x48, 0x53,
    0xd3, 0xbc, 0x67, 0xac, 0x60, 0x66, 0xee, 0x9a, 0x36, 0xd9, 0xc7, 0x48,
    0x53, 0xd3, 0xa2, 0x67, 0xcc, 0x60, 0x66, 0x21, 0x1b, 0x56, 0xd9, 0xc7,
    0x48, 0x43, 0xd1, 0xa2, 0x66, 0xac, 0x60, 0x66, 0x21, 0x1b, 0x56, 0xd9,
    0xc7, 0x48, 0x43, 0xd1, 0xa2, 0x66, 0xac, 0x60, 0x66, 0x21, 0x1b, 0x56,
    0xd9, 0xc7, 0x48, 0x43, 0xd1, 0xa2, 0x66, 0xac, 0x60, 0x66, 0x21, 0x1b,
    0x56, 0xd9, 0xc7, 0x48, 0x43, 0xd1, 0xa2, 0x66, 0xac, 0x60, 0x66, 0x21,
    0x1b, 0x56, 0xd9, 0xc7, 0x48, 0x43, 0xd1, 0xa2, 0x66, 0xac, 0x60, 0x66,
    0x21, 0x1b, 0x56, 0xd9, 0xc7, 0x48, 0x43, 0xd1, 0xa2, 0x66, 0xac, 0x60,
    0x66, 0x21, 0x1b, 0x56, 0xd9, 0xc7, 0x48, 0x43, 0xd1, 0xa2, 0x66, 0xac,
    0x60, 0x66, 0x21, 0x1b, 0x56, 0xd9, 0xc7, 0x48, 0x43, 0xd1, 0xa6, 0x66,
    0xcc, 0x60, 0x66, 0x63, 0x9b, 0x75, 0xd9, 0xc7, 0x48, 0x33, 0xcf, 0xa6,
    0x65, 0xac, 0x60, 0x66, 0x63, 0x9b, 0x75, 0xd9, 0xc7, 0x48, 0x33, 0xcf,
    0xa6, 0x65, 0xac, 0x60, 0x66, 0x63, 0x9b, 0x75, 0xd9, 0xc7, 0x48, 0x33,
    0xcf, 0xa6, 0x65, 0xac, 0x60, 0x66, 0x63, 0x9b, 0x75, 0xd9, 0xc7, 0x48,
    0x33, 0xcf, 0xa6, 0x65, 0xac, 0x60, 0x66, 0x63, 0x9b, 0x75, 0xd9, 0xc7,
    0x48, 0x33, 0xcf, 0xa6, 0x65, 0xac, 0x60, 0x66, 0x63, 0x9b, 0x75, 0xd9,
    0xc7, 0x48, 0x33, 0xcf, 0xa6, 0x65, 0xac, 0x60, 0x66, 0x63, 0x9b, 0x75,
    0xd9, 0xc7, 0x48, 0x33, 0xcf, 0xa6, 0x65, 0xac, 0x60, 0x66, 0x63, 0x9b,
    0x75, 0xd9, 0xc7, 0x48, 0x33, 0xcf, 0xaa, 0x65, 0xcc, 0x60, 0x66, 0xa5,
    0x1b, 0x95, 0xd9, 0xc7, 0x48, 0x23, 0xcd, 0xaa, 0x64, 0xac, 0x60, 0x66,
    0xa5, 0x1b, 0x95, 0xd9, 0xc7, 0x48, 0x23, 0xcd, 0xaa, 0x64, 0xac, 0x60,
    0x66, 0xa5, 0x1b, 0x95, 0xd9, 0xc7, 0x48, 0x23, 0xcd, 0xaa, 0x64, 0xac,
    0x60, 0x66, 0xa5, 0x1b, 0x95, 0xd9, 0xc7, 0x48, 0x23, 0xcd, 0xaa, 0x64,
    0xac, 0x60, 0x66, 0xa5, 0x1b, 0x95, 0xd9, 0xc7, 0x48, 0x23, 0xcd, 0xaa,
    0x64, 0xac, 0x60, 0x66, 0xa5, 0x1b, 0x95, 0xd9, 0xc7, 0x48, 0x23, 0xcd,
    0xaa, 0x64, 0xac, 0x60, 0x66, 0xa5, 0x1b, 0x95, 0xd9, 0xc7, 0x48, 0x23,
    0xcd, 0xaa, 0x64, 0xac, 0x60, 0x66, 0xa5, 0x1b, 0x95, 0xd9, 0xc7, 0x48,
    0x23, 0xcd, 0xae, 0x64, 0xcc, 0x60, 0x66, 0xe7, 0x9b, 0xb4, 0xd9, 0xc7,
    0x48, 0x13, 0xcb, 0xae, 0x63, 0xac, 0x60, 0x66, 0xe7, 0x9b, 0xb4, 0xd9,
    0xc7, 0x48, 0x13, 0xcb, 0xae, 0x63, 0xac, 0x60, 0x66, 0xe7, 0x9b, 0xb4,
    0xd9, 0xc7, 0x48, 0x13, 0xcb, 0xae, 0x63, 0xac, 0x60, 0x66, 0xe7, 0x9b,
    0xb4, 0xd9, 0xc7, 0x48, 0x13, 0xcb, 0xae, 0x63, 0xac, 0x60, 0x66, 0xe7,
    0x9b, 0xb4, 0xd9, 0xc7, 0x48, 0x13, 0xcb, 0xae, 0x63, 0xac, 0x60, 0x66,
    0xe7, 0x9b, 0xb4, 0xd9, 0xc7, 0x48, 0x13, 0xcb, 0xae, 0x63, 0xac, 0x60,
    0x66, 0xe7, 0x9b, 0xb4, 0xd9, 0xc7, 0x48, 0x13, 0xcb, 0xae, 0x63, 0xac,
    0x60, 0x66, 0xe7, 0x9b, 0xb4, 0xd9, 0xc7, 0x48, 0x13, 0xcb, 0xb2, 0x63,
    0xcc, 0x60, 0x66, 0x29, 0x1c, 0xd4, 0xd9, 0xc7, 0x48, 0x03, 0xc9, 0xb2,
    0x62, 0xac, 0x60, 0x66, 0x29, 0x1c, 0xd4, 0xd9, 0xc7, 0x48, 0x03, 0xc9,
    0xb2, 0x62, 0xac, 0x60, 0x66, 0x29, 0x1c, 0xd4, 0xd9, 0xc7, 0x48, 0x03,
    0xc9, 0xb2, 0x62, 0xac, 0x60, 0x66, 0x29, 0x1c, 0xd4, 0xd9, 0xc7, 0x48,
    0x03, 0xc9, 0xb2, 0x62, 0xac, 0x60, 0x66, 0x29, 0x1c, 0xd4, 0xd9, 0xc7,
    0x48, 0x03, 0xc9, 0xb2, 0x62, 0xac, 0x60, 0x66, 0x29, 0x1c, 0xd4, 0xd9,
    0xc7, 0x48, 0x03, 0xc9, 0xb2, 0x62, 0xac, 0x60, 0x66, 0x29, 0x1c, 0xd4,
    0xd9, 0xc7, 0x48, 0x03, 0xc9, 0xb2, 0x62, 0xac, 0x60, 0x66, 0x29, 0x1c,
    0xd4, 0xd9, 0xc7, 0x48, 0x03, 0xc9, 0xb6, 0x62, 0xcc, 0x60, 0x66, 0x6b,
    0x7c, 0xef, 0xb3, 0x8f, 0x91, 0xde, 0x1d, 0xdb, 0x86, 0xb1, 0x82, 0x99,
    0xad, 0xf1, 0xbd, 0xcf, 0x3e, 0x46, 0x7a, 0x77, 0x6c, 0x1b, 0xc6, 0x0a,
    0x66, 0xb6, 0xc6, 0xf7, 0x3e, 0xfb, 0x18, 0xe9, 0xdd, 0xb1, 0x6d, 0x18,
    0x2b, 0x98, 0xd9, 0x1a, 0xdf, 0xfb, 0xec, 0x63, 0xa4, 0x77, 0xc7, 0xb6,
    0x61, 0xac, 0x60, 0x66, 0x6b, 0x7c, 0xef, 0xb3, 0x8f, 0x91, 0xde, 0x1d,
    0xdb, 0x86, 0xb1, 0x82, 0x99, 0xad, 0xf1, 0xbd, 0xcf, 0x3e, 0x46, 0x7a,
    0x77, 0x6c, 0x1b, 0xc6, 0x0a, 0x66, 0xb6, 0xc6, 0xf7, 0x3e, 0xfb, 0x18,
    0xe9, 0xdd, 0xb1, 0x6d, 0x18, 0x2b, 0x98, 0xd9, 0x1a, 0xdf, 0xfb, 0xec,
    0x63, 0xa4, 0x77, 0xc7, 0xba, 0x61, 0xcc, 0x60, 0x66, 0xad, 0x7c, 0x06,
    0xb0, 0x8f, 0x91, 0x9e, 0x15, 0xeb, 0x82, 0xb1, 0x82, 0x99, 0xb5, 0xf2,
    0x19, 0xc0, 0x3e, 0x46, 0x7a, 0x56, 0xac, 0x0b, 0xc6, 0x0a, 0x66, 0xd6,
    0xca, 0x67, 0x00, 0xfb, 0x18, 0xe9, 0x59, 0xb1, 0x2e, 0x18, 0x2b, 0x98,
    0x59, 0x2b, 0x9f, 0x01, 0xec, 0x63, 0xa4, 0x67, 0xc5, 0xba, 0x60, 0xac,
    0x60, 0x66, 0xad, 0x7c, 0x06, 0xb0, 0x8f, 0x91, 0x9e, 0x15, 0xeb, 0x82,
    0xb1, 0x82, 0x99, 0xb5, 0xf2, 0x19, 0xc0, 0x3e, 0x46, 0x7a, 0x56, 0xac,
    0x0b, 0xc6, 0x0a, 0x66, 0xd6, 0xca, 0x67, 0x00, 0xfb, 0x18, 0xe9, 0x59,
    0xb1, 0x2e, 0x18, 0x2b, 0x98, 0x59, 0x2b, 0x9f, 0x01, 0xec, 0x63, 0xa4,
    0x67, 0xc5, 0xbe, 0x60, 0xcc, 0x60, 0x66, 0xef, 0x7c, 0x25, 0xb0, 0x8f,
    0x91, 0x5e, 0x0d, 0xfb, 0x7b, 0x63, 0x05, 0x33, 0x7b, 0xe7, 0x2b, 0x81,
    0x7d, 0x8c, 0xf4, 0x6a, 0xd8, 0xdf, 0x1b, 0x2b, 0x98, 0xd9, 0x3b, 0x5f,
    0x09, 0xec, 0x63, 0xa4, 0x57, 0xc3, 0xfe, 0xde, 0x58, 0xc1, 0xcc, 0xde,
    0xf9, 0x4a, 0x60, 0x1f, 0x23, 0xbd, 0x1a, 0xf6, 0xf7, 0xc6, 0x0a, 0x66,
    0xf6, 0xce, 0x57, 0x02, 0xfb, 0x18, 0xe9, 0xd5, 0xb0, 0xbf, 0x37, 0x56,
    0x30, 0xb3, 0x77, 0xbe, 0x12, 0xd8, 0xc7, 0x48, 0xaf, 0x86, 0xfd, 0xbd,
    0xb1, 0x82, 0x99, 0xbd, 0xf3, 0x95, 0xc0, 0x3e, 0x46, 0x7a, 0x35, 0xec,
    0xef, 0x8d, 0x15, 0xcc, 0xec, 0x9d, 0xaf, 0x04, 0xf6, 0x31, 0xd2, 0xab,
    0xe1, 0xe0, 0xde, 0x98, 0xc1, 0xcc, 0x81, 0xf4, 0x11, 0xc1, 0x3e, 0x46,
    0x7a, 0x14, 0x1c, 0x9c, 0x1b, 0x2b, 0x98, 0x39, 0x90, 0x3e, 0x22, 0xd8,
    0xc7, 0x48, 0x8f, 0x82, 0x83, 0x73, 0x63, 0x05, 0x33, 0x07, 0xd2, 0x47,
    0x04, 0xfb, 0x18, 0xe9, 0x51, 0x70, 0x70, 0x6e, 0xac, 0x60, 0xe6, 0x40,
    0xfa, 0x88, 0x60, 0x1f, 0x23, 0x3d, 0x0a, 0x0e, 0xce, 0x8d, 0x15, 0xcc,
    0x1c, 0x48, 0x1f, 0x11, 0xec, 0x63, 0xa4, 0x47, 0xc1, 0xc1, 0xb9, 0xb1,
    0x82, 0x99, 0x03, 0xe9, 0x23, 0x82, 0x7d, 0x8c, 0xf4, 0x28, 0x38, 0x38,
    0x37, 0x56, 0x30, 0x73, 0x20, 0x7d, 0x44, 0xb0, 0x8f, 0x91, 0x1e, 0x05,
    0x07, 0xe7, 0xc6, 0x0a, 0x66, 0x0e, 0xa4, 0x8f, 0x08, 0xf6, 0x31, 0xd2,
    0xa3, 0xe0, 0xe2, 0xdc, 0x98, 0xc1, 0xcc, 0x85, 0xf5, 0x8d, 0xc1, 0x3e,
    0x46, 0x7a, 0xf3, 0x5b, 0x5c, 0x1b, 0x2b, 0x98, 0xb9, 0xb0, 0xbe, 0x31,
    0xd8, 0xc7, 0x48, 0x6f, 0x7e, 0x8b, 0x6b, 0x63, 0x05, 0x33, 0x17, 0xd6,
    0x37, 0x06, 0xfb, 0x18, 0xe9, 0xcd, 0x6f, 0x71, 0x6d, 0xac, 0x60, 0xe6,
    0xc2, 0xfa, 0xc6, 0x60, 0x1f, 0x23, 0xbd, 0xf9, 0x2d, 0xae, 0x8d, 0x15,
    0xcc, 0x5c, 0x58, 0xdf, 0x18, 0xec, 0x63, 0xa4, 0x37, 0xbf, 0xc5, 0xb5,
    0xb1, 0x82, 0x99, 0x0b, 0xeb, 0x1b, 0x83, 0x7d, 0x8c, 0xf4, 0xe6, 0xb7,
    0xb8, 0x36, 0x56, 0x30, 0x73, 0x61, 0x7d, 0x63, 0xb0, 0x8f, 0x91, 0xde,
    0xfc, 0x16, 0xd7, 0xc6, 0x0a, 0x66, 0x2e, 0xac, 0x6f, 0x0c, 0xf6, 0x31,
    0xd2, 0x9b, 0xdf, 0xe4, 0xda, 0x98, 0xc1, 0xcc, 0x89, 0xf6, 0x09, 0xc2,
    0x3e, 0x46, 0x7a, 0xd2, 0x9b, 0x1c, 0x1b, 0x2b, 0x98, 0x39, 0xd1, 0x3e,
    0x41, 0xd8, 0xc7, 0x48, 0x4f, 0x7a, 0x93, 0x63, 0x63, 0x05, 0x33, 0x27,
    0xda, 0x27, 0x08, 0xfb, 0x18, 0xe9, 0x49, 0x6f, 0x72, 0x6c, 0xac, 0x60,
    0xe6, 0x44, 0xfb, 0x04, 0x61, 0x1f, 0x23, 0x3d, 0xe9, 0x4d, 0x8e, 0x8d,
    0x15, 0xcc, 0x9c, 0x68, 0x9f, 0x20, 0xec, 0x63, 0xa4, 0x27, 0xbd, 0xc9,
    0xb1, 0xb1, 0x82, 0x99, 0x13, 0xed, 0x13, 0x84, 0x7d, 0x8c, 0xf4, 0xa4,
    0x37, 0x39, 0x36, 0x56, 0x30, 0x73, 0xa2, 0x7d, 0x82, 0xb0, 0x8f, 0x91,
    0x9e, 0xf4, 0x26, 0xc7, 0xc6, 0x0a, 0x66, 0x4e, 0xb4, 0x4f, 0x10, 0xf6,
    0x31, 0xd2, 0x93, 0xde, 0xe6, 0xd8, 0x98, 0xc1, 0xcc, 0x8d, 0xf7, 0x85,
    0xc2, 0x3e, 0x46, 0x7a, 0xb1, 0xdb, 0xdc, 0x1a, 0x2b, 0x98, 0xb9, 0xf1,
    0xbe, 0x50, 0xd8, 0xc7, 0x48, 0x2f, 0x76, 0x9b, 0x5b, 0x63, 0x05, 0x33,
    0x37, 0xde, 0x17, 0x0a, 0xfb, 0x18, 0xe9, 0xc5, 0x6e, 0x73, 0x6b, 0xac,
    0x60, 0xe6, 0xc6, 0xfb, 0x42, 0x61, 0x1f, 0x23, 0xbd, 0xd8, 0x6d, 0x6e,
    0x8d, 0x15, 0xcc, 0xdc, 0x78, 0x5f, 0x28, 0xec, 0x63, 0xa4, 0x17, 0xbb,
    0xcd, 0xad, 0xb1, 0x82, 0x99, 0x1b, 0xef, 0x0b, 0x85, 0x7d, 0x8c, 0xf4,
    0x62, 0xb7, 0xb9, 0x35, 0x56, 0x30, 0x73, 0xe3, 0x7d, 0xa1, 0xb0, 0x8f,
    0x91, 0x5e, 0xec, 0x36, 0xb7, 0xc6, 0x0a, 0x66, 0x6e, 0xbc, 0x2f, 0x14,
    0xf6, 0x31, 0xd2, 0x8b, 0xdd, 0xe8, 0xd6, 0x98, 0xc1, 0xcc, 0x91, 0xf8,
    0x01, 0xc3, 0x3e, 0x46, 0x7a, 0x90, 0x1b, 0x9d, 0x1a, 0x2b, 0x98, 0x39,
    0x12, 0x3f, 0x60, 0xd8, 0xc7, 0x48, 0x0f, 0x72, 0xa3, 0x53, 0x63, 0x05,
    0x33, 0x47, 0xe2, 0x07, 0x0c, 0xfb, 0x18, 0xe9, 0x41, 0x6e, 0x74, 0x6a,
    0xac, 0x60, 0xe6, 0x48, 0xfc, 0x80, 0x61, 0x1f, 0x23, 0x3d, 0xc8, 0x8d,
    0x4e, 0x8d, 0x15, 0xcc, 0x1c, 0x89, 0x1f, 0x30, 0xec, 0x63, 0xa4, 0x07,
    0xb9, 0xd1, 0xa9, 0xb1, 0x82, 0x99, 0x23, 0xf1, 0x03, 0x86, 0x7d, 0x8c,
    0xf4, 0x20, 0x37, 0x3a, 0x35, 0x56, 0x30, 0x73, 0x24, 0x7e, 0xc0, 0xb0,
    0x8f, 0x91, 0x1e, 0xe4, 0x46, 0xa7, 0xc6, 0x0a, 0x66, 0x8e, 0xc4, 0x0f,
    0x18, 0xf6, 0x31, 0xd2, 0x83, 0xdc, 0xea, 0xd4, 0x98, 0xc1, 0xcc, 0x95,
    0xf9, 0x3b, 0x87, 0x7d, 0x8c, 0xf4, 0xdd, 0x6d, 0x75, 0x69, 0xac, 0x60,
    0xe6, 0xca, 0xfc, 0x9d, 0xc3, 0x3e, 0x46, 0xfa, 0xee, 0xb6, 0xba, 0x34,
    0x56, 0x30, 0x73, 0x65, 0xfe, 0xce, 0x61, 0x1f, 0x23, 0x7d, 0x77, 0x5b,
    0x5d, 0x1a, 0x2b, 0x98, 0xb9, 0x32, 0x7f, 0xe7, 0xb0, 0x8f, 0x91, 0xbe,
    0xbb, 0xad, 0x2e, 0x8d, 0x15, 0xcc, 0x5c, 0x99, 0xbf, 0x73, 0xd8, 0xc7,
    0x48, 0xdf, 0xdd, 0x56, 0x97, 0xc6, 0x0a, 0x66, 0xae, 0xcc, 0xdf, 0x39,
    0xec, 0x63, 0xa4, 0xef, 0x6e, 0xab, 0x4b, 0x63, 0x05, 0x33, 0x57, 0xe6,
    0xef, 0x1c, 0xf6, 0x31, 0xd2, 0x77, 0xb7, 0xd5, 0xa5, 0xb1, 0x82, 0x99,
    0x2b, 0xf3, 0x77, 0x0e, 0xfb, 0x18, 0xe9, 0xbb, 0xdb, 0xec, 0xd2, 0x98,
    0xc1, 0xcc, 0x99, 0xfa, 0x33, 0x88, 0x7d, 0x8c, 0xf4, 0x59, 0x6d, 0x76,
    0x68, 0xac, 0x60, 0xe6, 0x4c, 0xfd, 0x19, 0xc4, 0x3e, 0x46, 0xfa, 0xac,
    0x36, 0x3b, 0x34, 0x56, 0x30, 0x73, 0xa6, 0xfe, 0x0c, 0x62, 0x1f, 0x23,
    0x7d, 0x56, 0x9b, 0x1d, 0x1a, 0x2b, 0x98, 0x39, 0x53, 0x7f, 0x06, 0xb1,
    0x8f, 0x91, 0x3e, 0xab, 0xcd, 0x0e, 0x8d, 0x15, 0xcc, 0x9c, 0xa9, 0x3f,
    0x83, 0xd8, 0xc7, 0x48, 0x9f, 0xd5, 0x66, 0x87, 0xc6, 0x0a, 0x66, 0xce,
    0xd4, 0x9f, 0x41, 0xec, 0x63, 0xa4, 0xcf, 0x6a, 0xb3, 0x43, 0x63, 0x05,
    0x33, 0x67, 0xea, 0xcf, 0x20, 0xf6, 0x31, 0xd2, 0x67, 0xb5, 0xd9, 0xa1,
    0xb1, 0x82, 0x99, 0x33, 0xf5, 0x67, 0x10, 0xfb, 0x18, 0xe9, 0xb3, 0xda,
    0xee, 0xd0, 0x98, 0xc1, 0xcc, 0x9d, 0xfb, 0x2b, 0x89, 0x7d, 0x8c, 0xf4,
    0xd5, 0x6c, 0x77, 0x67, 0xac, 0x60, 0xe6, 0xce, 0xfd, 0x95, 0xc4, 0x3e,
    0x46, 0xfa, 0x6a, 0xb6, 0xbb, 0x33, 0x56, 0x30, 0x73, 0xe7, 0xfe, 0x4a,
    0x62, 0x1f, 0x23, 0x7d, 0x35, 0xdb, 0xdd, 0x19, 0x2b, 0x98, 0xb9, 0x73,
    0x7f, 0x25, 0xb1, 0x8f, 0x91, 0xbe, 0x9a, 0xed, 0xee, 0x8c, 0x15, 0xcc,
    0xdc, 0xb9, 0xbf, 0x92, 0xd8, 0xc7, 0x48, 0x5f, 0xcd, 0x76, 0x77, 0xc6,
    0x0a, 0x66, 0xee, 0xdc, 0x5f, 0x49, 0xec, 0x63, 0xa4, 0xaf, 0x66, 0xbb,
    0x3b, 0x63, 0x05, 0x33, 0x77, 0xee, 0xaf, 0x24, 0xf6, 0x31, 0xd2, 0x57,
    0xb3, 0xdd, 0x9d, 0xb1, 0x82, 0x99, 0x3b, 0xf7, 0x57, 0x12, 0xfb, 0x18,
    0xe9, 0xab, 0xd9, 0xf0, 0xce, 0x98, 0xc1, 0xcc, 0xa1, 0xfc, 0x23, 0x8a,
    0x7d, 0x8c, 0xf4, 0x51, 0x6c, 0x78, 0x66, 0xac, 0x60, 0xe6, 0x50, 0xfe,
    0x11, 0xc5, 0x3e, 0x46, 0xfa, 0x28, 0x36, 0x3c, 0x33, 0x56, 0x30, 0x73,
    0x28, 0xff, 0x88, 0x62, 0x1f, 0x23, 0x7d, 0x14, 0x1b, 0x9e, 0x19, 0x2b,
    0x98, 0x39, 0x94, 0x7f, 0x44, 0xb1, 0x8f, 0x91, 0x3e, 0x8a, 0x0d, 0xcf,
    0x8c, 0x15, 0xcc, 0x1c, 0xca, 0x3f, 0xa2, 0xd8, 0xc7, 0x48, 0x1f, 0xc5,
    0x86, 0x67, 0xc6, 0x0a, 0x66, 0x0e, 0xe5, 0x1f, 0x51, 0xec, 0x63, 0xa4,
    0x8f, 0x62, 0xc3, 0x33, 0x63, 0x05, 0x33, 0x87, 0xf2, 0x8f, 0x28, 0xf6,
    0x31, 0xd2, 0x47, 0xb1, 0xe1, 0x99, 0xb1, 0x82, 0x99, 0x43, 0xf9, 0x47,
    0x14, 0xfb, 0x18, 0xe9, 0xa3, 0xd8, 0xf2, 0xcc, 0x98, 0xc1, 0xcc, 0xa5,
    0xfd, 0x1b, 0x8b, 0x7d, 0x8c, 0xf4, 0xcd, 0x6b, 0x79, 0x65, 0xac, 0x60,
    0xe6, 0xd2, 0xfe, 0x8d, 0xc5, 0x3e, 0x46, 0xfa, 0xe6, 0xb5, 0xbc, 0x32,
    0x56, 0x30, 0x73, 0x69, 0xff, 0xc6, 0x62, 0x1f, 0x23, 0x7d, 0xf3, 0x5a,
    0x5e, 0x19, 0x2b, 0x98, 0xb9, 0xb4, 0x7f, 0x63, 0xb1, 0x8f, 0x91, 0xbe,
    0x79, 0x2d, 0xaf, 0x8c, 0x15, 0xcc, 0x5c, 0xda, 0xbf, 0xb1, 0xd8, 0xc7,
    0x48, 0xdf, 0xbc, 0x96, 0x57, 0xc6, 0x0a, 0x66, 0x2e, 0xed, 0xdf, 0x58,
    0xec, 0x63, 0xa4, 0x6f, 0x5e, 0xcb, 0x2b, 0x63, 0x05, 0x33, 0x97, 0xf6,
    0x6f, 0x2c, 0xf6, 0x31, 0xd2, 0x37, 0xaf, 0xe5, 0x95, 0xb1, 0x82, 0x99,
    0x4b, 0xfb, 0x37, 0x16, 0xfb, 0x18, 0xe9, 0x9b, 0xd7, 0xf4, 0xca, 0x98,
    0xc1, 0xcc, 0xa9, 0xfe, 0x13, 0x8c, 0x7d, 0x8c, 0xf4, 0x49, 0x6b, 0x7a,
    0x64, 0xac, 0x60, 0xe6, 0x54, 0xff, 0x09, 0xc6, 0x3e, 0x46, 0xfa, 0xa4,
    0x35, 0x3d, 0x32, 0x56, 0x30, 0x73, 0xaa, 0xff, 0x04, 0x63, 0x1f, 0x23,
    0x7d, 0xd2, 0x9a, 0x1e, 0x19, 0x2b, 0x98, 0x39, 0xd5, 0x7f, 0x82, 0xb1,
    0x8f, 0x91, 0x3e, 0x69, 0x4d, 0x8f, 0x8c, 0x15, 0xcc, 0x9c, 0xea, 0x3f,
    0xc1, 0xd8, 0xc7, 0x48, 0x9f, 0xb4, 0xa6, 0x47, 0xc6, 0x0a, 0x66, 0x4e,
    0xf5, 0x9f, 0x60, 0xec, 0x63, 0xa4, 0x4f, 0x5a, 0xd3, 0x23, 0x63, 0x05,
    0x33, 0xa7, 0xfa, 0x4f, 0x30, 0xf6, 0x31, 0xd2, 0x27, 0xad, 0xe9, 0x91,
    0xb1, 0x82, 0x99, 0x53, 0xfd, 0x27, 0x18, 0xfb, 0x18, 0xe9, 0x93, 0xd6,
    0xf6, 0xc8, 0x98, 0xc1, 0xcc, 0xad, 0xff, 0x0b, 0x8d, 0x7d, 0x8c, 0xf4,
    0xc5, 0x6a, 0x7b, 0x63, 0xac, 0x60, 0xe6, 0xd6, 0xff, 0x85, 0xc6, 0x3e,
    0x46, 0xfa, 0x62, 0xb5, 0xbd, 0x31, 0x56, 0x30, 0x73, 0xeb, 0xff, 0x42,
    0x63, 0x1f, 0x23, 0x7d, 0xb1, 0xda, 0xde, 0x18, 0x2b, 0x98, 0xb9, 0xf5,
    0x7f, 0xa1, 0xb1, 0x8f, 0x91, 0xbe, 0x58, 0x6d, 0x6f, 0x8c, 0x15, 0xcc,
    0xdc, 0xfa, 0xbf, 0xd0, 0xd8, 0xc7, 0x48, 0x5f, 0xac, 0xb6, 0x37, 0xc6,
    0x0a, 0x66, 0x6e, 0xfd, 0x5f, 0x68, 0xec, 0x63, 0xa4, 0x2f, 0x56, 0xdb,
    0x1b, 0x63, 0x05, 0x33, 0xb7, 0xfe, 0x2f, 0x34, 0xf6, 0x31, 0xd2, 0x17,
    0xab, 0xed, 0x8d, 0xb1, 0x82, 0x99, 0x5b, 0xff, 0x17, 0x1a, 0xfb, 0x18,
    0xe9, 0x8b, 0xd5, 0xf8, 0xc6, 0x98, 0xc1, 0xcc, 0xf1, 0x80, 0x07, 0x1c,
    0xfb, 0x18, 0xe9, 0x83, 0xd4, 0xf8, 0xc4, 0x58, 0xc1, 0xcc, 0xf1, 0x80,
    0x07, 0x1c, 0xfb, 0x18, 0xe9, 0x83, 0xd4, 0xf8, 0xc4, 0x58, 0xc1, 0xcc,
    0xf1, 0x80, 0x07, 0x1c, 0xfb, 0x18, 0xe9, 0x83, 0xd4, 0xf8, 0xc4, 0x58,
    0xc1, 0xcc, 0xf1, 0x80, 0x07, 0x1c, 0xfb, 0x18, 0xe9, 0x83, 0xd4, 0xf8,
    0xc4, 0x58, 0xc1, 0xcc, 0xf1, 0x80, 0x07, 0x1c, 0xfb, 0x18, 0xe9, 0x83,
    0xd4, 0xf8, 0xc4, 0x58, 0xc1, 0xcc, 0xf1, 0x80, 0x07, 0x1c, 0xfb, 0x18,
    0xe9, 0x83, 0xd4, 0xf8, 0xc4, 0x58, 0xc1, 0xcc, 0xf1, 0x80, 0x07, 0x1c,
    0xfb, 0x18, 0xe9, 0x83, 0xd4, 0xf8, 0xc4, 0x58, 0xc1, 0xcc, 0xf1, 0x80,
    0x07, 0x1c, 0xfb, 0x18, 0xe9, 0x83, 0xd4, 0xfa, 0xc4, 0x98, 0xc1, 0xcc,
    0xf5, 0x82, 0x6f, 0x1e, 0xfb, 0x18, 0xe9, 0xb7, 0xd3, 0xfa, 0xc2, 0x58,
    0xc1, 0xcc, 0xf5, 0x82, 0x6f, 0x1e, 0xfb, 0x18, 0xe9, 0xb7, 0xd3, 0xfa,
    0xc2, 0x58, 0xc1, 0xcc, 0xf5, 0x82, 0x6f, 0x1e, 0xfb, 0x18, 0xe9, 0xb7,
    0xd3, 0xfa, 0xc2, 0x58, 0xc1, 0xcc, 0xf5, 0x82, 0x6f, 0x1e, 0xfb, 0x18,
    0xe9, 0xb7, 0xd3, 0xfa, 0xc2, 0x58, 0xc1, 0xcc, 0xf5, 0x82, 0x6f, 0x1e,
    0xfb, 0x18, 0xe9, 0xb7, 0xd3, 0xfa, 0xc2, 0x58, 0xc1, 0xcc, 0xf5, 0x82,
    0x6f, 0x1e, 0xfb, 0x18, 0xe9, 0xb7, 0xd3, 0xfa, 0xc2, 0x58, 0xc1, 0xcc,
    0xf5, 0x82, 0x6f, 0x1e, 0xfb, 0x18, 0xe9, 0xb7, 0xd3, 0xfa, 0xc2, 0x58,
    0xc1, 0xcc, 0xf5, 0x82, 0x6f, 0x1e, 0xfb, 0x18, 0xe9, 0xb7, 0xd3, 0xfc,
    0xc2, 0x98, 0xc1, 0xcc, 0xf9, 0x84, 0x4f, 0x20, 0xfb, 0x18, 0xe9, 0xa7,
    0xd2, 0xfc, 0xc0, 0x58, 0xc1, 0xcc, 0xf9, 0x84, 0x4f, 0x20, 0xfb, 0x18,
    0xe9, 0xa7, 0xd2, 0xfc, 0xc0, 0x58, 0xc1, 0xcc, 0xf9, 0x84, 0x4f, 0x20,
    0xfb, 0x18, 0xe9, 0xa7, 0xd2, 0xfc, 0xc0, 0x58, 0xc1, 0xcc, 0xf9, 0x84,
    0x4f, 0x20, 0xfb, 0x18, 0xe9, 0xa7, 0xd2, 0xfc, 0xc0, 0x58, 0xc1, 0xcc,
    0xf9, 0x84, 0x4f, 0x20, 0xfb, 0x18, 0xe9, 0xa7, 0xd2, 0xfc, 0xc0, 0x58,
    0xc1, 0xcc, 0xf9, 0x84, 0x4f, 0x20, 0xfb, 0x18, 0xe9, 0xa7, 0xd2, 0xfc,
    0xc0, 0x58, 0xc1, 0xcc, 0xf9, 0x84, 0x4f, 0x20, 0xfb, 0x18, 0xe9, 0xa7,
    0xd2, 0xfc, 0xc0, 0x58, 0xc1, 0xcc, 0xf9, 0x84, 0x4f, 0x20, 0xfb, 0x18,
    0xe9, 0xa7, 0xd2, 0xfe, 0xc0, 0x98, 0xc1, 0xcc, 0xfd, 0x86, 0x2f, 0x22,
    0xfb, 0x18, 0xe9, 0x97, 0xd1, 0x3e, 0x37, 0x56, 0x30, 0x73, 0xbf, 0xe1,
    0x8b, 0xc8, 0x3e, 0x46, 0xfa, 0x65, 0xb4, 0xcf, 0x8d, 0x15, 0xcc, 0xdc,
    0x6f, 0xf8, 0x22, 0xb2, 0x8f, 0x91, 0x7e, 0x19, 0xed, 0x73, 0x63, 0x05,
    0x33, 0xf7, 0x1b, 0xbe, 0x88, 0xec, 0x63, 0xa4, 0x5f, 0x46, 0xfb, 0xdc,
    0x58, 0xc1, 0xcc, 0xfd, 0x86, 0x2f, 0x22, 0xfb, 0x18, 0xe9, 0x97, 0xd1,
    0x3e, 0x37, 0x56, 0x30, 0x73, 0xbf, 0xe1, 0x8b, 0xc8, 0x3e, 0x46, 0xfa,
    0x65, 0xb4, 0xcf, 0x8d, 0x15, 0xcc, 0xdc, 0x6f, 0xf8, 0x22, 0xb2, 0x8f,
    0x91, 0x7e, 0x19, 0xed, 0x73, 0x63, 0x05, 0x33, 0xf7, 0x1b, 0xbe, 0x88,
    0xec, 0x63, 0xa4, 0x5f, 0x46, 0x42, 0x6e, 0xcc, 0x60, 0xa6, 0x30, 0xe2,
    0x03, 0xc9, 0x3e, 0x46, 0xfa, 0x21, 0x24, 0xc4, 0xc6, 0x0a, 0x66, 0x0a,
    0x23, 0x3e, 0x90, 0xec, 0x63, 0xa4, 0x1f, 0x42, 0x42, 0x6c, 0xac, 0x60,
    0xa6, 0x30, 0xe2, 0x03, 0xc9, 0x3e, 0x46, 0xfa, 0x21, 0x24, 0xc4, 0xc6,
    0x0a, 0x66, 0x0a, 0x23, 0x3e, 0x90, 0xec, 0x63, 0xa4, 0x1f, 0x42, 0x42,
    0x6c, 0xac, 0x60, 0xa6, 0x30, 0xe2, 0x03, 0xc9, 0x3e, 0x46, 0xfa, 0x21,
    0x24, 0xc4, 0xc6, 0x0a, 0x66, 0x0a, 0x23, 0x3e, 0x90, 0xec, 0x63, 0xa4,
    0x1f, 0x42, 0x42, 0x6c, 0xac, 0x60, 0xa6, 0x30, 0xe2, 0x03, 0xc9, 0x3e,
    0x46, 0xfa, 0x21, 0x24, 0xc4, 0xc6, 0x0a, 0x66, 0x0a, 0x23, 0x3e, 0x90,
    0xec, 0x63, 0xa4, 0x1f, 0x42, 0x46, 0x6c, 0xcc, 0x60, 0xa6, 0xb1, 0x82,
    0x99, 0xec, 0x63, 0xa4, 0xec, 0x63, 0xa4, 0xc6, 0x0a, 0x66, 0x1a, 0x2b,
    0x98, 0xc9, 0x3e, 0x46, 0xca, 0x3e, 0x46, 0x6a, 0xac, 0x60, 0xa6, 0xb1,
    0x82, 0x99, 0xec, 0x63, 0xa4, 0xec, 0x63, 0xa4, 0xc6, 0x0a, 0x66, 0x1a,
    0x2b, 0x98, 0xc9, 0x3e, 0x46, 0xca, 0x3e, 0x46, 0x6a, 0xac, 0x60, 0xa6,
    0xb1, 0x82, 0x99, 0xec, 0x63, 0xa4, 0xec, 0x63, 0xa4, 0xc6, 0x0a, 0x66,
    0x1a, 0x2b, 0x98, 0xc9, 0x3e, 0x46, 0xca, 0x3e, 0x46, 0x6a, 0xac, 0x60,
    0xa6, 0xb1, 0x82, 0x99, 0xec, 0x63, 0xa4, 0xec, 0x63, 0xa4, 0xc6, 0x0a,
    0x66, 0x1a, 0x2b, 0x98, 0xc9, 0x3e, 0x46, 0xca, 0x3e, 0xbf, 0x24, 0x35,
    0x1e, 0x8e, 0x99, 0x3f, 0xff, 0x70, 0xec, 0x63, 0xa4, 0x7f, 0x1b, 0x8d,
    0x17, 0x30, 0x7e, 0x8a, 0x99, 0xc6, 0x0a, 0x66, 0xb2, 0x8f, 0x91, 0xb2,
    0x8f, 0x91, 0x1a, 0x2b, 0x98, 0x69, 0xac, 0x60, 0x26, 0xfb, 0x18, 0x29,
    0xfb, 0x18, 0xa9, 0xb1, 0x82, 0x99, 0xc6, 0x0a, 0x66, 0xb2, 0x8f, 0x91,
    0xb2, 0x8f, 0x91, 0x1a, 0x2b, 0x98, 0x69, 0xac, 0x60, 0x26, 0xfb, 0x18,
    0x29, 0xfb, 0x18, 0xa9, 0xb1, 0x82, 0x99, 0xc6, 0x0a, 0x66, 0xb2, 0x8f,
    0x91, 0xb2, 0x8f, 0x91, 0x1a, 0x2b, 0x98, 0x69, 0xac, 0x60, 0x26, 0xfb,
    0x18, 0x29, 0xfb, 0x18, 0xa9, 0xb1, 0x82, 0x99, 0xc6, 0x8a, 0x0f, 0x26,
    0x0b, 0x19, 0xe9, 0x87, 0x90, 0x10, 0x1b, 0x2b, 0x98, 0x29, 0x8c, 0xf8,
    0x40, 0xb2, 0x8f, 0x91, 0x7e, 0x08, 0x09, 0xb1, 0xb1, 0x82, 0x99, 0xc2,
    0x88, 0x0f, 0x24, 0xfb, 0x18, 0xe9, 0x87, 0x90, 0x10, 0x1b, 0x2b, 0x98,
    0x29, 0x8c, 0xf8, 0x40, 0xb2, 0x8f, 0x91, 0x7e, 0x08, 0x09, 0xb1, 0xb1,
    0x82, 0x99, 0xc2, 0x88, 0x0f, 0x24, 0xfb, 0x18, 0xe9, 0x87, 0x90, 0x10,
    0x1b, 0x2b, 0x98, 0x29, 0x8c, 0xf8, 0x40, 0xb2, 0x8f, 0x91, 0x7e, 0x08,
    0x09, 0xb1, 0xb1, 0x82, 0x99, 0xc2, 0x88, 0x0f, 0x24, 0xfb, 0x18, 0xe9,
    0x87, 0x90, 0x10, 0x1b, 0x2b, 0x98, 0x29, 0x8c, 0xf8, 0x40, 0xb2, 0x8f,
    0x91, 0x7e, 0x08, 0x09, 0xb1, 0xb1, 0x82, 0x99, 0xc2, 0x88, 0x2f, 0x24,
    0x0b, 0x19, 0xe9, 0x97, 0xd1, 0x3e, 0x37, 0x56, 0x30, 0x73, 0xbf, 0xe1,
    0x8b, 0xc8, 0x3e, 0x46, 0xfa, 0x65, 0xb4, 0xcf, 0x8d, 0x15, 0xcc, 0xdc,
    0x6f, 0xf8, 0x22, 0xb2, 0x8f, 0x91, 0x7e, 0x19, 0xed, 0x73, 0x63, 0x05,
    0x33, 0xf7, 0x1b, 0xbe, 0x88, 0xec, 0x63, 0xa4, 0x5f, 0x46, 0xfb, 0xdc,
    0x58, 0xc1, 0xcc, 0xfd, 0x86, 0x2f, 0x22, 0xfb, 0x18, 0xe9, 0x97, 0xd1,
    0x3e, 0x37, 0x56, 0x30, 0x73, 0xbf, 0xe1, 0x8b, 0xc8, 0x3e, 0x46, 0xfa,
    0x65, 0xb4, 0xcf, 0x8d, 0x15, 0xcc, 0xdc, 0x6f, 0xf8, 0x22, 0xb2, 0x8f,
    0x91, 0x7e, 0x19, 0xed, 0x73, 0x63, 0x05, 0x33, 0xf7, 0x1b, 0xbe, 0x88,
    0xec, 0x63, 0xa4, 0x5f, 0x46, 0xfb, 0xdc, 0x58, 0xc1, 0xcc, 0xfd, 0x86,
    0x4f, 0x22, 0x0b, 0x19, 0xe9, 0xa7, 0xd2, 0xfc, 0xc0, 0x58, 0xc1, 0xcc,
    0xf9, 0x84, 0x4f, 0x20, 0xfb, 0x18, 0xe9, 0xa7, 0xd2, 0xfc, 0xc0, 0x58,
    0xc1, 0xcc, 0xf9, 0x84, 0x4f, 0x20, 0xfb, 0x18, 0xe9, 0xa7, 0xd2, 0xfc,
    0xc0, 0x58, 0xc1, 0xcc, 0xf9, 0x84, 0x4f, 0x20, 0xfb, 0x18, 0xe9, 0xa7,
    0xd2, 0xfc, 0xc0, 0x58, 0xc1, 0xcc, 0xf9, 0x84, 0x4f, 0x20, 0xfb, 0x18,
    0xe9, 0xa7, 0xd2, 0xfc, 0xc0, 0x58, 0xc1, 0xcc, 0xf9, 0x84, 0x4f, 0x20,
    0xfb, 0x18, 0xe9, 0xa7, 0xd2, 0xfc, 0xc0, 0x58, 0xc1, 0xcc, 0xf9, 0x84,
    0x4f, 0x20, 0xfb, 0x18, 0xe9, 0xa7, 0xd2, 0xfc, 0xc0, 0x58, 0xc1, 0xcc,
    0xf9, 0x84, 0x4f, 0x20, 0xfb, 0x18, 0xe9, 0xa7, 0xd2, 0xfc, 0xc0, 0x58,
    0xc1, 0xcc, 0xf9, 0x84, 0x6f, 0x20, 0x0b, 0x19, 0xe9, 0xb7, 0xd3, 0xfa,
    0xc2, 0x58, 0xc1, 0xcc, 0xf5, 0x82, 0x6f, 0x1e, 0xfb, 0x18, 0xe9, 0xb7,
    0xd3, 0xfa, 0xc2, 0x58, 0xc1, 0xcc, 0xf5, 0x82, 0x6f, 0x1e, 0xfb, 0x18,
    0xe9, 0xb7, 0xd3, 0xfa, 0xc2, 0x58, 0xc1, 0xcc, 0xf5, 0x82, 0x6f, 0x1e,
    0xfb, 0x18, 0xe9, 0xb7, 0xd3, 0xfa, 0xc2, 0x58, 0xc1, 0xcc, 0xf5, 0x82,
    0x6f, 0x1e, 0xfb, 0x18, 0xe9, 0xb7, 0xd3, 0xfa, 0xc2, 0x58, 0xc1, 0xcc,
    0xf5, 0x82, 0x6f, 0x1e, 0xfb, 0x18, 0xe9, 0xb7, 0xd3, 0xfa, 0xc2, 0x58,
    0xc1, 0xcc, 0xf5, 0x82, 0x6f, 0x1e, 0xfb, 0x18, 0xe9, 0xb7, 0xd3, 0xfa,
    0xc2, 0x58, 0xc1, 0xcc, 0xf5, 0x82, 0x6f, 0x1e, 0xfb, 0x18, 0xe9, 0xb7,
    0xd3, 0xfa, 0xc2, 0x58, 0xc1, 0xcc, 0xf5, 0x82, 0x07, 0x1e, 0x0b, 0x19,
    0xe9, 0x83, 0xd4, 0xf8, 0xc4, 0x58, 0xc1, 0xcc, 0xf1, 0x80, 0x07, 0x1c,
    0xfb, 0x18, 0xe9, 0x83, 0xd4, 0xf8, 0xc4, 0x58, 0xc1, 0xcc, 0xf1, 0x80,
    0x07, 0x1c, 0xfb, 0x18, 0xe9, 0x83, 0xd4, 0xf8, 0xc4, 0x58, 0xc1, 0xcc,
    0xf1, 0x80, 0x07, 0x1c, 0xfb, 0x18, 0xe9, 0x83, 0xd4, 0xf8, 0xc4, 0x58,
    0xc1, 0xcc, 0xf1, 0x80, 0x07, 0x1c, 0xfb, 0x18, 0xe9, 0x83, 0xd4, 0xf8,
    0xc4, 0x58, 0xc1, 0xcc, 0xf1, 0x80, 0x07, 0x1c, 0xfb, 0x18, 0xe9, 0x83,
    0xd4, 0xf8, 0xc4, 0x58, 0xc1, 0xcc, 0xf1, 0x80, 0x07, 0x1c, 0xfb, 0x18,
    0xe9, 0x83, 0xd4, 0xf8, 0xc4, 0x58, 0xc1, 0xcc, 0xf1, 0x80, 0x07, 0x1c,
    0xfb, 0x18, 0xe9, 0x83, 0xd4, 0xf8, 0xc4, 0x58, 0xc1, 0xcc, 0xf1, 0x80,
    0x17, 0x1c, 0x0b, 0x19, 0xe9, 0x8b, 0xd5, 0xf6, 0xc6, 0x58, 0xc1, 0xcc,
    0xad, 0xff, 0x0b, 0x8d, 0x7d, 0x8c, 0xf4, 0xc5, 0x6a, 0x7b, 0x63, 0xac,
    0x60, 0xe6, 0xd6, 0xff, 0x85, 0xc6, 0x3e, 0x46, 0xfa, 0x62, 0xb5, 0xbd,
    0x31, 0x56, 0x30, 0x73, 0xeb, 0xff, 0x42, 0x63, 0x1f, 0x23, 0x7d, 0xb1,
    0xda, 0xde, 0x18, 0x2b, 0x98, 0xb9, 0xf5, 0x7f, 0xa1, 0xb1, 0x8f, 0x91,
    0xbe, 0x58, 0x6d, 0x6f, 0x8c, 0x15, 0xcc, 0xdc, 0xfa, 0xbf, 0xd0, 0xd8,
    0xc7, 0x48, 0x5f, 0xac, 0xb6, 0x37, 0xc6, 0x0a, 0x66, 0x6e, 0xfd, 0x5f,
    0x68, 0xec, 0x63, 0xa4, 0x2f, 0x56, 0xdb, 0x1b, 0x63, 0x05, 0x33, 0xb7,
    0xfe, 0x2f, 0x34, 0xf6, 0x31, 0xd2, 0x17, 0xab, 0xed, 0x8d, 0xb1, 0x82,
    0x99, 0x5b, 0xff, 0x27, 0x1a, 0x0b, 0x19, 0xe9, 0x93, 0xd6, 0xf4, 0xc8,
    0x58, 0xc1, 0xcc, 0xa9, 0xfe, 0x13, 0x8c, 0x7d, 0x8c, 0xf4, 0x49, 0x6b,
    0x7a, 0x64, 0xac, 0x60, 0xe6, 0x54, 0xff, 0x09, 0xc6, 0x3e, 0x46, 0xfa,
    0xa4, 0x35, 0x3d, 0x32, 0x56, 0x30, 0x73, 0xaa, 0xff, 0x04, 0x63, 0x1f,
    0x23, 0x7d, 0xd2, 0x9a, 0x1e, 0x19, 0x2b, 0x98, 0x39, 0xd5, 0x7f, 0x82,
    0xb1, 0x8f, 0x91, 0x3e, 0x69, 0x4d, 0x8f, 0x8c, 0x15, 0xcc, 0x9c, 0xea,
    0x3f, 0xc1, 0xd8, 0xc7, 0x48, 0x9f, 0xb4, 0xa6, 0x47, 0xc6, 0x0a, 0x66,
    0x4e, 0xf5, 0x9f, 0x60, 0xec, 0x63, 0xa4, 0x4f, 0x5a, 0xd3, 0x23, 0x63,
    0x05, 0x33, 0xa7, 0xfa, 0x4f, 0x30, 0xf6, 0x31, 0xd2, 0x27, 0xad, 0xe9,
    0x91, 0xb1, 0x82, 0x99, 0x53, 0xfd, 0x37, 0x18, 0x0b, 0x19, 0xe9, 0x9b,
    0xd7, 0xf2, 0xca, 0x58, 0xc1, 0xcc, 0xa5, 0xfd, 0x1b, 0x8b, 0x7d, 0x8c,
    0xf4, 0xcd, 0x6b, 0x79, 0x65, 0xac, 0x60, 0xe6, 0xd2, 0xfe, 0x8d, 0xc5,
    0x3e, 0x46, 0xfa, 0xe6, 0xb5, 0xbc, 0x32, 0x56, 0x30, 0x73, 0x69, 0xff,
    0xc6, 0x62, 0x1f, 0x23, 0x7d, 0xf3, 0x5a, 0x5e, 0x19, 0x2b, 0x98, 0xb9,
    0xb4, 0x7f, 0x63, 0xb1, 0x8f, 0x91, 0xbe, 0x79, 0x2d, 0xaf, 0x8c, 0x15,
    0xcc, 0x5c, 0xda, 0xbf, 0xb1, 0xd8, 0xc7, 0x48, 0xdf, 0xbc, 0x96, 0x57,
    0xc6, 0x0a, 0x66, 0x2e, 0xed, 0xdf, 0x58, 0xec, 0x63, 0xa4, 0x6f, 0x5e,
    0xcb, 0x2b, 0x63, 0x05, 0x33, 0x97, 0xf6, 0x6f, 0x2c, 0xf6, 0x31, 0xd2,
    0x37, 0xaf, 0xe5, 0x95, 0xb1, 0x82, 0x99, 0x4b, 0xfb, 0x47, 0x16, 0x0b,
    0x19, 0xe9, 0xa3, 0xd8, 0xf0, 0xcc, 0x58, 0xc1, 0xcc, 0xa1, 0xfc, 0x23,
    0x8a, 0x7d, 0x8c, 0xf4, 0x51, 0x6c, 0x78, 0x66, 0xac, 0x60, 0xe6, 0x50,
    0xfe, 0x11, 0xc5, 0x3e, 0x46, 0xfa, 0x28, 0x36, 0x3c, 0x33, 0x56, 0x30,
    0x73, 0x28, 0xff, 0x88, 0x62, 0x1f, 0x23, 0x7d, 0x14, 0x1b, 0x9e, 0x19,
    0x2b, 0x98, 0x39, 0x94, 0x7f, 0x44, 0xb1, 0x8f, 0x91, 0x3e, 0x8a, 0x0d,
    0xcf, 0x8c, 0x15, 0xcc, 0x1c, 0xca, 0x3f, 0xa2, 0xd8, 0xc7, 0x48, 0x1f,
    0xc5, 0x86, 0x67, 0xc6, 0x0a, 0x66, 0x0e, 0xe5, 0x1f, 0x51, 0xec, 0x63,
    0xa4, 0x8f, 0x62, 0xc3, 0x33, 0x63, 0x05, 0x33, 0x87, 0xf2, 0x8f, 0x28,
    0xf6, 0x31, 0xd2, 0x47, 0xb1, 0xe1, 0x99, 0xb1, 0x82, 0x99, 0x43, 0xf9,
    0x57, 0x14, 0x0b, 0x19, 0xe9, 0xab, 0xd9, 0xee, 0xce, 0x58, 0xc1, 0xcc,
    0x9d, 0xfb, 0x2b, 0x89, 0x7d, 0x8c, 0xf4, 0xd5, 0x6c, 0x77, 0x67, 0xac,
    0x60, 0xe6, 0xce, 0xfd, 0x95, 0xc4, 0x3e, 0x46, 0xfa, 0x6a, 0xb6, 0xbb,
    0x33, 0x56, 0x30, 0x73, 0xe7, 0xfe, 0x4a, 0x62, 0x1f, 0x23, 0x7d, 0x35,
    0xdb, 0xdd, 0x19, 0x2b, 0x98, 0xb9, 0x73, 0x7f, 0x25, 0xb1, 0x8f, 0x91,
    0xbe, 0x9a, 0xed, 0xee, 0x8c, 0x15, 0xcc, 0xdc, 0xb9, 0xbf, 0x92, 0xd8,
    0xc7, 0x48, 0x5f, 0xcd, 0x76, 0x77, 0xc6, 0x0a, 0x66, 0xee, 0xdc, 0x5f,
    0x49, 0xec, 0x63, 0xa4, 0xaf, 0x66, 0xbb, 0x3b, 0x63, 0x05, 0x33, 0x77,
    0xee, 0xaf, 0x24, 0xf6, 0x31, 0xd2, 0x57, 0xb3, 0xdd, 0x9d, 0xb1, 0x82,
    0x99, 0x3b, 0xf7, 0x67, 0x12, 0x0b, 0x19, 0xe9, 0xb3, 0xda, 0xec, 0xd0,
    0x58, 0xc1, 0xcc, 0x99, 0xfa, 0x33, 0x88, 0x7d, 0x8c, 0xf4, 0x59, 0x6d,
    0x76, 0x68, 0xac, 0x60, 0xe6, 0x4c, 0xfd, 0x19, 0xc4, 0x3e, 0x46, 0xfa,
    0xac, 0x36, 0x3b, 0x34, 0x56, 0x30, 0x73, 0xa6, 0xfe, 0x0c, 0x62, 0x1f,
    0x23, 0x7d, 0x56, 0x9b, 0x1d, 0x1a, 0x2b, 0x98, 0x39, 0x53, 0x7f, 0x06,
    0xb1, 0x8f, 0x91, 0x3e, 0xab, 0xcd, 0x0e, 0x8d, 0x15, 0xcc, 0x9c, 0xa9,
    0x3f, 0x83, 0xd8, 0xc7, 0x48, 0x9f, 0xd5, 0x66, 0x87, 0xc6, 0x0a, 0x66,
    0xce, 0xd4, 0x9f, 0x41, 0xec, 0x63, 0xa4, 0xcf, 0x6a, 0xb3, 0x43, 0x63,
    0x05, 0x33, 0x67, 0xea, 0xcf, 0x20, 0xf6, 0x31, 0xd2, 0x67, 0xb5, 0xd9,
    0xa1, 0xb1, 0x82, 0x99, 0x33, 0xf5, 0x77, 0x10, 0x0b, 0x19, 0xe9, 0xbb,
    0xdb, 0xea, 0xd2, 0x58, 0xc1, 0xcc, 0x95, 0xf9, 0x3b, 0x87, 0x7d, 0x8c,
    0xf4, 0xdd, 0x6d, 0x75, 0x69, 0xac, 0x60, 0xe6, 0xca, 0xfc, 0x9d, 0xc3,
    0x3e, 0x46, 0xfa, 0xee, 0xb6, 0xba, 0x34, 0x56, 0x30, 0x73, 0x65, 0xfe,
    0xce, 0x61, 0x1f, 0x23, 0x7d, 0x77, 0x5b, 0x5d, 0x1a, 0x2b, 0x98, 0xb9,
    0x32, 0x7f, 0xe7, 0xb0, 0x8f, 0x91, 0xbe, 0xbb, 0xad, 0x2e, 0x8d, 0x15,
    0xcc, 0x5c, 0x99, 0xbf, 0x73, 0xd8, 0xc7, 0x48, 0xdf, 0xdd, 0x56, 0x97,
    0xc6, 0x0a, 0x66, 0xae, 0xcc, 0xdf, 0x39, 0xec, 0x63, 0xa4, 0xef, 0x6e,
    0xab, 0x4b, 0x63, 0x05, 0x33, 0x57, 0xe6, 0xef, 0x1c, 0xf6, 0x31, 0xd2,
    0x77, 0xb7, 0xd5, 0xa5, 0xb1, 0x82, 0x99, 0x2b, 0xf3, 0x03, 0x87, 0x85,
    0x8c, 0xf4, 0x20, 0x37, 0x3a, 0x35, 0x56, 0x30, 0x73, 0x24, 0x7e, 0xc0,
    0xb0, 0x8f, 0x91, 0x1e, 0xe4, 0x46, 0xa7, 0xc6, 0x0a, 0x66, 0x8e, 0xc4,
    0x0f, 0x18, 0xf6, 0x31, 0xd2, 0x83, 0xdc, 0xe8, 0xd4, 0x58, 0xc1, 0xcc,
    0x91, 0xf8, 0x01, 0xc3, 0x3e, 0x46, 0x7a, 0x90, 0x1b, 0x9d, 0x1a, 0x2b,
    0x98, 0x39, 0x12, 0x3f, 0x60, 0xd8, 0xc7, 0x48, 0x0f, 0x72, 0xa3, 0x53,
    0x63, 0x05, 0x33, 0x47, 0xe2, 0x07, 0x0c, 0xfb, 0x18, 0xe9, 0x41, 0x6e,
    0x74, 0x6a, 0xac, 0x60, 0xe6, 0x48, 0xfc, 0x80, 0x61, 0x1f, 0x23, 0x3d,
    0xc8, 0x8d, 0x4e, 0x8d, 0x15, 0xcc, 0x1c, 0x89, 0x1f, 0x30, 0xec, 0x63,
    0xa4, 0x07, 0xb9, 0xd1, 0xa9, 0xb1, 0x82, 0x99, 0x23, 0xf1, 0x0b, 0x86,
    0x85, 0x8c, 0xf4, 0x62, 0xb7, 0xb9, 0x35, 0x56, 0x30, 0x73, 0xe3, 0x7d,
    0xa1, 0xb0, 0x8f, 0x91, 0x5e, 0xec, 0x36, 0xb7, 0xc6, 0x0a, 0x66, 0x6e,
    0xbc, 0x2f, 0x14, 0xf6, 0x31, 0xd2, 0x8b, 0xdd, 0xe6, 0xd6, 0x58, 0xc1,
    0xcc, 0x8d, 0xf7, 0x85, 0xc2, 0x3e, 0x46, 0x7a, 0xb1, 0xdb, 0xdc, 0x1a,
    0x2b, 0x98, 0xb9, 0xf1, 0xbe, 0x50, 0xd8, 0xc7, 0x48, 0x2f, 0x76, 0x9b,
    0x5b, 0x63, 0x05, 0x33, 0x37, 0xde, 0x17, 0x0a, 0xfb, 0x18, 0xe9, 0xc5,
    0x6e, 0x73, 0x6b, 0xac, 0x60, 0xe6, 0xc6, 0xfb, 0x42, 0x61, 0x1f, 0x23,
    0xbd, 0xd8, 0x6d, 0x6e, 0x8d, 0x15, 0xcc, 0xdc, 0x78, 0x5f, 0x28, 0xec,
    0x63, 0xa4, 0x17, 0xbb, 0xcd, 0xad, 0xb1, 0x82, 0x99, 0x1b, 0xef, 0x13,
    0x85, 0x85, 0x8c, 0xf4, 0xa4, 0x37, 0x39, 0x36, 0x56, 0x30, 0x73, 0xa2,
    0x7d, 0x82, 0xb0, 0x8f, 0x91, 0x9e, 0xf4, 0x26, 0xc7, 0xc6, 0x0a, 0x66,
    0x4e, 0xb4, 0x4f, 0x10, 0xf6, 0x31, 0xd2, 0x93, 0xde, 0xe4, 0xd8, 0x58,
    0xc1, 0xcc, 0x89, 0xf6, 0x09, 0xc2, 0x3e, 0x46, 0x7a, 0xd2, 0x9b, 0x1c,
    0x1b, 0x2b, 0x98, 0x39, 0xd1, 0x3e, 0x41, 0xd8, 0xc7, 0x48, 0x4f, 0x7a,
    0x93, 0x63, 0x63, 0x05, 0x33, 0x27, 0xda, 0x27, 0x08, 0xfb, 0x18, 0xe9,
    0x49, 0x6f, 0x72, 0x6c, 0xac, 0x60, 0xe6, 0x44, 0xfb, 0x04, 0x61, 0x1f,
    0x23, 0x3d, 0xe9, 0x4d, 0x8e, 0x8d, 0x15, 0xcc, 0x9c, 0x68, 0x9f, 0x20,
    0xec, 0x63, 0xa4, 0x27, 0xbd, 0xc9, 0xb1, 0xb1, 0x82, 0x99, 0x13, 0xed,
    0x1b, 0x84, 0x85, 0x8c, 0xf4, 0xe6, 0xb7, 0xb8, 0x36, 0x56, 0x30, 0x73,
    0x61, 0x7d, 0x63, 0xb0, 0x8f, 0x91, 0xde, 0xfc, 0x16, 0xd7, 0xc6, 0x0a,
    0x66, 0x2e, 0xac, 0x6f, 0x0c, 0xf6, 0x31, 0xd2, 0x9b, 0xdf, 0xe2, 0xda,
    0x58, 0xc1, 0xcc, 0x85, 0xf5, 0x8d, 0xc1, 0x3e, 0x46, 0x7a, 0xf3, 0x5b,
    0x5c, 0x1b, 0x2b, 0x98, 0xb9, 0xb0, 0xbe, 0x31, 0xd8, 0xc7, 0x48, 0x6f,
    0x7e, 0x8b, 0x6b, 0x63, 0x05, 0x33, 0x17, 0xd6, 0x37, 0x06, 0xfb, 0x18,
    0xe9, 0xcd, 0x6f, 0x71, 0x6d, 0xac, 0x60, 0xe6, 0xc2, 0xfa, 0xc6, 0x60,
    0x1f, 0x23, 0xbd, 0xf9, 0x2d, 0xae, 0x8d, 0x15, 0xcc, 0x5c, 0x58, 0xdf,
    0x18, 0xec, 0x63, 0xa4, 0x37, 0xbf, 0xc5, 0xb5, 0xb1, 0x82, 0x99, 0x0b,
    0xeb, 0x23, 0x83, 0x85, 0x8c, 0xf4, 0x28, 0x38, 0x38, 0x37, 0x56, 0x30,
    0x73, 0x20, 0x7d, 0x44, 0xb0, 0x8f, 0x91, 0x1e, 0x05, 0x07, 0xe7, 0xc6,
    0x0a, 0x66, 0x0e, 0xa4, 0x8f, 0x08, 0xf6, 0x31, 0xd2, 0xa3, 0xe0, 0xe0,
    0xdc, 0x58, 0xc1, 0xcc, 0x81, 0xf4, 0x11, 0xc1, 0x3e, 0x46, 0x7a, 0x14,
    0x1c, 0x9c, 0x1b, 0x2b, 0x98, 0x39, 0x90, 0x3e, 0x22, 0xd8, 0xc7, 0x48,
    0x8f, 0x82, 0x83, 0x73, 0x63, 0x05, 0x33, 0x07, 0xd2, 0x47, 0x04, 0xfb,
    0x18, 0xe9, 0x51, 0x70, 0x70, 0x6e, 0xac, 0x60, 0xe6, 0x40, 0xfa, 0x88,
    0x60, 0x1f, 0x23, 0x3d, 0x0a, 0x0e, 0xce, 0x8d, 0x15, 0xcc, 0x1c, 0x48,
    0x1f, 0x11, 0xec, 0x63, 0xa4, 0x47, 0xc1, 0xc1, 0xb9, 0xb1, 0x82, 0x99,
    0x03, 0xe9, 0x2b, 0x82, 0x85, 0x8c, 0xf4, 0x6a, 0xd8, 0xdf, 0x1b, 0x2b,
    0x98, 0xd9, 0x3b, 0x5f, 0x09, 0xec, 0x63, 0xa4, 0x57, 0xc3, 0xfe, 0xde,
    0x58, 0xc1, 0xcc, 0xde, 0xf9, 0x4a, 0x60, 0x1f, 0x23, 0xbd, 0x1a, 0xf6,
    0xf7, 0xc6, 0x0a, 0x66, 0xf6, 0xce, 0x57, 0x02, 0xfb, 0x18, 0xe9, 0xd5,
    0xb0, 0xbf, 0x37, 0x56, 0x30, 0xb3, 0x77, 0xbe, 0x12, 0xd8, 0xc7, 0x48,
    0xaf, 0x86, 0xfd, 0xbd, 0xb1, 0x82, 0x99, 0xbd, 0xf3, 0x95, 0xc0, 0x3e,
    0x46, 0x7a, 0x35, 0xec, 0xef, 0x8d, 0x15, 0xcc, 0xec, 0x9d, 0xaf, 0x04,
    0xf6, 0x31, 0xd2, 0xab, 0x61, 0x7f, 0x6f, 0xac, 0x60, 0x66, 0xef, 0x7c,
    0x25, 0xb0, 0x8f, 0x91, 0x5e, 0x0d, 0xfb, 0x7b, 0x63, 0x05, 0x33, 0x7b,
    0xe7, 0x33, 0x81, 0x85, 0x8c, 0xf4, 0xac, 0x58, 0x17, 0x8c, 0x15, 0xcc,
    0xac, 0x95, 0xcf, 0x00, 0xf6, 0x31, 0xd2, 0xb3, 0x62, 0x5d, 0x30, 0x56,
    0x30, 0xb3, 0x56, 0x3e, 0x03, 0xd8, 0xc7, 0x48, 0xcf, 0x8a, 0x75, 0xc1,
    0x58, 0xc1, 0xcc, 0x5a, 0xf9, 0x0c, 0x60, 0x1f, 0x23, 0x3d, 0x2b, 0xd6,
    0x05, 0x63, 0x05, 0x33, 0x6b, 0xe5, 0x33, 0x80, 0x7d, 0x8c, 0xf4, 0xac,
    0x58, 0x17, 0x8c, 0x15, 0xcc, 0xac, 0x95, 0xcf, 0x00, 0xf6, 0x31, 0xd2,
    0xb3, 0x62, 0x5d, 0x30, 0x56, 0x30, 0xb3, 0x56, 0x3e, 0x03, 0xd8, 0xc7,
    0x48, 0xcf, 0x8a, 0x75, 0xc1, 0x58, 0xc1, 0xcc, 0x5a, 0xf9, 0x0c, 0x60,
    0x1f, 0x23, 0x3d, 0x2b, 0xd6, 0x05, 0x63, 0x05, 0x33, 0x6b, 0xe5, 0x3b,
    0x80, 0x85, 0x8c, 0xf4, 0xee, 0xd8, 0x36, 0x8c, 0x15, 0xcc, 0x6c, 0x8d,
    0xef, 0x7d, 0xf6, 0x31, 0xd2, 0xbb, 0x63, 0xdb, 0x30, 0x56, 0x30, 0xb3,
    0x35, 0xbe, 0xf7, 0xd9, 0xc7, 0x48, 0xef, 0x8e, 0x6d, 0xc3, 0x58, 0xc1,
    0xcc, 0xd6, 0xf8, 0xde, 0x67, 0x1f, 0x23, 0xbd, 0x3b, 0xb6, 0x0d, 0x63,
    0x05, 0x33, 0x5b, 0xe3, 0x7b, 0x9f, 0x7d, 0x8c, 0xf4, 0xee, 0xd8, 0x36,
    0x8c, 0x15, 0xcc, 0x6c, 0x8d, 0xef, 0x7d, 0xf6, 0x31, 0xd2, 0xbb, 0x63,
    0xdb, 0x30, 0x56, 0x30, 0xb3, 0x35, 0xbe, 0xf7, 0xd9, 0xc7, 0x48, 0xef,
    0x8e, 0x6d, 0xc3, 0x58, 0xc1, 0xcc, 0xd6, 0xf8, 0xde, 0x67, 0x1f, 0x23,
    0xbd, 0x3b, 0xb6, 0x0d, 0x63, 0x05, 0x33, 0x5b, 0xe3, 0xa0, 0xcf, 0x42,
    0x46, 0x1a, 0x48, 0x96, 0x15, 0x63, 0x05, 0x33, 0x4b, 0xe1, 0xa0, 0xce,
    0x3e, 0x46, 0x1a, 0x48, 0x96, 0x15, 0x63, 0x05, 0x33, 0x4b, 0xe1, 0xa0,
    0xce, 0x3e, 0x46, 0x1a, 0x48, 0x96, 0x15, 0x63, 0x05, 0x33, 0x4b, 0xe1,
    0xa0, 0xce, 0x3e, 0x46, 0x1a, 0x48, 0x96, 0x15, 0x63, 0x05, 0x33, 0x4b,
    0xe1, 0xa0, 0xce, 0x3e, 0x46, 0x1a, 0x48, 0x96, 0x15, 0x63, 0x05, 0x33,
    0x4b, 0xe1, 0xa0, 0xce, 0x3e, 0x46, 0x1a, 0x48, 0x96, 0x15, 0x63, 0x05,
    0x33, 0x4b, 0xe1, 0xa0, 0xce, 0x3e, 0x46, 0x1a, 0x48, 0x96, 0x15, 0x63,
    0x05, 0x33, 0x4b, 0xe1, 0xa0, 0xce, 0x3e, 0x46, 0x1a, 0x48, 0x96, 0x15,
    0x63, 0x05, 0x33, 0x4b, 0xe1, 0xa4, 0xce, 0x42, 0x46, 0x9a, 0x58, 0x76,
    0x1d, 0x63, 0x05, 0x33, 0x3b, 0xdf, 0xa4, 0xcd, 0x3e, 0x46, 0x9a, 0x58,
    0x76, 0x1d, 0x63, 0x05, 0x33, 0x3b, 0xdf, 0xa4, 0xcd, 0x3e, 0x46, 0x9a,
    0x58, 0x76, 0x1d, 0x63, 0x05, 0x33, 0x3b, 0xdf, 0xa4, 0xcd, 0x3e, 0x46,
    0x9a, 0x58, 0x76, 0x1d, 0x63, 0x05, 0x33, 0x3b, 0xdf, 0xa4, 0xcd, 0x3e,
    0x46, 0x9a, 0x58, 0x76, 0x1d, 0x63, 0x05, 0x33, 0x3b, 0xdf, 0xa4, 0xcd,
    0x3e, 0x46, 0x9a, 0x58, 0x76, 0x1d, 0x63, 0x05, 0x33, 0x3b, 0xdf, 0xa4,
    0xcd, 0x3e, 0x46, 0x9a, 0x58, 0x76, 0x1d, 0x63, 0x05, 0x33, 0x3b, 0xdf,
    0xa4, 0xcd, 0x3e, 0x46, 0x9a, 0x58, 0x76, 0x1d, 0x63, 0x05, 0x33, 0x3b,
    0xdf, 0xa8, 0xcd, 0x42, 0x46, 0x1a, 0x69, 0x56, 0x25, 0x63, 0x05, 0x33,
    0x2b, 0xdd, 0xa8, 0xcc, 0x3e, 0x46, 0x1a, 0x69, 0x56, 0x25, 0x63, 0x05,
    0x33, 0x2b, 0xdd, 0xa8, 0xcc, 0x3e, 0x46, 0x1a, 0x69, 0x56, 0x25, 0x63,
    0x05, 0x33, 0x2b, 0xdd, 0xa8, 0xcc, 0x3e, 0x46, 0x1a, 0x69, 0x56, 0x25,
    0x63, 0x05, 0x33, 0x2b, 0xdd, 0xa8, 0xcc, 0x3e, 0x46, 0x1a, 0x69, 0x56,
    0x25, 0x63, 0x05, 0x33, 0x2b, 0xdd, 0xa8, 0xcc, 0x3e, 0x46, 0x1a, 0x69,
    0x56, 0x25, 0x63, 0x05, 0x33, 0x2b, 0xdd, 0xa8, 0xcc, 0x3e, 0x46, 0x1a,
    0x69, 0x56, 0x25, 0x63, 0x05, 0x33, 0x2b, 0xdd, 0xa8, 0xcc, 0x3e, 0x46,
    0x1a, 0x69, 0x56, 0x25, 0x63, 0x05, 0x33, 0x2b, 0xdd, 0xac, 0xcc, 0x42,
    0x46, 0x9a, 0x79, 0x36, 0x2d, 0x63, 0x05, 0x33, 0x1b, 0xdb, 0xac, 0xcb,
    0x3e, 0x46, 0x9a, 0x79, 0x36, 0x2d, 0x63, 0x05, 0x33, 0x1b, 0xdb, 0xac,
    0xcb, 0x3e, 0x46, 0x9a, 0x79, 0x36, 0x2d, 0x63, 0x05, 0x33, 0x1b, 0xdb,
    0xac, 0xcb, 0x3e, 0x46, 0x9a, 0x79, 0x36, 0x2d, 0x63, 0x05, 0x33, 0x1b,
    0xdb, 0xac, 0xcb, 0x3e, 0x46, 0x9a, 0x79, 0x36, 0x2d, 0x63, 0x05, 0x33,
    0x1b, 0xdb, 0xac, 0xcb, 0x3e, 0x46, 0x9a, 0x79, 0x36, 0x2d, 0x63, 0x05,
    0x33, 0x1b, 0xdb, 0xac, 0xcb, 0x3e, 0x46, 0x9a, 0x79, 0x36, 0x2d, 0x63,
    0x05, 0x33, 0x1b, 0xdb, 0xac, 0xcb, 0x3e, 0x46, 0x9a, 0x79, 0x36, 0x2d,
    0x63, 0x05, 0x33, 0x1b, 0xdb, 0xb0, 0xcb, 0x42, 0x46, 0x1a, 0x8a, 0x16,
    0x35, 0x63, 0x05, 0x33, 0x0b, 0xd9, 0xb0, 0xca, 0x3e, 0x46, 0x1a, 0x8a,
    0x16, 0x35, 0x63, 0x05, 0x33, 0x0b, 0xd9, 0xb0, 0xca, 0x3e, 0x46, 0x1a,
    0x8a, 0x16, 0x35, 0x63, 0x05, 0x33, 0x0b, 0xd9, 0xb0, 0xca, 0x3e, 0x46,
    0x1a, 0x8a, 0x16, 0x35, 0x63, 0x05, 0x33, 0x0b, 0xd9, 0xb0, 0xca, 0x3e,
    0x46, 0x1a, 0x8a, 0x16, 0x35, 0x63, 0x05, 0x33, 0x0b, 0xd9, 0xb0, 0xca,
    0x3e, 0x46, 0x1a, 0x8a, 0x16, 0x35, 0x63, 0x05, 0x33, 0x0b, 0xd9, 0xb0,
    0xca, 0x3e, 0x46, 0x1a, 0x8a, 0x16, 0x35, 0x63, 0x05, 0x33, 0x0b, 0xd9,
    0xb0, 0xca, 0x3e, 0x46, 0x1a, 0x8a, 0x16, 0x35, 0x63, 0x05, 0x33, 0x0b,
    0xd9, 0xb4, 0xca, 0x42, 0x46, 0x9a, 0x9a, 0xe6, 0x3d, 0x63, 0x05, 0x33,
    0x73, 0xd7, 0xb4, 0xc9, 0x3e, 0x46, 0x9a, 0x9a, 0xe6, 0x3d, 0x63, 0x05,
    0x33, 0x73, 0xd7, 0xb4, 0xc9, 0x3e, 0x46, 0x9a, 0x9a, 0xe6, 0x3d, 0x63,
    0x05, 0x33, 0x73, 0xd7, 0xb4, 0xc9, 0x3e, 0x46, 0x9a, 0x9a, 0xe6, 0x3d,
    0x63, 0x05, 0x33, 0x73, 0xd7, 0xb4, 0xc9, 0x3e, 0x46, 0x9a, 0x9a, 0xe6,
    0x3d, 0x63, 0x05, 0x33, 0x73, 0xd7, 0xb4, 0xc9, 0x3e, 0x46, 0x9a, 0x9a,
    0xe6, 0x3d, 0x63, 0x05, 0x33, 0x73, 0xd7, 0xb4, 0xc9, 0x3e, 0x46, 0x9a,
    0x9a, 0xe6, 0x3d, 0x63, 0x05, 0x33, 0x73, 0xd7, 0xb4, 0xc9, 0x3e, 0x46,
    0x9a, 0x9a, 0xe6, 0x3d, 0x63, 0x05, 0x33, 0x73, 0xd7, 0xb8, 0xc9, 0x42,
    0x46, 0x1a, 0xab, 0xc6, 0x45, 0x63, 0x05, 0x33, 0x63, 0xd5, 0xb8, 0xc8,
    0x3e, 0x46, 0x1a, 0xab, 0xc6, 0x45, 0x63, 0x05, 0x33, 0x63, 0xd5, 0xb8,
    0xc8, 0x3e, 0x46, 0x1a, 0xab, 0xc6, 0x45, 0x63, 0x05, 0x33, 0x63, 0xd5,
    0xb8, 0xc8, 0x3e, 0x46, 0x1a, 0xab, 0xc6, 0x45, 0x63, 0x05, 0x33, 0x63,
    0xd5, 0xb8, 0xc8, 0x3e, 0x46, 0x1a, 0xab, 0xc6, 0x45, 0x63, 0x05, 0x33,
    0x63, 0xd5, 0xb8, 0xc8, 0x3e, 0x46, 0x1a, 0xab, 0xc6, 0x45, 0x63, 0x05,
    0x33, 0x63, 0xd5, 0xb8, 0xc8, 0x3e, 0x46, 0x1a, 0xab, 0xc6, 0x45, 0x63,
    0x05, 0x33, 0x63, 0xd5, 0xb8, 0xc8, 0x3e, 0x46, 0x1a, 0xab, 0xc6, 0x45,
    0x63, 0x05, 0x33, 0x63, 0xd5, 0xbc, 0xc8, 0x42, 0x46, 0x9a, 0xbb, 0xa6,
    0x4d, 0x63, 0x05, 0x33, 0x53, 0xd3, 0xbc, 0xc7, 0x3e, 0x46, 0x9a, 0xbb,
    0xa6, 0x4d, 0x63, 0x05, 0x33, 0x53, 0xd3, 0xbc, 0xc7, 0x3e, 0x46, 0x9a,
    0xbb, 0xa6, 0x4d, 0x63, 0x05, 0x33, 0x53, 0xd3, 0xbc, 0xc7, 0x3e, 0x46,
    0x9a, 0xbb, 0xa6, 0x4d, 0x63, 0x05, 0x33, 0x53, 0xd3, 0xbc, 0xc7, 0x3e,
    0x46, 0x9a, 0xbb, 0xa6, 0x4d, 0x63, 0x05, 0x33, 0x53, 0xd3, 0xbc, 0xc7,
    0x3e, 0x46, 0x9a, 0xbb, 0xa6, 0x4d, 0x63, 0x05, 0x33, 0x53, 0xd3, 0xbc,
    0xc7, 0x3e, 0x46, 0x9a, 0xbb, 0xa6, 0x4d, 0x63, 0x05, 0x33, 0x53, 0xd3,
    0xbc, 0xc7, 0x3e, 0x46, 0x9a, 0xbb, 0xa6, 0x4d, 0x63, 0x05, 0x33, 0x53,
    0xd3, 0xa2, 0xc7, 0x42, 0x46, 0x5a, 0xc8, 0x86, 0x55, 0x63, 0x05, 0x33,
    0x43, 0xd1, 0xa2, 0xc6, 0x3e, 0x46, 0x5a, 0xc8, 0x86, 0x55, 0x63, 0x05,
    0x33, 0x43, 0xd1, 0xa2, 0xc6, 0x3e, 0x46, 0x5a, 0xc8, 0x86, 0x55, 0x63,
    0x05, 0x33, 0x43, 0xd1, 0xa2, 0xc6, 0x3e, 0x46, 0x5a, 0xc8, 0x86, 0x55,
    0x63, 0x05, 0x33, 0x43, 0xd1, 0xa2, 0xc6, 0x3e, 0x46, 0x5a, 0xc8, 0x86,
    0x55, 0x63, 0x05, 0x33, 0x43, 0xd1, 0xa2, 0xc6, 0x3e, 0x46, 0x5a, 0xc8,
    0x86, 0x55, 0x63, 0x05, 0x33, 0x43, 0xd1, 0xa2, 0xc6, 0x3e, 0x46, 0x5a,
    0xc8, 0x86, 0x55, 0x63, 0x05, 0x33, 0x43, 0xd1, 0xa2, 0xc6, 0x3e, 0x46,
    0x5a, 0xc8, 0x86, 0x55, 0x63, 0x05, 0x33, 0x43, 0xd1, 0xa6, 0xc6, 0x42,
    0x46, 0xda, 0xd8, 0x66, 0x5d, 0x63, 0x05, 0x33, 0x33, 0xcf, 0xa6, 0xc5,
    0x3e, 0x46, 0xda, 0xd8, 0x66, 0x5d, 0x63, 0x05, 0x33, 0x33, 0xcf, 0xa6,
    0xc5, 0x3e, 0x46, 0xda, 0xd8, 0x66, 0x5d, 0x63, 0x05, 0x33, 0x33, 0xcf,
    0xa6, 0xc5, 0x3e, 0x46, 0xda, 0xd8, 0x66, 0x5d, 0x63, 0x05, 0x33, 0x33,
    0xcf, 0xa6, 0xc5, 0x3e, 0x46, 0xda, 0xd8, 0x66, 0x5d, 0x63, 0x05, 0x33,
    0x33, 0xcf, 0xa6, 0xc5, 0x3e, 0x46, 0xda, 0xd8, 0x66, 0x5d, 0x63, 0x05,
    0x33, 0x33, 0xcf, 0xa6, 0xc5, 0x3e, 0x46, 0xda, 0xd8, 0x66, 0x5d, 0x63,
    0x05, 0x33, 0x33, 0xcf, 0xa6, 0xc5, 0x3e, 0x46, 0xda, 0xd8, 0x66, 0x5d,
    0x63, 0x05, 0x33, 0x33, 0xcf, 0xaa, 0xc5, 0x42, 0x46, 0x5a, 0xe9, 0x46,
    0x65, 0x63, 0x05, 0x33, 0x23, 0xcd, 0xaa, 0xc4, 0x3e, 0x46, 0x5a, 0xe9,
    0x46, 0x65, 0x63, 0x05, 0x33, 0x23, 0xcd, 0xaa, 0xc4, 0x3e, 0x46, 0x5a,
    0xe9, 0x46, 0x65, 0x63, 0x05, 0x33, 0x23, 0xcd, 0xaa, 0xc4, 0x3e, 0x46,
    0x5a, 0xe9, 0x46, 0x65, 0x63, 0x05, 0x33, 0x23, 0xcd, 0xaa, 0xc4, 0x3e,
    0x46, 0x5a, 0xe9, 0x46, 0x65, 0x63, 0x05, 0x33, 0x23, 0xcd, 0xaa, 0xc4,
    0x3e, 0x46, 0x5a, 0xe9, 0x46, 0x65, 0x63, 0x05, 0x33, 0x23, 0xcd, 0xaa,
    0xc4, 0x3e, 0x46, 0x5a, 0xe9, 0x46, 0x65, 0x63, 0x05, 0x33, 0x23, 0xcd,
    0xaa, 0xc4, 0x3e, 0x46, 0x5a, 0xe9, 0x46, 0x65, 0x63, 0x05, 0x33, 0x23,
    0xcd, 0xae, 0xc4, 0x42, 0x46, 0xda, 0xf9, 0x26, 0x6d, 0x63, 0x05, 0x33,
    0x13, 0xcb, 0xae, 0xc3, 0x3e, 0x46, 0xda, 0xf9, 0x26, 0x6d, 0x63, 0x05,
    0x33, 0x13, 0xcb, 0xae, 0xc3, 0x3e, 0x46, 0xda, 0xf9, 0x26, 0x6d, 0x63,
    0x05, 0x33, 0x13, 0xcb, 0xae, 0xc3, 0x3e, 0x46, 0xda, 0xf9, 0x26, 0x6d,
    0x63, 0x05, 0x33, 0x13, 0xcb, 0xae, 0xc3, 0x3e, 0x46, 0xda, 0xf9, 0x26,
    0x6d, 0x63, 0x05, 0x33, 0x13, 0xcb, 0xae, 0xc3, 0x3e, 0x46, 0xda, 0xf9,
    0x26, 0x6d, 0x63, 0x05, 0x33, 0x13, 0xcb, 0xae, 0xc3, 0x3e, 0x46, 0xda,
    0xf9, 0x26, 0x6d, 0x63, 0x05, 0x33, 0x13, 0xcb, 0xae, 0xc3, 0x3e, 0x46,
    0xda, 0xf9, 0x26, 0x6d, 0x63, 0x05, 0x33, 0x13, 0xcb, 0xb2, 0xc3, 0x42,
    0x46, 0x5a, 0x0a, 0x07, 0x75, 0x63, 0x05, 0x33, 0x03, 0xc9, 0xb2, 0xc2,
    0x3e, 0x46, 0x5a, 0x0a, 0x07, 0x75, 0x63, 0x05, 0x33, 0x03, 0xc9, 0xb2,
    0xc2, 0x3e, 0x46, 0x5a, 0x0a, 0x07, 0x75, 0x63, 0x05, 0x33, 0x03, 0xc9,
    0xb2, 0xc2, 0x3e, 0x46, 0x5a, 0x0a, 0x07, 0x75, 0x63, 0x05, 0x33, 0x03,
    0xc9, 0xb2, 0xc2, 0x3e, 0x46, 0x5a, 0x0a, 0x07, 0x75, 0x63, 0x05, 0x33,
    0x03, 0xc9, 0xb2, 0xc2, 0x3e, 0x46, 0x5a, 0x0a, 0x07, 0x75, 0x63, 0x05,
    0x33, 0x03, 0xc9, 0xb2, 0xc2, 0x3e, 0x46, 0x5a, 0x0a, 0x07, 0x75, 0x63,
    0x05, 0x33, 0x03, 0xc9, 0xb2, 0xc2, 0x3e, 0x46, 0x5a, 0x0a, 0x07, 0x75,
    0x63, 0x05, 0x33, 0x03, 0xc9, 0xb6, 0xc2, 0x42, 0x46, 0xda, 0x1a, 0xdf,
    0xfb, 0xc6, 0x0a, 0x66, 0xde, 0x1d, 0xdb, 0x06, 0xfb, 0x18, 0x69, 0x6b,
    0x7c, 0xef, 0x1b, 0x2b, 0x98, 0x79, 0x77, 0x6c, 0x1b, 0xec, 0x63, 0xa4,
    0xad, 0xf1, 0xbd, 0x6f, 0xac, 0x60, 0xe6, 0xdd, 0xb1, 0x6d, 0xb0, 0x8f,
    0x91, 0xb6, 0xc6, 0xf7, 0xbe, 0xb1, 0x82, 0x99, 0x77, 0xc7, 0xb6, 0xc1,
    0x3e, 0x46, 0xda, 0x1a, 0xdf, 0xfb, 0xc6, 0x0a, 0x66, 0xde, 0x1d, 0xdb,
    0x06, 0xfb, 0x18, 0x69, 0x6b, 0x7c, 0xef, 0x1b, 0x2b, 0x98, 0x79, 0x77,
    0x6c, 0x1b, 0xec, 0x63, 0xa4, 0xad, 0xf1, 0xbd, 0x6f, 0xac, 0x60, 0xe6,
    0xdd, 0xb1, 0x6d, 0xb0, 0x8f, 0x91, 0xb6, 0xc6, 0xf7, 0xbe, 0xb1, 0x82,
    0x99, 0x77, 0xc7, 0xba, 0xc1, 0x42, 0x46, 0x5a, 0x2b, 0x9f, 0x01, 0xc6,
    0x0a, 0x66, 0x9e, 0x15, 0xeb, 0x02, 0xfb, 0x18, 0x69, 0xad, 0x7c, 0x06,
    0x18, 0x2b, 0x98, 0x79, 0x56, 0xac, 0x0b, 0xec, 0x63, 0xa4, 0xb5, 0xf2,
    0x19, 0x60, 0xac, 0x60, 0xe6, 0x59, 0xb1, 0x2e, 0xb0, 0x8f, 0x91, 0xd6,
    0xca, 0x67, 0x80, 0xb1, 0x82, 0x99, 0x67, 0xc5, 0xba, 0xc0, 0x3e, 0x46,
    0x5a, 0x2b, 0x9f, 0x01, 0xc6, 0x0a, 0x66, 0x9e, 0x15, 0xeb, 0x02, 0xfb,
    0x18, 0x69, 0xad, 0x7c, 0x06, 0x18, 0x2b, 0x98, 0x79, 0x56, 0xac, 0x0b,
    0xec, 0x63, 0xa4, 0xb5, 0xf2, 0x19, 0x60, 0xac, 0x60, 0xe6, 0x59, 0xb1,
    0x2e, 0xb0, 0x8f, 0x91, 0xd6, 0xca, 0x67, 0x80, 0xb1, 0x82, 0x99, 0x67,
    0xc5, 0xbe, 0xc0, 0x42, 0x46, 0xda, 0x3b, 0x5f, 0x09, 0xc6, 0x0a, 0x66,
    0x5e, 0x0d, 0xfb, 0x7b, 0xf6, 0x31, 0xd2, 0xde, 0xf9, 0x4a, 0x30, 0x56,
    0x30, 0xf3, 0x6a, 0xd8, 0xdf, 0xb3, 0x8f, 0x91, 0xf6, 0xce, 0x57, 0x82,
    0xb1, 0x82, 0x99, 0x57, 0xc3, 0xfe, 0x9e, 0x7d, 0x8c, 0xb4, 0x77, 0xbe,
    0x12, 0x8c, 0x15, 0xcc, 0xbc, 0x1a, 0xf6, 0xf7, 0xec, 0x63, 0xa4, 0xbd,
    0xf3, 0x95, 0x60, 0xac, 0x60, 0xe6, 0xd5, 0xb0, 0xbf, 0x67, 0x1f, 0x23,
    0xed, 0x9d, 0xaf, 0x04, 0x63, 0x05, 0x33, 0xaf, 0x86, 0xfd, 0x3d, 0xfb,
    0x18, 0x69, 0xef, 0x7c, 0x25, 0x18, 0x2b, 0x98, 0x79, 0x35, 0xec, 0xef,
    0xd9, 0xc7, 0x48, 0x7b, 0xe7, 0x2b, 0xc1, 0x58, 0xc1, 0xcc, 0xab, 0xe1,
    0xe0, 0x9e, 0x85, 0x8c, 0x74, 0x20, 0x7d, 0x44, 0x18, 0x2b, 0x98, 0x79,
    0x14, 0x1c, 0x9c, 0xb3, 0x8f, 0x91, 0x0e, 0xa4, 0x8f, 0x08, 0x63, 0x05,
    0x33, 0x8f, 0x82, 0x83, 0x73, 0xf6, 0x31, 0xd2, 0x81, 0xf4, 0x11, 0x61,
    0xac, 0x60, 0xe6, 0x51, 0x70, 0x70, 0xce, 0x3e, 0x46, 0x3a, 0x90, 0x3e,
    0x22, 0x8c, 0x15, 0xcc, 0x3c, 0x0a, 0x0e, 0xce, 0xd9, 0xc7, 0x48, 0x07,
    0xd2, 0x47, 0x84, 0xb1, 0x82, 0x99, 0x47, 0xc1, 0xc1, 0x39, 0xfb, 0x18,
    0xe9, 0x40, 0xfa, 0x88, 0x30, 0x56, 0x30, 0xf3, 0x28, 0x38, 0x38, 0x67,
    0x1f, 0x23, 0x1d, 0x48, 0x1f, 0x11, 0xc6, 0x0a, 0x66, 0x1e, 0x05, 0x07,
    0xe7, 0xec, 0x63, 0xa4, 0x03, 0xe9, 0x23, 0xc2, 0x58, 0xc1, 0xcc, 0x7f,
    0x1c, 0x1b, 0xe9, 0xf1, 0x4d, 0x06, 0xe7, 0xc6, 0x0a, 0x66, 0x0e, 0xa4,
    0x8f, 0x08, 0xf6, 0x31, 0xd2, 0xa3, 0xe0, 0xe0, 0xdc, 0x58, 0xc1, 0xcc,
    0x81, 0xf4, 0x11, 0xc1, 0x3e, 0x46, 0x7a, 0x14, 0x1c, 0x9c, 0x1b, 0x2b,
    0x98, 0x39, 0x90, 0x3e, 0x22, 0xd8, 0xc7, 0x48, 0x8f, 0x82, 0x83, 0x73,
    0x63, 0x05, 0x33, 0x07, 0xd2, 0x47, 0x04, 0xfb, 0x18, 0xe9, 0x51, 0x70,
    0x70, 0x6e, 0xac, 0x60, 0xe6, 0x40, 0xfa, 0x88, 0x60, 0x1f, 0x23, 0x3d,
    0x0a, 0x0e, 0xce, 0x8d, 0x15, 0xcc, 0x1c, 0x48, 0x1f, 0x11, 0xec, 0x63,
    0xa4, 0x47, 0xc1, 0xc1, 0xb9, 0xb1, 0x82, 0x99, 0x03, 0xe9, 0x23, 0x82,
    0x7d, 0x8c, 0xf4, 0x28, 0x38, 0x38, 0x37, 0x56, 0x30, 0x73, 0x20, 0x7d,
    0x45, 0xb0, 0x90, 0x91, 0x5e, 0x0d, 0xfb, 0x7b, 0x63, 0x05, 0x33, 0x7b,
    0xe7, 0x2b, 0x81, 0x7d, 0x8c, 0xf4, 0x6a, 0xd8, 0xdf, 0x1b, 0x2b, 0x98,
    0xd9, 0x3b, 0x5f, 0x09, 0xec, 0x63, 0xa4, 0x57, 0xc3, 0xfe, 0xde, 0x58,
    0xc1, 0xcc, 0xde, 0xf9, 0x4a, 0x60, 0x1f, 0x23, 0xbd, 0x1a, 0xf6, 0xf7,
    0xc6, 0x0a, 0x66, 0xf6, 0xce, 0x57, 0x02, 0xfb, 0x18, 0xe9, 0xd5, 0xb0,
    0xbf, 0x37, 0x56, 0x30, 0xb3, 0x77, 0xbe, 0x12, 0xd8, 0xc7, 0x48, 0xaf,
    0x86, 0xfd, 0xbd, 0xb1, 0x82, 0x99, 0xbd, 0xf3, 0x95, 0xc0, 0x3e, 0x46,
    0x7a, 0x35, 0xec, 0xef, 0x8d, 0x15, 0xcc, 0xec, 0x9d, 0xaf, 0x04, 0xf6,
    0x31, 0xd2, 0xab, 0x61, 0x7f, 0x6f, 0xac, 0x60, 0x66, 0xef, 0x7c, 0x26,
    0xb0, 0x90, 0x91, 0x9e, 0x15, 0xeb, 0x82, 0xb1, 0x82, 0x99, 0xb5, 0xf2,
    0x19, 0xc0, 0x3e, 0x46, 0x7a, 0x04, 0x76, 0x95, 0x51, 0x00, 0x00, 0x20,
    0x00, 0x49, 0x44, 0x41, 0x54, 0x56, 0xac, 0x0b, 0xc6, 0x0a, 0x66, 0xd6,
    0xca, 0x67, 0x00, 0xfb, 0x18, 0xe9, 0x59, 0xb1, 0x2e, 0x18, 0x2b, 0x98,
    0x59, 0x2b, 0x9f, 0x01, 0xec, 0x63, 0xa4, 0x67, 0xc5, 0xba, 0x60, 0xac,
    0x60, 0x66, 0xad, 0x7c, 0x06, 0xb0, 0x8f, 0x91, 0x9e, 0x15, 0xeb, 0x82,
    0xb1, 0x82, 0x99, 0xb5, 0xf2, 0x19, 0xc0, 0x3e, 0x46, 0x7a, 0x56, 0xac,
    0x0b, 0xc6, 0x0a, 0x66, 0xd6, 0xca, 0x67, 0x00, 0xfb, 0x18, 0xe9, 0x59,
    0xb1, 0x2e, 0x18, 0x2b, 0x98, 0x59, 0x2b, 0x9f, 0x01, 0xec, 0x63, 0xa4,
    0x67, 0xc5, 0xba, 0x60, 0xac, 0x60, 0x66, 0xad, 0x7c, 0x07, 0xb0, 0x90,
    0x91, 0xde, 0x1d, 0xdb, 0x86, 0xb1, 0x82, 0x99, 0xad, 0xf1, 0xbd, 0xcf,
    0x3e, 0x46, 0x7a, 0x77, 0x6c, 0x1b, 0xc6, 0x0a, 0x66, 0xb6, 0xc6, 0xf7,
    0x3e, 0xfb, 0x18, 0xe9, 0xdd, 0xb1, 0x6d, 0x18, 0x2b, 0x98, 0xd9, 0x1a,
    0xdf, 0xfb, 0xec, 0x63, 0xa4, 0x77, 0xc7, 0xb6, 0x61, 0xac, 0x60, 0x66,
    0x6b, 0x7c, 0xef, 0xb3, 0x8f, 0x91, 0xde, 0x1d, 0xdb, 0x86, 0xb1, 0x82,
    0x99, 0xad, 0xf1, 0xbd, 0xcf, 0x3e, 0x46, 0x7a, 0x77, 0x6c, 0x1b, 0xc6,
    0x0a, 0x66, 0xb6, 0xc6, 0xf7, 0x3e, 0xfb, 0x18, 0xe9, 0xdd, 0xb1, 0x6d,
    0x18, 0x2b, 0x98, 0xd9, 0x1a, 0xdf, 0xfb, 0xec, 0x63, 0xa4, 0x77, 0xc7,
    0xb6, 0x61, 0xac, 0x60, 0x66, 0x6b, 0x1c, 0xf4, 0x59, 0xc8, 0x48, 0x03,
    0xc9, 0xb2, 0x62, 0xac, 0x60, 0x66, 0x29, 0x1c, 0xd4, 0xd9, 0xc7, 0x48,
    0x03, 0xc9, 0xb2, 0x62, 0xac, 0x60, 0x66, 0x29, 0x1c, 0xd4, 0xd9, 0xc7,
    0x48, 0x03, 0xc9, 0xb2, 0x62, 0xac, 0x60, 0x66, 0x29, 0x1c, 0xd4, 0xd9,
    0xc7, 0x48, 0x03, 0xc9, 0xb2, 0x62, 0xac, 0x60, 0x66, 0x29, 0x1c, 0xd4,
    0xd9, 0xc7, 0x48, 0x03, 0xc9, 0xb2, 0x62, 0xac, 0x60, 0x66, 0x29, 0x1c,
    0xd4, 0xd9, 0xc7, 0x48, 0x03, 0xc9, 0xb2, 0x62, 0xac, 0x60, 0x66, 0x29,
    0x1c, 0xd4, 0xd9, 0xc7, 0x48, 0x03, 0xc9, 0xb2, 0x62, 0xac, 0x60, 0x66,
    0x29, 0x1c, 0xd4, 0xd9, 0xc7, 0x48, 0x03, 0xc9, 0xb2, 0x62, 0xac, 0x60,
    0x66, 0x29, 0x9c, 0xd4, 0x59, 0xc8, 0x48, 0x13, 0xcb, 0xae, 0x63, 0xac,
    0x60, 0x66, 0xe7, 0x9b, 0xb4, 0xd9, 0xc7, 0x48, 0x13, 0xcb, 0xae, 0x63,
    0xac, 0x60, 0x66, 0xe7, 0x9b, 0xb4, 0xd9, 0xc7, 0x48, 0x13, 0xcb, 0xae,
    0x63, 0xac, 0x60, 0x66, 0xe7, 0x9b, 0xb4, 0xd9, 0xc7, 0x48, 0x13, 0xcb,
    0xae, 0x63, 0xac, 0x60, 0x66, 0xe7, 0x9b, 0xb4, 0xd9, 0xc7, 0x48, 0x13,
    0xcb, 0xae, 0x63, 0xac, 0x60, 0x66, 0xe7, 0x9b, 0xb4, 0xd9, 0xc7, 0x48,
    0x13, 0xcb, 0xae, 0x63, 0xac, 0x60, 0x66, 0xe7, 0x9b, 0xb4, 0xd9, 0xc7,
    0x48, 0x13, 0xcb, 0xae, 0x63, 0xac, 0x60, 0x66, 0xe7, 0x9b, 0xb4, 0xd9,
    0xc7, 0x48, 0x13, 0xcb, 0xae, 0x63, 0xac, 0x60, 0x66, 0xe7, 0x1b, 0xb5,
    0x59, 0xc8, 0x48, 0x23, 0xcd, 0xaa, 0x64, 0xac, 0x60, 0x66, 0xa5, 0x1b,
    0x95, 0xd9, 0xc7, 0x48, 0x23, 0xcd, 0xaa, 0x64, 0xac, 0x60, 0x66, 0xa5,
    0x1b, 0x95, 0xd9, 0xc7, 0x48, 0x23, 0xcd, 0xaa, 0x64, 0xac, 0x60, 0x66,
    0xa5, 0x1b, 0x95, 0xd9, 0xc7, 0x48, 0x23, 0xcd, 0xaa, 0x64, 0xac, 0x60,
    0x66, 0xa5, 0x1b, 0x95, 0xd9, 0xc7, 0x48, 0x23, 0xcd, 0xaa, 0x64, 0xac,
    0x60, 0x66, 0xa5, 0x1b, 0x95, 0xd9, 0xc7, 0x48, 0x23, 0xcd, 0xaa, 0x64,
    0xac, 0x60, 0x66, 0xa5, 0x1b, 0x95, 0xd9, 0xc7, 0x48, 0x23, 0xcd, 0xaa,
    0x64, 0xac, 0x60, 0x66, 0xa5, 0x1b, 0x95, 0xd9, 0xc7, 0x48, 0x23, 0xcd,
    0xaa, 0x64, 0xac, 0x60, 0x66, 0xa5, 0x9b, 0x95, 0x59, 0xc8, 0x48, 0x33,
    0xcf, 0xa6, 0x65, 0xac, 0x60, 0x66, 0x63, 0x9b, 0x75, 0xd9, 0xc7, 0x48,
    0x33, 0xcf, 0xa6, 0x65, 0xac, 0x60, 0x66, 0x63, 0x9b, 0x75, 0xd9, 0xc7,
    0x48, 0x33, 0xcf, 0xa6, 0x65, 0xac, 0x60, 0x66, 0x63, 0x9b, 0x75, 0xd9,
    0xc7, 0x48, 0x33, 0xcf, 0xa6, 0x65, 0xac, 0x60, 0x66, 0x63, 0x9b, 0x75,
    0xd9, 0xc7, 0x48, 0x33, 0xcf, 0xa6, 0x65, 0xac, 0x60, 0x66, 0x63, 0x9b,
    0x75, 0xd9, 0xc7, 0x48, 0x33, 0xcf, 0xa6, 0x65, 0xac, 0x60, 0x66, 0x63,
    0x9b, 0x75, 0xd9, 0xc7, 0x48, 0x33, 0xcf, 0xa6, 0x65, 0xac, 0x60, 0x66,
    0x63, 0x9b, 0x75, 0xd9, 0xc7, 0x48, 0x33, 0xcf, 0xa6, 0x65, 0xac, 0x60,
    0x66, 0x63, 0x1b, 0x76, 0x59, 0xc8, 0x48, 0x43, 0xd1, 0xa2, 0x66, 0xac,
    0x60, 0x66, 0x21, 0x1b, 0x56, 0xd9, 0xc7, 0x48, 0x43, 0xd1, 0xa2, 0x66,
    0xac, 0x60, 0x66, 0x21, 0x1b, 0x56, 0xd9, 0xc7, 0x48, 0x43, 0xd1, 0xa2,
    0x66, 0xac, 0x60, 0x66, 0x21, 0x1b, 0x56, 0xd9, 0xc7, 0x48, 0x43, 0xd1,
    0xa2, 0x66, 0xac, 0x60, 0x66, 0x21, 0x1b, 0x56, 0xd9, 0xc7, 0x48, 0x43,
    0xd1, 0xa2, 0x66, 0xac, 0x60, 0x66, 0x21, 0x1b, 0x56, 0xd9, 0xc7, 0x48,
    0x43, 0xd1, 0xa2, 0x66, 0xac, 0x60, 0x66, 0x21, 0x1b, 0x56, 0xd9, 0xc7,
    0x48, 0x43, 0xd1, 0xa2, 0x66, 0xac, 0x60, 0x66, 0x21, 0x1b, 0x56, 0xd9,
    0xc7, 0x48, 0x43, 0xd1, 0xa2, 0x66, 0xac, 0x60, 0x66, 0x21, 0x9b, 0x56,
    0x59, 0xc8, 0x48, 0x53, 0xd3, 0xbc, 0x67, 0xac, 0x60, 0x66, 0xee, 0x9a,
    0x36, 0xd9, 0xc7, 0x48, 0x53, 0xd3, 0xbc, 0x67, 0xac, 0x60, 0x66, 0xee,
    0x9a, 0x36, 0xd9, 0xc7, 0x48, 0x53, 0xd3, 0xbc, 0x67, 0xac, 0x60, 0x66,
    0xee, 0x9a, 0x36, 0xd9, 0xc7, 0x48, 0x53, 0xd3, 0xbc, 0x67, 0xac, 0x60,
    0x66, 0xee, 0x9a, 0x36, 0xd9, 0xc7, 0x48, 0x53, 0xd3, 0xbc, 0x67, 0xac,
    0x60, 0x66, 0xee, 0x9a, 0x36, 0xd9, 0xc7, 0x48, 0x53, 0xd3, 0xbc, 0x67,
    0xac, 0x60, 0x66, 0xee, 0x9a, 0x36, 0xd9, 0xc7, 0x48, 0x53, 0xd3, 0xbc,
    0x67, 0xac, 0x60, 0x66, 0xee, 0x9a, 0x36, 0xd9, 0xc7, 0x48, 0x53, 0xd3,
    0xbc, 0x67, 0xac, 0x60, 0x66, 0xee, 0x1a, 0x37, 0x59, 0xc8, 0x48, 0x63,
    0xd5, 0xb8, 0x68, 0xac, 0x60, 0x66, 0xac, 0x1a, 0x17, 0xd9, 0xc7, 0x48,
    0x63, 0xd5, 0xb8, 0x68, 0xac, 0x60, 0x66, 0xac, 0x1a, 0x17, 0xd9, 0xc7,
    0x48, 0x63, 0xd5, 0xb8, 0x68, 0xac, 0x60, 0x66, 0xac, 0x1a, 0x17, 0xd9,
    0xc7, 0x48, 0x63, 0xd5, 0xb8, 0x68, 0xac, 0x60, 0x66, 0xac, 0x1a, 0x17,
    0xd9, 0xc7, 0x48, 0x63, 0xd5, 0xb8, 0x68, 0xac, 0x60, 0x66, 0xac, 0x1a,
    0x17, 0xd9, 0xc7, 0x48, 0x63, 0xd5, 0xb8, 0x68, 0xac, 0x60, 0x66, 0xac,
    0x1a, 0x17, 0xd9, 0xc7, 0x48, 0x63, 0xd5, 0xb8, 0x68, 0xac, 0x60, 0x66,
    0xac, 0x1a, 0x17, 0xd9, 0xc7, 0x48, 0x63, 0xd5, 0xb8, 0x68, 0xac, 0x60,
    0x66, 0xac, 0x9a, 0x17, 0x59, 0xc8, 0x48, 0x73, 0xd7, 0xb4, 0x69, 0xac,
    0x60, 0x66, 0x6a, 0x9a, 0xf7, 0xd8, 0xc7, 0x48, 0x73, 0xd7, 0xb4, 0x69,
    0xac, 0x60, 0x66, 0x6a, 0x9a, 0xf7, 0xd8, 0xc7, 0x48, 0x73, 0xd7, 0xb4,
    0x69, 0xac, 0x60, 0x66, 0x6a, 0x9a, 0xf7, 0xd8, 0xc7, 0x48, 0x73, 0xd7,
    0xb4, 0x69, 0xac, 0x60, 0x66, 0x6a, 0x9a, 0xf7, 0xd8, 0xc7, 0x48, 0x73,
    0xd7, 0xb4, 0x69, 0xac, 0x60, 0x66, 0x6a, 0x9a, 0xf7, 0xd8, 0xc7, 0x48,
    0x73, 0xd7, 0xb4, 0x69, 0xac, 0x60, 0x66, 0x6a, 0x9a, 0xf7, 0xd8, 0xc7,
    0x48, 0x73, 0xd7, 0xb4, 0x69, 0xac, 0x60, 0x66, 0x6a, 0x9a, 0xf7, 0xd8,
    0xc7, 0x48, 0x73, 0xd7, 0xb4, 0x69, 0xac, 0x60, 0x66, 0x6a, 0x5a, 0xf4,
    0x58, 0xc8, 0x48, 0x0b, 0xd9, 0xb0, 0x6a, 0xac, 0x60, 0x66, 0x28, 0x5a,
    0xd4, 0xd8, 0xc7, 0x48, 0x0b, 0xd9, 0xb0, 0x6a, 0xac, 0x60, 0x66, 0x28,
    0x5a, 0xd4, 0xd8, 0xc7, 0x48, 0x0b, 0xd9, 0xb0, 0x6a, 0xac, 0x60, 0x66,
    0x28, 0x5a, 0xd4, 0xd8, 0xc7, 0x48, 0x0b, 0xd9, 0xb0, 0x6a, 0xac, 0x60,
    0x66, 0x28, 0x5a, 0xd4, 0xd8, 0xc7, 0x48, 0x0b, 0xd9, 0xb0, 0x6a, 0xac,
    0x60, 0x66, 0x28, 0x5a, 0xd4, 0xd8, 0xc7, 0x48, 0x0b, 0xd9, 0xb0, 0x6a,
    0xac, 0x60, 0x66, 0x28, 0x5a, 0xd4, 0xd8, 0xc7, 0x48, 0x0b, 0xd9, 0xb0,
    0x6a, 0xac, 0x60, 0x66, 0x28, 0x5a, 0xd4, 0xd8, 0xc7, 0x48, 0x0b, 0xd9,
    0xb0, 0x6a, 0xac, 0x60, 0x66, 0x28, 0xda, 0xd4, 0x58, 0xc8, 0x48, 0x1b,
    0xdb, 0xac, 0x6b, 0xac, 0x60, 0x66, 0xe6, 0xd9, 0xb4, 0xd8, 0xc7, 0x48,
    0x1b, 0xdb, 0xac, 0x6b, 0xac, 0x60, 0x66, 0xe6, 0xd9, 0xb4, 0xd8, 0xc7,
    0x48, 0x1b, 0xdb, 0xac, 0x6b, 0xac, 0x60, 0x66, 0xe6, 0xd9, 0xb4, 0xd8,
    0xc7, 0x48, 0x1b, 0xdb, 0xac, 0x6b, 0xac, 0x60, 0x66, 0xe6, 0xd9, 0xb4,
    0xd8, 0xc7, 0x48, 0x1b, 0xdb, 0xac, 0x6b, 0xac, 0x60, 0x66, 0xe6, 0xd9,
    0xb4, 0xd8, 0xc7, 0x48, 0x1b, 0xdb, 0xac, 0x6b, 0xac, 0x60, 0x66, 0xe6,
    0xd9, 0xb4, 0xd8, 0xc7, 0x48, 0x1b, 0xdb, 0xac, 0x6b, 0xac, 0x60, 0x66,
    0xe6, 0xd9, 0xb4, 0xd8, 0xc7, 0x48, 0x1b, 0xdb, 0xac, 0x6b, 0xac, 0x60,
    0x66, 0xe6, 0x59, 0xb5, 0x58, 0xc8, 0x48, 0x2b, 0xdd, 0xa8, 0x6c, 0xac,
    0x60, 0x66, 0xa4, 0x59, 0x95, 0xd8, 0xc7, 0x48, 0x2b, 0xdd, 0xa8, 0x6c,
    0xac, 0x60, 0x66, 0xa4, 0x59, 0x95, 0xd8, 0xc7, 0x48, 0x2b, 0xdd, 0xa8,
    0x6c, 0xac, 0x60, 0x66, 0xa4, 0x59, 0x95, 0xd8, 0xc7, 0x48, 0x2b, 0xdd,
    0xa8, 0x6c, 0xac, 0x60, 0x66, 0xa4, 0x59, 0x95, 0xd8, 0xc7, 0x48, 0x2b,
    0xdd, 0xa8, 0x6c, 0xac, 0x60, 0x66, 0xa4, 0x59, 0x95, 0xd8, 0xc7, 0x48,
    0x2b, 0xdd, 0xa8, 0x6c, 0xac, 0x60, 0x66, 0xa4, 0x59, 0x95, 0xd8, 0xc7,
    0x48, 0x2b, 0xdd, 0xa8, 0x6c, 0xac, 0x60, 0x66, 0xa4, 0x59, 0x95, 0xd8,
    0xc7, 0x48, 0x2b, 0xdd, 0xa8, 0x6c, 0xac, 0x60, 0x66, 0xa4, 0xd9, 0x95,
    0x58, 0xc8, 0x48, 0x3b, 0xdf, 0xa4, 0x6d, 0xac, 0x60, 0x66, 0x62, 0xd9,
    0x75, 0xd8, 0xc7, 0x48, 0x3b, 0xdf, 0xa4, 0x6d, 0xac, 0x60, 0x66, 0x62,
    0xd9, 0x75, 0xd8, 0xc7, 0x48, 0x3b, 0xdf, 0xa4, 0x6d, 0xac, 0x60, 0x66,
    0x62, 0xd9, 0x75, 0xd8, 0xc7, 0x48, 0x3b, 0xdf, 0xa4, 0x6d, 0xac, 0x60,
    0x66, 0x62, 0xd9, 0x75, 0xd8, 0xc7, 0x48, 0x3b, 0xdf, 0xa4, 0x6d, 0xac,
    0x60, 0x66, 0x62, 0xd9, 0x75, 0xd8, 0xc7, 0x48, 0x3b, 0xdf, 0xa4, 0x6d,
    0xac, 0x60, 0x66, 0x62, 0xd9, 0x75, 0xd8, 0xc7, 0x48, 0x3b, 0xdf, 0xa4,
    0x6d, 0xac, 0x60, 0x66, 0x62, 0xd9, 0x75, 0xd8, 0xc7, 0x48, 0x3b, 0xdf,
    0xa4, 0x6d, 0xac, 0x60, 0x66, 0x62, 0x59, 0x76, 0x58, 0xc8, 0x48, 0x4b,
    0xe1, 0xa0, 0x6e, 0xac, 0x60, 0x66, 0x20, 0x59, 0x56, 0xd8, 0xc7, 0x48,
    0x4b, 0xe1, 0xa0, 0x6e, 0xac, 0x60, 0x66, 0x20, 0x59, 0x56, 0xd8, 0xc7,
    0x48, 0x4b, 0xe1, 0xa0, 0x6e, 0xac, 0x60, 0x66, 0x20, 0x59, 0x56, 0xd8,
    0xc7, 0x48, 0x4b, 0xe1, 0xa0, 0x6e, 0xac, 0x60, 0x66, 0x20, 0x59, 0x56,
    0xd8, 0xc7, 0x48, 0x4b, 0xe1, 0xa0, 0x6e, 0xac, 0x60, 0x66, 0x20, 0x59,
    0x56, 0xd8, 0xc7, 0x48, 0x4b, 0xe1, 0xa0, 0x6e, 0xac, 0x60, 0x66, 0x20,
    0x59, 0x56, 0xd8, 0xc7, 0x48, 0x4b, 0xe1, 0xa0, 0x6e, 0xac, 0x60, 0x66,
    0x20, 0x59, 0x56, 0xd8, 0xc7, 0x48, 0x4b, 0xe1, 0xa0, 0x6e, 0xac, 0x60,
    0x66, 0x20, 0xd9, 0x56, 0x58, 0xc8, 0x48, 0x5b, 0xe3, 0x7b, 0xdf, 0x58,
    0xc1, 0xcc, 0xbb, 0x63, 0xdb, 0x60, 0x1f, 0x23, 0x6d, 0x8d, 0xef, 0x7d,
    0x63, 0x05, 0x33, 0xef, 0x8e, 0x6d, 0x83, 0x7d, 0x8c, 0xb4, 0x35, 0xbe,
    0xf7, 0x8d, 0x15, 0xcc, 0xbc, 0x3b, 0xb6, 0x0d, 0xf6, 0x31, 0xd2, 0xd6,
    0xf8, 0xde, 0x37, 0x56, 0x30, 0xf3, 0xee, 0xd8, 0x36, 0xd8, 0xc7, 0x48,
    0x5b, 0xe3, 0x7b, 0xdf, 0x58, 0xc1, 0xcc, 0xbb, 0x63, 0xdb, 0x60, 0x1f,
    0x23, 0x6d, 0x8d, 0xef, 0x7d, 0x63, 0x05, 0x33, 0xef, 0x8e, 0x6d, 0x83,
    0x7d, 0x8c, 0xb4, 0x35, 0xbe, 0xf7, 0x8d, 0x15, 0xcc, 0xbc, 0x3b, 0xb6,
    0x0d, 0xf6, 0x31, 0xd2, 0xd6, 0xf8, 0xde, 0x37, 0x56, 0x30, 0xf3, 0xee,
    0x58, 0x37, 0x58, 0xc8, 0x48, 0x6b, 0xe5, 0x33, 0xc0, 0x58, 0xc1, 0xcc,
    0xb3, 0x62, 0x5d, 0x60, 0x1f, 0x23, 0xad, 0x95, 0xcf, 0x00, 0x63, 0x05,
    0x33, 0xcf, 0x8a, 0x75, 0x81, 0x7d, 0x8c, 0xb4, 0x56, 0x3e, 0x03, 0x8c,
    0x15, 0xcc, 0x3c, 0x2b, 0xd6, 0x05, 0xf6, 0x31, 0xd2, 0x5a, 0xf9, 0x0c,
    0x30, 0x56, 0x30, 0xf3, 0xac, 0x58, 0x17, 0xd8, 0xc7, 0x48, 0x6b, 0xe5,
    0x33, 0xc0, 0x58, 0xc1, 0xcc, 0xb3, 0x62, 0x5d, 0x60, 0x1f, 0x23, 0xad,
    0x95, 0xcf, 0x00, 0x63, 0x05, 0x33, 0xcf, 0x8a, 0x75, 0x81, 0x7d, 0x8c,
    0xb4, 0x56, 0x3e, 0x03, 0x8c, 0x15, 0xcc, 0x3c, 0x2b, 0xd6, 0x05, 0xf6,
    0x31, 0xd2, 0x5a, 0xf9, 0x0c, 0x30, 0x56, 0x30, 0xf3, 0xac, 0xd8, 0x17,
    0x58, 0xc8, 0x48, 0x7b, 0xe7, 0x2b, 0xc1, 0x58, 0xc1, 0xcc, 0xab, 0x61,
    0x7f, 0xcf, 0x3e, 0x46, 0xda, 0x3b, 0x5f, 0x09, 0xc6, 0x0a, 0x66, 0x5e,
    0x0d, 0xfb, 0x7b, 0xf6, 0x31, 0xd2, 0xde, 0xf9, 0x4a, 0x30, 0x56, 0x30,
    0xf3, 0x6a, 0xd8, 0xdf, 0xb3, 0x8f, 0x91, 0xf6, 0xce, 0x57, 0x82, 0xb1,
    0x82, 0x99, 0x57, 0xc3, 0xfe, 0x9e, 0x7d, 0x8c, 0xb4, 0x77, 0xbe, 0x12,
    0x8c, 0x15, 0xcc, 0xbc, 0x1a, 0xf6, 0xf7, 0xec, 0x63, 0xa4, 0xbd, 0xf3,
    0x95, 0x60, 0xac, 0x60, 0xe6, 0xd5, 0xb0, 0xbf, 0x67, 0x1f, 0x23, 0xed,
    0x9d, 0xaf, 0x04, 0x63, 0x05, 0x33, 0xaf, 0x86, 0xfd, 0x3d, 0xfb, 0x18,
    0x69, 0xef, 0x7c, 0x25, 0x18, 0x2b, 0x98, 0x79, 0x35, 0x1c, 0xdc, 0xb3,
    0x90, 0x91, 0x0e, 0xa4, 0x8f, 0x08, 0x63, 0x05, 0x33, 0x8f, 0x82, 0x83,
    0x73, 0xf6, 0x31, 0xd2, 0x81, 0xf4, 0x11, 0x61, 0xac, 0x60, 0xe6, 0x51,
    0x70, 0x70, 0xce, 0x3e, 0x46, 0x3a, 0x90, 0x3e, 0x22, 0x8c, 0x15, 0xcc,
    0x3c, 0x0a, 0x0e, 0xce, 0xd9, 0xc7, 0x48, 0x07, 0xd2, 0x47, 0x84, 0xb1,
    0x82, 0x99, 0x47, 0xc1, 0xc1, 0x39, 0xfb, 0x18, 0xe9, 0x40, 0xfa, 0x88,
    0x30, 0x56, 0x30, 0xf3, 0x28, 0x38, 0x38, 0x67, 0x1f, 0x23, 0x1d, 0x48,
    0x1f, 0x11, 0xc6, 0x0a, 0x66, 0x1e, 0x05, 0x07, 0xe7, 0xec, 0x63, 0xa4,
    0x03, 0xe9, 0x23, 0xc2, 0x58, 0xc1, 0xcc, 0xa3, 0xe0, 0xe0, 0x9c, 0x7d,
    0x8c, 0x74, 0x20, 0x7d, 0x44, 0x18, 0x2b, 0x98, 0x79, 0x14, 0x5c, 0x9c,
    0xb3, 0x90, 0x91, 0x2e, 0xac, 0x6f, 0x0c, 0x63, 0x05, 0x33, 0x6f, 0x7e,
    0x8b, 0x6b, 0xf6, 0x31, 0xd2, 0x85, 0xf5, 0x8d, 0x61, 0xac, 0x60, 0xe6,
    0xcd, 0x6f, 0x71, 0xcd, 0x3e, 0x46, 0xba, 0xb0, 0xbe, 0x31, 0x8c, 0x15,
    0xcc, 0xbc, 0xf9, 0x2d, 0xae, 0xd9, 0xc7, 0x48, 0x17, 0xd6, 0x37, 0x86,
    0xb1, 0x82, 0x99, 0x37, 0xbf, 0xc5, 0x35, 0xfb, 0x18, 0xe9, 0xc2, 0xfa,
    0xc6, 0x30, 0x56, 0x30, 0xf3, 0xe6, 0xb7, 0xb8, 0x66, 0x1f, 0x23, 0x5d,
    0x58, 0xdf, 0x18, 0xc6, 0x0a, 0x66, 0xde, 0xfc, 0x16, 0xd7, 0xec, 0x63,
    0xa4, 0x0b, 0xeb, 0x1b, 0xc3, 0x58, 0xc1, 0xcc, 0x9b, 0xdf, 0xe2, 0x9a,
    0x7d, 0x8c, 0x74, 0x61, 0x7d, 0x63, 0x18, 0x2b, 0x98, 0x79, 0xf3, 0x9b,
    0x5c, 0xb3, 0x90, 0x91, 0x4e, 0xb4, 0x4f, 0x10, 0x63, 0x05, 0x33, 0x4f,
    0x7a, 0x93, 0x63, 0xf6, 0x31, 0xd2, 0x89, 0xf6, 0x09, 0x62, 0xac, 0x60,
    0xe6, 0x49, 0x6f, 0x72, 0xcc, 0x3e, 0x46, 0x3a, 0xd1, 0x3e, 0x41, 0x8c,
    0x15, 0xcc, 0x3c, 0xe9, 0x4d, 0x8e, 0xd9, 0xc7, 0x48, 0x27, 0xda, 0x27,
    0x88, 0xb1, 0x82, 0x99, 0x27, 0xbd, 0xc9, 0x31, 0xfb, 0x18, 0xe9, 0x44,
    0xfb, 0x04, 0x31, 0x56, 0x30, 0xf3, 0xa4, 0x37, 0x39, 0x66, 0x1f, 0x23,
    0x9d, 0x68, 0x9f, 0x20, 0xc6, 0x0a, 0x66, 0x9e, 0xf4, 0x26, 0xc7, 0xec,
    0x63, 0xa4, 0x13, 0xed, 0x13, 0xc4, 0x58, 0xc1, 0xcc, 0x93, 0xde, 0xe4,
    0x98, 0x7d, 0x8c, 0x74, 0xa2, 0x7d, 0x82, 0x18, 0x2b, 0x98, 0x79, 0xd2,
    0xdb, 0x1c, 0xb3, 0x90, 0x91, 0x6e, 0xbc, 0x2f, 0x14, 0x63, 0x05, 0x33,
    0x2f, 0x76, 0x9b, 0x5b, 0xf6, 0x31, 0xd2, 0x8d, 0xf7, 0x85, 0x62, 0xac,
    0x60, 0xe6, 0xc5, 0x6e, 0x73, 0xcb, 0x3e, 0x46, 0xba, 0xf1, 0xbe, 0x50,
    0x8c, 0x15, 0xcc, 0xbc, 0xd8, 0x6d, 0x6e, 0xd9, 0xc7, 0x48, 0x37, 0xde,
    0x17, 0x8a, 0xb1, 0x82, 0x99, 0x17, 0xbb, 0xcd, 0x2d, 0xfb, 0x18, 0xe9,
    0xc6, 0xfb, 0x42, 0x31, 0x56, 0x30, 0xf3, 0x62, 0xb7, 0xb9, 0x65, 0x1f,
    0x23, 0xdd, 0x78, 0x5f, 0x28, 0xc6, 0x0a, 0x66, 0x5e, 0xec, 0x36, 0xb7,
    0xec, 0x63, 0xa4, 0x1b, 0xef, 0x0b, 0xc5, 0x58, 0xc1, 0xcc, 0x8b, 0xdd,
    0xe6, 0x96, 0x7d, 0x8c, 0x74, 0xe3, 0x7d, 0xa1, 0x18, 0x2b, 0x98, 0x79,
    0xb1, 0x1b, 0xdd, 0xb2, 0x90, 0x91, 0x8e, 0xc4, 0x0f, 0x18, 0x63, 0x05,
    0x33, 0x0f, 0x72, 0xa3, 0x53, 0xf6, 0x31, 0xd2, 0x91, 0xf8, 0x01, 0x63,
    0xac, 0x60, 0xe6, 0x41, 0x6e, 0x74, 0xca, 0x3e, 0x46, 0x3a, 0x12, 0x3f,
    0x60, 0x8c, 0x15, 0xcc, 0x3c, 0xc8, 0x8d, 0x4e, 0xd9, 0xc7, 0x48, 0x47,
    0xe2, 0x07, 0x8c, 0xb1, 0x82, 0x99, 0x07, 0xb9, 0xd1, 0x29, 0xfb, 0x18,
    0xe9, 0x48, 0xfc, 0x80, 0x31, 0x56, 0x30, 0xf3, 0x20, 0x37, 0x3a, 0x65,
    0x1f, 0x23, 0x1d, 0x89, 0x1f, 0x30, 0xc6, 0x0a, 0x66, 0x1e, 0xe4, 0x46,
    0xa7, 0xec, 0x63, 0xa4, 0x23, 0xf1, 0x03, 0xc6, 0x58, 0xc1, 0xcc, 0x83,
    0xdc, 0xe8, 0x94, 0x7d, 0x8c, 0x74, 0x24, 0x7e, 0xc0, 0x18, 0x2b, 0x98,
    0x79, 0x90, 0x5b, 0x9d, 0xb2, 0x90, 0x91, 0xae, 0xcc, 0xdf, 0x39, 0xc6,
    0x0a, 0x66, 0xbe, 0xbb, 0xad, 0x2e, 0xd9, 0xc7, 0x48, 0x57, 0xe6, 0xef,
    0x1c, 0x63, 0x05, 0x33, 0xdf, 0xdd, 0x56, 0x97, 0xec, 0x63, 0xa4, 0x2b,
    0xf3, 0x77, 0x8e, 0xb1, 0x82, 0x99, 0xef, 0x6e, 0xab, 0x4b, 0xf6, 0x31,
    0xd2, 0x95, 0xf9, 0x3b, 0xc7, 0x58, 0xc1, 0xcc, 0x77, 0xb7, 0xd5, 0x25,
    0xfb, 0x18, 0xe9, 0xca, 0xfc, 0x9d, 0x63, 0xac, 0x60, 0xe6, 0xbb, 0xdb,
    0xea, 0x92, 0x7d, 0x8c, 0x74, 0x65, 0xfe, 0xce, 0x31, 0x56, 0x30, 0xf3,
    0xdd, 0x6d, 0x75, 0xc9, 0x3e, 0x46, 0xba, 0x32, 0x7f, 0xe7, 0x18, 0x2b,
    0x98, 0xf9, 0xee, 0xb6, 0xba, 0x64, 0x1f, 0x23, 0x5d, 0x99, 0xbf, 0x73,
    0x8c, 0x15, 0xcc, 0x7c, 0x77, 0x9b, 0x5d, 0xb2, 0x90, 0x91, 0xce, 0xd4,
    0x9f, 0x41, 0xc6, 0x0a, 0x66, 0x3e, 0xab, 0xcd, 0x0e, 0xd9, 0xc7, 0x48,
    0x67, 0xea, 0xcf, 0x20, 0x63, 0x05, 0x33, 0x9f, 0xd5, 0x66, 0x87, 0xec,
    0x63, 0xa4, 0x33, 0xf5, 0x67, 0x90, 0xb1, 0x82, 0x99, 0xcf, 0x6a, 0xb3,
    0x43, 0xf6, 0x31, 0xd2, 0x99, 0xfa, 0x33, 0xc8, 0x58, 0xc1, 0xcc, 0x67,
    0xb5, 0xd9, 0x21, 0xfb, 0x18, 0xe9, 0x4c, 0xfd, 0x19, 0x64, 0xac, 0x60,
    0xe6, 0xb3, 0xda, 0xec, 0x90, 0x7d, 0x8c, 0x74, 0xa6, 0xfe, 0x0c, 0x32,
    0x56, 0x30, 0xf3, 0x59, 0x6d, 0x76, 0xc8, 0x3e, 0x46, 0x3a, 0x53, 0x7f,
    0x06, 0x19, 0x2b, 0x98, 0xf9, 0xac, 0x36, 0x3b, 0x64, 0x1f, 0x23, 0x9d,
    0xa9, 0x3f, 0x83, 0x8c, 0x15, 0xcc, 0x7c, 0x56, 0xdb, 0x1d, 0xb2, 0x90,
    0x91, 0xee, 0xdc, 0x5f, 0x49, 0xc6, 0x0a, 0x66, 0xbe, 0x9a, 0xed, 0xee,
    0xd8, 0xc7, 0x48, 0x77, 0xee, 0xaf, 0x24, 0x63, 0x05, 0x33, 0x5f, 0xcd,
    0x76, 0x77, 0xec, 0x63, 0xa4, 0x3b, 0xf7, 0x57, 0x92, 0xb1, 0x82, 0x99,
    0xaf, 0x66, 0xbb, 0x3b, 0xf6, 0x31, 0xd2, 0x9d, 0xfb, 0x2b, 0xc9, 0x58,
    0xc1, 0xcc, 0x57, 0xb3, 0xdd, 0x1d, 0xfb, 0x18, 0xe9, 0xce, 0xfd, 0x95,
    0x64, 0xac, 0x60, 0xe6, 0xab, 0xd9, 0xee, 0x8e, 0x7d, 0x8c, 0x74, 0xe7,
    0xfe, 0x4a, 0x32, 0x56, 0x30, 0xf3, 0xd5, 0x6c, 0x77, 0xc7, 0x3e, 0x46,
    0xba, 0x73, 0x7f, 0x25, 0x19, 0x2b, 0x98, 0xf9, 0x6a, 0xb6, 0xbb, 0x63,
    0x1f, 0x23, 0xdd, 0xb9, 0xbf, 0x92, 0x8c, 0x15, 0xcc, 0x7c, 0x35, 0x1b,
    0xde, 0xb1, 0x90, 0x91, 0x0e, 0xe5, 0x1f, 0x51, 0xc6, 0x0a, 0x66, 0x3e,
    0x8a, 0x0d, 0xcf, 0xd8, 0xc7, 0x48, 0x87, 0xf2, 0x8f, 0x28, 0x63, 0x05,
    0x33, 0x1f, 0xc5, 0x86, 0x67, 0xec, 0x63, 0xa4, 0x43, 0xf9, 0x47, 0x94,
    0xb1, 0x82, 0x99, 0x8f, 0x62, 0xc3, 0x33, 0xf6, 0x31, 0xd2, 0xa1, 0xfc,
    0x23, 0xca, 0x58, 0xc1, 0xcc, 0x47, 0xb1, 0xe1, 0x19, 0xfb, 0x18, 0xe9,
    0x50, 0xfe, 0x11, 0x65, 0xac, 0x60, 0xe6, 0xa3, 0xd8, 0xf0, 0x8c, 0x7d,
    0x8c, 0x74, 0x28, 0xff, 0x88, 0x32, 0x56, 0x30, 0xf3, 0x51, 0x6c, 0x78,
    0xc6, 0x3e, 0x46, 0x3a, 0x94, 0x7f, 0x44, 0x19, 0x2b, 0x98, 0xf9, 0x28,
    0x36, 0x3c, 0x63, 0x1f, 0x23, 0x1d, 0xca, 0x3f, 0xa2, 0x8c, 0x15, 0xcc,
    0x7c, 0x14, 0x5b, 0x9e, 0xb1, 0x90, 0x91, 0x2e, 0xed, 0xdf, 0x58, 0xc6,
    0x0a, 0x66, 0xbe, 0x79, 0x2d, 0xaf, 0xd8, 0xc7, 0x48, 0x97, 0xf6, 0x6f,
    0x2c, 0x63, 0x05, 0x33, 0xdf, 0xbc, 0x96, 0x57, 0xec, 0x63, 0xa4, 0x4b,
    0xfb, 0x37, 0x96, 0xb1, 0x82, 0x99, 0x6f, 0x5e, 0xcb, 0x2b, 0xf6, 0x31,
    0xd2, 0xa5, 0xfd, 0x1b, 0xcb, 0x58, 0xc1, 0xcc, 0x37, 0xaf, 0xe5, 0x15,
    0xfb, 0x18, 0xe9, 0xd2, 0xfe, 0x8d, 0x65, 0xac, 0x60, 0xe6, 0x9b, 0xd7,
    0xf2, 0x8a, 0x7d, 0x8c, 0x74, 0x69, 0xff, 0xc6, 0x32, 0x56, 0x30, 0xf3,
    0xcd, 0x6b, 0x79, 0xc5, 0x3e, 0x46, 0xba, 0xb4, 0x7f, 0x63, 0x19, 0x2b,
    0x98, 0xf9, 0xe6, 0xb5, 0xbc, 0x62, 0x1f, 0x23, 0x5d, 0xda, 0xbf, 0xb1,
    0x8c, 0x15, 0xcc, 0x7c, 0xf3, 0x9a, 0x5e, 0xb1, 0x90, 0x91, 0x4e, 0xf5,
    0x9f, 0x60, 0xc6, 0x0a, 0x66, 0x3e, 0x69, 0x4d, 0x8f, 0xd8, 0xc7, 0x48,
    0xa7, 0xfa, 0x4f, 0x30, 0x63, 0x05, 0x33, 0x9f, 0xb4, 0xa6, 0x47, 0xec,
    0x63, 0xa4, 0x53, 0xfd, 0x27, 0x98, 0xb1, 0x82, 0x99, 0x4f, 0x5a, 0xd3,
    0x23, 0xf6, 0x31, 0xd2, 0xa9, 0xfe, 0x13, 0xcc, 0x58, 0xc1, 0xcc, 0x27,
    0xad, 0xe9, 0x11, 0xfb, 0x18, 0xe9, 0x54, 0xff, 0x09, 0x66, 0xac, 0x60,
    0xe6, 0x93, 0xd6, 0xf4, 0x88, 0x7d, 0x8c, 0x74, 0xaa, 0xff, 0x04, 0x33,
    0x56, 0x30, 0xf3, 0x49, 0x6b, 0x7a, 0xc4, 0x3e, 0x46, 0x3a, 0xd5, 0x7f,
    0x82, 0x19, 0x2b, 0x98, 0xf9, 0xa4, 0x35, 0x3d, 0x62, 0x1f, 0x23, 0x9d,
    0xea, 0x3f, 0xc1, 0x8c, 0x15, 0xcc, 0x7c, 0xd2, 0xda, 0x1e, 0xb1, 0x90,
    0x91, 0x6e, 0xfd, 0x5f, 0x68, 0xc6, 0x0a, 0x66, 0xbe, 0x58, 0x6d, 0x6f,
    0xd8, 0xc7, 0x48, 0xb7, 0xfe, 0x2f, 0x34, 0x63, 0x05, 0x33, 0x5f, 0xac,
    0xb6, 0x37, 0xec, 0x63, 0xa4, 0x5b, 0xff, 0x17, 0x9a, 0xb1, 0x82, 0x99,
    0x2f, 0x56, 0xdb, 0x1b, 0xf6, 0x31, 0xd2, 0xad, 0xff, 0x0b, 0xcd, 0x58,
    0xc1, 0xcc, 0x17, 0xab, 0xed, 0x0d, 0xfb, 0x18, 0xe9, 0xd6, 0xff, 0x85,
    0x66, 0xac, 0x60, 0xe6, 0x8b, 0xd5, 0xf6, 0x86, 0x7d, 0x8c, 0x74, 0xeb,
    0xff, 0x42, 0x33, 0x56, 0x30, 0xf3, 0xc5, 0x6a, 0x7b, 0xc3, 0x3e, 0x46,
    0xba, 0xf5, 0x7f, 0xa1, 0x19, 0x2b, 0x98, 0xf9, 0x62, 0xb5, 0xbd, 0x61,
    0x1f, 0x23, 0xdd, 0xfa, 0xbf, 0xd0, 0x8c, 0x15, 0xcc, 0x7c, 0xb1, 0x1a,
    0xdf, 0xb0, 0x90, 0x91, 0x8e, 0x07, 0x3c, 0xe0, 0x8c, 0x15, 0xcc, 0x7c,
    0x90, 0x1a, 0x9f, 0xb0, 0x8f, 0x91, 0x8e, 0x07, 0x3c, 0xe0, 0x8c, 0x15,
    0xcc, 0x7c, 0x90, 0x1a, 0x9f, 0xb0, 0x8f, 0x91, 0x8e, 0x07, 0x3c, 0xe0,
    0x8c, 0x15, 0xcc, 0x7c, 0x90, 0x1a, 0x9f, 0xb0, 0x8f, 0x91, 0x8e, 0x07,
    0x3c, 0xe0, 0x8c, 0x15, 0xcc, 0x7c, 0x90, 0x1a, 0x9f, 0xb0, 0x8f, 0x91,
    0x8e, 0x07, 0x3c, 0xe0, 0x8c, 0x15, 0xcc, 0x7c, 0x90, 0x1a, 0x9f, 0xb0,
    0x8f, 0x91, 0x8e, 0x07, 0x3c, 0xe0, 0x8c, 0x15, 0xcc, 0x7c, 0x90, 0x1a,
    0x9f, 0xb0, 0x8f, 0x91, 0x8e, 0x07, 0x3c, 0xe0, 0x8c, 0x15, 0xcc, 0x7c,
    0x90, 0x1a, 0x9f, 0xb0, 0x8f, 0x91, 0x8e, 0x07, 0x3c, 0xe0, 0x8c, 0x15,
    0xcc, 0x7c, 0x90, 0x5a, 0x9f, 0xb0, 0x90, 0x91, 0xae, 0x17, 0x7c, 0xf3,
    0x8c, 0x15, 0xcc, 0xfc, 0x76, 0x5a, 0x5f, 0xb0, 0x8f, 0x91, 0xae, 0x17,
    0x7c, 0xf3, 0x8c, 0x15, 0xcc, 0xfc, 0x76, 0x5a, 0x5f, 0xb0, 0x8f, 0x91,
    0xae, 0x17, 0x7c, 0xf3, 0x8c, 0x15, 0xcc, 0xfc, 0x76, 0x5a, 0x5f, 0xb0,
    0x8f, 0x91, 0xae, 0x17, 0x7c, 0xf3, 0x8c, 0x15, 0xcc, 0xfc, 0x76, 0x5a,
    0x5f, 0xb0, 0x8f, 0x91, 0xae, 0x17, 0x7c, 0xf3, 0x8c, 0x15, 0xcc, 0xfc,
    0x76, 0x5a, 0x5f, 0xb0, 0x8f, 0x91, 0xae, 0x17, 0x7c, 0xf3, 0x8c, 0x15,
    0xcc, 0xfc, 0x76, 0x5a, 0x5f, 0xb0, 0x8f, 0x91, 0xae, 0x17, 0x7c, 0xf3,
    0x8c, 0x15, 0xcc, 0xfc, 0x76, 0x5a, 0x5f, 0xb0, 0x8f, 0x91, 0xae, 0x17,
    0x7c, 0xf3, 0x8c, 0x15, 0xcc, 0xfc, 0x76, 0x9a, 0x5f, 0xb0, 0x90, 0x91,
    0xce, 0x27, 0x7c, 0x02, 0x8d, 0x15, 0xcc, 0xfc, 0x54, 0x9a, 0x1f, 0xb0,
    0x8f, 0x91, 0xce, 0x27, 0x7c, 0x02, 0x8d, 0x15, 0xcc, 0xfc, 0x54, 0x9a,
    0x1f, 0xb0, 0x8f, 0x91, 0xce, 0x27, 0x7c, 0x02, 0x8d, 0x15, 0xcc, 0xfc,
    0x54, 0x9a, 0x1f, 0xb0, 0x8f, 0x91, 0xce, 0x27, 0x7c, 0x02, 0x8d, 0x15,
    0xcc, 0xfc, 0x54, 0x9a, 0x1f, 0xb0, 0x8f, 0x91, 0xce, 0x27, 0x7c, 0x02,
    0x8d, 0x15, 0xcc, 0xfc, 0x54, 0x9a, 0x1f, 0xb0, 0x8f, 0x91, 0xce, 0x27,
    0x7c, 0x02, 0x8d, 0x15, 0xcc, 0xfc, 0x54, 0x9a, 0x1f, 0xb0, 0x8f, 0x91,
    0xce, 0x27, 0x7c, 0x02, 0x8d, 0x15, 0xcc, 0xfc, 0x54, 0x9a, 0x1f, 0xb0,
    0x8f, 0x91, 0xce, 0x27, 0x7c, 0x02, 0x8d, 0x15, 0xcc, 0xfc, 0x54, 0xda,
    0x1f, 0xb0, 0x90, 0x91, 0xee, 0x37, 0x7c, 0x11, 0x8d, 0x15, 0xcc, 0xfc,
    0x32, 0xda, 0xe7, 0xec, 0x63, 0xa4, 0xfb, 0x0d, 0x5f, 0x44, 0x63, 0x05,
    0x33, 0xbf, 0x8c, 0xf6, 0x39, 0xfb, 0x18, 0xe9, 0x7e, 0xc3, 0x17, 0xd1,
    0x58, 0xc1, 0xcc, 0x2f, 0xa3, 0x7d, 0xce, 0x3e, 0x46, 0xba, 0xdf, 0xf0,
    0x45, 0x34, 0x56, 0x30, 0xf3, 0xcb, 0x68, 0x9f, 0xb3, 0x8f, 0x91, 0xee,
    0x37, 0x7c, 0x11, 0x8d, 0x15, 0xcc, 0xfc, 0x32, 0xda, 0xe7, 0xec, 0x63,
    0xa4, 0xfb, 0x0d, 0x5f, 0x44, 0x63, 0x05, 0x33, 0xbf, 0x8c, 0xf6, 0x39,
    0xfb, 0x18, 0xe9, 0x7e, 0xc3, 0x17, 0xd1, 0x58, 0xc1, 0xcc, 0x2f, 0xa3,
    0x7d, 0xce, 0x3e, 0x46, 0xba, 0xdf, 0xf0, 0x45, 0x34, 0x56, 0x30, 0xf3,
    0xcb, 0x48, 0xc8, 0x59, 0xc8, 0x48, 0x85, 0x11, 0x1f, 0x48, 0x63, 0x05,
    0x33, 0x3f, 0x84, 0x84, 0x98, 0x7d, 0x8c, 0x54, 0x18, 0xf1, 0x81, 0x34,
    0x56, 0x30, 0xf3, 0x43, 0x48, 0x88, 0xd9, 0xc7, 0x48, 0x85, 0x11, 0x1f,
    0x48, 0x63, 0x05, 0x33, 0x3f, 0x84, 0x84, 0x98, 0x7d, 0x8c, 0x54, 0x18,
    0xf1, 0x81, 0x34, 0x56, 0x30, 0xf3, 0x43, 0x48, 0x88, 0xd9, 0xc7, 0x48,
    0x85, 0x11, 0x1f, 0x48, 0x63, 0x05, 0x33, 0x3f, 0x84, 0x84, 0x98, 0x7d,
    0x8c, 0x54, 0x18, 0xf1, 0x81, 0x34, 0x56, 0x30, 0xf3, 0x43, 0x48, 0x88,
    0xd9, 0xc7, 0x48, 0x85, 0x11, 0x1f, 0x48, 0x63, 0x05, 0x33, 0x3f, 0x84,
    0x84, 0x98, 0x7d, 0x8c, 0x54, 0x18, 0xf1, 0x81, 0x34, 0x56, 0x30, 0xf3,
    0x43, 0xc8, 0x88, 0x59, 0xc8, 0x48, 0x8d, 0x15, 0xcc, 0x34, 0x56, 0x30,
    0x93, 0x7d, 0x8c, 0x94, 0x7d, 0x8c, 0xd4, 0x58, 0xc1, 0x4c, 0x63, 0x05,
    0x33, 0xd9, 0xc7, 0x48, 0xd9, 0xc7, 0x48, 0x8d, 0x15, 0xcc, 0x34, 0x56,
    0x30, 0x93, 0x7d, 0x8c, 0x94, 0x7d, 0x8c, 0xd4, 0x58, 0xc1, 0x4c, 0x63,
    0x05, 0x33, 0xd9, 0xc7, 0x48, 0xd9, 0xc7, 0x48, 0x8d, 0x15, 0xcc, 0x34,
    0x56, 0x30, 0x93, 0x7d, 0x8c, 0x94, 0x7d, 0x8c, 0xd4, 0x58, 0xc1, 0x4c,
    0x63, 0x05, 0x33, 0xd9, 0xc7, 0x48, 0xd9, 0xc7, 0x48, 0x8d, 0x15, 0xcc,
    0x34, 0x56, 0x30, 0x93, 0x7d, 0x8c, 0x94, 0x7d, 0x8c, 0xd4, 0x58, 0xc1,
    0x4c, 0x63, 0x05, 0x33, 0xd9, 0xe7, 0x97, 0xa4, 0xfc, 0x04, 0x46, 0xfa,
    0xf3, 0x0f, 0x67, 0xac, 0x60, 0xe6, 0xdf, 0x46, 0xe3, 0x05, 0xf8, 0xcd,
    0x8d, 0xd4, 0x58, 0xc1, 0x4c, 0x63, 0x05, 0x33, 0xd9, 0xc7, 0x48, 0xd9,
    0xc7, 0x48, 0x8d, 0x15, 0xcc, 0x34, 0x56, 0x30, 0x93, 0x7d, 0x8c, 0x94,
    0x7d, 0x8c, 0xd4, 0x58, 0xc1, 0x4c, 0x63, 0x05, 0x33, 0xd9, 0xc7, 0x48,
    0xd9, 0xc7, 0x48, 0x8d, 0x15, 0xcc, 0x34, 0x56, 0x30, 0x93, 0x7d, 0x8c,
    0x94, 0x7d, 0x8c, 0xd4, 0x58, 0xc1, 0x4c, 0x63, 0x05, 0x33, 0xd9, 0xc7,
    0x48, 0xd9, 0xc7, 0x48, 0x8d, 0x15, 0xcc, 0x34, 0x56, 0x30, 0x93, 0x7d,
    0x8c, 0x94, 0x7d, 0x8c, 0xd4, 0x58, 0xf1, 0xc1, 0x34, 0x66, 0x30, 0xf3,
    0x43, 0x48, 0x88, 0xd9, 0xc7, 0x48, 0x85, 0x11, 0x1f, 0x48, 0x63, 0x05,
    0x33, 0x3f, 0x84, 0x84, 0x98, 0x7d, 0x8c, 0x54, 0x18, 0xf1, 0x81, 0x34,
    0x56, 0x30, 0xf3, 0x43, 0x48, 0x88, 0xd9, 0xc7, 0x48, 0x85, 0x11, 0x1f,
    0x48, 0x63, 0x05, 0x33, 0x3f, 0x84, 0x84, 0x98, 0x7d, 0x8c, 0x54, 0x18,
    0xf1, 0x81, 0x34, 0x56, 0x30, 0xf3, 0x43, 0x48, 0x88, 0xd9, 0xc7, 0x48,
    0x85, 0x11, 0x1f, 0x48, 0x63, 0x05, 0x33, 0x3f, 0x84, 0x84, 0x98, 0x7d,
    0x8c, 0x54, 0x18, 0xf1, 0x81, 0x34, 0x56, 0x30, 0xf3, 0x43, 0x48, 0x88,
    0xd9, 0xc7, 0x48, 0x85, 0x11, 0x1f, 0x48, 0x63, 0x05, 0x33, 0x3f, 0x84,
    0x84, 0x98, 0x7d, 0x8c, 0x54, 0x18, 0xf1, 0x85, 0x34, 0x66, 0x30, 0xf3,
    0xcb, 0x68, 0x9f, 0xb3, 0x8f, 0x91, 0xee, 0x37, 0x7c, 0x11, 0x8d, 0x15,
    0xcc, 0xfc, 0x32, 0xda, 0xe7, 0xec, 0x63, 0xa4, 0xfb, 0x0d, 0x5f, 0x44,
    0x63, 0x05, 0x33, 0xbf, 0x8c, 0xf6, 0x39, 0xfb, 0x18, 0xe9, 0x7e, 0xc3,
    0x17, 0xd1, 0x58, 0xc1, 0xcc, 0x2f, 0xa3, 0x7d, 0xce, 0x3e, 0x46, 0xba,
    0xdf, 0xf0, 0x45, 0x34, 0x56, 0x30, 0xf3, 0xcb, 0x68, 0x9f, 0xb3, 0x8f,
    0x91, 0xee, 0x37, 0x7c, 0x11, 0x8d, 0x15, 0xcc, 0xfc, 0x32, 0xda, 0xe7,
    0xec, 0x63, 0xa4, 0xfb, 0x0d, 0x5f, 0x44, 0x63, 0x05, 0x33, 0xbf, 0x8c,
    0xf6, 0x39, 0xfb, 0x18, 0xe9, 0x7e, 0xc3, 0x17, 0xd1, 0x58, 0xc1, 0xcc,
    0x2f, 0xa3, 0x7d, 0xce, 0x3e, 0x46, 0xba, 0xdf, 0xf0, 0x49, 0x34, 0x66,
    0x30, 0xf3, 0x53, 0x69, 0x7e, 0xc0, 0x3e, 0x46, 0x3a, 0x9f, 0xf0, 0x09,
    0x34, 0x56, 0x30, 0xf3, 0x53, 0x69, 0x7e, 0xc0, 0x3e, 0x46, 0x3a, 0x9f,
    0xf0, 0x09, 0x34, 0x56, 0x30, 0xf3, 0x53, 0x69, 0x7e, 0xc0, 0x3e, 0x46,
    0x3a, 0x9f, 0xf0, 0x09, 0x34, 0x56, 0x30, 0xf3, 0x53, 0x69, 0x7e, 0xc0,
    0x3e, 0x46, 0x3a, 0x9f, 0xf0, 0x09, 0x34, 0x56, 0x30, 0xf3, 0x53, 0x69,
    0x7e, 0xc0, 0x3e, 0x46, 0x3a, 0x9f, 0xf0, 0x09, 0x34, 0x56, 0x30, 0xf3,
    0x53, 0x69, 0x7e, 0xc0, 0x3e, 0x46, 0x3a, 0x9f, 0xf0, 0x09, 0x34, 0x56,
    0x30, 0xf3, 0x53, 0x69, 0x7e, 0xc0, 0x3e, 0x46, 0x3a, 0x9f, 0xf0, 0x09,
    0x34, 0x56, 0x30, 0xf3, 0x53, 0x69, 0x7e, 0xc0, 0x3e, 0x46, 0x3a, 0x9f,
    0xf0, 0x0d, 0x34, 0x66, 0x30, 0xf3, 0xdb, 0x69, 0x7d, 0xc1, 0x3e, 0x46,
    0xba, 0x5e, 0xf0, 0xcd, 0x33, 0x56, 0x30, 0xf3, 0xdb, 0x69, 0x7d, 0xc1,
    0x3e, 0x46, 0xba, 0x5e, 0xf0, 0xcd, 0x33, 0x56, 0x30, 0xf3, 0xdb, 0x69,
    0x7d, 0xc1, 0x3e, 0x46, 0xba, 0x5e, 0xf0, 0xcd, 0x33, 0x56, 0x30, 0xf3,
    0xdb, 0x69, 0x7d, 0xc1, 0x3e, 0x46, 0xba, 0x5e, 0xf0, 0xcd, 0x33, 0x56,
    0x30, 0xf3, 0xdb, 0x69, 0x7d, 0xc1, 0x3e, 0x46, 0xba, 0x5e, 0xf0, 0xcd,
    0x33, 0x56, 0x30, 0xf3, 0xdb, 0x69, 0x7d, 0xc1, 0x3e, 0x46, 0xba, 0x5e,
    0xf0, 0xcd, 0x33, 0x56, 0x30, 0xf3, 0xdb, 0x69, 0x7d, 0xc1, 0x3e, 0x46,
    0xba, 0x5e, 0xf0, 0xcd, 0x33, 0x56, 0x30, 0xf3, 0xdb, 0x69, 0x7d, 0xc1,
    0x3e, 0x46, 0xba, 0x5e, 0xf0, 0xc0, 0x33, 0x66, 0x30, 0xf3, 0x41, 0x6a,
    0x7c, 0xc2, 0x3e, 0x46, 0x3a, 0x1e, 0xf0, 0x80, 0x33, 0x56, 0x30, 0xf3,
    0x41, 0x6a, 0x7c, 0xc2, 0x3e, 0x46, 0x3a, 0x1e, 0xf0, 0x80, 0x33, 0x56,
    0x30, 0xf3, 0x41, 0x6a, 0x7c, 0xc2, 0x3e, 0x46, 0x3a, 0x1e, 0xf0, 0x80,
    0x33, 0x56, 0x30, 0xf3, 0x41, 0x6a, 0x7c, 0xc2, 0x3e, 0x46, 0x3a, 0x1e,
    0xf0, 0x80, 0x33, 0x56, 0x30, 0xf3, 0x41, 0x6a, 0x7c, 0xc2, 0x3e, 0x46,
    0x3a, 0x1e, 0xf0, 0x80, 0x33, 0x56, 0x30, 0xf3, 0x41, 0x6a, 0x7c, 0xc2,
    0x3e, 0x46, 0x3a, 0x1e, 0xf0, 0x80, 0x33, 0x56, 0x30, 0xf3, 0x41, 0x6a,
    0x7c, 0xc2, 0x3e, 0x46, 0x3a, 0x1e, 0xf0, 0x80, 0x33, 0x56, 0x30, 0xf3,
    0x41, 0x6a, 0x7c, 0xc2, 0x3e, 0x46, 0x3a, 0x1e, 0xf0, 0x82, 0x33, 0x66,
    0x30, 0xf3, 0xc5, 0x6a, 0x7b, 0xc3, 0x3e, 0x46, 0xba, 0xf5, 0x7f, 0xa1,
    0x19, 0x2b, 0x98, 0xf9, 0x62, 0xb5, 0xbd, 0x61, 0x1f, 0x23, 0xdd, 0xfa,
    0xbf, 0xd0, 0x8c, 0x15, 0xcc, 0x7c, 0xb1, 0xda, 0xde, 0xb0, 0x8f, 0x91,
    0x6e, 0xfd, 0x5f, 0x68, 0xc6, 0x0a, 0x66, 0xbe, 0x58, 0x6d, 0x6f, 0xd8,
    0xc7, 0x48, 0xb7, 0xfe, 0x2f, 0x34, 0x63, 0x05, 0x33, 0x5f, 0xac, 0xb6,
    0x37, 0xec, 0x63, 0xa4, 0x5b, 0xff, 0x17, 0x9a, 0xb1, 0x82, 0x99, 0x2f,
    0x56, 0xdb, 0x1b, 0xf6, 0x31, 0xd2, 0xad, 0xff, 0x0b, 0xcd, 0x58, 0xc1,
    0xcc, 0x17, 0xab, 0xed, 0x0d, 0xfb, 0x18, 0xe9, 0xd6, 0xff, 0x85, 0x66,
    0xac, 0x60, 0xe6, 0x8b, 0xd5, 0xf6, 0x86, 0x7d, 0x8c, 0x74, 0xeb, 0xff,
    0x44, 0x33, 0x66, 0x30, 0xf3, 0x49, 0x6b, 0x7a, 0xc4, 0x3e, 0x46, 0x3a,
    0xd5, 0x7f, 0x82, 0x19, 0x2b, 0x98, 0xf9, 0xa4, 0x35, 0x3d, 0x62, 0x1f,
    0x23, 0x9d, 0xea, 0x3f, 0xc1, 0x8c, 0x15, 0xcc, 0x7c, 0xd2, 0x9a, 0x1e,
    0xb1, 0x8f, 0x91, 0x4e, 0xf5, 0x9f, 0x60, 0xc6, 0x0a, 0x66, 0x3e, 0x69,
    0x4d, 0x8f, 0xd8, 0xc7, 0x48, 0xa7, 0xfa, 0x4f, 0x30, 0x63, 0x05, 0x33,
    0x9f, 0xb4, 0xa6, 0x47, 0xec, 0x63, 0xa4, 0x53, 0xfd, 0x27, 0x98, 0xb1,
    0x82, 0x99, 0x4f, 0x5a, 0xd3, 0x23, 0xf6, 0x31, 0xd2, 0xa9, 0xfe, 0x13,
    0xcc, 0x58, 0xc1, 0xcc, 0x27, 0xad, 0xe9, 0x11, 0xfb, 0x18, 0xe9, 0x54,
    0xff, 0x09, 0x66, 0xac, 0x60, 0xe6, 0x93, 0xd6, 0xf4, 0x88, 0x7d, 0x8c,
    0x74, 0xaa, 0xff, 0x06, 0x33, 0x66, 0x30, 0xf3, 0xcd, 0x6b, 0x79, 0xc5,
    0x3e, 0x46, 0xba, 0xb4, 0x7f, 0x63, 0x19, 0x2b, 0x98, 0xf9, 0xe6, 0xb5,
    0xbc, 0x62, 0x1f, 0x23, 0x5d, 0xda, 0xbf, 0xb1, 0x8c, 0x15, 0xcc, 0x7c,
    0xf3, 0x5a, 0x5e, 0xb1, 0x8f, 0x91, 0x2e, 0xed, 0xdf, 0x58, 0xc6, 0x0a,
    0x66, 0xbe, 0x79, 0x2d, 0xaf, 0xd8, 0xc7, 0x48, 0x97, 0xf6, 0x6f, 0x2c,
    0x63, 0x05, 0x33, 0xdf, 0xbc, 0x96, 0x57, 0xec, 0x63, 0xa4, 0x4b, 0xfb,
    0x37, 0x96, 0xb1, 0x82, 0x99, 0x6f, 0x5e, 0xcb, 0x2b, 0xf6, 0x31, 0xd2,
    0xa5, 0xfd, 0x1b, 0xcb, 0x58, 0xc1, 0xcc, 0x37, 0xaf, 0xe5, 0x15, 0xfb,
    0x18, 0xe9, 0xd2, 0xfe, 0x8d, 0x65, 0xac, 0x60, 0xe6, 0x9b, 0xd7, 0xf2,
    0x8a, 0x7d, 0x8c, 0x74, 0x69, 0xff, 0xc8, 0x32, 0x66, 0x30, 0xf3, 0x51,
    0x6c, 0x78, 0xc6, 0x3e, 0x46, 0x3a, 0x94, 0x7f, 0x44, 0x19, 0x2b, 0x98,
    0xf9, 0x28, 0x36, 0x3c, 0x63, 0x1f, 0x23, 0x1d, 0xca, 0x3f, 0xa2, 0x8c,
    0x15, 0xcc, 0x7c, 0x14, 0x1b, 0x9e, 0xb1, 0x8f, 0x91, 0x0e, 0xe5, 0x1f,
    0x51, 0xc6, 0x0a, 0x66, 0x3e, 0x8a, 0x0d, 0xcf, 0xd8, 0xc7, 0x48, 0x87,
    0xf2, 0x8f, 0x28, 0x63, 0x05, 0x33, 0x1f, 0xc5, 0x86, 0x67, 0xec, 0x63,
    0xa4, 0x43, 0xf9, 0x47, 0x94, 0xb1, 0x82, 0x99, 0x8f, 0x62, 0xc3, 0x33,
    0xf6, 0x31, 0xd2, 0xa1, 0xfc, 0x23, 0xca, 0x58, 0xc1, 0xcc, 0x47, 0xb1,
    0xe1, 0x19, 0xfb, 0x18, 0xe9, 0x50, 0xfe, 0x11, 0x65, 0xac, 0x60, 0xe6,
    0xa3, 0xd8, 0xf0, 0x8c, 0x7d, 0x8c, 0x74, 0x28, 0xff, 0x8a, 0x32, 0x66,
    0x30, 0xf3, 0xd5, 0x6c, 0x77, 0xc7, 0x3e, 0x46, 0xba, 0x73, 0x7f, 0x25,
    0x19, 0x2b, 0x98, 0xf9, 0x6a, 0xb6, 0xbb, 0x63, 0x1f, 0x23, 0xdd, 0xb9,
    0xbf, 0x92, 0x8c, 0x15, 0xcc, 0x7c, 0x35, 0xdb, 0xdd, 0xb1, 0x8f, 0x91,
    0xee, 0xdc, 0x5f, 0x49, 0xc6, 0x0a, 0x66, 0xbe, 0x9a, 0xed, 0xee, 0xd8,
    0xc7, 0x48, 0x77, 0xee, 0xaf, 0x24, 0x63, 0x05, 0x33, 0x5f, 0xcd, 0x76,
    0x77, 0xec, 0x63, 0xa4, 0x3b, 0xf7, 0x57, 0x92, 0xb1, 0x82, 0x99, 0xaf,
    0x66, 0xbb, 0x3b, 0xf6, 0x31, 0xd2, 0x9d, 0xfb, 0x2b, 0xc9, 0x58, 0xc1,
    0xcc, 0x57, 0xb3, 0xdd, 0x1d, 0xfb, 0x18, 0xe9, 0xce, 0xfd, 0x95, 0x64,
    0xac, 0x60, 0xe6, 0xab, 0xd9, 0xee, 0x8e, 0x7d, 0x8c, 0x74, 0xe7, 0xfe,
    0x4c, 0x32, 0x66, 0x30, 0xf3, 0x59, 0x6d, 0x76, 0xc8, 0x3e, 0x46, 0x3a,
    0x53, 0x7f, 0x06, 0x19, 0x2b, 0x98, 0xf9, 0xac, 0x36, 0x3b, 0x64, 0x1f,
    0x23, 0x9d, 0xa9, 0x3f, 0x83, 0x8c, 0x15, 0xcc, 0x7c, 0x56, 0x9b, 0x1d,
    0xb2, 0x8f, 0x91, 0xce, 0xd4, 0x9f, 0x41, 0xc6, 0x0a, 0x66, 0x3e, 0xab,
    0xcd, 0x0e, 0xd9, 0xc7, 0x48, 0x67, 0xea, 0xcf, 0x20, 0x63, 0x05, 0x33,
    0x9f, 0xd5, 0x66, 0x87, 0xec, 0x63, 0xa4, 0x33, 0xf5, 0x67, 0x90, 0xb1,
    0x82, 0x99, 0xcf, 0x6a, 0xb3, 0x43, 0xf6, 0x31, 0xd2, 0x99, 0xfa, 0x33,
    0xc8, 0x58, 0xc1, 0xcc, 0x67, 0xb5, 0xd9, 0x21, 0xfb, 0x18, 0xe9, 0x4c,
    0xfd, 0x19, 0x64, 0xac, 0x60, 0xe6, 0xb3, 0xda, 0xec, 0x90, 0x7d, 0x8c,
    0x74, 0xa6, 0xfe, 0x0e, 0x32, 0x66, 0x30, 0xf3, 0xdd, 0x6d, 0x75, 0xc9,
    0x3e, 0x46, 0xba, 0x32, 0x7f, 0xe7, 0x18, 0x2b, 0x98, 0xf9, 0xee, 0xb6,
    0xba, 0x64, 0x1f, 0x23, 0x5d, 0x99, 0xbf, 0x73, 0x8c, 0x15, 0xcc, 0x7c,
    0x77, 0x5b, 0x5d, 0xb2, 0x8f, 0x91, 0xae, 0xcc, 0xdf, 0x39, 0xc6, 0x0a,
    0x66, 0xbe, 0xbb, 0xad, 0x2e, 0xd9, 0xc7, 0x48, 0x57, 0xe6, 0xef, 0x1c,
    0x63, 0x05, 0x33, 0xdf, 0xdd, 0x56, 0x97, 0xec, 0x63, 0xa4, 0x2b, 0xf3,
    0x77, 0x8e, 0xb1, 0x82, 0x99, 0xef, 0x6e, 0xab, 0x4b, 0xf6, 0x31, 0xd2,
    0x95, 0xf9, 0x3b, 0xc7, 0x58, 0xc1, 0xcc, 0x77, 0xb7, 0xd5, 0x25, 0xfb,
    0x18, 0xe9, 0xca, 0xfc, 0x9d, 0x63, 0xac, 0x60, 0xe6, 0xbb, 0xdb, 0xea,
    0x92, 0x7d, 0x8c, 0x74, 0x65, 0x7e, 0xe0, 0x18, 0x33, 0x98, 0x79, 0x90,
    0x1b, 0x9d, 0xb2, 0x8f, 0x91, 0x8e, 0xc4, 0x0f, 0x18, 0x63, 0x05, 0x33,
    0x0f, 0x72, 0xa3, 0x53, 0xf6, 0x31, 0xd2, 0x91, 0xf8, 0x01, 0x63, 0xac,
    0x60, 0xe6, 0x41, 0x6e, 0x74, 0xca, 0x3e, 0x46, 0x3a, 0x12, 0x3f, 0x60,
    0x8c, 0x15, 0xcc, 0x3c, 0xc8, 0x8d, 0x4e, 0xd9, 0xc7, 0x48, 0x47, 0xe2,
    0x07, 0x8c, 0xb1, 0x82, 0x99, 0x07, 0xb9, 0xd1, 0x29, 0xfb, 0x18, 0xe9,
    0x48, 0xfc, 0x80, 0x31, 0x56, 0x30, 0xf3, 0x20, 0x37, 0x3a, 0x65, 0x1f,
    0x23, 0x1d, 0x89, 0x1f, 0x30, 0xc6, 0x0a, 0x66, 0x1e, 0xe4, 0x46, 0xa7,
    0xec, 0x63, 0xa4, 0x23, 0xf1, 0x03, 0xc6, 0x58, 0xc1, 0xcc, 0x83, 0xdc,
    0xe8, 0x94, 0x7d, 0x8c, 0x74, 0x24, 0x7e, 0xc1, 0x18, 0x33, 0x98, 0x79,
    0xb1, 0xdb, 0xdc, 0xb2, 0x8f, 0x91, 0x6e, 0xbc, 0x2f, 0x14, 0x63, 0x05,
    0x33, 0x2f, 0x76, 0x9b, 0x5b, 0xf6, 0x31, 0xd2, 0x8d, 0xf7, 0x85, 0x62,
    0xac, 0x60, 0xe6, 0xc5, 0x6e, 0x73, 0xcb, 0x3e, 0x46, 0xba, 0xf1, 0xbe,
    0x50, 0x8c, 0x15, 0xcc, 0xbc, 0xd8, 0x6d, 0x6e, 0xd9, 0xc7, 0x48, 0x37,
    0xde, 0x17, 0x8a, 0xb1, 0x82, 0x99, 0x17, 0xbb, 0xcd, 0x2d, 0xfb, 0x18,
    0xe9, 0xc6, 0xfb, 0x42, 0x31, 0x56, 0x30, 0xf3, 0x62, 0xb7, 0xb9, 0x65,
    0x1f, 0x23, 0xdd, 0x78, 0x5f, 0x28, 0xc6, 0x0a, 0x66, 0x5e, 0xec, 0x36,
    0xb7, 0xec, 0x63, 0xa4, 0x1b, 0xef, 0x0b, 0xc5, 0x58, 0xc1, 0xcc, 0x8b,
    0xdd, 0xe6, 0x96, 0x7d, 0x8c, 0x74, 0xe3, 0x7d, 0xa2, 0x18, 0x33, 0x98,
    0x79, 0xd2, 0x9b, 0x1c, 0xb3, 0x8f, 0x91, 0x4e, 0xb4, 0x4f, 0x10, 0x63,
    0x05, 0x33, 0x4f, 0x7a, 0x93, 0x63, 0xf6, 0x31, 0xd2, 0x89, 0xf6, 0x09,
    0x62, 0xac, 0x60, 0xe6, 0x49, 0x6f, 0x72, 0xcc, 0x3e, 0x46, 0x3a, 0xd1,
    0x3e, 0x41, 0x8c, 0x15, 0xcc, 0x3c, 0xe9, 0x4d, 0x8e, 0xd9, 0xc7, 0x48,
    0x27, 0xda, 0x27, 0x88, 0xb1, 0x82, 0x99, 0x27, 0xbd, 0xc9, 0x31, 0xfb,
    0x18, 0xe9, 0x44, 0xfb, 0x04, 0x31, 0x56, 0x30, 0xf3, 0xa4, 0x37, 0x39,
    0x66, 0x1f, 0x23, 0x9d, 0x68, 0x9f, 0x20, 0xc6, 0x0a, 0x66, 0x9e, 0xf4,
    0x26, 0xc7, 0xec, 0x63, 0xa4, 0x13, 0xed, 0x13, 0xc4, 0x58, 0xc1, 0xcc,
    0x93, 0xde, 0xe4, 0x98, 0x7d, 0x8c, 0x74, 0xa2, 0x7d, 0x83, 0x18, 0x33,
    0x98, 0x79, 0xf3, 0x5b, 0x5c, 0xb3, 0x8f, 0x91, 0x2e, 0xac, 0x6f, 0x0c,
    0x63, 0x05, 0x33, 0x6f, 0x7e, 0x8b, 0x6b, 0xf6, 0x31, 0xd2, 0x85, 0xf5,
    0x8d, 0x61, 0xac, 0x60, 0xe6, 0xcd, 0x6f, 0x71, 0xcd, 0x3e, 0x46, 0xba,
    0xb0, 0xbe, 0x31, 0x8c, 0x15, 0xcc, 0xbc, 0xf9, 0x2d, 0xae, 0xd9, 0xc7,
    0x48, 0x17, 0xd6, 0x37, 0x86, 0xb1, 0x82, 0x99, 0x37, 0xbf, 0xc5, 0x35,
    0xfb, 0x18, 0xe9, 0xc2, 0xfa, 0xc6, 0x30, 0x56, 0x30, 0xf3, 0xe6, 0xb7,
    0xb8, 0x66, 0x1f, 0x23, 0x5d, 0x58, 0xdf, 0x18, 0xc6, 0x0a, 0x66, 0xde,
    0xfc, 0x16, 0xd7, 0xec, 0x63, 0xa4, 0x0b, 0xeb, 0x1b, 0xc3, 0x58, 0xc1,
    0xcc, 0x9b, 0xdf, 0xe2, 0x9a, 0x7d, 0x8c, 0x74, 0x61, 0x7d, 0x64, 0x18,
    0x33, 0x98, 0x79, 0x14, 0x1c, 0x9c, 0xb3, 0x8f, 0x91, 0x0e, 0xa4, 0x8f,
    0x08, 0x63, 0x05, 0x33, 0x8f, 0x82, 0x83, 0x73, 0xf6, 0x31, 0xd2, 0x81,
    0xf4, 0x11, 0x61, 0xac, 0x60, 0xe6, 0x51, 0x70, 0x70, 0xce, 0x3e, 0x46,
    0x3a, 0x90, 0x3e, 0x22, 0x8c, 0x15, 0xcc, 0x3c, 0x0a, 0x0e, 0xce, 0xd9,
    0xc7, 0x48, 0x07, 0xd2, 0x47, 0x84, 0xb1, 0x82, 0x99, 0x47, 0xc1, 0xc1,
    0x39, 0xfb, 0x18, 0xe9, 0x40, 0xfa, 0x88, 0x30, 0x56, 0x30, 0xf3, 0x28,
    0x38, 0x38, 0x67, 0x1f, 0x23, 0x1d, 0x48, 0x1f, 0x11, 0xc6, 0x0a, 0x66,
    0x1e, 0x05, 0x07, 0xe7, 0xec, 0x63, 0xa4, 0x03, 0xe9, 0x23, 0xc2, 0x58,
    0xc1, 0xcc, 0xa3, 0xe0, 0xe0, 0x9c, 0x7d, 0x8c, 0x74, 0x20, 0x7d, 0x45,
    0x18, 0x33, 0x98, 0x79, 0x35, 0xec, 0xef, 0xd9, 0xc7, 0x48, 0x7b, 0xe7,
    0x2b, 0xc1, 0x58, 0xc1, 0xcc, 0xab, 0x61, 0x7f, 0xcf, 0x3e, 0x46, 0xda,
    0x3b, 0x5f, 0x09, 0xc6, 0x0a, 0x66, 0x5e, 0x0d, 0xfb, 0x7b, 0xf6, 0x31,
    0xd2, 0xde, 0xf9, 0x4a, 0x30, 0x56, 0x30, 0xf3, 0x6a, 0xd8, 0xdf, 0xb3,
    0x8f, 0x91, 0xf6, 0xce, 0x57, 0x82, 0xb1, 0x82, 0x99, 0x57, 0xc3, 0xfe,
    0x9e, 0x7d, 0x8c, 0xb4, 0x77, 0xbe, 0x12, 0x8c, 0x15, 0xcc, 0xfc, 0xcf,
    0x1e, 0x19, 0x24, 0x07, 0x12, 0x03, 0x21, 0x2c, 0xff, 0x7f, 0xf5, 0xfe,
    0x40, 0xe3, 0x06, 0x94, 0x43, 0x6a, 0xcf, 0x34, 0x2a, 0x61, 0x5f, 0x0d,
    0xfb, 0x7b, 0xf6, 0x31, 0xd2, 0xde, 0xf9, 0x4a, 0x30, 0x56, 0x30, 0xf3,
    0x6a, 0xd8, 0xdf, 0xb3, 0x8f, 0x91, 0xf6, 0xce, 0x57, 0x82, 0xb1, 0x82,
    0x99, 0x57, 0xc3, 0xfe, 0x9e, 0x7d, 0x8c, 0xb4, 0x77, 0x3e, 0x13, 0x8c,
    0x19, 0xcc, 0x3c, 0x2b, 0xd6, 0x05, 0xf6, 0x31, 0xd2, 0x5a, 0xf9, 0x0c,
    0x30, 0x56, 0x30, 0xf3, 0xac, 0x58, 0x17, 0xd8, 0xc7, 0x48, 0x6b, 0xe5,
    0x33, 0xc0, 0x58, 0xc1, 0xcc, 0xb3, 0x62, 0x5d, 0x60, 0x1f, 0x23, 0xad,
    0x95, 0xcf, 0x00, 0x63, 0x05, 0x33, 0xcf, 0x8a, 0x75, 0x81, 0x7d, 0x8c,
    0xb4, 0x56, 0x3e, 0x03, 0x8c, 0x15, 0xcc, 0x3c, 0x2b, 0xd6, 0x05, 0xf6,
    0x31, 0xd2, 0x5a, 0xf9, 0x0c, 0x30, 0x56, 0x30, 0xf3, 0xac, 0x58, 0x17,
    0xd8, 0xc7, 0x48, 0x6b, 0xe5, 0x33, 0xc0, 0x58, 0xc1, 0xcc, 0xb3, 0x62,
    0x5d, 0x60, 0x1f, 0x23, 0xad, 0x95, 0xcf, 0x00, 0x63, 0x05, 0x33, 0xcf,
    0x8a, 0x75, 0x81, 0x7d, 0x8c, 0xb4, 0x56, 0xbe, 0x03, 0x8c, 0x19, 0xcc,
    0xbc, 0x3b, 0xb6, 0x0d, 0xf6, 0x31, 0xd2, 0xd6, 0xf8, 0xde, 0x37, 0x56,
    0x30, 0xf3, 0xee, 0xd8, 0x36, 0xd8, 0xc7, 0x48, 0x5b, 0xe3, 0x7b, 0xdf,
    0x58, 0xc1, 0xcc, 0xbb, 0x63, 0xdb, 0x60, 0x1f, 0x23, 0x6d, 0x8d, 0xef,
    0x7d, 0x63, 0x05, 0x33, 0xef, 0x8e, 0x6d, 0x83, 0x7d, 0x8c, 0xb4, 0x35,
    0xbe, 0xf7, 0x8d, 0x15, 0xcc, 0xbc, 0x3b, 0xb6, 0x0d, 0xf6, 0x31, 0xd2,
    0xd6, 0xf8, 0xde, 0x37, 0x56, 0x30, 0xf3, 0xee, 0xd8, 0x36, 0xd8, 0xc7,
    0x48, 0x5b, 0xe3, 0x7b, 0xdf, 0x58, 0xc1, 0xcc, 0xbb, 0x63, 0xdb, 0x60,
    0x1f, 0x23, 0x6d, 0x8d, 0xef, 0x7d, 0x63, 0x05, 0x33, 0xef, 0x8e, 0x6d,
    0x83, 0x7d, 0x8c, 0xb4, 0x35, 0x0e, 0xfa, 0xc6, 0x0c, 0x66, 0x06, 0x92,
    0x65, 0x85, 0x7d, 0x8c, 0xb4, 0x14, 0x0e, 0xea, 0xc6, 0x0a, 0x66, 0x06,
    0x92, 0x65, 0x85, 0x7d, 0x8c, 0xb4, 0x14, 0x0e, 0xea, 0xc6, 0x0a, 0x66,
    0x06, 0x92, 0x65, 0x85, 0x7d, 0x8c, 0xb4, 0x14, 0x0e, 0xea, 0xc6, 0x0a,
    0x66, 0x06, 0x92, 0x65, 0x85, 0x7d, 0x8c, 0xb4, 0x14, 0x0e, 0xea, 0xc6,
    0x0a, 0x66, 0x06, 0x92, 0x65, 0x85, 0x7d, 0x8c, 0xb4, 0x14, 0x0e, 0xea,
    0xc6, 0x0a, 0x66, 0x06, 0x92, 0x65, 0x85, 0x7d, 0x8c, 0xb4, 0x14, 0x0e,
    0xea, 0xc6, 0x0a, 0x66, 0x06, 0x92, 0x65, 0x85, 0x7d, 0x8c, 0xb4, 0x14,
    0x0e, 0xea, 0xc6, 0x0a, 0x66, 0x06, 0x92, 0x65, 0x85, 0x7d, 0x8c, 0xb4,
    0x14, 0x4e, 0xea, 0xc6, 0x0c, 0x66, 0x26, 0x96, 0x5d, 0x87, 0x7d, 0x8c,
    0xb4, 0xf3, 0x4d, 0xda, 0xc6, 0x0a, 0x66, 0x26, 0x96, 0x5d, 0x87, 0x7d,
    0x8c, 0xb4, 0xf3, 0x4d, 0xda, 0xc6, 0x0a, 0x66, 0x26, 0x96, 0x5d, 0x87,
    0x7d, 0x8c, 0xb4, 0xf3, 0x4d, 0xda, 0xc6, 0x0a, 0x66, 0x26, 0x96, 0x5d,
    0x87, 0x7d, 0x8c, 0xb4, 0xf3, 0x4d, 0xda, 0xc6, 0x0a, 0x66, 0x26, 0x96,
    0x5d, 0x87, 0x7d, 0x8c, 0xb4, 0xf3, 0x4d, 0xda, 0xc6, 0x0a, 0x66, 0x26,
    0x96, 0x5d, 0x87, 0x7d, 0x8c, 0xb4, 0xf3, 0x4d, 0xda, 0xc6, 0x0a, 0x66,
    0x26, 0x96, 0x5d, 0x87, 0x7d, 0x8c, 0xb4, 0xf3, 0x4d, 0xda, 0xc6, 0x0a,
    0x66, 0x26, 0x96, 0x5d, 0x87, 0x7d, 0x8c, 0xb4, 0xf3, 0x8d, 0xda, 0xc6,
    0x0c, 0x66, 0x46, 0x9a, 0x55, 0x89, 0x7d, 0x8c, 0xb4, 0xd2, 0x8d, 0xca,
    0xc6, 0x0a, 0x66, 0x46, 0x9a, 0x55, 0x89, 0x7d, 0x8c, 0xb4, 0xd2, 0x8d,
    0xca, 0xc6, 0x0a, 0x66, 0x46, 0x9a, 0x55, 0x89, 0x7d, 0x8c, 0xb4, 0xd2,
    0x8d, 0xca, 0xc6, 0x0a, 0x66, 0x46, 0x9a, 0x55, 0x89, 0x7d, 0x8c, 0xb4,
    0xd2, 0x8d, 0xca, 0xc6, 0x0a, 0x66, 0x46, 0x9a, 0x55, 0x89, 0x7d, 0x8c,
    0xb4, 0xd2, 0x8d, 0xca, 0xc6, 0x0a, 0x66, 0x46, 0x9a, 0x55, 0x89, 0x7d,
    0x8c, 0xb4, 0xd2, 0x8d, 0xca, 0xc6, 0x0a, 0x66, 0x46, 0x9a, 0x55, 0x89,
    0x7d, 0x8c, 0xb4, 0xd2, 0x8d, 0xca, 0xc6, 0x0a, 0x66, 0x46, 0x9a, 0x55,
    0x89, 0x7d, 0x8c, 0xb4, 0xd2, 0xcd, 0xca, 0xc6, 0x0c, 0x66, 0x66, 0x9e,
    0x4d, 0x8b, 0x7d, 0x8c, 0xb4, 0xb1, 0xcd, 0xba, 0xc6, 0x0a, 0x66, 0x66,
    0x9e, 0x4d, 0x8b, 0x7d, 0x8c, 0xb4, 0xb1, 0xcd, 0xba, 0xc6, 0x0a, 0x66,
    0x66, 0x9e, 0x4d, 0x8b, 0x7d, 0x8c, 0xb4, 0xb1, 0xcd, 0xba, 0xc6, 0x0a,
    0x66, 0x66, 0x9e, 0x4d, 0x8b, 0x7d, 0x8c, 0xb4, 0xb1, 0xcd, 0xba, 0xc6,
    0x0a, 0x66, 0x66, 0x9e, 0x4d, 0x8b, 0x7d, 0x8c, 0xb4, 0xb1, 0xcd, 0xba,
    0xc6, 0x0a, 0x66, 0x66, 0x9e, 0x4d, 0x8b, 0x7d, 0x8c, 0xb4, 0xb1, 0xcd,
    0xba, 0xc6, 0x0a, 0x66, 0x66, 0x9e, 0x4d, 0x8b, 0x7d, 0x8c, 0xb4, 0xb1,
    0xcd, 0xba, 0xc6, 0x0a, 0x66, 0x66, 0x9e, 0x4d, 0x8b, 0x7d, 0x8c, 0xb4,
    0xb1, 0x0d, 0xbb, 0xc6, 0x0c, 0x66, 0x86, 0xa2, 0x45, 0x8d, 0x7d, 0x8c,
    0xb4, 0x90, 0x0d, 0xab, 0xc6, 0x0a, 0x66, 0x86, 0xa2, 0x45, 0x8d, 0x7d,
    0x8c, 0xb4, 0x90, 0x0d, 0xab, 0xc6, 0x0a, 0x66, 0x86, 0xa2, 0x45, 0x8d,
    0x7d, 0x8c, 0xb4, 0x90, 0x0d, 0xab, 0xc6, 0x0a, 0x66, 0x86, 0xa2, 0x45,
    0x8d, 0x7d, 0x8c, 0xb4, 0x90, 0x0d, 0xab, 0xc6, 0x0a, 0x66, 0x86, 0xa2,
    0x45, 0x8d, 0x7d, 0x8c, 0xb4, 0x90, 0x0d, 0xab, 0xc6, 0x0a, 0x66, 0x86,
    0xa2, 0x45, 0x8d, 0x7d, 0x8c, 0xb4, 0x90, 0x0d, 0xab, 0xc6, 0x0a, 0x66,
    0x86, 0xa2, 0x45, 0x8d, 0x7d, 0x8c, 0xb4, 0x90, 0x0d, 0xab, 0xc6, 0x0a,
    0x66, 0x86, 0xa2, 0x45, 0x8d, 0x7d, 0x8c, 0xb4, 0x90, 0x4d, 0xab, 0xc6,
    0x0c, 0x66, 0xa6, 0xa6, 0x79, 0x8f, 0x7d, 0x8c, 0x34, 0x77, 0x4d, 0x9b,
    0xc6, 0x0a, 0x66, 0xa6, 0xa6, 0x79, 0x8f, 0x7d, 0x8c, 0x34, 0x77, 0x4d,
    0x9b, 0xc6, 0x0a, 0x66, 0xa6, 0xa6, 0x79, 0x8f, 0x7d, 0x8c, 0x34, 0x77,
    0x4d, 0x9b, 0xc6, 0x0a, 0x66, 0xa6, 0xa6, 0x79, 0x8f, 0x7d, 0x8c, 0x34,
    0x77, 0x4d, 0x9b, 0xc6, 0x0a, 0x66, 0xa6, 0xa6, 0x79, 0x8f, 0x7d, 0x8c,
    0x34, 0x77, 0x4d, 0x9b, 0xc6, 0x0a, 0x66, 0xa6, 0xa6, 0x79, 0x8f, 0x7d,
    0x8c, 0x34, 0x77, 0x4d, 0x9b, 0xc6, 0x0a, 0x66, 0xa6, 0xa6, 0x79, 0x8f,
    0x7d, 0x8c, 0x34, 0x77, 0x4d, 0x9b, 0xc6, 0x0a, 0x66, 0xa6, 0xa6, 0x79,
    0x8f, 0x7d, 0x8c, 0x34, 0x77, 0x8d, 0x9b, 0xc6, 0x0c, 0x66, 0xc6, 0xaa,
    0x71, 0x91, 0x7d, 0x8c, 0x34, 0x56, 0x8d, 0x8b, 0xc6, 0x0a, 0x66, 0xc6,
    0xaa, 0x71, 0x91, 0x7d, 0x8c, 0x34, 0x56, 0x8d, 0x8b, 0xc6, 0x0a, 0x66,
    0xc6, 0xaa, 0x71, 0x91, 0x7d, 0x8c, 0x34, 0x56, 0x8d, 0x8b, 0xc6, 0x0a,
    0x66, 0xc6, 0xaa, 0x71, 0x91, 0x7d, 0x8c, 0x34, 0x56, 0x8d, 0x8b, 0xc6,
    0x0a, 0x66, 0xc6, 0xaa, 0x71, 0x91, 0x7d, 0x8c, 0x34, 0x56, 0x8d, 0x8b,
    0xc6, 0x0a, 0x66, 0xc6, 0xaa, 0x71, 0x91, 0x7d, 0x8c, 0x34, 0x56, 0x8d,
    0x8b, 0xc6, 0x0a, 0x66, 0xc6, 0xaa, 0x71, 0x91, 0x7d, 0x8c, 0x34, 0x56,
    0x8d, 0x8b, 0xc6, 0x0a, 0x66, 0xc6, 0xaa, 0x71, 0x91, 0x7d, 0x8c, 0x34,
    0x56, 0xcd, 0x8b, 0xc6, 0x0c, 0x66, 0xe6, 0xae, 0x69, 0x93, 0x7d, 0x8c,
    0x34, 0x35, 0xcd, 0x7b, 0xc6, 0x0a, 0x66, 0xe6, 0xae, 0x69, 0x93, 0x7d,
    0x8c, 0x34, 0x35, 0xcd, 0x7b, 0xc6, 0x0a, 0x66, 0xe6, 0xae, 0x69, 0x93,
    0x7d, 0x8c, 0x34, 0x35, 0xcd, 0x7b, 0xc6, 0x0a, 0x66, 0xe6, 0xae, 0x69,
    0x93, 0x7d, 0x8c, 0x34, 0x35, 0xcd, 0x7b, 0xc6, 0x0a, 0x66, 0xe6, 0xae,
    0x69, 0x93, 0x7d, 0x8c, 0x34, 0x35, 0xcd, 0x7b, 0xc6, 0x0a, 0x66, 0xe6,
    0xae, 0x69, 0x93, 0x7d, 0x8c, 0x34, 0x35, 0xcd, 0x7b, 0xc6, 0x0a, 0x66,
    0xe6, 0xae, 0x69, 0x93, 0x7d, 0x8c, 0x34, 0x35, 0xcd, 0x7b, 0xc6, 0x0a,
    0x66, 0xe6, 0xae, 0x69, 0x93, 0x7d, 0x8c, 0x34, 0x35, 0x2d, 0x7a, 0xc6,
    0x0c, 0x66, 0x16, 0xb2, 0x61, 0x95, 0x7d, 0x8c, 0x34, 0x14, 0x2d, 0x6a,
    0xc6, 0x0a, 0x66, 0x16, 0xb2, 0x61, 0x95, 0x7d, 0x8c, 0x34, 0x14, 0x2d,
    0x6a, 0xc6, 0x0a, 0x66, 0x16, 0xb2, 0x61, 0x95, 0x7d, 0x8c, 0x34, 0x14,
    0x2d, 0x6a, 0xc6, 0x0a, 0x66, 0x16, 0xb2, 0x61, 0x95, 0x7d, 0x8c, 0x34,
    0x14, 0x2d, 0x6a, 0xc6, 0x0a, 0x66, 0x16, 0xb2, 0x61, 0x95, 0x7d, 0x8c,
    0x34, 0x14, 0x2d, 0x6a, 0xc6, 0x0a, 0x66, 0x16, 0xb2, 0x61, 0x95, 0x7d,
    0x8c, 0x34, 0x14, 0x2d, 0x6a, 0xc6, 0x0a, 0x66, 0x16, 0xb2, 0x61, 0x95,
    0x7d, 0x8c, 0x34, 0x14, 0x2d, 0x6a, 0xc6, 0x0a, 0x66, 0x16, 0xb2, 0x61,
    0x95, 0x7d, 0x8c, 0x34, 0x14, 0x6d, 0x6a, 0xc6, 0x0c, 0x66, 0x36, 0xb6,
    0x59, 0x97, 0x7d, 0x8c, 0x34, 0xf3, 0x6c, 0x5a, 0xc6, 0x0a, 0x66, 0x36,
    0xb6, 0x59, 0x97, 0x7d, 0x8c, 0x34, 0xf3, 0x6c, 0x5a, 0xc6, 0x0a, 0x66,
    0x36, 0xb6, 0x59, 0x97, 0x7d, 0x8c, 0x34, 0xf3, 0x6c, 0x5a, 0xc6, 0x0a,
    0x66, 0x36, 0xb6, 0x59, 0x97, 0x7d, 0x8c, 0x34, 0xf3, 0x6c, 0x5a, 0xc6,
    0x0a, 0x66, 0x36, 0xb6, 0x59, 0x97, 0x7d, 0x8c, 0x34, 0xf3, 0x6c, 0x5a,
    0xc6, 0x0a, 0x66, 0x36, 0xb6, 0x59, 0x97, 0x7d, 0x8c, 0x34, 0xf3, 0x6c,
    0x5a, 0xc6, 0x0a, 0x66, 0x36, 0xb6, 0x59, 0x97, 0x7d, 0x8c, 0x34, 0xf3,
    0x6c, 0x5a, 0xc6, 0x0a, 0x66, 0x36, 0xb6, 0x59, 0x97, 0x7d, 0x8c, 0x34,
    0xf3, 0xac, 0x5a, 0xc6, 0x0c, 0x66, 0x56, 0xba, 0x51, 0x99, 0x7d, 0x8c,
    0x34, 0xd2, 0xac, 0x4a, 0xc6, 0x0a, 0x66, 0x56, 0xba, 0x51, 0x99, 0x7d,
    0x8c, 0x34, 0xd2, 0xac, 0x4a, 0xc6, 0x0a, 0x66, 0x56, 0xba, 0x51, 0x99,
    0x7d, 0x8c, 0x34, 0xd2, 0xac, 0x4a, 0xc6, 0x0a, 0x66, 0x56, 0xba, 0x51,
    0x99, 0x7d, 0x8c, 0x34, 0xd2, 0xac, 0x4a, 0xc6, 0x0a, 0x66, 0x56, 0xba,
    0x51, 0x99, 0x7d, 0x8c, 0x34, 0xd2, 0xac, 0x4a, 0xc6, 0x0a, 0x66, 0x56,
    0xba, 0x51, 0x99, 0x7d, 0x8c, 0x34, 0xd2, 0xac, 0x4a, 0xc6, 0x0a, 0x66,
    0x56, 0xba, 0x51, 0x99, 0x7d, 0x8c, 0x34, 0xd2, 0xac, 0x4a, 0xc6, 0x0a,
    0x66, 0x56, 0xba, 0x51, 0x99, 0x7d, 0x8c, 0x34, 0xd2, 0xec, 0x4a, 0xc6,
    0x0c, 0x66, 0x76, 0xbe, 0x49, 0x9b, 0x7d, 0x8c, 0x34, 0xb1, 0xec, 0x3a,
    0xc6, 0x0a, 0x66, 0x76, 0xbe, 0x49, 0x9b, 0x7d, 0x8c, 0x34, 0xb1, 0xec,
    0x3a, 0xc6, 0x0a, 0x66, 0x76, 0xbe, 0x49, 0x9b, 0x7d, 0x8c, 0x34, 0xb1,
    0xec, 0x3a, 0xc6, 0x0a, 0x66, 0x76, 0xbe, 0x49, 0x9b, 0x7d, 0x8c, 0x34,
    0xb1, 0xec, 0x3a, 0xc6, 0x0a, 0x66, 0x76, 0xbe, 0x49, 0x9b, 0x7d, 0x8c,
    0x34, 0xb1, 0xec, 0x3a, 0xc6, 0x0a, 0x66, 0x76, 0xbe, 0x49, 0x9b, 0x7d,
    0x8c, 0x34, 0xb1, 0xec, 0x3a, 0xc6, 0x0a, 0x66, 0x76, 0xbe, 0x49, 0x9b,
    0x7d, 0x8c, 0x34, 0xb1, 0xec, 0x3a, 0xc6, 0x0a, 0x66, 0x76, 0xbe, 0x49,
    0x9b, 0x7d, 0x8c, 0x34, 0xb1, 0x2c, 0x3b, 0xc6, 0x0c, 0x66, 0x96, 0xc2,
    0x41, 0x9d, 0x7d, 0x8c, 0x34, 0x90, 0x2c, 0x2b, 0xc6, 0x0a, 0x66, 0x96,
    0xc2, 0x41, 0x9d, 0x7d, 0x8c, 0x34, 0x90, 0x2c, 0x2b, 0xc6, 0x0a, 0x66,
    0x96, 0xc2, 0x41, 0x9d, 0x7d, 0x8c, 0x34, 0x90, 0x2c, 0x2b, 0xc6, 0x0a,
    0x66, 0x96, 0xc2, 0x41, 0x9d, 0x7d, 0x8c, 0x34, 0x90, 0x2c, 0x2b, 0xc6,
    0x0a, 0x66, 0x96, 0xc2, 0x41, 0x9d, 0x7d, 0x8c, 0x34, 0x90, 0x2c, 0x2b,
    0xc6, 0x0a, 0x66, 0x96, 0xc2, 0x41, 0x9d, 0x7d, 0x8c, 0x34, 0x90, 0x2c,
    0x2b, 0xc6, 0x0a, 0x66, 0x96, 0xc2, 0x41, 0x9d, 0x7d, 0x8c, 0x34, 0x90,
    0x2c, 0x2b, 0xc6, 0x0a, 0x66, 0x96, 0xc2, 0x41, 0x9d, 0x7d, 0x8c, 0x34,
    0x90, 0x6c, 0x2b, 0xc6, 0x0c, 0x66, 0xb6, 0xc6, 0xf7, 0x3e, 0xfb, 0x18,
    0xe9, 0xdd, 0xb1, 0x6d, 0x18, 0x2b, 0x98, 0xd9, 0x1a, 0xdf, 0xfb, 0xec,
    0x63, 0xa4, 0x77, 0xc7, 0xb6, 0x61, 0xac, 0x60, 0x66, 0x6b, 0x7c, 0xef,
    0xb3, 0x8f, 0x91, 0xde, 0x1d, 0xdb, 0x86, 0xb1, 0x82, 0x99, 0xad, 0xf1,
    0xbd, 0xcf, 0x3e, 0x46, 0x7a, 0x77, 0x6c, 0x1b, 0xc6, 0x0a, 0x66, 0xb6,
    0xc6, 0xf7, 0x3e, 0xfb, 0x18, 0xe9, 0xdd, 0xb1, 0x6d, 0x18, 0x2b, 0x98,
    0xd9, 0x1a, 0xdf, 0xfb, 0xec, 0x63, 0xa4, 0x77, 0xc7, 0xb6, 0x61, 0xac,
    0x60, 0x66, 0x6b, 0x7c, 0xef, 0xb3, 0x8f, 0x91, 0xde, 0x1d, 0xdb, 0x86,
    0xb1, 0x82, 0x99, 0xad, 0xf1, 0xbd, 0xcf, 0x3e, 0x46, 0x7a, 0x77, 0xac,
    0x1b, 0xc6, 0x0c, 0x66, 0xd6, 0xca, 0x67, 0x00, 0xfb, 0x18, 0xe9, 0x59,
    0xb1, 0x2e, 0x18, 0x2b, 0x98, 0x59, 0x2b, 0x9f, 0x01, 0xec, 0x63, 0xa4,
    0x67, 0xc5, 0xba, 0x60, 0xac, 0x60, 0x66, 0xad, 0x7c, 0x06, 0xb0, 0x8f,
    0x91, 0x9e, 0x15, 0xeb, 0x82, 0xb1, 0x82, 0x99, 0xb5, 0xf2, 0x19, 0xc0,
    0x3e, 0x46, 0x7a, 0x56, 0xac, 0x0b, 0xc6, 0x0a, 0x66, 0xd6, 0xca, 0x67,
    0x00, 0xfb, 0x18, 0xe9, 0x59, 0xb1, 0x2e, 0x18, 0x2b, 0x98, 0x59, 0x2b,
    0x9f, 0x01, 0xec, 0x63, 0xa4, 0x67, 0xc5, 0xba, 0x60, 0xac, 0x60, 0x66,
    0xad, 0x7c, 0x06, 0xb0, 0x8f, 0x91, 0x9e, 0x15, 0xeb, 0x82, 0xb1, 0x82,
    0x99, 0xb5, 0xf2, 0x19, 0xc0, 0x3e, 0x46, 0x7a, 0x56, 0xec, 0x0b, 0xc6,
    0x0c, 0x66, 0xf6, 0xce, 0x57, 0x02, 0xfb, 0x18, 0xe9, 0xd5, 0xb0, 0xbf,
    0x37, 0x56, 0x30, 0xb3, 0x77, 0xbe, 0x12, 0xd8, 0xc7, 0x48, 0xaf, 0x86,
    0xfd, 0xbd, 0xb1, 0x82, 0x99, 0xbd, 0xf3, 0x95, 0xc0, 0x3e, 0x46, 0x7a,
    0x35, 0xec, 0xef, 0x8d, 0x15, 0xcc, 0xec, 0x9d, 0xaf, 0x04, 0xf6, 0x31,
    0xd2, 0xab, 0x61, 0x7f, 0x6f, 0xac, 0x60, 0x66, 0xef, 0x7c, 0x25, 0xb0,
    0x8f, 0x91, 0x5e, 0x0d, 0xfb, 0x7b, 0x63, 0x05, 0x33, 0x7b, 0xe7, 0x2b,
    0x81, 0x7d, 0x8c, 0xf4, 0x6a, 0xd8, 0xdf, 0x1b, 0x2b, 0x98, 0xd9, 0x3b,
    0x5f, 0x09, 0xec, 0x63, 0xa4, 0x57, 0xc3, 0xfe, 0xde, 0x58, 0xc1, 0xcc,
    0xde, 0xf9, 0x4a, 0x60, 0x1f, 0x23, 0xbd, 0x1a, 0x0e, 0xee, 0x8d, 0x19,
    0xcc, 0x1c, 0x48, 0x1f, 0x11, 0xec, 0x63, 0xa4, 0x47, 0xc1, 0xc1, 0xb9,
    0xb1, 0x82, 0x99, 0x03, 0xe9, 0x23, 0x82, 0x7d, 0x8c, 0xf4, 0x28, 0x38,
    0x38, 0x37, 0x56, 0x30, 0x73, 0x20, 0x7d, 0x44, 0xb0, 0x8f, 0x91, 0x1e,
    0x05, 0x07, 0xe7, 0xc6, 0x0a, 0x66, 0x0e, 0xa4, 0x8f, 0x08, 0xf6, 0x31,
    0xd2, 0xa3, 0xe0, 0xe0, 0xdc, 0x58, 0xc1, 0xcc, 0x81, 0xf4, 0x11, 0xc1,
    0x3e, 0x46, 0x7a, 0x14, 0x1c, 0x9c, 0x1b, 0x2b, 0x98, 0x39, 0x90, 0x3e,
    0x22, 0xd8, 0xc7, 0x48, 0x8f, 0x82, 0x83, 0x73, 0x63, 0x05, 0x33, 0x07,
    0xd2, 0x47, 0x04, 0xfb, 0x18, 0xe9, 0x51, 0x70, 0x70, 0x6e, 0xac, 0x60,
    0xe6, 0x40, 0xfa, 0x88, 0x60, 0x1f, 0x23, 0xfd, 0x31, 0xa0, 0xcc, 0x3c,
    0xbe, 0xc9, 0xe0, 0x9c, 0x7d, 0x8c, 0x74, 0x20, 0x7d, 0x44, 0x18, 0x2b,
    0x98, 0x79, 0x14, 0x1c, 0x9c, 0xb3, 0x8f, 0x91, 0x0e, 0xa4, 0x8f, 0x08,
    0x63, 0x05, 0x33, 0x8f, 0x82, 0x83, 0x73, 0xf6, 0x31, 0xd2, 0x81, 0xf4,
    0x11, 0x61, 0xac, 0x60, 0xe6, 0x51, 0x70, 0x70, 0xce, 0x3e, 0x46, 0x3a,
    0x90, 0x3e, 0x22, 0x8c, 0x15, 0xcc, 0x3c, 0x0a, 0x0e, 0xce, 0xd9, 0xc7,
    0x48, 0x07, 0xd2, 0x47, 0x84, 0xb1, 0x82, 0x99, 0x47, 0xc1, 0xc1, 0x39,
    0xfb, 0x18, 0xe9, 0x40, 0xfa, 0x88, 0x30, 0x56, 0x30, 0xf3, 0x28, 0x38,
    0x38, 0x67, 0x1f, 0x23, 0x1d, 0x48, 0x1f, 0x11, 0xc6, 0x0a, 0x66, 0x1e,
    0x05, 0x07, 0xe7, 0xec, 0x63, 0xa4, 0x03, 0xe9, 0x2b, 0xc2, 0x98, 0xc1,
    0xcc, 0xab, 0x61, 0x7f, 0xcf, 0x3e, 0x46, 0xda, 0x3b, 0x5f, 0x09, 0xc6,
    0x0a, 0x66, 0x5e, 0x0d, 0xfb, 0x7b, 0xf6, 0x31, 0xd2, 0xde, 0xf9, 0x4a,
    0x30, 0x56, 0x30, 0xf3, 0x6a, 0xd8, 0xdf, 0xb3, 0x8f, 0x91, 0xf6, 0xce,
    0x57, 0x82, 0xb1, 0x82, 0x99, 0x57, 0xc3, 0xfe, 0x9e, 0x7d, 0x8c, 0xb4,
    0x77, 0xbe, 0x12, 0x8c, 0x15, 0xcc, 0xbc, 0x1a, 0xf6, 0xf7, 0xec, 0x63,
    0xa4, 0xbd, 0xf3, 0x95, 0x60, 0xac, 0x60, 0xe6, 0xd5, 0xb0, 0xbf, 0x67,
    0x1f, 0x23, 0xed, 0x9d, 0xaf, 0x04, 0x63, 0x05, 0x33, 0xaf, 0x86, 0xfd,
    0x3d, 0xfb, 0x18, 0x69, 0xef, 0x7c, 0x25, 0x18, 0x2b, 0x98, 0x79, 0x35,
    0xec, 0xef, 0xd9, 0xc7, 0x48, 0x7b, 0xe7, 0x33, 0xc1, 0x98, 0xc1, 0xcc,
    0xb3, 0x62, 0x5d, 0x60, 0x1f, 0x23, 0xad, 0x95, 0xcf, 0x00, 0x63, 0x05,
    0x33, 0xcf, 0x8a, 0x75, 0x81, 0x7d, 0x8c, 0xb4, 0x56, 0x3e, 0x03, 0x8c,
    0x15, 0xcc, 0x3c, 0x2b, 0xd6, 0x05, 0xf6, 0x31, 0xd2, 0x5a, 0xf9, 0x0c,
    0x30, 0xd7, 0xe3, 0xf9, 0x41, 0x00, 0x00, 0x20, 0x00, 0x49, 0x44, 0x41,
    0x54, 0x56, 0x30, 0xf3, 0xac, 0x58, 0x17, 0xd8, 0xc7, 0x48, 0x6b, 0xe5,
    0x33, 0xc0, 0x58, 0xc1, 0xcc, 0xb3, 0x62, 0x5d, 0x60, 0x1f, 0x23, 0xad,
    0x95, 0xcf, 0x00, 0x63, 0x05, 0x33, 0xcf, 0x8a, 0x75, 0x81, 0x7d, 0x8c,
    0xb4, 0x56, 0x3e, 0x03, 0x8c, 0x15, 0xcc, 0x3c, 0x2b, 0xd6, 0x05, 0xf6,
    0x31, 0xd2, 0x5a, 0xf9, 0x0c, 0x30, 0x56, 0x30, 0xf3, 0xac, 0x58, 0x17,
    0xd8, 0xc7, 0x48, 0x6b, 0xe5, 0x3b, 0xc0, 0x98, 0xc1, 0xcc, 0xbb, 0x63,
    0xdb, 0x60, 0x1f, 0x23, 0x6d, 0x8d, 0xef, 0x7d, 0x63, 0x05, 0x33, 0xef,
    0x8e, 0x6d, 0x83, 0x7d, 0x8c, 0xb4, 0x35, 0xbe, 0xf7, 0x8d, 0x15, 0xcc,
    0xbc, 0x3b, 0xb6, 0x0d, 0xf6, 0x31, 0xd2, 0xd6, 0xf8, 0xde, 0x37, 0x56,
    0x30, 0xf3, 0xee, 0xd8, 0x36, 0xd8, 0xc7, 0x48, 0x5b, 0xe3, 0x7b, 0xdf,
    0x58, 0xc1, 0xcc, 0xbb, 0x63, 0xdb, 0x60, 0x1f, 0x23, 0x6d, 0x8d, 0xef,
    0x7d, 0x63, 0x05, 0x33, 0xef, 0x8e, 0x6d, 0x83, 0x7d, 0x8c, 0xb4, 0x35,
    0xbe, 0xf7, 0x8d, 0x15, 0xcc, 0xbc, 0x3b, 0xb6, 0x0d, 0xf6, 0x31, 0xd2,
    0xd6, 0xf8, 0xde, 0x37, 0x56, 0x30, 0xf3, 0xee, 0xd8, 0x36, 0xd8, 0xc7,
    0x48, 0x5b, 0xe3, 0xa0, 0x6f, 0xcc, 0x60, 0x66, 0x20, 0x59, 0x56, 0xd8,
    0xc7, 0x48, 0x4b, 0xe1, 0xa0, 0x6e, 0xac, 0x60, 0x66, 0x20, 0x59, 0x56,
    0xd8, 0xc7, 0x48, 0x4b, 0xe1, 0xa0, 0x6e, 0xac, 0x60, 0x66, 0x20, 0x59,
    0x56, 0xd8, 0xc7, 0x48, 0x4b, 0xe1, 0xa0, 0x6e, 0xac, 0x60, 0x66, 0x20,
    0x59, 0x56, 0xd8, 0xc7, 0x48, 0x4b, 0xe1, 0xa0, 0x6e, 0xac, 0x60, 0x66,
    0x20, 0x59, 0x56, 0xd8, 0xc7, 0x48, 0x4b, 0xe1, 0xa0, 0x6e, 0xac, 0x60,
    0x66, 0x20, 0x59, 0x56, 0xd8, 0xc7, 0x48, 0x4b, 0xe1, 0xa0, 0x6e, 0xac,
    0x60, 0x66, 0x20, 0x59, 0x56, 0xd8, 0xc7, 0x48, 0x4b, 0xe1, 0xa0, 0x6e,
    0xac, 0x60, 0x66, 0x20, 0x59, 0x56, 0xd8, 0xc7, 0x48, 0x4b, 0xe1, 0xa4,
    0x6e, 0xcc, 0x60, 0x66, 0x62, 0xd9, 0x75, 0xd8, 0xc7, 0x48, 0x3b, 0xdf,
    0xa4, 0x6d, 0xac, 0x60, 0x66, 0x62, 0xd9, 0x75, 0xd8, 0xc7, 0x48, 0x3b,
    0xdf, 0xa4, 0x6d, 0xac, 0x60, 0x66, 0x62, 0xd9, 0x75, 0xd8, 0xc7, 0x48,
    0x3b, 0xdf, 0xa4, 0x6d, 0xac, 0x60, 0x66, 0x62, 0xd9, 0x75, 0xd8, 0xc7,
    0x48, 0x3b, 0xdf, 0xa4, 0x6d, 0xac, 0x60, 0x66, 0x62, 0xd9, 0x75, 0xd8,
    0xc7, 0x48, 0x3b, 0xdf, 0xa4, 0x6d, 0xac, 0x60, 0x66, 0x62, 0xd9, 0x75,
    0xd8, 0xc7, 0x48, 0x3b, 0xdf, 0xa4, 0x6d, 0xac, 0x60, 0x66, 0x62, 0xd9,
    0x75, 0xd8, 0xc7, 0x48, 0x3b, 0xdf, 0xa4, 0x6d, 0xac, 0x60, 0x66, 0x62,
    0xd9, 0x75, 0xd8, 0xc7, 0x48, 0x3b, 0xdf, 0xa8, 0x6d, 0xcc, 0x60, 0x66,
    0xa4, 0x59, 0x95, 0xd8, 0xc7, 0x48, 0x2b, 0xdd, 0xa8, 0x6c, 0xac, 0x60,
    0x66, 0xa4, 0x59, 0x95, 0xd8, 0xc7, 0x48, 0x2b, 0xdd, 0xa8, 0x6c, 0xac,
    0x60, 0x66, 0xa4, 0x59, 0x95, 0xd8, 0xc7, 0x48, 0x2b, 0xdd, 0xa8, 0x6c,
    0xac, 0x60, 0x66, 0xa4, 0x59, 0x95, 0xd8, 0xc7, 0x48, 0x2b, 0xdd, 0xa8,
    0x6c, 0xac, 0x60, 0x66, 0xa4, 0x59, 0x95, 0xd8, 0xc7, 0x48, 0x2b, 0xdd,
    0xa8, 0x6c, 0xac, 0x60, 0x66, 0xa4, 0x59, 0x95, 0xd8, 0xc7, 0x48, 0x2b,
    0xdd, 0xa8, 0x6c, 0xac, 0x60, 0x66, 0xa4, 0x59, 0x95, 0xd8, 0xc7, 0x48,
    0x2b, 0xdd, 0xa8, 0x6c, 0xac, 0x60, 0x66, 0xa4, 0x59, 0x95, 0xd8, 0xc7,
    0x48, 0x2b, 0xdd, 0xac, 0x6c, 0xcc, 0x60, 0x66, 0xe6, 0xd9, 0xb4, 0xd8,
    0xc7, 0x48, 0x1b, 0xdb, 0xac, 0x6b, 0xac, 0x60, 0x66, 0xe6, 0xd9, 0xb4,
    0xd8, 0xc7, 0x48, 0x1b, 0xdb, 0xac, 0x6b, 0xac, 0x60, 0x66, 0xe6, 0xd9,
    0xb4, 0xd8, 0xc7, 0x48, 0x1b, 0xdb, 0xac, 0x6b, 0xac, 0x60, 0x66, 0xe6,
    0xd9, 0xb4, 0xd8, 0xc7, 0x48, 0x1b, 0xdb, 0xac, 0x6b, 0xac, 0x60, 0x66,
    0xe6, 0xd9, 0xb4, 0xd8, 0xc7, 0x48, 0x1b, 0xdb, 0xac, 0x6b, 0xac, 0x60,
    0x66, 0xe6, 0xd9, 0xb4, 0xd8, 0xc7, 0x48, 0x1b, 0xdb, 0xac, 0x6b, 0xac,
    0x60, 0x66, 0xe6, 0xd9, 0xb4, 0xd8, 0xc7, 0x48, 0x1b, 0xdb, 0xac, 0x6b,
    0xac, 0x60, 0x66, 0xe6, 0xd9, 0xb4, 0xd8, 0xc7, 0x48, 0x1b, 0xdb, 0xb0,
    0x6b, 0xcc, 0x60, 0x66, 0x28, 0x5a, 0xd4, 0xd8, 0xc7, 0x48, 0x0b, 0xd9,
    0xb0, 0x6a, 0xac, 0x60, 0x66, 0x28, 0x5a, 0xd4, 0xd8, 0xc7, 0x48, 0x0b,
    0xd9, 0xb0, 0x6a, 0xac, 0x60, 0x66, 0x28, 0x5a, 0xd4, 0xd8, 0xc7, 0x48,
    0x0b, 0xd9, 0xb0, 0x6a, 0xac, 0x60, 0x66, 0x28, 0x5a, 0xd4, 0xd8, 0xc7,
    0x48, 0x0b, 0xd9, 0xb0, 0x6a, 0xac, 0x60, 0x66, 0x28, 0x5a, 0xd4, 0xd8,
    0xc7, 0x48, 0x0b, 0xd9, 0xb0, 0x6a, 0xac, 0x60, 0x66, 0x28, 0x5a, 0xd4,
    0xd8, 0xc7, 0x48, 0x0b, 0xd9, 0xb0, 0x6a, 0xac, 0x60, 0x66, 0x28, 0x5a,
    0xd4, 0xd8, 0xc7, 0x48, 0x0b, 0xd9, 0xb0, 0x6a, 0xac, 0x60, 0x66, 0x28,
    0x5a, 0xd4, 0xd8, 0xc7, 0x48, 0x0b, 0xd9, 0xb4, 0x6a, 0xcc, 0x60, 0x66,
    0x6a, 0x9a, 0xf7, 0xd8, 0xc7, 0x48, 0x73, 0xd7, 0xb4, 0x69, 0xac, 0x60,
    0x66, 0x6a, 0x9a, 0xf7, 0xd8, 0xc7, 0x48, 0x73, 0xd7, 0xb4, 0x69, 0xac,
    0x60, 0x66, 0x6a, 0x9a, 0xf7, 0xd8, 0xc7, 0x48, 0x73, 0xd7, 0xb4, 0x69,
    0xac, 0x60, 0x66, 0x6a, 0x9a, 0xf7, 0xd8, 0xc7, 0x48, 0x73, 0xd7, 0xb4,
    0x69, 0xac, 0x60, 0x66, 0x6a, 0x9a, 0xf7, 0xd8, 0xc7, 0x48, 0x73, 0xd7,
    0xb4, 0x69, 0xac, 0x60, 0x66, 0x6a, 0x9a, 0xf7, 0xd8, 0xc7, 0x48, 0x73,
    0xd7, 0xb4, 0x69, 0xac, 0x60, 0x66, 0x6a, 0x9a, 0xf7, 0xd8, 0xc7, 0x48,
    0x73, 0xd7, 0xb4, 0x69, 0xac, 0x60, 0x66, 0x6a, 0x9a, 0xf7, 0xd8, 0xc7,
    0x48, 0x73, 0xd7, 0xb8, 0x69, 0xcc, 0x60, 0x66, 0xac, 0x1a, 0x17, 0xd9,
    0xc7, 0x48, 0x63, 0xd5, 0xb8, 0x68, 0xac, 0x60, 0x66, 0xac, 0x1a, 0x17,
    0xd9, 0xc7, 0x48, 0x63, 0xd5, 0xb8, 0x68, 0xac, 0x60, 0x66, 0xac, 0x1a,
    0x17, 0xd9, 0xc7, 0x48, 0x63, 0xd5, 0xb8, 0x68, 0xac, 0x60, 0x66, 0xac,
    0x1a, 0x17, 0xd9, 0xc7, 0x48, 0x63, 0xd5, 0xb8, 0x68, 0xac, 0x60, 0x66,
    0xac, 0x1a, 0x17, 0xd9, 0xc7, 0x48, 0x63, 0xd5, 0xb8, 0x68, 0xac, 0x60,
    0x66, 0xac, 0x1a, 0x17, 0xd9, 0xc7, 0x48, 0x63, 0xd5, 0xb8, 0x68, 0xac,
    0x60, 0x66, 0xac, 0x1a, 0x17, 0xd9, 0xc7, 0x48, 0x63, 0xd5, 0xb8, 0x68,
    0xac, 0x60, 0x66, 0xac, 0x1a, 0x17, 0xd9, 0xc7, 0x48, 0x63, 0xd5, 0xbc,
    0x68, 0xcc, 0x60, 0x66, 0xee, 0x9a, 0x36, 0xd9, 0xc7, 0x48, 0x53, 0xd3,
    0xbc, 0x67, 0xac, 0x60, 0x66, 0xee, 0x9a, 0x36, 0xd9, 0xc7, 0x48, 0x53,
    0xd3, 0xbc, 0x67, 0xac, 0x60, 0x66, 0xee, 0x9a, 0x36, 0xd9, 0xc7, 0x48,
    0x53, 0xd3, 0xbc, 0x67, 0xac, 0x60, 0x66, 0xee, 0x9a, 0x36, 0xd9, 0xc7,
    0x48, 0x53, 0xd3, 0xbc, 0x67, 0xac, 0x60, 0x66, 0xee, 0x9a, 0x36, 0xd9,
    0xc7, 0x48, 0x53, 0xd3, 0xbc, 0x67, 0xac, 0x60, 0x66, 0xee, 0x9a, 0x36,
    0xd9, 0xc7, 0x48, 0x53, 0xd3, 0xbc, 0x67, 0xac, 0x60, 0x66, 0xee, 0x9a,
    0x36, 0xd9, 0xc7, 0x48, 0x53, 0xd3, 0xbc, 0x67, 0xac, 0x60, 0x66, 0xee,
    0x9a, 0x36, 0xd9, 0xc7, 0x48, 0x53, 0xd3, 0xa2, 0x67, 0xcc, 0x60, 0x66,
    0x21, 0x1b, 0x56, 0xd9, 0xc7, 0x48, 0x43, 0xd1, 0xa2, 0x66, 0xac, 0x60,
    0x66, 0x21, 0x1b, 0x56, 0xd9, 0xc7, 0x48, 0x43, 0xd1, 0xa2, 0x66, 0xac,
    0x60, 0x66, 0x21, 0x1b, 0x56, 0xd9, 0xc7, 0x48, 0x43, 0xd1, 0xa2, 0x66,
    0xac, 0x60, 0x66, 0x21, 0x1b, 0x56, 0xd9, 0xc7, 0x48, 0x43, 0xd1, 0xa2,
    0x66, 0xac, 0x60, 0x66, 0x21, 0x1b, 0x56, 0xd9, 0xc7, 0x48, 0x43, 0xd1,
    0xa2, 0x66, 0xac, 0x60, 0x66, 0x21, 0x1b, 0x56, 0xd9, 0xc7, 0x48, 0x43,
    0xd1, 0xa2, 0x66, 0xac, 0x60, 0x66, 0x21, 0x1b, 0x56, 0xd9, 0xc7, 0x48,
    0x43, 0xd1, 0xa2, 0x66, 0xac, 0x60, 0x66, 0x21, 0x1b, 0x56, 0xd9, 0xc7,
    0x48, 0x43, 0xd1, 0xa6, 0x66, 0xcc, 0x60, 0x66, 0x63, 0x9b, 0x75, 0xd9,
    0xc7, 0x48, 0x33, 0xcf, 0xa6, 0x65, 0xac, 0x60, 0x66, 0x63, 0x9b, 0x75,
    0xd9, 0xc7, 0x48, 0x33, 0xcf, 0xa6, 0x65, 0xac, 0x60, 0x66, 0x63, 0x9b,
    0x75, 0xd9, 0xc7, 0x48, 0x33, 0xcf, 0xa6, 0x65, 0xac, 0x60, 0x66, 0x63,
    0x9b, 0x75, 0xd9, 0xc7, 0x48, 0x33, 0xcf, 0xa6, 0x65, 0xac, 0x60, 0x66,
    0x63, 0x9b, 0x75, 0xd9, 0xc7, 0x48, 0x33, 0xcf, 0xa6, 0x65, 0xac, 0x60,
    0x66, 0x63, 0x9b, 0x75, 0xd9, 0xc7, 0x48, 0x33, 0xcf, 0xa6, 0x65, 0xac,
    0x60, 0x66, 0x63, 0x9b, 0x75, 0xd9, 0xc7, 0x48, 0x33, 0xcf, 0xa6, 0x65,
    0xac, 0x60, 0x66, 0x63, 0x9b, 0x75, 0xd9, 0xc7, 0x48, 0x33, 0xcf, 0xaa,
    0x65, 0xcc, 0x60, 0x66, 0xa5, 0x1b, 0x95, 0xd9, 0xc7, 0x48, 0x23, 0xcd,
    0xaa, 0x64, 0xac, 0x60, 0x66, 0xa5, 0x1b, 0x95, 0xd9, 0xc7, 0x48, 0x23,
    0xcd, 0xaa, 0x64, 0xac, 0x60, 0x66, 0xa5, 0x1b, 0x95, 0xd9, 0xc7, 0x48,
    0x23, 0xcd, 0xaa, 0x64, 0xac, 0x60, 0x66, 0xa5, 0x1b, 0x95, 0xd9, 0xc7,
    0x48, 0x23, 0xcd, 0xaa, 0x64, 0xac, 0x60, 0x66, 0xa5, 0x1b, 0x95, 0xd9,
    0xc7, 0x48, 0x23, 0xcd, 0xaa, 0x64, 0xac, 0x60, 0x66, 0xa5, 0x1b, 0x95,
    0xd9, 0xc7, 0x48, 0x23, 0xcd, 0xaa, 0x64, 0xac, 0x60, 0x66, 0xa5, 0x1b,
    0x95, 0xd9, 0xc7, 0x48, 0x23, 0xcd, 0xaa, 0x64, 0xac, 0x60, 0x66, 0xa5,
    0x1b, 0x95, 0xd9, 0xc7, 0x48, 0x23, 0xcd, 0xae, 0x64, 0xcc, 0x60, 0x66,
    0xe7, 0x9b, 0xb4, 0xd9, 0xc7, 0x48, 0x13, 0xcb, 0xae, 0x63, 0xac, 0x60,
    0x66, 0xe7, 0x9b, 0xb4, 0xd9, 0xc7, 0x48, 0x13, 0xcb, 0xae, 0x63, 0xac,
    0x60, 0x66, 0xe7, 0x9b, 0xb4, 0xd9, 0xc7, 0x48, 0x13, 0xcb, 0xae, 0x63,
    0xac, 0x60, 0x66, 0xe7, 0x9b, 0xb4, 0xd9, 0xc7, 0x48, 0x13, 0xcb, 0xae,
    0x63, 0xac, 0x60, 0x66, 0xe7, 0x9b, 0xb4, 0xd9, 0xc7, 0x48, 0x13, 0xcb,
    0xae, 0x63, 0xac, 0x60, 0x66, 0xe7, 0x9b, 0xb4, 0xd9, 0xc7, 0x48, 0x13,
    0xcb, 0xae, 0x63, 0xac, 0x60, 0x66, 0xe7, 0x9b, 0xb4, 0xd9, 0xc7, 0x48,
    0x13, 0xcb, 0xae, 0x63, 0xac, 0x60, 0x66, 0xe7, 0x9b, 0xb4, 0xd9, 0xc7,
    0x48, 0x13, 0xcb, 0xb2, 0x63, 0xcc, 0x60, 0x66, 0x29, 0x1c, 0xd4, 0xd9,
    0xc7, 0x48, 0x03, 0xc9, 0xb2, 0x62, 0xac, 0x60, 0x66, 0x29, 0x1c, 0xd4,
    0xd9, 0xc7, 0x48, 0x03, 0xc9, 0xb2, 0x62, 0xac, 0x60, 0x66, 0x29, 0x1c,
    0xd4, 0xd9, 0xc7, 0x48, 0x03, 0xc9, 0xb2, 0x62, 0xac, 0x60, 0x66, 0x29,
    0x1c, 0xd4, 0xd9, 0xc7, 0x48, 0x03, 0xc9, 0xb2, 0x62, 0xac, 0x60, 0x66,
    0x29, 0x1c, 0xd4, 0xd9, 0xc7, 0x48, 0x03, 0xc9, 0xb2, 0x62, 0xac, 0x60,
    0x66, 0x29, 0x1c, 0xd4, 0xd9, 0xc7, 0x48, 0x03, 0xc9, 0xb2, 0x62, 0xac,
    0x60, 0x66, 0x29, 0x1c, 0xd4, 0xd9, 0xc7, 0x48, 0x03, 0xc9, 0xb2, 0x62,
    0xac, 0x60, 0x66, 0x29, 0x1c, 0xd4, 0xd9, 0xc7, 0x48, 0x03, 0xc9, 0xb6,
    0x62, 0xcc, 0x60, 0x66, 0x6b, 0x7c, 0xef, 0xb3, 0x8f, 0x91, 0xde, 0x1d,
    0xdb, 0x86, 0xb1, 0x82, 0x99, 0xad, 0xf1, 0xbd, 0xcf, 0x3e, 0x46, 0x7a,
    0x77, 0x6c, 0x1b, 0xc6, 0x0a, 0x66, 0xb6, 0xc6, 0xf7, 0x3e, 0xfb, 0x18,
    0xe9, 0xdd, 0xb1, 0x6d, 0x18, 0x2b, 0x98, 0xd9, 0x1a, 0xdf, 0xfb, 0xec,
    0x63, 0xa4, 0x77, 0xc7, 0xb6, 0x61, 0xac, 0x60, 0x66, 0x6b, 0x7c, 0xef,
    0xb3, 0x8f, 0x91, 0xde, 0x1d, 0xdb, 0x86, 0xb1, 0x82, 0x99, 0xad, 0xf1,
    0xbd, 0xcf, 0x3e, 0x46, 0x7a, 0x77, 0x6c, 0x1b, 0xc6, 0x0a, 0x66, 0xb6,
    0xc6, 0xf7, 0x3e, 0xfb, 0x18, 0xe9, 0xdd, 0xb1, 0x6d, 0x18, 0x2b, 0x98,
    0xd9, 0x1a, 0xdf, 0xfb, 0xec, 0x63, 0xa4, 0x77, 0xc7, 0xba, 0x61, 0xcc,
    0x60, 0x66, 0xad, 0x7c, 0x06, 0xb0, 0x8f, 0x91, 0x9e, 0x15, 0xeb, 0x82,
    0xb1, 0x82, 0x99, 0xb5, 0xf2, 0x19, 0xc0, 0x3e, 0x46, 0x7a, 0x56, 0xac,
    0x0b, 0xc6, 0x0a, 0x66, 0xd6, 0xca, 0x67, 0x00, 0xfb, 0x18, 0xe9, 0x59,
    0xb1, 0x2e, 0x18, 0x2b, 0x98, 0x59, 0x2b, 0x9f, 0x01, 0xec, 0x63, 0xa4,
    0x67, 0xc5, 0xba, 0x60, 0xac, 0x60, 0x66, 0xad, 0x7c, 0x06, 0xb0, 0x8f,
    0x91, 0x9e, 0x15, 0xeb, 0x82, 0xb1, 0x82, 0x99, 0xb5, 0xf2, 0x19, 0xc0,
    0x3e, 0x46, 0x7a, 0x56, 0xac, 0x0b, 0xc6, 0x0a, 0x66, 0xd6, 0xca, 0x67,
    0x00, 0xfb, 0x18, 0xe9, 0x59, 0xb1, 0x2e, 0x18, 0x2b, 0x98, 0x59, 0x2b,
    0x9f, 0x01, 0xec, 0x63, 0xa4, 0x67, 0xc5, 0xbe, 0x60, 0xcc, 0x60, 0x66,
    0xef, 0x7c, 0x25, 0xb0, 0x8f, 0x91, 0x5e, 0x0d, 0xfb, 0x7b, 0x63, 0x05,
    0x33, 0x7b, 0xe7, 0x2b, 0x81, 0x7d, 0x8c, 0xf4, 0x6a, 0xd8, 0xdf, 0x1b,
    0x2b, 0x98, 0xd9, 0x3b, 0x5f, 0x09, 0xec, 0x63, 0xa4, 0x57, 0xc3, 0xfe,
    0xde, 0x58, 0xc1, 0xcc, 0xde, 0xf9, 0x4a, 0x60, 0x1f, 0x23, 0xbd, 0x1a,
    0xf6, 0xf7, 0xc6, 0x0a, 0x66, 0xf6, 0xce, 0x57, 0x02, 0xfb, 0x18, 0xe9,
    0xd5, 0xb0, 0xbf, 0x37, 0x56, 0x30, 0xb3, 0x77, 0xbe, 0x12, 0xd8, 0xc7,
    0x48, 0xaf, 0x86, 0xfd, 0xbd, 0xb1, 0x82, 0x99, 0xbd, 0xf3, 0x95, 0xc0,
    0x3e, 0x46, 0x7a, 0x35, 0xec, 0xef, 0x8d, 0x15, 0xcc, 0xec, 0x9d, 0xaf,
    0x04, 0xf6, 0x31, 0xd2, 0xab, 0xe1, 0xe0, 0xde, 0x98, 0xc1, 0xcc, 0x81,
    0xf4, 0x11, 0xc1, 0x3e, 0x46, 0x7a, 0x14, 0x1c, 0x9c, 0x1b, 0x2b, 0x98,
    0x39, 0x90, 0x3e, 0x22, 0xd8, 0xc7, 0x48, 0x8f, 0x82, 0x83, 0x73, 0x63,
    0x05, 0x33, 0x07, 0xd2, 0x47, 0x04, 0xfb, 0x18, 0xe9, 0x51, 0x70, 0x70,
    0x6e, 0xac, 0x60, 0xe6, 0x40, 0xfa, 0x88, 0x60, 0x1f, 0x23, 0x3d, 0x0a,
    0x0e, 0xce, 0x8d, 0x15, 0xcc, 0x1c, 0x48, 0x1f, 0x11, 0xec, 0x63, 0xa4,
    0x47, 0xc1, 0xc1, 0xb9, 0xb1, 0x82, 0x99, 0x03, 0xe9, 0x23, 0x82, 0x7d,
    0x8c, 0xf4, 0x28, 0x38, 0x38, 0x37, 0x56, 0x30, 0x73, 0x20, 0x7d, 0x44,
    0xb0, 0x8f, 0x91, 0x1e, 0x05, 0x07, 0xe7, 0xc6, 0x0a, 0x66, 0x0e, 0xa4,
    0x8f, 0x08, 0xf6, 0x31, 0xd2, 0xa3, 0xe0, 0xe2, 0xdc, 0x98, 0xc1, 0xcc,
    0x85, 0xf5, 0x8d, 0xc1, 0x3e, 0x46, 0x7a, 0xf3, 0x5b, 0x5c, 0x1b, 0x2b,
    0x98, 0xb9, 0xb0, 0xbe, 0x31, 0xd8, 0xc7, 0x48, 0x6f, 0x7e, 0x8b, 0x6b,
    0x63, 0x05, 0x33, 0x17, 0xd6, 0x37, 0x06, 0xfb, 0x18, 0xe9, 0xcd, 0x6f,
    0x71, 0x6d, 0xac, 0x60, 0xe6, 0xc2, 0xfa, 0xc6, 0x60, 0x1f, 0x23, 0xbd,
    0xf9, 0x2d, 0xae, 0x8d, 0x15, 0xcc, 0x5c, 0x58, 0xdf, 0x18, 0xec, 0x63,
    0xa4, 0x37, 0xbf, 0xc5, 0xb5, 0xb1, 0x82, 0x99, 0x0b, 0xeb, 0x1b, 0x83,
    0x7d, 0x8c, 0xf4, 0xe6, 0xb7, 0xb8, 0x36, 0x56, 0x30, 0x73, 0x61, 0x7d,
    0x63, 0xb0, 0x8f, 0x91, 0xde, 0xfc, 0x16, 0xd7, 0xc6, 0x0a, 0x66, 0x2e,
    0xac, 0x6f, 0x0c, 0xf6, 0x31, 0xd2, 0x9b, 0xdf, 0xe4, 0xda, 0x98, 0xc1,
    0xcc, 0x89, 0xf6, 0x09, 0xc2, 0x3e, 0x46, 0x7a, 0xd2, 0x9b, 0x1c, 0x1b,
    0x2b, 0x98, 0x39, 0xd1, 0x3e, 0x41, 0xd8, 0xc7, 0x48, 0x4f, 0x7a, 0x93,
    0x63, 0x63, 0x05, 0x33, 0x27, 0xda, 0x27, 0x08, 0xfb, 0x18, 0xe9, 0x49,
    0x6f, 0x72, 0x6c, 0xac, 0x60, 0xe6, 0x44, 0xfb, 0x04, 0x61, 0x1f, 0x23,
    0x3d, 0xe9, 0x4d, 0x8e, 0x8d, 0x15, 0xcc, 0x9c, 0x68, 0x9f, 0x20, 0xec,
    0x63, 0xa4, 0x27, 0xbd, 0xc9, 0xb1, 0xb1, 0x82, 0x99, 0x13, 0xed, 0x13,
    0x84, 0x7d, 0x8c, 0xf4, 0xa4, 0x37, 0x39, 0x36, 0x56, 0x30, 0x73, 0xa2,
    0x7d, 0x82, 0xb0, 0x8f, 0x91, 0x9e, 0xf4, 0x26, 0xc7, 0xc6, 0x0a, 0x66,
    0x4e, 0xb4, 0x4f, 0x10, 0xf6, 0x31, 0xd2, 0x93, 0xde, 0xe6, 0xd8, 0x98,
    0xc1, 0xcc, 0x8d, 0xf7, 0x85, 0xc2, 0x3e, 0x46, 0x7a, 0xb1, 0xdb, 0xdc,
    0x1a, 0x2b, 0x98, 0xb9, 0xf1, 0xbe, 0x50, 0xd8, 0xc7, 0x48, 0x2f, 0x76,
    0x9b, 0x5b, 0x63, 0x05, 0x33, 0x37, 0xde, 0x17, 0x0a, 0xfb, 0x18, 0xe9,
    0xc5, 0x6e, 0x73, 0x6b, 0xac, 0x60, 0xe6, 0xc6, 0xfb, 0x42, 0x61, 0x1f,
    0x23, 0xbd, 0xd8, 0x6d, 0x6e, 0x8d, 0x15, 0xcc, 0xdc, 0x78, 0x5f, 0x28,
    0xec, 0x63, 0xa4, 0x17, 0xbb, 0xcd, 0xad, 0xb1, 0x82, 0x99, 0x1b, 0xef,
    0x0b, 0x85, 0x7d, 0x8c, 0xf4, 0x62, 0xb7, 0xb9, 0x35, 0x56, 0x30, 0x73,
    0xe3, 0x7d, 0xa1, 0xb0, 0x8f, 0x91, 0x5e, 0xec, 0x36, 0xb7, 0xc6, 0x0a,
    0x66, 0x6e, 0xbc, 0x2f, 0x14, 0xf6, 0x31, 0xd2, 0x8b, 0xdd, 0xe8, 0xd6,
    0x98, 0xc1, 0xcc, 0x91, 0xf8, 0x01, 0xc3, 0x3e, 0x46, 0x7a, 0x90, 0x1b,
    0x9d, 0x1a, 0x2b, 0x98, 0x39, 0x12, 0x3f, 0x60, 0xd8, 0xc7, 0x48, 0x0f,
    0x72, 0xa3, 0x53, 0x63, 0x05, 0x33, 0x47, 0xe2, 0x07, 0x0c, 0xfb, 0x18,
    0xe9, 0x41, 0x6e, 0x74, 0x6a, 0xac, 0x60, 0xe6, 0x48, 0xfc, 0x80, 0x61,
    0x1f, 0x23, 0x3d, 0xc8, 0x8d, 0x4e, 0x8d, 0x15, 0xcc, 0x1c, 0x89, 0x1f,
    0x30, 0xec, 0x63, 0xa4, 0x07, 0xb9, 0xd1, 0xa9, 0xb1, 0x82, 0x99, 0x23,
    0xf1, 0x03, 0x86, 0x7d, 0x8c, 0xf4, 0x20, 0x37, 0x3a, 0x35, 0x56, 0x30,
    0x73, 0x24, 0x7e, 0xc0, 0xb0, 0x8f, 0x91, 0x1e, 0xe4, 0x46, 0xa7, 0xc6,
    0x0a, 0x66, 0x8e, 0xc4, 0x0f, 0x18, 0xf6, 0x31, 0xd2, 0x83, 0xdc, 0xea,
    0xd4, 0x98, 0xc1, 0xcc, 0x95, 0xf9, 0x3b, 0x87, 0x7d, 0x8c, 0xf4, 0xdd,
    0x6d, 0x75, 0x69, 0xac, 0x60, 0xe6, 0xca, 0xfc, 0x9d, 0xc3, 0x3e, 0x46,
    0xfa, 0xee, 0xb6, 0xba, 0x34, 0x56, 0x30, 0x73, 0x65, 0xfe, 0xce, 0x61,
    0x1f, 0x23, 0x7d, 0x77, 0x5b, 0x5d, 0x1a, 0x2b, 0x98, 0xb9, 0x32, 0x7f,
    0xe7, 0xb0, 0x8f, 0x91, 0xbe, 0xbb, 0xad, 0x2e, 0x8d, 0x15, 0xcc, 0x5c,
    0x99, 0xbf, 0x73, 0xd8, 0xc7, 0x48, 0xdf, 0xdd, 0x56, 0x97, 0xc6, 0x0a,
    0x66, 0xae, 0xcc, 0xdf, 0x39, 0xec, 0x63, 0xa4, 0xef, 0x6e, 0xab, 0x4b,
    0x63, 0x05, 0x33, 0x57, 0xe6, 0xef, 0x1c, 0xf6, 0x31, 0xd2, 0x77, 0xb7,
    0xd5, 0xa5, 0xb1, 0x82, 0x99, 0x2b, 0xf3, 0x77, 0x0e, 0xfb, 0x18, 0xe9,
    0xbb, 0xdb, 0xec, 0xd2, 0x98, 0xc1, 0xcc, 0x99, 0xfa, 0x33, 0x88, 0x7d,
    0x8c, 0xf4, 0x59, 0x6d, 0x76, 0x68, 0xac, 0x60, 0xe6, 0x4c, 0xfd, 0x19,
    0xc4, 0x3e, 0x46, 0xfa, 0xac, 0x36, 0x3b, 0x34, 0x56, 0x30, 0x73, 0xa6,
    0xfe, 0x0c, 0x62, 0x1f, 0x23, 0x7d, 0x56, 0x9b, 0x1d, 0x1a, 0x2b, 0x98,
    0x39, 0x53, 0x7f, 0x06, 0xb1, 0x8f, 0x91, 0x3e, 0xab, 0xcd, 0x0e, 0x8d,
    0x15, 0xcc, 0x9c, 0xa9, 0x3f, 0x83, 0xd8, 0xc7, 0x48, 0x9f, 0xd5, 0x66,
    0x87, 0xc6, 0x0a, 0x66, 0xce, 0xd4, 0x9f, 0x41, 0xec, 0x63, 0xa4, 0xcf,
    0x6a, 0xb3, 0x43, 0x63, 0x05, 0x33, 0x67, 0xea, 0xcf, 0x20, 0xf6, 0x31,
    0xd2, 0x67, 0xb5, 0xd9, 0xa1, 0xb1, 0x82, 0x99, 0x33, 0xf5, 0x67, 0x10,
    0xfb, 0x18, 0xe9, 0xb3, 0xda, 0xee, 0xd0, 0x98, 0xc1, 0xcc, 0x9d, 0xfb,
    0x2b, 0x89, 0x7d, 0x8c, 0xf4, 0xd5, 0x6c, 0x77, 0x67, 0xac, 0x60, 0xe6,
    0xce, 0xfd, 0x95, 0xc4, 0x3e, 0x46, 0xfa, 0x6a, 0xb6, 0xbb, 0x33, 0x56,
    0x30, 0x73, 0xe7, 0xfe, 0x4a, 0x62, 0x1f, 0x23, 0x7d, 0x35, 0xdb, 0xdd,
    0x19, 0x2b, 0x98, 0xb9, 0x73, 0x7f, 0x25, 0xb1, 0x8f, 0x91, 0xbe, 0x9a,
    0xed, 0xee, 0x8c, 0x15, 0xcc, 0xdc, 0xb9, 0xbf, 0x92, 0xd8, 0xc7, 0x48,
    0x5f, 0xcd, 0x76, 0x77, 0xc6, 0x0a, 0x66, 0xee, 0xdc, 0x5f, 0x49, 0xec,
    0x63, 0xa4, 0xaf, 0x66, 0xbb, 0x3b, 0x63, 0x05, 0x33, 0x77, 0xee, 0xaf,
    0x24, 0xf6, 0x31, 0xd2, 0x57, 0xb3, 0xdd, 0x9d, 0xb1, 0x82, 0x99, 0x3b,
    0xf7, 0x57, 0x12, 0xfb, 0x18, 0xe9, 0xab, 0xd9, 0xf0, 0xce, 0x98, 0xc1,
    0xcc, 0xa1, 0xfc, 0x23, 0x8a, 0x7d, 0x8c, 0xf4, 0x51, 0x6c, 0x78, 0x66,
    0xac, 0x60, 0xe6, 0x50, 0xfe, 0x11, 0xc5, 0x3e, 0x46, 0xfa, 0x28, 0x36,
    0x3c, 0x33, 0x56, 0x30, 0x73, 0x28, 0xff, 0x88, 0x62, 0x1f, 0x23, 0x7d,
    0x14, 0x1b, 0x9e, 0x19, 0x2b, 0x98, 0x39, 0x94, 0x7f, 0x44, 0xb1, 0x8f,
    0x91, 0x3e, 0x8a, 0x0d, 0xcf, 0x8c, 0x15, 0xcc, 0x1c, 0xca, 0x3f, 0xa2,
    0xd8, 0xc7, 0x48, 0x1f, 0xc5, 0x86, 0x67, 0xc6, 0x0a, 0x66, 0x0e, 0xe5,
    0x1f, 0x51, 0xec, 0x63, 0xa4, 0x8f, 0x62, 0xc3, 0x33, 0x63, 0x05, 0x33,
    0x87, 0xf2, 0x8f, 0x28, 0xf6, 0x31, 0xd2, 0x47, 0xb1, 0xe1, 0x99, 0xb1,
    0x82, 0x99, 0x43, 0xf9, 0x47, 0x14, 0xfb, 0x18, 0xe9, 0xa3, 0xd8, 0xf2,
    0xcc, 0x98, 0xc1, 0xcc, 0xa5, 0xfd, 0x1b, 0x8b, 0x7d, 0x8c, 0xf4, 0xcd,
    0x6b, 0x79, 0x65, 0xac, 0x60, 0xe6, 0xd2, 0xfe, 0x8d, 0xc5, 0x3e, 0x46,
    0xfa, 0xe6, 0xb5, 0xbc, 0x32, 0x56, 0x30, 0x73, 0x69, 0xff, 0xc6, 0x62,
    0x1f, 0x23, 0x7d, 0xf3, 0x5a, 0x5e, 0x19, 0x2b, 0x98, 0xb9, 0xb4, 0x7f,
    0x63, 0xb1, 0x8f, 0x91, 0xbe, 0x79, 0x2d, 0xaf, 0x8c, 0x15, 0xcc, 0x5c,
    0xda, 0xbf, 0xb1, 0xd8, 0xc7, 0x48, 0xdf, 0xbc, 0x96, 0x57, 0xc6, 0x0a,
    0x66, 0x2e, 0xed, 0xdf, 0x58, 0xec, 0x63, 0xa4, 0x6f, 0x5e, 0xcb, 0x2b,
    0x63, 0x05, 0x33, 0x97, 0xf6, 0x6f, 0x2c, 0xf6, 0x31, 0xd2, 0x37, 0xaf,
    0xe5, 0x95, 0xb1, 0x82, 0x99, 0x4b, 0xfb, 0x37, 0x16, 0xfb, 0x18, 0xe9,
    0x9b, 0xd7, 0xf4, 0xca, 0x98, 0xc1, 0xcc, 0xa9, 0xfe, 0x13, 0x8c, 0x7d,
    0x8c, 0xf4, 0x49, 0x6b, 0x7a, 0x64, 0xac, 0x60, 0xe6, 0x54, 0xff, 0x09,
    0xc6, 0x3e, 0x46, 0xfa, 0xa4, 0x35, 0x3d, 0x32, 0x56, 0x30, 0x73, 0xaa,
    0xff, 0x04, 0x63, 0x1f, 0x23, 0x7d, 0xd2, 0x9a, 0x1e, 0x19, 0x2b, 0x98,
    0x39, 0xd5, 0x7f, 0x82, 0xb1, 0x8f, 0x91, 0x3e, 0x69, 0x4d, 0x8f, 0x8c,
    0x15, 0xcc, 0x9c, 0xea, 0x3f, 0xc1, 0xd8, 0xc7, 0x48, 0x9f, 0xb4, 0xa6,
    0x47, 0xc6, 0x0a, 0x66, 0x4e, 0xf5, 0x9f, 0x60, 0xec, 0x63, 0xa4, 0x4f,
    0x5a, 0xd3, 0x23, 0x63, 0x05, 0x33, 0xa7, 0xfa, 0x4f, 0x30, 0xf6, 0x31,
    0xd2, 0x27, 0xad, 0xe9, 0x91, 0xb1, 0x82, 0x99, 0x53, 0xfd, 0x27, 0x18,
    0xfb, 0x18, 0xe9, 0x93, 0xd6, 0xf6, 0xc8, 0x98, 0xc1, 0xcc, 0xad, 0xff,
    0x0b, 0x8d, 0x7d, 0x8c, 0xf4, 0xc5, 0x6a, 0x7b, 0x63, 0xac, 0x60, 0xe6,
    0xd6, 0xff, 0x85, 0xc6, 0x3e, 0x46, 0xfa, 0x62, 0xb5, 0xbd, 0x31, 0x56,
    0x30, 0x73, 0xeb, 0xff, 0x42, 0x63, 0x1f, 0x23, 0x7d, 0xb1, 0xda, 0xde,
    0x18, 0x2b, 0x98, 0xb9, 0xf5, 0x7f, 0xa1, 0xb1, 0x8f, 0x91, 0xbe, 0x58,
    0x6d, 0x6f, 0x8c, 0x15, 0xcc, 0xdc, 0xfa, 0xbf, 0xd0, 0xd8, 0xc7, 0x48,
    0x5f, 0xac, 0xb6, 0x37, 0xc6, 0x0a, 0x66, 0x6e, 0xfd, 0x5f, 0x68, 0xec,
    0x63, 0xa4, 0x2f, 0x56, 0xdb, 0x1b, 0x63, 0x05, 0x33, 0xb7, 0xfe, 0x2f,
    0x34, 0xf6, 0x31, 0xd2, 0x17, 0xab, 0xed, 0x8d, 0xb1, 0x82, 0x99, 0x5b,
    0xff, 0x17, 0x1a, 0xfb, 0x18, 0xe9, 0x8b, 0xd5, 0xf8, 0xc6, 0x98, 0xc1,
    0xcc, 0xf1, 0x80, 0x07, 0x1c, 0xfb, 0x18, 0xe9, 0x83, 0xd4, 0xf8, 0xc4,
    0x58, 0xc1, 0xcc, 0xf1, 0x80, 0x07, 0x1c, 0xfb, 0x18, 0xe9, 0x83, 0xd4,
    0xf8, 0xc4, 0x58, 0xc1, 0xcc, 0xf1, 0x80, 0x07, 0x1c, 0xfb, 0x18, 0xe9,
    0x83, 0xd4, 0xf8, 0xc4, 0x58, 0xc1, 0xcc, 0xf1, 0x80, 0x07, 0x1c, 0xfb,
    0x18, 0xe9, 0x83, 0xd4, 0xf8, 0xc4, 0x58, 0xc1, 0xcc, 0xf1, 0x80, 0x07,
    0x1c, 0xfb, 0x18, 0xe9, 0x83, 0xd4, 0xf8, 0xc4, 0x58, 0xc1, 0xcc, 0xf1,
    0x80, 0x07, 0x1c, 0xfb, 0x18, 0xe9, 0x83, 0xd4, 0xf8, 0xc4, 0x58, 0xc1,
    0xcc, 0xf1, 0x80, 0x07, 0x1c, 0xfb, 0x18, 0xe9, 0x83, 0xd4, 0xf8, 0xc4,
    0x58, 0xc1, 0xcc, 0xf1, 0x80, 0x07, 0x1c, 0xfb, 0x18, 0xe9, 0x83, 0xd4,
    0xfa, 0xc4, 0x98, 0xc1, 0xcc, 0xf5, 0x82, 0x6f, 0x1e, 0xfb, 0x18, 0xe9,
    0xb7, 0xd3, 0xfa, 0xc2, 0x58, 0xc1, 0xcc, 0xf5, 0x82, 0x6f, 0x1e, 0xfb,
    0x18, 0xe9, 0xb7, 0xd3, 0xfa, 0xc2, 0x58, 0xc1, 0xcc, 0xf5, 0x82, 0x6f,
    0x1e, 0xfb, 0x18, 0xe9, 0xb7, 0xd3, 0xfa, 0xc2, 0x58, 0xc1, 0xcc, 0xf5,
    0x82, 0x6f, 0x1e, 0xfb, 0x18, 0xe9, 0xb7, 0xd3, 0xfa, 0xc2, 0x58, 0xc1,
    0xcc, 0xf5, 0x82, 0x6f, 0x1e, 0xfb, 0x18, 0xe9, 0xb7, 0xd3, 0xfa, 0xc2,
    0x58, 0xc1, 0xcc, 0xf5, 0x82, 0x6f, 0x1e, 0xfb, 0x18, 0xe9, 0xb7, 0xd3,
    0xfa, 0xc2, 0x58, 0xc1, 0xcc, 0xf5, 0x82, 0x6f, 0x1e, 0xfb, 0x18, 0xe9,
    0xb7, 0xd3, 0xfa, 0xc2, 0x58, 0xc1, 0xcc, 0xf5, 0x82, 0x6f, 0x1e, 0xfb,
    0x18, 0xe9, 0xb7, 0xd3, 0xfc, 0xc2, 0x98, 0xc1, 0xcc, 0xf9, 0x84, 0x4f,
    0x20, 0xfb, 0x18, 0xe9, 0xa7, 0xd2, 0xfc, 0xc0, 0x58, 0xc1, 0xcc, 0xf9,
    0x84, 0x4f, 0x20, 0xfb, 0x18, 0xe9, 0xa7, 0xd2, 0xfc, 0xc0, 0x58, 0xc1,
    0xcc, 0xf9, 0x84, 0x4f, 0x20, 0xfb, 0x18, 0xe9, 0xa7, 0xd2, 0xfc, 0xc0,
    0x58, 0xc1, 0xcc, 0xf9, 0x84, 0x4f, 0x20, 0xfb, 0x18, 0xe9, 0xa7, 0xd2,
    0xfc, 0xc0, 0x58, 0xc1, 0xcc, 0xf9, 0x84, 0x4f, 0x20, 0xfb, 0x18, 0xe9,
    0xa7, 0xd2, 0xfc, 0xc0, 0x58, 0xc1, 0xcc, 0xf9, 0x84, 0x4f, 0x20, 0xfb,
    0x18, 0xe9, 0xa7, 0xd2, 0xfc, 0xc0, 0x58, 0xc1, 0xcc, 0xf9, 0x84, 0x4f,
    0x20, 0xfb, 0x18, 0xe9, 0xa7, 0xd2, 0xfc, 0xc0, 0x58, 0xc1, 0xcc, 0xf9,
    0x84, 0x4f, 0x20, 0xfb, 0x18, 0xe9, 0xa7, 0xd2, 0xfe, 0xc0, 0x98, 0xc1,
    0xcc, 0xfd, 0x86, 0x2f, 0x22, 0xfb, 0x18, 0xe9, 0x97, 0xd1, 0x3e, 0x37,
    0x56, 0x30, 0x73, 0xbf, 0xe1, 0x8b, 0xc8, 0x3e, 0x46, 0xfa, 0x65, 0xb4,
    0xcf, 0x8d, 0x15, 0xcc, 0xdc, 0x6f, 0xf8, 0x22, 0xb2, 0x8f, 0x91, 0x7e,
    0x19, 0xed, 0x73, 0x63, 0x05, 0x33, 0xf7, 0x1b, 0xbe, 0x88, 0xec, 0x63,
    0xa4, 0x5f, 0x46, 0xfb, 0xdc, 0x58, 0xc1, 0xcc, 0xfd, 0x86, 0x2f, 0x22,
    0xfb, 0x18, 0xe9, 0x97, 0xd1, 0x3e, 0x37, 0x56, 0x30, 0x73, 0xbf, 0xe1,
    0x8b, 0xc8, 0x3e, 0x46, 0xfa, 0x65, 0xb4, 0xcf, 0x8d, 0x15, 0xcc, 0xdc,
    0x6f, 0xf8, 0x22, 0xb2, 0x8f, 0x91, 0x7e, 0x19, 0xed, 0x73, 0x63, 0x05,
    0x33, 0xf7, 0x1b, 0xbe, 0x88, 0xec, 0x63, 0xa4, 0x5f, 0x46, 0x42, 0x6e,
    0xcc, 0x60, 0xa6, 0x30, 0xe2, 0x03, 0xc9, 0x3e, 0x46, 0xfa, 0x21, 0x24,
    0xc4, 0xc6, 0x0a, 0x66, 0x0a, 0x23, 0x3e, 0x90, 0xec, 0x63, 0xa4, 0x1f,
    0x42, 0x42, 0x6c, 0xac, 0x60, 0xa6, 0x30, 0xe2, 0x03, 0xc9, 0x3e, 0x46,
    0xfa, 0x21, 0x24, 0xc4, 0xc6, 0x0a, 0x66, 0x0a, 0x23, 0x3e, 0x90, 0xec,
    0x63, 0xa4, 0x1f, 0x42, 0x42, 0x6c, 0xac, 0x60, 0xa6, 0x30, 0xe2, 0x03,
    0xc9, 0x3e, 0x46, 0xfa, 0x21, 0x24, 0xc4, 0xc6, 0x0a, 0x66, 0x0a, 0x23,
    0x3e, 0x90, 0xec, 0x63, 0xa4, 0x1f, 0x42, 0x42, 0x6c, 0xac, 0x60, 0xa6,
    0x30, 0xe2, 0x03, 0xc9, 0x3e, 0x46, 0xfa, 0x21, 0x24, 0xc4, 0xc6, 0x0a,
    0x66, 0x0a, 0x23, 0x3e, 0x90, 0xec, 0x63, 0xa4, 0x1f, 0x42, 0x46, 0x6c,
    0xcc, 0x60, 0xa6, 0xb1, 0x82, 0x99, 0xec, 0x63, 0xa4, 0xec, 0x63, 0xa4,
    0xc6, 0x0a, 0x66, 0x1a, 0x2b, 0x98, 0xc9, 0x3e, 0x46, 0xca, 0x3e, 0x46,
    0x6a, 0xac, 0x60, 0xa6, 0xb1, 0x82, 0x99, 0xec, 0x63, 0xa4, 0xec, 0x63,
    0xa4, 0xc6, 0x0a, 0x66, 0x1a, 0x2b, 0x98, 0xc9, 0x3e, 0x46, 0xca, 0x3e,
    0x46, 0x6a, 0xac, 0x60, 0xa6, 0xb1, 0x82, 0x99, 0xec, 0x63, 0xa4, 0xec,
    0x63, 0xa4, 0xc6, 0x0a, 0x66, 0x1a, 0x2b, 0x98, 0xc9, 0x3e, 0x46, 0xca,
    0x3e, 0x46, 0x6a, 0xac, 0x60, 0xa6, 0xb1, 0x82, 0x99, 0xec, 0x63, 0xa4,
    0xec, 0x63, 0xa4, 0xc6, 0x0a, 0x66, 0x1a, 0x2b, 0x98, 0xc9, 0x3e, 0x46,
    0xca, 0x3e, 0x7f, 0x24, 0x35, 0x1e, 0x8e, 0x99, 0xbf, 0xff, 0x70, 0xec,
    0x63, 0xa4, 0xff, 0x37, 0x1a, 0x2f, 0x60, 0xfc, 0x14, 0x33, 0x8d, 0x15,
    0xcc, 0x64, 0x1f, 0x23, 0x65, 0x1f, 0x23, 0x35, 0x56, 0x30, 0xd3, 0x58,
    0xc1, 0x4c, 0xf6, 0x31, 0x52, 0xf6, 0x31, 0x52, 0x63, 0x05, 0x33, 0x8d,
    0x15, 0xcc, 0x64, 0x1f, 0x23, 0x65, 0x1f, 0x23, 0x35, 0x56, 0x30, 0xd3,
    0x58, 0xc1, 0x4c, 0xf6, 0x31, 0x52, 0xf6, 0x31, 0x52, 0x63, 0x05, 0x33,
    0x8d, 0x15, 0xcc, 0x64, 0x1f, 0x23, 0x65, 0x1f, 0x23, 0x35, 0x56, 0x30,
    0xd3, 0x58, 0xc1, 0x4c, 0xf6, 0x31, 0x52, 0xf6, 0x31, 0x52, 0x63, 0x05,
    0x33, 0x8d, 0x15, 0x1f, 0x4c, 0x16, 0x32, 0xd2, 0x0f, 0x21, 0x21, 0x36,
    0x56, 0x30, 0x53, 0x18, 0xf1, 0x81, 0x64, 0x1f, 0x23, 0xfd, 0x10, 0x12,
    0x62, 0x63, 0x05, 0x33, 0x85, 0x11, 0x1f, 0x48, 0xf6, 0x31, 0xd2, 0x0f,
    0x21, 0x21, 0x36, 0x56, 0x30, 0x53, 0x18, 0xf1, 0x81, 0x64, 0x1f, 0x23,
    0xfd, 0x10, 0x12, 0x62, 0x63, 0x05, 0x33, 0x85, 0x11, 0x1f, 0x48, 0xf6,
    0x31, 0xd2, 0x0f, 0x21, 0x21, 0x36, 0x56, 0x30, 0x53, 0x18, 0xf1, 0x81,
    0x64, 0x1f, 0x23, 0xfd, 0x10, 0x12, 0x62, 0x63, 0x05, 0x33, 0x85, 0x11,
    0x1f, 0x48, 0xf6, 0x31, 0xd2, 0x0f, 0x21, 0x21, 0x36, 0x56, 0x30, 0x53,
    0x18, 0xf1, 0x81, 0x64, 0x1f, 0x23, 0xfd, 0x10, 0x12, 0x62, 0x63, 0x05,
    0x33, 0x85, 0x11, 0x5f, 0x48, 0x16, 0x32, 0xd2, 0x2f, 0xa3, 0x7d, 0x6e,
    0xac, 0x60, 0xe6, 0x7e, 0xc3, 0x17, 0x91, 0x7d, 0x8c, 0xf4, 0xcb, 0x68,
    0x9f, 0x1b, 0x2b, 0x98, 0xb9, 0xdf, 0xf0, 0x45, 0x64, 0x1f, 0x23, 0xfd,
    0x32, 0xda, 0xe7, 0xc6, 0x0a, 0x66, 0xee, 0x37, 0x7c, 0x11, 0xd9, 0xc7,
    0x48, 0xbf, 0x8c, 0xf6, 0xb9, 0xb1, 0x82, 0x99, 0xfb, 0x0d, 0x5f, 0x44,
    0xf6, 0x31, 0xd2, 0x2f, 0xa3, 0x7d, 0x6e, 0xac, 0x60, 0xe6, 0x7e, 0xc3,
    0x17, 0x91, 0x7d, 0x8c, 0xf4, 0xcb, 0x68, 0x9f, 0x1b, 0x2b, 0x98, 0xb9,
    0xdf, 0xf0, 0x45, 0x64, 0x1f, 0x23, 0xfd, 0x32, 0xda, 0xe7, 0xc6, 0x0a,
    0x66, 0xee, 0x37, 0x7c, 0x11, 0xd9, 0xc7, 0x48, 0xbf, 0x8c, 0xf6, 0xb9,
    0xb1, 0x82, 0x99, 0xfb, 0x0d, 0x9f, 0x44, 0x16, 0x32, 0xd2, 0x4f, 0xa5,
    0xf9, 0x81, 0xb1, 0x82, 0x99, 0xf3, 0x09, 0x9f, 0x40, 0xf6, 0x31, 0xd2,
    0x4f, 0xa5, 0xf9, 0x81, 0xb1, 0x82, 0x99, 0xf3, 0x09, 0x9f, 0x40, 0xf6,
    0x31, 0xd2, 0x4f, 0xa5, 0xf9, 0x81, 0xb1, 0x82, 0x99, 0xf3, 0x09, 0x9f,
    0x40, 0xf6, 0x31, 0xd2, 0x4f, 0xa5, 0xf9, 0x81, 0xb1, 0x82, 0x99, 0xf3,
    0x09, 0x9f, 0x40, 0xf6, 0x31, 0xd2, 0x4f, 0xa5, 0xf9, 0x81, 0xb1, 0x82,
    0x99, 0xf3, 0x09, 0x9f, 0x40, 0xf6, 0x31, 0xd2, 0x4f, 0xa5, 0xf9, 0x81,
    0xb1, 0x82, 0x99, 0xf3, 0x09, 0x9f, 0x40, 0xf6, 0x31, 0xd2, 0x4f, 0xa5,
    0xf9, 0x81, 0xb1, 0x82, 0x99, 0xf3, 0x09, 0x9f, 0x40, 0xf6, 0x31, 0xd2,
    0x4f, 0xa5, 0xf9, 0x81, 0xb1, 0x82, 0x99, 0xf3, 0x09, 0xdf, 0x40, 0x16,
    0x32, 0xd2, 0x6f, 0xa7, 0xf5, 0x85, 0xb1, 0x82, 0x99, 0xeb, 0x05, 0xdf,
    0x3c, 0xf6, 0x31, 0xd2, 0x6f, 0xa7, 0xf5, 0x85, 0xb1, 0x82, 0x99, 0xeb,
    0x05, 0xdf, 0x3c, 0xf6, 0x31, 0xd2, 0x6f, 0xa7, 0xf5, 0x85, 0xb1, 0x82,
    0x99, 0xeb, 0x05, 0xdf, 0x3c, 0xf6, 0x31, 0xd2, 0x6f, 0xa7, 0xf5, 0x85,
    0xb1, 0x82, 0x99, 0xeb, 0x05, 0xdf, 0x3c, 0xf6, 0x31, 0xd2, 0x6f, 0xa7,
    0xf5, 0x85, 0xb1, 0x82, 0x99, 0xeb, 0x05, 0xdf, 0x3c, 0xf6, 0x31, 0xd2,
    0x6f, 0xa7, 0xf5, 0x85, 0xb1, 0x82, 0x99, 0xeb, 0x05, 0xdf, 0x3c, 0xf6,
    0x31, 0xd2, 0x6f, 0xa7, 0xf5, 0x85, 0xb1, 0x82, 0x99, 0xeb, 0x05, 0xdf,
    0x3c, 0xf6, 0x31, 0xd2, 0x6f, 0xa7, 0xf5, 0x85, 0xb1, 0x82, 0x99, 0xeb,
    0x05, 0x0f, 0x3c, 0x16, 0x32, 0xd2, 0x07, 0xa9, 0xf1, 0x89, 0xb1, 0x82,
    0x99, 0xe3, 0x01, 0x0f, 0x38, 0xf6, 0x31, 0xd2, 0x07, 0xa9, 0xf1, 0x89,
    0xb1, 0x82, 0x99, 0xe3, 0x01, 0x0f, 0x38, 0xf6, 0x31, 0xd2, 0x07, 0xa9,
    0xf1, 0x89, 0xb1, 0x82, 0x99, 0xe3, 0x01, 0x0f, 0x38, 0xf6, 0x31, 0xd2,
    0x07, 0xa9, 0xf1, 0x89, 0xb1, 0x82, 0x99, 0xe3, 0x01, 0x0f, 0x38, 0xf6,
    0x31, 0xd2, 0x07, 0xa9, 0xf1, 0x89, 0xb1, 0x82, 0x99, 0xe3, 0x01, 0x0f,
    0x38, 0xf6, 0x31, 0xd2, 0x07, 0xa9, 0xf1, 0x89, 0xb1, 0x82, 0x99, 0xe3,
    0x01, 0x0f, 0x38, 0xf6, 0x31, 0xd2, 0x07, 0xa9, 0xf1, 0x89, 0xb1, 0x82,
    0x99, 0xe3, 0x01, 0x0f, 0x38, 0xf6, 0x31, 0xd2, 0x07, 0xa9, 0xf1, 0x89,
    0xb1, 0x82, 0x99, 0xe3, 0x01, 0x2f, 0x38, 0x16, 0x32, 0xd2, 0x17, 0xab,
    0xed, 0x8d, 0xb1, 0x82, 0x99, 0x5b, 0xff, 0x17, 0x1a, 0xfb, 0x18, 0xe9,
    0x8b, 0xd5, 0xf6, 0xc6, 0x58, 0xc1, 0xcc, 0xad, 0xff, 0x0b, 0x8d, 0x7d,
    0x8c, 0xf4, 0xc5, 0x6a, 0x7b, 0x63, 0xac, 0x60, 0xe6, 0xd6, 0xff, 0x85,
    0xc6, 0x3e, 0x46, 0xfa, 0x62, 0xb5, 0xbd, 0x31, 0x56, 0x30, 0x73, 0xeb,
    0xff, 0x42, 0x63, 0x1f, 0x23, 0x7d, 0xb1, 0xda, 0xde, 0x18, 0x2b, 0x98,
    0xb9, 0xf5, 0x7f, 0xa1, 0xb1, 0x8f, 0x91, 0xbe, 0x58, 0x6d, 0x6f, 0x8c,
    0x15, 0xcc, 0xdc, 0xfa, 0xbf, 0xd0, 0xd8, 0xc7, 0x48, 0x5f, 0xac, 0xb6,
    0x37, 0xc6, 0x0a, 0x66, 0x6e, 0xfd, 0x5f, 0x68, 0xec, 0x63, 0xa4, 0x2f,
    0x56, 0xdb, 0x1b, 0x63, 0x05, 0x33, 0xb7, 0xfe, 0x4f, 0x34, 0x16, 0x32,
    0xd2, 0x27, 0xad, 0xe9, 0x91, 0xb1, 0x82, 0x99, 0x53, 0xfd, 0x27, 0x18,
    0xfb, 0x18, 0xe9, 0x93, 0xd6, 0xf4, 0xc8, 0x58, 0xc1, 0xcc, 0xa9, 0xfe,
    0x13, 0x8c, 0x7d, 0x8c, 0xf4, 0x49, 0x6b, 0x7a, 0x64, 0xac, 0x60, 0xe6,
    0x54, 0xff, 0x09, 0xc6, 0x3e, 0x46, 0xfa, 0xa4, 0x35, 0x3d, 0x32, 0x56,
    0x30, 0x73, 0xaa, 0xff, 0x04, 0x63, 0x1f, 0x23, 0x7d, 0xd2, 0x9a, 0x1e,
    0x19, 0x2b, 0x98, 0x39, 0xd5, 0x7f, 0x82, 0xb1, 0x8f, 0x91, 0x3e, 0x69,
    0x4d, 0x8f, 0x8c, 0x15, 0xcc, 0x9c, 0xea, 0x3f, 0xc1, 0xd8, 0xc7, 0x48,
    0x9f, 0xb4, 0xa6, 0x47, 0xc6, 0x0a, 0x66, 0x4e, 0xf5, 0x9f, 0x60, 0xec,
    0x63, 0xa4, 0x4f, 0x5a, 0xd3, 0x23, 0x63, 0x05, 0x33, 0xa7, 0xfa, 0x6f,
    0x30, 0x16, 0x32, 0xd2, 0x37, 0xaf, 0xe5, 0x95, 0xb1, 0x82, 0x99, 0x4b,
    0xfb, 0x37, 0x16, 0xfb, 0x18, 0xe9, 0x9b, 0xd7, 0xf2, 0xca, 0x58, 0xc1,
    0xcc, 0xa5, 0xfd, 0x1b, 0x8b, 0x7d, 0x8c, 0xf4, 0xcd, 0x6b, 0x79, 0x65,
    0xac, 0x60, 0xe6, 0xd2, 0xfe, 0x8d, 0xc5, 0x3e, 0x46, 0xfa, 0xe6, 0xb5,
    0xbc, 0x32, 0x56, 0x30, 0x73, 0x69, 0xff, 0xc6, 0x62, 0x1f, 0x23, 0x7d,
    0xf3, 0x5a, 0x5e, 0x19, 0x2b, 0x98, 0xb9, 0xb4, 0x7f, 0x63, 0xb1, 0x8f,
    0x91, 0xbe, 0x79, 0x2d, 0xaf, 0x8c, 0x15, 0xcc, 0x5c, 0xda, 0xbf, 0xb1,
    0xd8, 0xc7, 0x48, 0xdf, 0xbc, 0x96, 0x57, 0xc6, 0x0a, 0x66, 0x2e, 0xed,
    0xdf, 0x58, 0xec, 0x63, 0xa4, 0x6f, 0x5e, 0xcb, 0x2b, 0x63, 0x05, 0x33,
    0x97, 0xf6, 0x8f, 0x2c, 0x16, 0x32, 0xd2, 0x47, 0xb1, 0xe1, 0x99, 0xb1,
    0x82, 0x99, 0x43, 0xf9, 0x47, 0x14, 0xfb, 0x18, 0xe9, 0xa3, 0xd8, 0xf0,
    0xcc, 0x58, 0xc1, 0xcc, 0xa1, 0xfc, 0x23, 0x8a, 0x7d, 0x8c, 0xf4, 0x51,
    0x6c, 0x78, 0x66, 0xac, 0x60, 0xe6, 0x50, 0xfe, 0x11, 0xc5, 0x3e, 0x46,
    0xfa, 0x28, 0x36, 0x3c, 0x33, 0x56, 0x30, 0x73, 0x28, 0xff, 0x88, 0x62,
    0x1f, 0x23, 0x7d, 0x14, 0x1b, 0x9e, 0x19, 0x2b, 0x98, 0x39, 0x94, 0x7f,
    0x44, 0xb1, 0x8f, 0x91, 0x3e, 0x8a, 0x0d, 0xcf, 0x8c, 0x15, 0xcc, 0x1c,
    0xca, 0x3f, 0xa2, 0xd8, 0xc7, 0x48, 0x1f, 0xc5, 0x86, 0x67, 0xc6, 0x0a,
    0x66, 0x0e, 0xe5, 0x1f, 0x51, 0xec, 0x63, 0xa4, 0x8f, 0x62, 0xc3, 0x33,
    0x63, 0x05, 0x33, 0x87, 0xf2, 0xaf, 0x28, 0x16, 0x32, 0xd2, 0x57, 0xb3,
    0xdd, 0x9d, 0xb1, 0x82, 0x99, 0x3b, 0xf7, 0x57, 0x12, 0xfb, 0x18, 0xe9,
    0xab, 0xd9, 0xee, 0xce, 0x58, 0xc1, 0xcc, 0x9d, 0xfb, 0x2b, 0x89, 0x7d,
    0x8c, 0xf4, 0xd5, 0x6c, 0x77, 0x67, 0xac, 0x60, 0xe6, 0xce, 0xfd, 0x95,
    0xc4, 0x3e, 0x46, 0xfa, 0x6a, 0xb6, 0xbb, 0x33, 0x56, 0x30, 0x73, 0xe7,
    0xfe, 0x4a, 0x62, 0x1f, 0x23, 0x7d, 0x35, 0xdb, 0xdd, 0x19, 0x2b, 0x98,
    0xb9, 0x73, 0x7f, 0x25, 0xb1, 0x8f, 0x91, 0xbe, 0x9a, 0xed, 0xee, 0x8c,
    0x15, 0xcc, 0xdc, 0xb9, 0xbf, 0x92, 0xd8, 0xc7, 0x48, 0x5f, 0xcd, 0x76,
    0x77, 0xc6, 0x0a, 0x66, 0xee, 0xdc, 0x5f, 0x49, 0xec, 0x63, 0xa4, 0xaf,
    0x66, 0xbb, 0x3b, 0x63, 0x05, 0x33, 0x77, 0xee, 0xcf, 0x24, 0x16, 0x32,
    0xd2, 0x67, 0xb5, 0xd9, 0xa1, 0xb1, 0x82, 0x99, 0x33, 0xf5, 0x67, 0x10,
    0xfb, 0x18, 0xe9, 0xb3, 0xda, 0xec, 0xd0, 0x58, 0xc1, 0xcc, 0x99, 0xfa,
    0x33, 0x88, 0x7d, 0x8c, 0xf4, 0x59, 0x6d, 0x76, 0x68, 0xac, 0x60, 0xe6,
    0x4c, 0xfd, 0x19, 0xc4, 0x3e, 0x46, 0xfa, 0xac, 0x36, 0x3b, 0x34, 0x56,
    0x30, 0x73, 0xa6, 0xfe, 0x0c, 0x62, 0x1f, 0x23, 0x7d, 0x56, 0x9b, 0x1d,
    0x1a, 0x2b, 0x98, 0x39, 0x53, 0x7f, 0x06, 0xb1, 0x8f, 0x91, 0x3e, 0xab,
    0xcd, 0x0e, 0x8d, 0x15, 0xcc, 0x9c, 0xa9, 0x3f, 0x83, 0xd8, 0xc7, 0x48,
    0x9f, 0xd5, 0x66, 0x87, 0xc6, 0x0a, 0x66, 0xce, 0xd4, 0x9f, 0x41, 0xec,
    0x63, 0xa4, 0xcf, 0x6a, 0xb3, 0x43, 0x63, 0x05, 0x33, 0x67, 0xea, 0xef,
    0x20, 0x16, 0x32, 0xd2, 0x77, 0xb7, 0xd5, 0xa5, 0xb1, 0x82, 0x99, 0x2b,
    0xf3, 0x77, 0x0e, 0xfb, 0x18, 0xe9, 0xbb, 0xdb, 0xea, 0xd2, 0x58, 0xc1,
    0xcc, 0x95, 0xf9, 0x3b, 0x87, 0x7d, 0x8c, 0xf4, 0xdd, 0x6d, 0x75, 0x69,
    0xac, 0x60, 0xe6, 0xca, 0xfc, 0x9d, 0xc3, 0x3e, 0x46, 0xfa, 0xee, 0xb6,
    0xba, 0x34, 0x56, 0x30, 0x73, 0x65, 0xfe, 0xce, 0x61, 0x1f, 0x23, 0x7d,
    0x77, 0x5b, 0x5d, 0x1a, 0x2b, 0x98, 0xb9, 0x32, 0x7f, 0xe7, 0xb0, 0x8f,
    0x91, 0xbe, 0xbb, 0xad, 0x2e, 0x8d, 0x15, 0xcc, 0x5c, 0x99, 0xbf, 0x73,
    0xd8, 0xc7, 0x48, 0xdf, 0xdd, 0x56, 0x97, 0xc6, 0x0a, 0x66, 0xae, 0xcc,
    0xdf, 0x39, 0xec, 0x63, 0xa4, 0xef, 0x6e, 0xab, 0x4b, 0x63, 0x05, 0x33,
    0x57, 0xe6, 0x07, 0x0e, 0x0b, 0x19, 0xe9, 0x41, 0x6e, 0x74, 0x6a, 0xac,
    0x60, 0xe6, 0x48, 0xfc, 0x80, 0x61, 0x1f, 0x23, 0x3d, 0xc8, 0x8d, 0x4e,
    0x8d, 0x15, 0xcc, 0x1c, 0x89, 0x1f, 0x30, 0xec, 0x63, 0xa4, 0x07, 0xb9,
    0xd1, 0xa9, 0xb1, 0x82, 0x99, 0x23, 0xf1, 0x03, 0x86, 0x7d, 0x8c, 0xf4,
    0x20, 0x37, 0x3a, 0x35, 0x56, 0x30, 0x73, 0x24, 0x7e, 0xc0, 0xb0, 0x8f,
    0x91, 0x1e, 0xe4, 0x46, 0xa7, 0xc6, 0x0a, 0x66, 0x8e, 0xc4, 0x0f, 0x18,
    0xf6, 0x31, 0xd2, 0x83, 0xdc, 0xe8, 0xd4, 0x58, 0xc1, 0xcc, 0x91, 0xf8,
    0x01, 0xc3, 0x3e, 0x46, 0x7a, 0x90, 0x1b, 0x9d, 0x1a, 0x2b, 0x98, 0x39,
    0x12, 0x3f, 0x60, 0xd8, 0xc7, 0x48, 0x0f, 0x72, 0xa3, 0x53, 0x63, 0x05,
    0x33, 0x47, 0xe2, 0x17, 0x0c, 0x0b, 0x19, 0xe9, 0xc5, 0x6e, 0x73, 0x6b,
    0xac, 0x60, 0xe6, 0xc6, 0xfb, 0x42, 0x61, 0x1f, 0x23, 0xbd, 0xd8, 0x6d,
    0x6e, 0x8d, 0x15, 0xcc, 0xdc, 0x78, 0x5f, 0x28, 0xec, 0x63, 0xa4, 0x17,
    0xbb, 0xcd, 0xad, 0xb1, 0x82, 0x99, 0x1b, 0xef, 0x0b, 0x85, 0x7d, 0x8c,
    0xf4, 0x62, 0xb7, 0xb9, 0x35, 0x56, 0x30, 0x73, 0xe3, 0x7d, 0xa1, 0xb0,
    0x8f, 0x91, 0x5e, 0xec, 0x36, 0xb7, 0xc6, 0x0a, 0x66, 0x6e, 0xbc, 0x2f,
    0x14, 0xf6, 0x31, 0xd2, 0x8b, 0xdd, 0xe6, 0xd6, 0x58, 0xc1, 0xcc, 0x8d,
    0xf7, 0x85, 0xc2, 0x3e, 0x46, 0x7a, 0xb1, 0xdb, 0xdc, 0x1a, 0x2b, 0x98,
    0xb9, 0xf1, 0xbe, 0x50, 0xd8, 0xc7, 0x48, 0x2f, 0x76, 0x9b, 0x5b, 0x63,
    0x05, 0x33, 0x37, 0xde, 0x27, 0x0a, 0x0b, 0x19, 0xe9, 0x49, 0x6f, 0x72,
    0x6c, 0xac, 0x60, 0xe6, 0x44, 0xfb, 0x04, 0x61, 0x1f, 0x23, 0x3d, 0xe9,
    0x4d, 0x8e, 0x8d, 0x15, 0xcc, 0x9c, 0x68, 0x9f, 0x20, 0xec, 0x63, 0xa4,
    0x27, 0xbd, 0xc9, 0xb1, 0xb1, 0x82, 0x99, 0x13, 0xed, 0x13, 0x84, 0x7d,
    0x8c, 0xf4, 0xa4, 0x37, 0x39, 0x36, 0x56, 0x30, 0x73, 0xa2, 0x7d, 0x82,
    0xb0, 0x8f, 0x91, 0x9e, 0xf4, 0x26, 0xc7, 0xc6, 0x0a, 0x66, 0x4e, 0xb4,
    0x4f, 0x10, 0xf6, 0x31, 0xd2, 0x93, 0xde, 0xe4, 0xd8, 0x58, 0xc1, 0xcc,
    0x89, 0xf6, 0x09, 0xc2, 0x3e, 0x46, 0x7a, 0xd2, 0x9b, 0x1c, 0x1b, 0x2b,
    0x98, 0x39, 0xd1, 0x3e, 0x41, 0xd8, 0xc7, 0x48, 0x4f, 0x7a, 0x93, 0x63,
    0x63, 0x05, 0x33, 0x27, 0xda, 0x37, 0x08, 0x0b, 0x19, 0xe9, 0xcd, 0x6f,
    0x71, 0x6d, 0xac, 0x60, 0xe6, 0xc2, 0xfa, 0xc6, 0x60, 0x1f, 0x23, 0xbd,
    0xf9, 0x2d, 0xae, 0x8d, 0x15, 0xcc, 0x5c, 0x58, 0xdf, 0x18, 0xec, 0x63,
    0xa4, 0x37, 0xbf, 0xc5, 0xb5, 0xb1, 0x82, 0x99, 0x0b, 0xeb, 0x1b, 0x83,
    0x7d, 0x8c, 0xf4, 0xe6, 0xb7, 0xb8, 0x36, 0x56, 0x30, 0x73, 0x61, 0x7d,
    0x63, 0xb0, 0x8f, 0x91, 0xde, 0xfc, 0x16, 0xd7, 0xc6, 0x0a, 0x66, 0x2e,
    0xac, 0x6f, 0x0c, 0xf6, 0x31, 0xd2, 0x9b, 0xdf, 0xe2, 0xda, 0x58, 0xc1,
    0xcc, 0x85, 0xf5, 0x8d, 0xc1, 0x3e, 0x46, 0x7a, 0xf3, 0x5b, 0x5c, 0x1b,
    0x2b, 0x98, 0xb9, 0xb0, 0xbe, 0x31, 0xd8, 0xc7, 0x48, 0x6f, 0x7e, 0x8b,
    0x6b, 0x63, 0x05, 0x33, 0x17, 0xd6, 0x47, 0x06, 0x0b, 0x19, 0xe9, 0x51,
    0x70, 0x70, 0x6e, 0xac, 0x60, 0xe6, 0x40, 0xfa, 0x88, 0x60, 0x1f, 0x23,
    0x3d, 0x0a, 0x0e, 0xce, 0x8d, 0x15, 0xcc, 0x1c, 0x48, 0x1f, 0x11, 0xec,
    0x63, 0xa4, 0x47, 0xc1, 0xc1, 0xb9, 0xb1, 0x82, 0x99, 0x03, 0xe9, 0x23,
    0x82, 0x7d, 0x8c, 0xf4, 0x28, 0x38, 0x38, 0x37, 0x56, 0x30, 0x73, 0x20,
    0x7d, 0x44, 0xb0, 0x8f, 0x91, 0x1e, 0x05, 0x07, 0xe7, 0xc6, 0x0a, 0x66,
    0x0e, 0xa4, 0x8f, 0x08, 0xf6, 0x31, 0xd2, 0xa3, 0xe0, 0xe0, 0xdc, 0x58,
    0xc1, 0xcc, 0x81, 0xf4, 0x11, 0xc1, 0x3e, 0x46, 0x7a, 0x14, 0x1c, 0x9c,
    0x1b, 0x2b, 0x98, 0x39, 0x90, 0x3e, 0x22, 0xd8, 0xc7, 0x48, 0x8f, 0x82,
    0x83, 0x73, 0x63, 0x05, 0x33, 0x07, 0xd2, 0x57, 0x04, 0x0b, 0x19, 0xe9,
    0xd5, 0xb0, 0xbf, 0x37, 0x56, 0x30, 0xb3, 0x77, 0xbe, 0x12, 0xd8, 0xc7,
    0x48, 0xaf, 0x86, 0xfd, 0xbd, 0xb1, 0x82, 0x99, 0xbd, 0xf3, 0x95, 0xc0,
    0x3e, 0x46, 0x7a, 0x35, 0xec, 0xef, 0x8d, 0x15, 0xcc, 0xec, 0x9d, 0xaf,
    0x04, 0xf6, 0x31, 0xd2, 0xab, 0x61, 0x7f, 0x6f, 0xac, 0x60, 0x66, 0xef,
    0x7c, 0x25, 0xb0, 0x8f, 0x91, 0x5e, 0x0d, 0xfb, 0x7b, 0x63, 0x05, 0x33,
    0x7b, 0xe7, 0x2b, 0x81, 0x7d, 0x8c, 0xf4, 0x6a, 0xd8, 0xdf, 0x1b, 0x2b,
    0x98, 0xd9, 0x3b, 0x5f, 0x09, 0xec, 0x63, 0xa4, 0x57, 0xc3, 0xfe, 0xde,
    0x58, 0xc1, 0xcc, 0xde, 0xf9, 0x4a, 0x60, 0x1f, 0x23, 0xbd, 0x1a, 0xf6,
    0xf7, 0xc6, 0x0a, 0x66, 0xf6, 0xce, 0x67, 0x02, 0x0b, 0x19, 0xe9, 0x59,
    0xb1, 0x2e, 0x18, 0x2b, 0x98, 0x59, 0x2b, 0x9f, 0x01, 0xec, 0x63, 0xa4,
    0x67, 0xc5, 0xba, 0x60, 0xac, 0x60, 0x66, 0xad, 0x7c, 0x06, 0xb0, 0x8f,
    0x91, 0x9e, 0x15, 0xeb, 0x82, 0xb1, 0x82, 0x99, 0xb5, 0xf2, 0x19, 0xc0,
    0x3e, 0x46, 0x7a, 0x56, 0xac, 0x0b, 0xc6, 0x0a, 0x66, 0xd6, 0xca, 0x67,
    0x00, 0xfb, 0x18, 0xe9, 0x59, 0xb1, 0x2e, 0x18, 0x2b, 0x98, 0x59, 0x2b,
    0x9f, 0x01, 0xec, 0x63, 0xa4, 0x67, 0xc5, 0xba, 0x60, 0xac, 0x60, 0x66,
    0xad, 0x7c, 0x06, 0xb0, 0x8f, 0x91, 0x9e, 0x15, 0xeb, 0x82, 0xb1, 0x82,
    0x99, 0xb5, 0xf2, 0x19, 0xc0, 0x3e, 0x46, 0x7a, 0x56, 0xac, 0x0b, 0xc6,
    0x0a, 0x66, 0xd6, 0xca, 0x77, 0x00, 0x0b, 0x19, 0xe9, 0xdd, 0xb1, 0x6d,
    0x18, 0x2b, 0x98, 0xd9, 0x1a, 0xdf, 0xfb, 0xec, 0x63, 0xa4, 0x77, 0xc7,
    0xb6, 0x61, 0xac, 0x60, 0x66, 0x6b, 0x7c, 0xef, 0xb3, 0x8f, 0x91, 0xde,
    0x1d, 0xdb, 0x86, 0xb1, 0x82, 0x99, 0xad, 0xf1, 0xbd, 0xcf, 0x3e, 0x46,
    0x7a, 0x77, 0x6c, 0x1b, 0xc6, 0x0a, 0x66, 0xb6, 0xc6, 0xf7, 0x3e, 0xfb,
    0x18, 0xe9, 0xdd, 0xb1, 0x6d, 0x18, 0x2b, 0x98, 0xd9, 0x1a, 0xdf, 0xfb,
    0xec, 0x63, 0xa4, 0x77, 0xc7, 0xb6, 0x61, 0xac, 0x60, 0x66, 0x6b, 0x7c,
    0xef, 0xb3, 0x8f, 0x91, 0xde, 0x1d, 0xdb, 0x86, 0xb1, 0x82, 0x99, 0xad,
    0xf1, 0xbd, 0xcf, 0x3e, 0x46, 0x7a, 0x77, 0x6c, 0x1b, 0xc6, 0x0a, 0x66,
    0xb6, 0xc6, 0x41, 0x9f, 0x85, 0x8c, 0x34, 0x90, 0x2c, 0x2b, 0xc6, 0x0a,
    0x66, 0x96, 0xc2, 0x41, 0x9d, 0x7d, 0x8c, 0x34, 0x90, 0x2c, 0x2b, 0xc6,
    0x0a, 0x66, 0x96, 0xc2, 0x41, 0x9d, 0x7d, 0x8c, 0x34, 0x90, 0x2c, 0x2b,
    0xc6, 0x0a, 0x66, 0x96, 0xc2, 0x41, 0x9d, 0x7d, 0x8c, 0x34, 0x90, 0x2c,
    0x2b, 0xc6, 0x0a, 0x66, 0x96, 0xc2, 0x41, 0x9d, 0x7d, 0x8c, 0x34, 0x90,
    0x2c, 0x2b, 0xc6, 0x0a, 0x66, 0x96, 0xc2, 0x41, 0x9d, 0x7d, 0x8c, 0x34,
    0x90, 0x2c, 0x2b, 0xc6, 0x0a, 0x66, 0x96, 0xc2, 0x41, 0x9d, 0x7d, 0x8c,
    0x34, 0x90, 0x2c, 0x2b, 0xc6, 0x0a, 0x66, 0x96, 0xc2, 0x41, 0x9d, 0x7d,
    0x8c, 0x34, 0x90, 0x2c, 0x2b, 0xc6, 0x0a, 0x66, 0x96, 0xc2, 0x49, 0x9d,
    0x85, 0x8c, 0x34, 0xb1, 0xec, 0x3a, 0xc6, 0x0a, 0x66, 0x76, 0xbe, 0x49,
    0x9b, 0x7d, 0x8c, 0x34, 0xb1, 0xec, 0x3a, 0xc6, 0x0a, 0x66, 0x76, 0xbe,
    0x49, 0x9b, 0x7d, 0x8c, 0x34, 0xb1, 0xec, 0x3a, 0xc6, 0x0a, 0x66, 0x76,
    0xbe, 0x49, 0x9b, 0x7d, 0x8c, 0x34, 0xb1, 0xec, 0x3a, 0xc6, 0x0a, 0x66,
    0x76, 0xbe, 0x49, 0x9b, 0x7d, 0x8c, 0x34, 0xb1, 0xec, 0x3a, 0xc6, 0x0a,
    0x66, 0x76, 0xbe, 0x49, 0x9b, 0x7d, 0x8c, 0x34, 0xb1, 0xec, 0x3a, 0xc6,
    0x0a, 0x66, 0x76, 0xbe, 0x49, 0x9b, 0x7d, 0x8c, 0x34, 0xb1, 0xec, 0x3a,
    0xc6, 0x0a, 0x66, 0x76, 0xbe, 0x49, 0x9b, 0x7d, 0x8c, 0x34, 0xb1, 0xec,
    0x3a, 0xc6, 0x0a, 0x66, 0x76, 0xbe, 0x51, 0x9b, 0x85, 0x8c, 0x34, 0xd2,
    0xac, 0x4a, 0xc6, 0x0a, 0x66, 0x56, 0xba, 0x51, 0x99, 0x7d, 0x8c, 0x34,
    0xd2, 0xac, 0x4a, 0xc6, 0x0a, 0x66, 0x56, 0xba, 0x51, 0x99, 0x7d, 0x8c,
    0x34, 0xd2, 0xac, 0x4a, 0xc6, 0x0a, 0x66, 0x56, 0xba, 0x51, 0x99, 0x7d,
    0x8c, 0x34, 0xd2, 0xac, 0x4a, 0xc6, 0x0a, 0x66, 0x56, 0xba, 0x51, 0x99,
    0x7d, 0x8c, 0x34, 0xd2, 0xac, 0x4a, 0xc6, 0x0a, 0x66, 0x56, 0xba, 0x51,
    0x99, 0x7d, 0x8c, 0x34, 0xd2, 0xac, 0x4a, 0xc6, 0x0a, 0x66, 0x56, 0xba,
    0x51, 0x99, 0x7d, 0x8c, 0x34, 0xd2, 0xac, 0x4a, 0xc6, 0x0a, 0x66, 0x56,
    0xba, 0x51, 0x99, 0x7d, 0x8c, 0x34, 0xd2, 0xac, 0x4a, 0xc6, 0x0a, 0x66,
    0x56, 0xba, 0x59, 0x99, 0x85, 0x8c, 0x34, 0xf3, 0x6c, 0x5a, 0xc6, 0x0a,
    0x66, 0x36, 0xb6, 0x59, 0x97, 0x7d, 0x8c, 0x34, 0xf3, 0x6c, 0x5a, 0xc6,
    0x0a, 0x66, 0x36, 0xb6, 0x59, 0x97, 0x7d, 0x8c, 0x34, 0xf3, 0x6c, 0x5a,
    0xc6, 0x0a, 0x66, 0x36, 0xb6, 0x59, 0x97, 0x7d, 0x8c, 0x34, 0xf3, 0x6c,
    0x5a, 0xc6, 0x0a, 0x66, 0x36, 0xb6, 0x59, 0x97, 0x7d, 0x8c, 0x34, 0xf3,
    0x6c, 0x5a, 0xc6, 0x0a, 0x66, 0x36, 0xb6, 0x59, 0x97, 0x7d, 0x8c, 0x34,
    0xf3, 0x6c, 0x5a, 0xc6, 0x0a, 0x66, 0x36, 0xb6, 0x59, 0x97, 0x7d, 0x8c,
    0x34, 0xf3, 0x6c, 0x5a, 0xc6, 0x0a, 0x66, 0x36, 0xb6, 0x59, 0x97, 0x7d,
    0x8c, 0x34, 0xf3, 0x6c, 0x5a, 0xc6, 0x0a, 0x66, 0x36, 0xb6, 0x61, 0x97,
    0x85, 0x8c, 0x34, 0x14, 0x2d, 0x6a, 0xc6, 0x0a, 0x66, 0x16, 0xb2, 0x61,
    0x95, 0x7d, 0x8c, 0x34, 0x14, 0x2d, 0x6a, 0xc6, 0x0a, 0x66, 0x16, 0xb2,
    0x61, 0x95, 0x7d, 0x8c, 0x34, 0x14, 0x2d, 0x6a, 0xc6, 0x0a, 0x66, 0x16,
    0xb2, 0x61, 0x95, 0x7d, 0x8c, 0x34, 0x14, 0x2d, 0x6a, 0xc6, 0x0a, 0x66,
    0x16, 0xb2, 0x61, 0x95, 0x7d, 0x8c, 0x34, 0x14, 0x2d, 0x6a, 0xc6, 0x0a,
    0x66, 0x16, 0xb2, 0x61, 0x95, 0x7d, 0x8c, 0x34, 0x14, 0x2d, 0x6a, 0xc6,
    0x0a, 0x66, 0x16, 0xb2, 0x61, 0x95, 0x7d, 0x8c, 0x34, 0x14, 0x2d, 0x6a,
    0xc6, 0x0a, 0x66, 0x16, 0xb2, 0x61, 0x95, 0x7d, 0x8c, 0x34, 0x14, 0x2d,
    0x6a, 0xc6, 0x0a, 0x66, 0x16, 0xb2, 0x69, 0x95, 0x85, 0x8c, 0x34, 0x35,
    0xcd, 0x7b, 0xc6, 0x0a, 0x66, 0xe6, 0xae, 0x69, 0x93, 0x7d, 0x8c, 0x34,
    0x35, 0xcd, 0x7b, 0xc6, 0x0a, 0x66, 0xe6, 0xae, 0x69, 0x93, 0x7d, 0x8c,
    0x34, 0x35, 0xcd, 0x7b, 0xc6, 0x0a, 0x66, 0xe6, 0xae, 0x69, 0x93, 0x7d,
    0x8c, 0x34, 0x35, 0xcd, 0x7b, 0xc6, 0x0a, 0x66, 0xe6, 0xae, 0x69, 0x93,
    0x7d, 0x8c, 0x34, 0x35, 0xcd, 0x7b, 0xc6, 0x0a, 0x66, 0xe6, 0xae, 0x69,
    0x93, 0x7d, 0x8c, 0x34, 0x35, 0xcd, 0x7b, 0xc6, 0x0a, 0x66, 0xe6, 0xae,
    0x69, 0x93, 0x7d, 0x8c, 0x34, 0x35, 0xcd, 0x7b, 0xc6, 0x0a, 0x66, 0xe6,
    0xae, 0x69, 0x93, 0x7d, 0x8c, 0x34, 0x35, 0xcd, 0x7b, 0xc6, 0x0a, 0x66,
    0xe6, 0xae, 0x71, 0x93, 0x85, 0x8c, 0x34, 0x56, 0x8d, 0x8b, 0xc6, 0x0a,
    0x66, 0xc6, 0xaa, 0x71, 0x91, 0x7d, 0x8c, 0x34, 0x56, 0x8d, 0x8b, 0xc6,
    0x0a, 0x66, 0xc6, 0xaa, 0x71, 0x91, 0x7d, 0x8c, 0x34, 0x56, 0x8d, 0x8b,
    0xc6, 0x0a, 0x66, 0xc6, 0xaa, 0x71, 0x91, 0x7d, 0x8c, 0x34, 0x56, 0x8d,
    0x8b, 0xc6, 0x0a, 0x66, 0xc6, 0xaa, 0x71, 0x91, 0x7d, 0x8c, 0x34, 0x56,
    0x8d, 0x8b, 0xc6, 0x0a, 0x66, 0xc6, 0xaa, 0x71, 0x91, 0x7d, 0x8c, 0x34,
    0x56, 0x8d, 0x8b, 0xc6, 0x0a, 0x66, 0xc6, 0xaa, 0x71, 0x91, 0x7d, 0x8c,
    0x34, 0x56, 0x8d, 0x8b, 0xc6, 0x0a, 0x66, 0xc6, 0xaa, 0x71, 0x91, 0x7d,
    0x8c, 0x34, 0x56, 0x8d, 0x8b, 0xc6, 0x0a, 0x66, 0xc6, 0xaa, 0x79, 0x91,
    0x85, 0x8c, 0x34, 0x77, 0x4d, 0x9b, 0xc6, 0x0a, 0x66, 0xa6, 0xa6, 0x79,
    0x8f, 0x7d, 0x8c, 0x34, 0x77, 0x4d, 0x9b, 0xc6, 0x0a, 0x66, 0xa6, 0xa6,
    0x79, 0x8f, 0x7d, 0x8c, 0x34, 0x77, 0x4d, 0x9b, 0xc6, 0x0a, 0x66, 0xa6,
    0xa6, 0x79, 0x8f, 0x7d, 0x8c, 0x34, 0x77, 0x4d, 0x9b, 0xc6, 0x0a, 0x66,
    0xa6, 0xa6, 0x79, 0x8f, 0x7d, 0x8c, 0x34, 0x77, 0x4d, 0x9b, 0xc6, 0x0a,
    0x66, 0xa6, 0xa6, 0x79, 0x8f, 0x7d, 0x8c, 0x34, 0x77, 0x4d, 0x9b, 0xc6,
    0x0a, 0x66, 0xa6, 0xa6, 0x79, 0x8f, 0x7d, 0x8c, 0x34, 0x77, 0x4d, 0x9b,
    0xc6, 0x0a, 0x66, 0xa6, 0xa6, 0x79, 0x8f, 0x7d, 0x8c, 0x34, 0x77, 0x4d,
    0x9b, 0xc6, 0x0a, 0x66, 0xa6, 0xa6, 0x45, 0x8f, 0x85, 0x8c, 0xb4, 0x90,
    0x0d, 0xab, 0xc6, 0x0a, 0x66, 0x86, 0xa2, 0x45, 0x8d, 0x7d, 0x8c, 0xb4,
    0x90, 0x0d, 0xab, 0xc6, 0x0a, 0x66, 0x86, 0xa2, 0x45, 0x8d, 0x7d, 0x8c,
    0xb4, 0x90, 0x0d, 0xab, 0xc6, 0x0a, 0x66, 0x86, 0xa2, 0x45, 0x8d, 0x7d,
    0x8c, 0xb4, 0x90, 0x0d, 0xab, 0xc6, 0x0a, 0x66, 0x86, 0xa2, 0x45, 0x8d,
    0x7d, 0x8c, 0xb4, 0x90, 0x0d, 0xab, 0xc6, 0x0a, 0x66, 0x86, 0xa2, 0x45,
    0x8d, 0x7d, 0x8c, 0xb4, 0x90, 0x0d, 0xab, 0xc6, 0x0a, 0x66, 0x86, 0xa2,
    0x45, 0x8d, 0x7d, 0x8c, 0xb4, 0x90, 0x0d, 0xab, 0xc6, 0x0a, 0x66, 0x86,
    0xa2, 0x45, 0x8d, 0x7d, 0x8c, 0xb4, 0x90, 0x0d, 0xab, 0xc6, 0x0a, 0x66,
    0x86, 0xa2, 0x4d, 0x8d, 0x85, 0x8c, 0xb4, 0xb1, 0xcd, 0xba, 0xc6, 0x0a,
    0x66, 0x66, 0x9e, 0x4d, 0x8b, 0x7d, 0x8c, 0xb4, 0xb1, 0xcd, 0xba, 0xc6,
    0x0a, 0x66, 0x66, 0x9e, 0x4d, 0x8b, 0x7d, 0x8c, 0xb4, 0xb1, 0xcd, 0xba,
    0xc6, 0x0a, 0x66, 0x66, 0x9e, 0x4d, 0x8b, 0x7d, 0x8c, 0xb4, 0xb1, 0xcd,
    0xba, 0xc6, 0x0a, 0x66, 0x66, 0x9e, 0x4d, 0x8b, 0x7d, 0x8c, 0xb4, 0xb1,
    0xcd, 0xba, 0xc6, 0x0a, 0x66, 0x66, 0x9e, 0x4d, 0x8b, 0x7d, 0x8c, 0xb4,
    0xb1, 0xcd, 0xba, 0xc6, 0x0a, 0x66, 0x66, 0x9e, 0x4d, 0x8b, 0x7d, 0x8c,
    0xb4, 0xb1, 0xcd, 0xba, 0xc6, 0x0a, 0x66, 0x66, 0x9e, 0x4d, 0x8b, 0x7d,
    0x8c, 0xb4, 0xb1, 0xcd, 0xba, 0xc6, 0x0a, 0x66, 0x66, 0x9e, 0x55, 0x8b,
    0x85, 0x8c, 0xb4, 0xd2, 0x8d, 0xca, 0xc6, 0x0a, 0x66, 0x46, 0x9a, 0x55,
    0x89, 0x7d, 0x8c, 0xb4, 0xd2, 0x8d, 0xca, 0xc6, 0x0a, 0x66, 0x46, 0x9a,
    0x55, 0x89, 0x7d, 0x8c, 0xb4, 0xd2, 0x8d, 0xca, 0xc6, 0x0a, 0x66, 0x46,
    0x9a, 0x55, 0x89, 0x7d, 0x8c, 0xb4, 0xd2, 0x8d, 0xca, 0xc6, 0x0a, 0x66,
    0x46, 0x9a, 0x55, 0x89, 0x7d, 0x8c, 0xb4, 0xd2, 0x8d, 0xca, 0xc6, 0x0a,
    0x66, 0x46, 0x9a, 0x55, 0x89, 0x7d, 0x8c, 0xb4, 0xd2, 0x8d, 0xca, 0xc6,
    0x0a, 0x66, 0x46, 0x9a, 0x55, 0x89, 0x7d, 0x8c, 0xb4, 0xd2, 0x8d, 0xca,
    0xc6, 0x0a, 0x66, 0x46, 0x9a, 0x55, 0x89, 0x7d, 0x8c, 0xb4, 0xd2, 0x8d,
    0xca, 0xc6, 0x0a, 0x66, 0x46, 0x9a, 0x5d, 0x89, 0x85, 0x8c, 0xb4, 0xf3,
    0x4d, 0xda, 0xc6, 0x0a, 0x66, 0x26, 0x96, 0x5d, 0x87, 0x7d, 0x8c, 0xb4,
    0xf3, 0x4d, 0xda, 0xc6, 0x0a, 0x66, 0x26, 0x96, 0x5d, 0x87, 0x7d, 0x8c,
    0xb4, 0xf3, 0x4d, 0xda, 0xc6, 0x0a, 0x66, 0x26, 0x96, 0x5d, 0x87, 0x7d,
    0x8c, 0xb4, 0xf3, 0x4d, 0xda, 0xc6, 0x0a, 0x66, 0x26, 0x96, 0x5d, 0x87,
    0x7d, 0x8c, 0xb4, 0xf3, 0x4d, 0xda, 0xc6, 0x0a, 0x66, 0x26, 0x96, 0x5d,
    0x87, 0x7d, 0x8c, 0xb4, 0xf3, 0x4d, 0xda, 0xc6, 0x0a, 0x66, 0x26, 0x96,
    0x5d, 0x87, 0x7d, 0x8c, 0xb4, 0xf3, 0x4d, 0xda, 0xc6, 0x0a, 0x66, 0x26,
    0x96, 0x5d, 0x87, 0x7d, 0x8c, 0xb4, 0xf3, 0x4d, 0xda, 0xc6, 0x0a, 0x66,
    0x26, 0x96, 0x65, 0x87, 0x85, 0x8c, 0xb4, 0x14, 0x0e, 0xea, 0xc6, 0x0a,
    0x66, 0x06, 0x92, 0x65, 0x85, 0x7d, 0x8c, 0xb4, 0x14, 0x0e, 0xea, 0xc6,
    0x0a, 0x66, 0x06, 0x92, 0x65, 0x85, 0x7d, 0x8c, 0xb4, 0x14, 0x0e, 0xea,
    0xc6, 0x0a, 0x66, 0x06, 0x92, 0x65, 0x85, 0x7d, 0x8c, 0xb4, 0x14, 0x0e,
    0xea, 0xc6, 0x0a, 0x66, 0x06, 0x92, 0x65, 0x85, 0x7d, 0x8c, 0xb4, 0x14,
    0x0e, 0xea, 0xc6, 0x0a, 0x66, 0x06, 0x92, 0x65, 0x85, 0x7d, 0x8c, 0xb4,
    0x14, 0x0e, 0xea, 0xc6, 0x0a, 0x66, 0x06, 0x92, 0x65, 0x85, 0x7d, 0x8c,
    0xb4, 0x14, 0x0e, 0xea, 0xc6, 0x0a, 0x66, 0x06, 0x92, 0x65, 0x85, 0x7d,
    0x8c, 0xb4, 0x14, 0x0e, 0xea, 0xc6, 0x0a, 0x66, 0x06, 0x92, 0x6d, 0x85,
    0x85, 0x8c, 0xb4, 0x35, 0xbe, 0xf7, 0x8d, 0x15, 0xcc, 0xbc, 0x3b, 0xb6,
    0x0d, 0xf6, 0x31, 0xd2, 0xd6, 0xf8, 0xde, 0x37, 0x56, 0x30, 0xf3, 0xee,
    0xd8, 0x36, 0xd8, 0xc7, 0x48, 0x5b, 0xe3, 0x7b, 0xdf, 0x58, 0xc1, 0xcc,
    0xbb, 0x63, 0xdb, 0x60, 0x1f, 0x23, 0x6d, 0x8d, 0xef, 0x7d, 0x63, 0x05,
    0x33, 0xef, 0x8e, 0x6d, 0x83, 0x7d, 0x8c, 0xb4, 0x35, 0xbe, 0xf7, 0x8d,
    0x15, 0xcc, 0xbc, 0x3b, 0xb6, 0x0d, 0xf6, 0x31, 0xd2, 0xd6, 0xf8, 0xde,
    0x37, 0x56, 0x30, 0xf3, 0xee, 0xd8, 0x36, 0xd8, 0xc7, 0x48, 0x5b, 0xe3,
    0x7b, 0xdf, 0x58, 0xc1, 0xcc, 0xbb, 0x63, 0xdb, 0x60, 0x1f, 0x23, 0x6d,
    0x8d, 0xef, 0x7d, 0x63, 0x05, 0x33, 0xef, 0x8e, 0x75, 0x83, 0x85, 0x8c,
    0xb4, 0x56, 0x3e, 0x03, 0x8c, 0x15, 0xcc, 0x3c, 0x2b, 0xd6, 0x05, 0xf6,
    0x31, 0xd2, 0x5a, 0xf9, 0x0c, 0x30, 0x56, 0x30, 0xf3, 0xac, 0x58, 0x17,
    0xd8, 0xc7, 0x48, 0x6b, 0xe5, 0x33, 0xc0, 0x58, 0xc1, 0xcc, 0xb3, 0x62,
    0x5d, 0x60, 0x1f, 0x23, 0xad, 0x95, 0xcf, 0x00, 0x63, 0x05, 0x33, 0xcf,
    0x8a, 0x75, 0x81, 0x7d, 0x8c, 0xb4, 0x56, 0x3e, 0x03, 0x8c, 0x15, 0xcc,
    0x3c, 0x2b, 0xd6, 0x05, 0xf6, 0x31, 0xd2, 0x5a, 0xf9, 0x0c, 0x30, 0x56,
    0x30, 0xf3, 0xac, 0x58, 0x17, 0xd8, 0xc7, 0x48, 0x6b, 0xe5, 0x33, 0xc0,
    0x58, 0xc1, 0xcc, 0xb3, 0x62, 0x5d, 0x60, 0x1f, 0x23, 0xad, 0x95, 0xcf,
    0x00, 0x63, 0x05, 0x33, 0xcf, 0x8a, 0x7d, 0x81, 0x85, 0x8c, 0xb4, 0x77,
    0xbe, 0x12, 0x8c, 0x15, 0xcc, 0xbc, 0x1a, 0xf6, 0xf7, 0xec, 0x63, 0xa4,
    0xbd, 0xf3, 0x95, 0x60, 0xac, 0x60, 0xe6, 0xd5, 0xb0, 0xbf, 0x67, 0x1f,
    0x23, 0xed, 0x9d, 0xaf, 0x04, 0x63, 0x05, 0x33, 0xaf, 0x86, 0xfd, 0x3d,
    0xfb, 0x18, 0x69, 0xef, 0x7c, 0x25, 0x18, 0x2b, 0x98, 0x79, 0x35, 0xec,
    0xef, 0xd9, 0xc7, 0x48, 0x7b, 0xe7, 0x2b, 0xc1, 0x58, 0xc1, 0xcc, 0xab,
    0x61, 0x7f, 0xcf, 0x3e, 0x46, 0xda, 0x3b, 0x5f, 0x09, 0xc6, 0x0a, 0x66,
    0x5e, 0x0d, 0xfb, 0x7b, 0xf6, 0x31, 0xd2, 0xde, 0xf9, 0x4a, 0x30, 0x56,
    0x30, 0xf3, 0x6a, 0xd8, 0xdf, 0xb3, 0x8f, 0x91, 0xf6, 0xce, 0x57, 0x82,
    0xb1, 0x82, 0x99, 0x57, 0xc3, 0xc1, 0x3d, 0x0b, 0x19, 0xe9, 0x40, 0xfa,
    0x88, 0x30, 0x56, 0x30, 0xf3, 0x28, 0x38, 0x38, 0x67, 0x1f, 0x23, 0x1d,
    0x48, 0x1f, 0x11, 0xc6, 0x0a, 0x66, 0x1e, 0x05, 0x07, 0xe7, 0xec, 0x63,
    0xa4, 0x03, 0xe9, 0x23, 0xc2, 0x58, 0xc1, 0xcc, 0xa3, 0xe0, 0xe0, 0x9c,
    0x7d, 0x8c, 0x74, 0x20, 0x7d, 0x44, 0x18, 0x2b, 0x98, 0x79, 0x14, 0x1c,
    0x9c, 0xb3, 0x8f, 0x91, 0x0e, 0xa4, 0x8f, 0x08, 0x63, 0x05, 0x33, 0x8f,
    0x82, 0x83, 0x73, 0xf6, 0x31, 0xd2, 0x81, 0xf4, 0x11, 0x61, 0xac, 0x60,
    0xe6, 0x51, 0x70, 0x70, 0xce, 0x3e, 0x46, 0x3a, 0x90, 0x3e, 0x22, 0x8c,
    0x15, 0xcc, 0x3c, 0x0a, 0x0e, 0xce, 0xd9, 0xc7, 0x48, 0x07, 0xd2, 0x47,
    0x84, 0xb1, 0x82, 0x99, 0x3f, 0x1c, 0x1b, 0xe9, 0xf1, 0x4d, 0x06, 0xe7,
    0xc6, 0x0a, 0x66, 0x0e, 0xa4, 0x8f, 0x08, 0xf6, 0x31, 0xd2, 0xa3, 0xe0,
    0xe0, 0xdc, 0x58, 0xc1, 0xcc, 0x81, 0xf4, 0x11, 0xc1, 0x3e, 0x46, 0x7a,
    0x14, 0x1c, 0x9c, 0x1b, 0x2b, 0x98, 0x39, 0x90, 0x3e, 0x22, 0xd8, 0xc7,
    0x48, 0x8f, 0x82, 0x83, 0x73, 0x63, 0x05, 0x33, 0x07, 0xd2, 0x47, 0x04,
    0xfb, 0x18, 0xe9, 0x51, 0x70, 0x70, 0x6e, 0xac, 0x60, 0xe6, 0x40, 0xfa,
    0x88, 0x60, 0x1f, 0x23, 0x3d, 0x0a, 0x0e, 0xce, 0x8d, 0x15, 0xcc, 0x1c,
    0x48, 0x1f, 0x11, 0xec, 0x63, 0xa4, 0x47, 0xc1, 0xc1, 0xb9, 0xb1, 0x82,
    0x99, 0x03, 0xe9, 0x23, 0x82, 0x7d, 0x8c, 0xf4, 0x28, 0x38, 0x38, 0x37,
    0x56, 0x30, 0x73, 0x20, 0x7d, 0x45, 0xb0, 0x90, 0x91, 0x5e, 0x0d, 0xfb,
    0x7b, 0x63, 0x05, 0x33, 0x7b, 0xe7, 0x2b, 0x81, 0x7d, 0x8c, 0xf4, 0x6a,
    0xd8, 0xdf, 0x1b, 0x2b, 0x98, 0xd9, 0x3b, 0x5f, 0x09, 0xec, 0x63, 0xa4,
    0x57, 0xc3, 0xfe, 0xde, 0x58, 0xc1, 0xcc, 0xde, 0xf9, 0x4a, 0x60, 0x1f,
    0x23, 0xbd, 0x1a, 0xf6, 0xf7, 0xc6, 0x0a, 0x66, 0xf6, 0xce, 0x57, 0x02,
    0xfb, 0x18, 0xe9, 0xd5, 0xb0, 0xbf, 0x37, 0x56, 0x30, 0xb3, 0x77, 0xbe,
    0x12, 0xd8, 0xc7, 0x48, 0xaf, 0x86, 0xfd, 0xbd, 0xb1, 0x82, 0x99, 0xbd,
    0xf3, 0x95, 0xc0, 0x3e, 0x46, 0x7a, 0x35, 0xec, 0xef, 0x8d, 0x15, 0xcc,
    0xec, 0x9d, 0xaf, 0x04, 0xf6, 0x31, 0xd2, 0xab, 0x61, 0x7f, 0x6f, 0xac,
    0x60, 0x66, 0xef, 0x7c, 0x26, 0xb0, 0x90, 0x91, 0x9e, 0x15, 0xeb, 0x82,
    0xb1, 0x82, 0x99, 0xb5, 0xf2, 0x19, 0xc0, 0x3e, 0x46, 0x7a, 0x56, 0xac,
    0x0b, 0xc6, 0x0a, 0x66, 0xd6, 0xca, 0x67, 0x00, 0xfb, 0x18, 0xe9, 0x59,
    0xb1, 0x2e, 0x18, 0x2b, 0x98, 0x59, 0x2b, 0x9f, 0x01, 0xec, 0x63, 0xa4,
    0x67, 0xc5, 0xba, 0x60, 0xac, 0x60, 0x66, 0xad, 0x7c, 0x06, 0xb0, 0x8f,
    0x91, 0x9e, 0x15, 0xeb, 0x82, 0xb1, 0x82, 0x99, 0xb5, 0xf2, 0x19, 0xc0,
    0x3e, 0x46, 0x7a, 0x56, 0xac, 0x0b, 0xc6, 0x0a, 0x66, 0xd6, 0xca, 0x67,
    0x00, 0xfb, 0x18, 0xe9, 0x59, 0xb1, 0x2e, 0x18, 0x2b, 0x4b, 0x3c, 0xe7,
    0x66, 0x00, 0x00, 0x20, 0x00, 0x49, 0x44, 0x41, 0x54, 0x98, 0x59, 0x2b,
    0x9f, 0x01, 0xec, 0x63, 0xa4, 0x67, 0xc5, 0xba, 0x60, 0xac, 0x60, 0x66,
    0xad, 0x7c, 0x07, 0xb0, 0x90, 0x91, 0xde, 0x1d, 0xdb, 0x86, 0xb1, 0x82,
    0x99, 0xad, 0xf1, 0xbd, 0xcf, 0x3e, 0x46, 0x7a, 0x77, 0x6c, 0x1b, 0xc6,
    0x0a, 0x66, 0xb6, 0xc6, 0xf7, 0x3e, 0xfb, 0x18, 0xe9, 0xdd, 0xb1, 0x6d,
    0x18, 0x2b, 0x98, 0xd9, 0x1a, 0xdf, 0xfb, 0xec, 0x63, 0xa4, 0x77, 0xc7,
    0xb6, 0x61, 0xac, 0x60, 0x66, 0x6b, 0x7c, 0xef, 0xb3, 0x8f, 0x91, 0xde,
    0x1d, 0xdb, 0x86, 0xb1, 0x82, 0x99, 0xad, 0xf1, 0xbd, 0xcf, 0x3e, 0x46,
    0x7a, 0x77, 0x6c, 0x1b, 0xc6, 0x0a, 0x66, 0xb6, 0xc6, 0xf7, 0x3e, 0xfb,
    0x18, 0xe9, 0xdd, 0xb1, 0x6d, 0x18, 0x2b, 0x98, 0xd9, 0x1a, 0xdf, 0xfb,
    0xec, 0x63, 0xa4, 0x77, 0xc7, 0xb6, 0x61, 0xac, 0x60, 0x66, 0x6b, 0x1c,
    0xf4, 0x59, 0xc8, 0x48, 0x03, 0xc9, 0xb2, 0x62, 0xac, 0x60, 0x66, 0x29,
    0x1c, 0xd4, 0xd9, 0xc7, 0x48, 0x03, 0xc9, 0xb2, 0x62, 0xac, 0x60, 0x66,
    0x29, 0x1c, 0xd4, 0xd9, 0xc7, 0x48, 0x03, 0xc9, 0xb2, 0x62, 0xac, 0x60,
    0x66, 0x29, 0x1c, 0xd4, 0xd9, 0xc7, 0x48, 0x03, 0xc9, 0xb2, 0x62, 0xac,
    0x60, 0x66, 0x29, 0x1c, 0xd4, 0xd9, 0xc7, 0x48, 0x03, 0xc9, 0xb2, 0x62,
    0xac, 0x60, 0x66, 0x29, 0x1c, 0xd4, 0xd9, 0xc7, 0x48, 0x03, 0xc9, 0xb2,
    0x62, 0xac, 0x60, 0x66, 0x29, 0x1c, 0xd4, 0xd9, 0xc7, 0x48, 0x03, 0xc9,
    0xb2, 0x62, 0xac, 0x60, 0x66, 0x29, 0x1c, 0xd4, 0xd9, 0xc7, 0x48, 0x03,
    0xc9, 0xb2, 0x62, 0xac, 0x60, 0x66, 0x29, 0x9c, 0xd4, 0x59, 0xc8, 0x48,
    0x13, 0xcb, 0xae, 0x63, 0xac, 0x60, 0x66, 0xe7, 0x9b, 0xb4, 0xd9, 0xc7,
    0x48, 0x13, 0xcb, 0xae, 0x63, 0xac, 0x60, 0x66, 0xe7, 0x9b, 0xb4, 0xd9,
    0xc7, 0x48, 0x13, 0xcb, 0xae, 0x63, 0xac, 0x60, 0x66, 0xe7, 0x9b, 0xb4,
    0xd9, 0xc7, 0x48, 0x13, 0xcb, 0xae, 0x63, 0xac, 0x60, 0x66, 0xe7, 0x9b,
    0xb4, 0xd9, 0xc7, 0x48, 0x13, 0xcb, 0xae, 0x63, 0xac, 0x60, 0x66, 0xe7,
    0x9b, 0xb4, 0xd9, 0xc7, 0x48, 0x13, 0xcb, 0xae, 0x63, 0xac, 0x60, 0x66,
    0xe7, 0x9b, 0xb4, 0xd9, 0xc7, 0x48, 0x13, 0xcb, 0xae, 0x63, 0xac, 0x60,
    0x66, 0xe7, 0x9b, 0xb4, 0xd9, 0xc7, 0x48, 0x13, 0xcb, 0xae, 0x63, 0xac,
    0x60, 0x66, 0xe7, 0x1b, 0xb5, 0x59, 0xc8, 0x48, 0x23, 0xcd, 0xaa, 0x64,
    0xac, 0x60, 0x66, 0xa5, 0x1b, 0x95, 0xd9, 0xc7, 0x48, 0x23, 0xcd, 0xaa,
    0x64, 0xac, 0x60, 0x66, 0xa5, 0x1b, 0x95, 0xd9, 0xc7, 0x48, 0x23, 0xcd,
    0xaa, 0x64, 0xac, 0x60, 0x66, 0xa5, 0x1b, 0x95, 0xd9, 0xc7, 0x48, 0x23,
    0xcd, 0xaa, 0x64, 0xac, 0x60, 0x66, 0xa5, 0x1b, 0x95, 0xd9, 0xc7, 0x48,
    0x23, 0xcd, 0xaa, 0x64, 0xac, 0x60, 0x66, 0xa5, 0x1b, 0x95, 0xd9, 0xc7,
    0x48, 0x23, 0xcd, 0xaa, 0x64, 0xac, 0x60, 0x66, 0xa5, 0x1b, 0x95, 0xd9,
    0xc7, 0x48, 0x23, 0xcd, 0xaa, 0x64, 0xac, 0x60, 0x66, 0xa5, 0x1b, 0x95,
    0xd9, 0xc7, 0x48, 0x23, 0xcd, 0xaa, 0x64, 0xac, 0x60, 0x66, 0xa5, 0x9b,
    0x95, 0x59, 0xc8, 0x48, 0x33, 0xcf, 0xa6, 0x65, 0xac, 0x60, 0x66, 0x63,
    0x9b, 0x75, 0xd9, 0xc7, 0x48, 0x33, 0xcf, 0xa6, 0x65, 0xac, 0x60, 0x66,
    0x63, 0x9b, 0x75, 0xd9, 0xc7, 0x48, 0x33, 0xcf, 0xa6, 0x65, 0xac, 0x60,
    0x66, 0x63, 0x9b, 0x75, 0xd9, 0xc7, 0x48, 0x33, 0xcf, 0xa6, 0x65, 0xac,
    0x60, 0x66, 0x63, 0x9b, 0x75, 0xd9, 0xc7, 0x48, 0x33, 0xcf, 0xa6, 0x65,
    0xac, 0x60, 0x66, 0x63, 0x9b, 0x75, 0xd9, 0xc7, 0x48, 0x33, 0xcf, 0xa6,
    0x65, 0xac, 0x60, 0x66, 0x63, 0x9b, 0x75, 0xd9, 0xc7, 0x48, 0x33, 0xcf,
    0xa6, 0x65, 0xac, 0x60, 0x66, 0x63, 0x9b, 0x75, 0xd9, 0xc7, 0x48, 0x33,
    0xcf, 0xa6, 0x65, 0xac, 0x60, 0x66, 0x63, 0x1b, 0x76, 0x59, 0xc8, 0x48,
    0x43, 0xd1, 0xa2, 0x66, 0xac, 0x60, 0x66, 0x21, 0x1b, 0x56, 0xd9, 0xc7,
    0x48, 0x43, 0xd1, 0xa2, 0x66, 0xac, 0x60, 0x66, 0x21, 0x1b, 0x56, 0xd9,
    0xc7, 0x48, 0x43, 0xd1, 0xa2, 0x66, 0xac, 0x60, 0x66, 0x21, 0x1b, 0x56,
    0xd9, 0xc7, 0x48, 0x43, 0xd1, 0xa2, 0x66, 0xac, 0x60, 0x66, 0x21, 0x1b,
    0x56, 0xd9, 0xc7, 0x48, 0x43, 0xd1, 0xa2, 0x66, 0xac, 0x60, 0x66, 0x21,
    0x1b, 0x56, 0xd9, 0xc7, 0x48, 0x43, 0xd1, 0xa2, 0x66, 0xac, 0x60, 0x66,
    0x21, 0x1b, 0x56, 0xd9, 0xc7, 0x48, 0x43, 0xd1, 0xa2, 0x66, 0xac, 0x60,
    0x66, 0x21, 0x1b, 0x56, 0xd9, 0xc7, 0x48, 0x43, 0xd1, 0xa2, 0x66, 0xac,
    0x60, 0x66, 0x21, 0x9b, 0x56, 0x59, 0xc8, 0x48, 0x53, 0xd3, 0xbc, 0x67,
    0xac, 0x60, 0x66, 0xee, 0x9a, 0x36, 0xd9, 0xc7, 0x48, 0x53, 0xd3, 0xbc,
    0x67, 0xac, 0x60, 0x66, 0xee, 0x9a, 0x36, 0xd9, 0xc7, 0x48, 0x53, 0xd3,
    0xbc, 0x67, 0xac, 0x60, 0x66, 0xee, 0x9a, 0x36, 0xd9, 0xc7, 0x48, 0x53,
    0xd3, 0xbc, 0x67, 0xac, 0x60, 0x66, 0xee, 0x9a, 0x36, 0xd9, 0xc7, 0x48,
    0x53, 0xd3, 0xbc, 0x67, 0xac, 0x60, 0x66, 0xee, 0x9a, 0x36, 0xd9, 0xc7,
    0x48, 0x53, 0xd3, 0xbc, 0x67, 0xac, 0x60, 0x66, 0xee, 0x9a, 0x36, 0xd9,
    0xc7, 0x48, 0x53, 0xd3, 0xbc, 0x67, 0xac, 0x60, 0x66, 0xee, 0x9a, 0x36,
    0xd9, 0xc7, 0x48, 0x53, 0xd3, 0xbc, 0x67, 0xac, 0x60, 0x66, 0xee, 0x1a,
    0x37, 0x59, 0xc8, 0x48, 0x63, 0xd5, 0xb8, 0x68, 0xac, 0x60, 0x66, 0xac,
    0x1a, 0x17, 0xd9, 0xc7, 0x48, 0x63, 0xd5, 0xb8, 0x68, 0xac, 0x60, 0x66,
    0xac, 0x1a, 0x17, 0xd9, 0xc7, 0x48, 0x63, 0xd5, 0xb8, 0x68, 0xac, 0x60,
    0x66, 0xac, 0x1a, 0x17, 0xd9, 0xc7, 0x48, 0x63, 0xd5, 0xb8, 0x68, 0xac,
    0x60, 0x66, 0xac, 0x1a, 0x17, 0xd9, 0xc7, 0x48, 0x63, 0xd5, 0xb8, 0x68,
    0xac, 0x60, 0x66, 0xac, 0x1a, 0x17, 0xd9, 0xc7, 0x48, 0x63, 0xd5, 0xb8,
    0x68, 0xac, 0x60, 0x66, 0xac, 0x1a, 0x17, 0xd9, 0xc7, 0x48, 0x63, 0xd5,
    0xb8, 0x68, 0xac, 0x60, 0x66, 0xac, 0x1a, 0x17, 0xd9, 0xc7, 0x48, 0x63,
    0xd5, 0xb8, 0x68, 0xac, 0x60, 0x66, 0xac, 0x9a, 0x17, 0x59, 0xc8, 0x48,
    0x73, 0xd7, 0xb4, 0x69, 0xac, 0x60, 0x66, 0x6a, 0x9a, 0xf7, 0xd8, 0xc7,
    0x48, 0x73, 0xd7, 0xb4, 0x69, 0xac, 0x60, 0x66, 0x6a, 0x9a, 0xf7, 0xd8,
    0xc7, 0x48, 0x73, 0xd7, 0xb4, 0x69, 0xac, 0x60, 0x66, 0x6a, 0x9a, 0xf7,
    0xd8, 0xc7, 0x48, 0x73, 0xd7, 0xb4, 0x69, 0xac, 0x60, 0x66, 0x6a, 0x9a,
    0xf7, 0xd8, 0xc7, 0x48, 0x73, 0xd7, 0xb4, 0x69, 0xac, 0x60, 0x66, 0x6a,
    0x9a, 0xf7, 0xd8, 0xc7, 0x48, 0x73, 0xd7, 0xb4, 0x69, 0xac, 0x60, 0x66,
    0x6a, 0x9a, 0xf7, 0xd8, 0xc7, 0x48, 0x73, 0xd7, 0xb4, 0x69, 0xac, 0x60,
    0x66, 0x6a, 0x9a, 0xf7, 0xd8, 0xc7, 0x48, 0x73, 0xd7, 0xb4, 0x69, 0xac,
    0x60, 0x66, 0x6a, 0x5a, 0xf4, 0x58, 0xc8, 0x48, 0x0b, 0xd9, 0xb0, 0x6a,
    0xac, 0x60, 0x66, 0x28, 0x5a, 0xd4, 0xd8, 0xc7, 0x48, 0x0b, 0xd9, 0xb0,
    0x6a, 0xac, 0x60, 0x66, 0x28, 0x5a, 0xd4, 0xd8, 0xc7, 0x48, 0x0b, 0xd9,
    0xb0, 0x6a, 0xac, 0x60, 0x66, 0x28, 0x5a, 0xd4, 0xd8, 0xc7, 0x48, 0x0b,
    0xd9, 0xb0, 0x6a, 0xac, 0x60, 0x66, 0x28, 0x5a, 0xd4, 0xd8, 0xc7, 0x48,
    0x0b, 0xd9, 0xb0, 0x6a, 0xac, 0x60, 0x66, 0x28, 0x5a, 0xd4, 0xd8, 0xc7,
    0x48, 0x0b, 0xd9, 0xb0, 0x6a, 0xac, 0x60, 0x66, 0x28, 0x5a, 0xd4, 0xd8,
    0xc7, 0x48, 0x0b, 0xd9, 0xb0, 0x6a, 0xac, 0x60, 0x66, 0x28, 0x5a, 0xd4,
    0xd8, 0xc7, 0x48, 0x0b, 0xd9, 0xb0, 0x6a, 0xac, 0x60, 0x66, 0x28, 0xda,
    0xd4, 0x58, 0xc8, 0x48, 0x1b, 0xdb, 0xac, 0x6b, 0xac, 0x60, 0x66, 0xe6,
    0xd9, 0xb4, 0xd8, 0xc7, 0x48, 0x1b, 0xdb, 0xac, 0x6b, 0xac, 0x60, 0x66,
    0xe6, 0xd9, 0xb4, 0xd8, 0xc7, 0x48, 0x1b, 0xdb, 0xac, 0x6b, 0xac, 0x60,
    0x66, 0xe6, 0xd9, 0xb4, 0xd8, 0xc7, 0x48, 0x1b, 0xdb, 0xac, 0x6b, 0xac,
    0x60, 0x66, 0xe6, 0xd9, 0xb4, 0xd8, 0xc7, 0x48, 0x1b, 0xdb, 0xac, 0x6b,
    0xac, 0x60, 0x66, 0xe6, 0xd9, 0xb4, 0xd8, 0xc7, 0x48, 0x1b, 0xdb, 0xac,
    0x6b, 0xac, 0x60, 0x66, 0xe6, 0xd9, 0xb4, 0xd8, 0xc7, 0x48, 0x1b, 0xdb,
    0xac, 0x6b, 0xac, 0x60, 0x66, 0xe6, 0xd9, 0xb4, 0xd8, 0xc7, 0x48, 0x1b,
    0xdb, 0xac, 0x6b, 0xac, 0x60, 0x66, 0xe6, 0x59, 0xb5, 0x58, 0xc8, 0x48,
    0x2b, 0xdd, 0xa8, 0x6c, 0xac, 0x60, 0x66, 0xa4, 0x59, 0x95, 0xd8, 0xc7,
    0x48, 0x2b, 0xdd, 0xa8, 0x6c, 0xac, 0x60, 0x66, 0xa4, 0x59, 0x95, 0xd8,
    0xc7, 0x48, 0x2b, 0xdd, 0xa8, 0x6c, 0xac, 0x60, 0x66, 0xa4, 0x59, 0x95,
    0xd8, 0xc7, 0x48, 0x2b, 0xdd, 0xa8, 0x6c, 0xac, 0x60, 0x66, 0xa4, 0x59,
    0x95, 0xd8, 0xc7, 0x48, 0x2b, 0xdd, 0xa8, 0x6c, 0xac, 0x60, 0x66, 0xa4,
    0x59, 0x95, 0xd8, 0xc7, 0x48, 0x2b, 0xdd, 0xa8, 0x6c, 0xac, 0x60, 0x66,
    0xa4, 0x59, 0x95, 0xd8, 0xc7, 0x48, 0x2b, 0xdd, 0xa8, 0x6c, 0xac, 0x60,
    0x66, 0xa4, 0x59, 0x95, 0xd8, 0xc7, 0x48, 0x2b, 0xdd, 0xa8, 0x6c, 0xac,
    0x60, 0x66, 0xa4, 0xd9, 0x95, 0x58, 0xc8, 0x48, 0x3b, 0xdf, 0xa4, 0x6d,
    0xac, 0x60, 0x66, 0x62, 0xd9, 0x75, 0xd8, 0xc7, 0x48, 0x3b, 0xdf, 0xa4,
    0x6d, 0xac, 0x60, 0x66, 0x62, 0xd9, 0x75, 0xd8, 0xc7, 0x48, 0x3b, 0xdf,
    0xa4, 0x6d, 0xac, 0x60, 0x66, 0x62, 0xd9, 0x75, 0xd8, 0xc7, 0x48, 0x3b,
    0xdf, 0xa4, 0x6d, 0xac, 0x60, 0x66, 0x62, 0xd9, 0x75, 0xd8, 0xc7, 0x48,
    0x3b, 0xdf, 0xa4, 0x6d, 0xac, 0x60, 0x66, 0x62, 0xd9, 0x75, 0xd8, 0xc7,
    0x48, 0x3b, 0xdf, 0xa4, 0x6d, 0xac, 0x60, 0x66, 0x62, 0xd9, 0x75, 0xd8,
    0xc7, 0x48, 0x3b, 0xdf, 0xa4, 0x6d, 0xac, 0x60, 0x66, 0x62, 0xd9, 0x75,
    0xd8, 0xc7, 0x48, 0x3b, 0xdf, 0xa4, 0x6d, 0xac, 0x60, 0x66, 0x62, 0x59,
    0x76, 0x58, 0xc8, 0x48, 0x4b, 0xe1, 0xa0, 0x6e, 0xac, 0x60, 0x66, 0x20,
    0x59, 0x56, 0xd8, 0xc7, 0x48, 0x4b, 0xe1, 0xa0, 0x6e, 0xac, 0x60, 0x66,
    0x20, 0x59, 0x56, 0xd8, 0xc7, 0x48, 0x4b, 0xe1, 0xa0, 0x6e, 0xac, 0x60,
    0x66, 0x20, 0x59, 0x56, 0xd8, 0xc7, 0x48, 0x4b, 0xe1, 0xa0, 0x6e, 0xac,
    0x60, 0x66, 0x20, 0x59, 0x56, 0xd8, 0xc7, 0x48, 0x4b, 0xe1, 0xa0, 0x6e,
    0xac, 0x60, 0x66, 0x20, 0x59, 0x56, 0xd8, 0xc7, 0x48, 0x4b, 0xe1, 0xa0,
    0x6e, 0xac, 0x60, 0x66, 0x20, 0x59, 0x56, 0xd8, 0xc7, 0x48, 0x4b, 0xe1,
    0xa0, 0x6e, 0xac, 0x60, 0x66, 0x20, 0x59, 0x56, 0xd8, 0xc7, 0x48, 0x4b,
    0xe1, 0xa0, 0x6e, 0xac, 0x60, 0x66, 0x20, 0xd9, 0x56, 0x58, 0xc8, 0x48,
    0x5b, 0xe3, 0x7b, 0xdf, 0x58, 0xc1, 0xcc, 0xbb, 0x63, 0xdb, 0x60, 0x1f,
    0x23, 0x6d, 0x8d, 0xef, 0x7d, 0x63, 0x05, 0x33, 0xef, 0x8e, 0x6d, 0x83,
    0x7d, 0x8c, 0xb4, 0x35, 0xbe, 0xf7, 0x8d, 0x15, 0xcc, 0xbc, 0x3b, 0xb6,
    0x0d, 0xf6, 0x31, 0xd2, 0xd6, 0xf8, 0xde, 0x37, 0x56, 0x30, 0xf3, 0xee,
    0xd8, 0x36, 0xd8, 0xc7, 0x48, 0x5b, 0xe3, 0x7b, 0xdf, 0x58, 0xc1, 0xcc,
    0xbb, 0x63, 0xdb, 0x60, 0x1f, 0x23, 0x6d, 0x8d, 0xef, 0x7d, 0x63, 0x05,
    0x33, 0xef, 0x8e, 0x6d, 0x83, 0x7d, 0x8c, 0xb4, 0x35, 0xbe, 0xf7, 0x8d,
    0x15, 0xcc, 0xbc, 0x3b, 0xb6, 0x0d, 0xf6, 0x31, 0xd2, 0xd6, 0xf8, 0xde,
    0x37, 0x56, 0x30, 0xf3, 0xee, 0x58, 0x37, 0x58, 0xc8, 0x48, 0x6b, 0xe5,
    0x33, 0xc0, 0x58, 0xc1, 0xcc, 0xb3, 0x62, 0x5d, 0x60, 0x1f, 0x23, 0xad,
    0x95, 0xcf, 0x00, 0x63, 0x05, 0x33, 0xcf, 0x8a, 0x75, 0x81, 0x7d, 0x8c,
    0xb4, 0x56, 0x3e, 0x03, 0x8c, 0x15, 0xcc, 0x3c, 0x2b, 0xd6, 0x05, 0xf6,
    0x31, 0xd2, 0x5a, 0xf9, 0x0c, 0x30, 0x56, 0x30, 0xf3, 0xac, 0x58, 0x17,
    0xd8, 0xc7, 0x48, 0x6b, 0xe5, 0x33, 0xc0, 0x58, 0xc1, 0xcc, 0xb3, 0x62,
    0x5d, 0x60, 0x1f, 0x23, 0xad, 0x95, 0xcf, 0x00, 0x63, 0x05, 0x33, 0xcf,
    0x8a, 0x75, 0x81, 0x7d, 0x8c, 0xb4, 0x56, 0x3e, 0x03, 0x8c, 0x15, 0xcc,
    0x3c, 0x2b, 0xd6, 0x05, 0xf6, 0x31, 0xd2, 0x5a, 0xf9, 0x0c, 0x30, 0x56,
    0x30, 0xf3, 0xac, 0xd8, 0x17, 0x58, 0xc8, 0x48, 0x7b, 0xe7, 0x2b, 0xc1,
    0x58, 0xc1, 0xcc, 0xab, 0x61, 0x7f, 0xcf, 0x3e, 0x46, 0xda, 0x3b, 0x5f,
    0x09, 0xc6, 0x0a, 0x66, 0x5e, 0x0d, 0xfb, 0x7b, 0xf6, 0x31, 0xd2, 0xde,
    0xf9, 0x4a, 0x30, 0x56, 0x30, 0xf3, 0x6a, 0xd8, 0xdf, 0xb3, 0x8f, 0x91,
    0xf6, 0xce, 0x57, 0x82, 0xb1, 0x82, 0x99, 0x57, 0xc3, 0xfe, 0x9e, 0x7d,
    0x8c, 0xb4, 0x77, 0xbe, 0x12, 0x8c, 0x15, 0xcc, 0xbc, 0x1a, 0xf6, 0xf7,
    0xec, 0x63, 0xa4, 0xbd, 0xf3, 0x95, 0x60, 0xac, 0x60, 0xe6, 0xd5, 0xb0,
    0xbf, 0x67, 0x1f, 0x23, 0xed, 0x9d, 0xaf, 0x04, 0x63, 0x05, 0x33, 0xaf,
    0x86, 0xfd, 0x3d, 0xfb, 0x18, 0x69, 0xef, 0x7c, 0x25, 0x18, 0x2b, 0x98,
    0x79, 0x35, 0x1c, 0xdc, 0xb3, 0x90, 0x91, 0x0e, 0xa4, 0x8f, 0x08, 0x63,
    0x05, 0x33, 0x8f, 0x82, 0x83, 0x73, 0xf6, 0x31, 0xd2, 0x81, 0xf4, 0x11,
    0x61, 0xac, 0x60, 0xe6, 0x51, 0x70, 0x70, 0xce, 0x3e, 0x46, 0x3a, 0x90,
    0x3e, 0x22, 0x8c, 0x15, 0xcc, 0x3c, 0x0a, 0x0e, 0xce, 0xd9, 0xc7, 0x48,
    0x07, 0xd2, 0x47, 0x84, 0xb1, 0x82, 0x99, 0x47, 0xc1, 0xc1, 0x39, 0xfb,
    0x18, 0xe9, 0x40, 0xfa, 0x88, 0x30, 0x56, 0x30, 0xf3, 0x28, 0x38, 0x38,
    0x67, 0x1f, 0x23, 0x1d, 0x48, 0x1f, 0x11, 0xc6, 0x0a, 0x66, 0x1e, 0x05,
    0x07, 0xe7, 0xec, 0x63, 0xa4, 0x03, 0xe9, 0x23, 0xc2, 0x58, 0xc1, 0xcc,
    0xa3, 0xe0, 0xe0, 0x9c, 0x7d, 0x8c, 0x74, 0x20, 0x7d, 0x44, 0x18, 0x2b,
    0x98, 0x79, 0x14, 0x5c, 0x9c, 0xb3, 0x90, 0x91, 0x2e, 0xac, 0x6f, 0x0c,
    0x63, 0x05, 0x33, 0x6f, 0x7e, 0x8b, 0x6b, 0xf6, 0x31, 0xd2, 0x85, 0xf5,
    0x8d, 0x61, 0xac, 0x60, 0xe6, 0xcd, 0x6f, 0x71, 0xcd, 0x3e, 0x46, 0xba,
    0xb0, 0xbe, 0x31, 0x8c, 0x15, 0xcc, 0xbc, 0xf9, 0x2d, 0xae, 0xd9, 0xc7,
    0x48, 0x17, 0xd6, 0x37, 0x86, 0xb1, 0x82, 0x99, 0x37, 0xbf, 0xc5, 0x35,
    0xfb, 0x18, 0xe9, 0xc2, 0xfa, 0xc6, 0x30, 0x56, 0x30, 0xf3, 0xe6, 0xb7,
    0xb8, 0x66, 0x1f, 0x23, 0x5d, 0x58, 0xdf, 0x18, 0xc6, 0x0a, 0x66, 0xde,
    0xfc, 0x16, 0xd7, 0xec, 0x63, 0xa4, 0x0b, 0xeb, 0x1b, 0xc3, 0x58, 0xc1,
    0xcc, 0x9b, 0xdf, 0xe2, 0x9a, 0x7d, 0x8c, 0x74, 0x61, 0x7d, 0x63, 0x18,
    0x2b, 0x98, 0x79, 0xf3, 0x9b, 0x5c, 0xb3, 0x90, 0x91, 0x4e, 0xb4, 0x4f,
    0x10, 0x63, 0x05, 0x33, 0x4f, 0x7a, 0x93, 0x63, 0xf6, 0x31, 0xd2, 0x89,
    0xf6, 0x09, 0x62, 0xac, 0x60, 0xe6, 0x49, 0x6f, 0x72, 0xcc, 0x3e, 0x46,
    0x3a, 0xd1, 0x3e, 0x41, 0x8c, 0x15, 0xcc, 0x3c, 0xe9, 0x4d, 0x8e, 0xd9,
    0xc7, 0x48, 0x27, 0xda, 0x27, 0x88, 0xb1, 0x82, 0x99, 0x27, 0xbd, 0xc9,
    0x31, 0xfb, 0x18, 0xe9, 0x44, 0xfb, 0x04, 0x31, 0x56, 0x30, 0xf3, 0xa4,
    0x37, 0x39, 0x66, 0x1f, 0x23, 0x9d, 0x68, 0x9f, 0x20, 0xc6, 0x0a, 0x66,
    0x9e, 0xf4, 0x26, 0xc7, 0xec, 0x63, 0xa4, 0x13, 0xed, 0x13, 0xc4, 0x58,
    0xc1, 0xcc, 0x93, 0xde, 0xe4, 0x98, 0x7d, 0x8c, 0x74, 0xa2, 0x7d, 0x82,
    0x18, 0x2b, 0x98, 0x79, 0xd2, 0xdb, 0x1c, 0xb3, 0x90, 0x91, 0x6e, 0xbc,
    0x2f, 0x14, 0x63, 0x05, 0x33, 0x2f, 0x76, 0x9b, 0x5b, 0xf6, 0x31, 0xd2,
    0x8d, 0xf7, 0x85, 0x62, 0xac, 0x60, 0xe6, 0xc5, 0x6e, 0x73, 0xcb, 0x3e,
    0x46, 0xba, 0xf1, 0xbe, 0x50, 0x8c, 0x15, 0xcc, 0xbc, 0xd8, 0x6d, 0x6e,
    0xd9, 0xc7, 0x48, 0x37, 0xde, 0x17, 0x8a, 0xb1, 0x82, 0x99, 0x17, 0xbb,
    0xcd, 0x2d, 0xfb, 0x18, 0xe9, 0xc6, 0xfb, 0x42, 0x31, 0x56, 0x30, 0xf3,
    0x62, 0xb7, 0xb9, 0x65, 0x1f, 0x23, 0xdd, 0x78, 0x5f, 0x28, 0xc6, 0x0a,
    0x66, 0x5e, 0xec, 0x36, 0xb7, 0xec, 0x63, 0xa4, 0x1b, 0xef, 0x0b, 0xc5,
    0x58, 0xc1, 0xcc, 0x8b, 0xdd, 0xe6, 0x96, 0x7d, 0x8c, 0x74, 0xe3, 0x7d,
    0xa1, 0x18, 0x2b, 0x98, 0x79, 0xb1, 0x1b, 0xdd, 0xb2, 0x90, 0x91, 0x8e,
    0xc4, 0x0f, 0x18, 0x63, 0x05, 0x33, 0x0f, 0x72, 0xa3, 0x53, 0xf6, 0x31,
    0xd2, 0x91, 0xf8, 0x01, 0x63, 0xac, 0x60, 0xe6, 0x41, 0x6e, 0x74, 0xca,
    0x3e, 0x46, 0x3a, 0x12, 0x3f, 0x60, 0x8c, 0x15, 0xcc, 0x3c, 0xc8, 0x8d,
    0x4e, 0xd9, 0xc7, 0x48, 0x47, 0xe2, 0x07, 0x8c, 0xb1, 0x82, 0x99, 0x07,
    0xb9, 0xd1, 0x29, 0xfb, 0x18, 0xe9, 0x48, 0xfc, 0x80, 0x31, 0x56, 0x30,
    0xf3, 0x20, 0x37, 0x3a, 0x65, 0x1f, 0x23, 0x1d, 0x89, 0x1f, 0x30, 0xc6,
    0x0a, 0x66, 0x1e, 0xe4, 0x46, 0xa7, 0xec, 0x63, 0xa4, 0x23, 0xf1, 0x03,
    0xc6, 0x58, 0xc1, 0xcc, 0x83, 0xdc, 0xe8, 0x94, 0x7d, 0x8c, 0x74, 0x24,
    0x7e, 0xc0, 0x18, 0x2b, 0x98, 0x79, 0x90, 0x5b, 0x9d, 0xb2, 0x90, 0x91,
    0xae, 0xcc, 0xdf, 0x39, 0xc6, 0x0a, 0x66, 0xbe, 0xbb, 0xad, 0x2e, 0xd9,
    0xc7, 0x48, 0x57, 0xe6, 0xef, 0x1c, 0x63, 0x05, 0x33, 0xdf, 0xdd, 0x56,
    0x97, 0xec, 0x63, 0xa4, 0x2b, 0xf3, 0x77, 0x8e, 0xb1, 0x82, 0x99, 0xef,
    0x6e, 0xab, 0x4b, 0xf6, 0x31, 0xd2, 0x95, 0xf9, 0x3b, 0xc7, 0x58, 0xc1,
    0xcc, 0x77, 0xb7, 0xd5, 0x25, 0xfb, 0x18, 0xe9, 0xca, 0xfc, 0x9d, 0x63,
    0xac, 0x60, 0xe6, 0xbb, 0xdb, 0xea, 0x92, 0x7d, 0x8c, 0x74, 0x65, 0xfe,
    0xce, 0x31, 0x56, 0x30, 0xf3, 0xdd, 0x6d, 0x75, 0xc9, 0x3e, 0x46, 0xba,
    0x32, 0x7f, 0xe7, 0x18, 0x2b, 0x98, 0xf9, 0xee, 0xb6, 0xba, 0x64, 0x1f,
    0x23, 0x5d, 0x99, 0xbf, 0x73, 0x8c, 0x15, 0xcc, 0x7c, 0x77, 0x9b, 0x5d,
    0xb2, 0x90, 0x91, 0xce, 0xd4, 0x9f, 0x41, 0xc6, 0x0a, 0x66, 0x3e, 0xab,
    0xcd, 0x0e, 0xd9, 0xc7, 0x48, 0x67, 0xea, 0xcf, 0x20, 0x63, 0x05, 0x33,
    0x9f, 0xd5, 0x66, 0x87, 0xec, 0x63, 0xa4, 0x33, 0xf5, 0x67, 0x90, 0xb1,
    0x82, 0x99, 0xcf, 0x6a, 0xb3, 0x43, 0xf6, 0x31, 0xd2, 0x99, 0xfa, 0x33,
    0xc8, 0x58, 0xc1, 0xcc, 0x67, 0xb5, 0xd9, 0x21, 0xfb, 0x18, 0xe9, 0x4c,
    0xfd, 0x19, 0x64, 0xac, 0x60, 0xe6, 0xb3, 0xda, 0xec, 0x90, 0x7d, 0x8c,
    0x74, 0xa6, 0xfe, 0x0c, 0x32, 0x56, 0x30, 0xf3, 0x59, 0x6d, 0x76, 0xc8,
    0x3e, 0x46, 0x3a, 0x53, 0x7f, 0x06, 0x19, 0x2b, 0x98, 0xf9, 0xac, 0x36,
    0x3b, 0x64, 0x1f, 0x23, 0x9d, 0xa9, 0x3f, 0x83, 0x8c, 0x15, 0xcc, 0x7c,
    0x56, 0xdb, 0x1d, 0xb2, 0x90, 0x91, 0xee, 0xdc, 0x5f, 0x49, 0xc6, 0x0a,
    0x66, 0xbe, 0x9a, 0xed, 0xee, 0xd8, 0xc7, 0x48, 0x77, 0xee, 0xaf, 0x24,
    0x63, 0x05, 0x33, 0x5f, 0xcd, 0x76, 0x77, 0xec, 0x63, 0xa4, 0x3b, 0xf7,
    0x57, 0x92, 0xb1, 0x82, 0x99, 0xaf, 0x66, 0xbb, 0x3b, 0xf6, 0x31, 0xd2,
    0x9d, 0xfb, 0x2b, 0xc9, 0x58, 0xc1, 0xcc, 0x57, 0xb3, 0xdd, 0x1d, 0xfb,
    0x18, 0xe9, 0xce, 0xfd, 0x95, 0x64, 0xac, 0x60, 0xe6, 0xab, 0xd9, 0xee,
    0x8e, 0x7d, 0x8c, 0x74, 0xe7, 0xfe, 0x4a, 0x32, 0x56, 0x30, 0xf3, 0xd5,
    0x6c, 0x77, 0xc7, 0x3e, 0x46, 0xba, 0x73, 0x7f, 0x25, 0x19, 0x2b, 0x98,
    0xf9, 0x6a, 0xb6, 0xbb, 0x63, 0x1f, 0x23, 0xdd, 0xb9, 0xbf, 0x92, 0x8c,
    0x15, 0xcc, 0x7c, 0x35, 0x1b, 0xde, 0xb1, 0x90, 0x91, 0x0e, 0xe5, 0x1f,
    0x51, 0xc6, 0x0a, 0x66, 0x3e, 0x8a, 0x0d, 0xcf, 0xd8, 0xc7, 0x48, 0x87,
    0xf2, 0x8f, 0x28, 0x63, 0x05, 0x33, 0x1f, 0xc5, 0x86, 0x67, 0xec, 0x63,
    0xa4, 0x43, 0xf9, 0x47, 0x94, 0xb1, 0x82, 0x99, 0x8f, 0x62, 0xc3, 0x33,
    0xf6, 0x31, 0xd2, 0xa1, 0xfc, 0x23, 0xca, 0x58, 0xc1, 0xcc, 0x47, 0xb1,
    0xe1, 0x19, 0xfb, 0x18, 0xe9, 0x50, 0xfe, 0x11, 0x65, 0xac, 0x60, 0xe6,
    0xa3, 0xd8, 0xf0, 0x8c, 0x7d, 0x8c, 0x74, 0x28, 0xff, 0x88, 0x32, 0x56,
    0x30, 0xf3, 0x51, 0x6c, 0x78, 0xc6, 0x3e, 0x46, 0x3a, 0x94, 0x7f, 0x44,
    0x19, 0x2b, 0x98, 0xf9, 0x28, 0x36, 0x3c, 0x63, 0x1f, 0x23, 0x1d, 0xca,
    0x3f, 0xa2, 0x8c, 0x15, 0xcc, 0x7c, 0x14, 0x5b, 0x9e, 0xb1, 0x90, 0x91,
    0x2e, 0xed, 0xdf, 0x58, 0xc6, 0x0a, 0x66, 0xbe, 0x79, 0x2d, 0xaf, 0xd8,
    0xc7, 0x48, 0x97, 0xf6, 0x6f, 0x2c, 0x63, 0x05, 0x33, 0xdf, 0xbc, 0x96,
    0x57, 0xec, 0x63, 0xa4, 0x4b, 0xfb, 0x37, 0x96, 0xb1, 0x82, 0x99, 0x6f,
    0x5e, 0xcb, 0x2b, 0xf6, 0x31, 0xd2, 0xa5, 0xfd, 0x1b, 0xcb, 0x58, 0xc1,
    0xcc, 0x37, 0xaf, 0xe5, 0x15, 0xfb, 0x18, 0xe9, 0xd2, 0xfe, 0x8d, 0x65,
    0xac, 0x60, 0xe6, 0x9b, 0xd7, 0xf2, 0x8a, 0x7d, 0x8c, 0x74, 0x69, 0xff,
    0xc6, 0x32, 0x56, 0x30, 0xf3, 0xcd, 0x6b, 0x79, 0xc5, 0x3e, 0x46, 0xba,
    0xb4, 0x7f, 0x63, 0x19, 0x2b, 0x98, 0xf9, 0xe6, 0xb5, 0xbc, 0x62, 0x1f,
    0x23, 0x5d, 0xda, 0xbf, 0xb1, 0x8c, 0x15, 0xcc, 0x7c, 0xf3, 0x9a, 0x5e,
    0xb1, 0x90, 0x91, 0x4e, 0xf5, 0x9f, 0x60, 0xc6, 0x0a, 0x66, 0x3e, 0x69,
    0x4d, 0x8f, 0xd8, 0xc7, 0x48, 0xa7, 0xfa, 0x4f, 0x30, 0x63, 0x05, 0x33,
    0x9f, 0xb4, 0xa6, 0x47, 0xec, 0x63, 0xa4, 0x53, 0xfd, 0x27, 0x98, 0xb1,
    0x82, 0x99, 0x4f, 0x5a, 0xd3, 0x23, 0xf6, 0x31, 0xd2, 0xa9, 0xfe, 0x13,
    0xcc, 0x58, 0xc1, 0xcc, 0x27, 0xad, 0xe9, 0x11, 0xfb, 0x18, 0xe9, 0x54,
    0xff, 0x09, 0x66, 0xac, 0x60, 0xe6, 0x93, 0xd6, 0xf4, 0x88, 0x7d, 0x8c,
    0x74, 0xaa, 0xff, 0x04, 0x33, 0x56, 0x30, 0xf3, 0x49, 0x6b, 0x7a, 0xc4,
    0x3e, 0x46, 0x3a, 0xd5, 0x7f, 0x82, 0x19, 0x2b, 0x98, 0xf9, 0xa4, 0x35,
    0x3d, 0x62, 0x1f, 0x23, 0x9d, 0xea, 0x3f, 0xc1, 0x8c, 0x15, 0xcc, 0x7c,
    0xd2, 0xda, 0x1e, 0xb1, 0x90, 0x91, 0x6e, 0xfd, 0x5f, 0x68, 0xc6, 0x0a,
    0x66, 0xbe, 0x58, 0x6d, 0x6f, 0xd8, 0xc7, 0x48, 0xb7, 0xfe, 0x2f, 0x34,
    0x63, 0x05, 0x33, 0x5f, 0xac, 0xb6, 0x37, 0xec, 0x63, 0xa4, 0x5b, 0xff,
    0x17, 0x9a, 0xb1, 0x82, 0x99, 0x2f, 0x56, 0xdb, 0x1b, 0xf6, 0x31, 0xd2,
    0xad, 0xff, 0x0b, 0xcd, 0x58, 0xc1, 0xcc, 0x17, 0xab, 0xed, 0x0d, 0xfb,
    0x18, 0xe9, 0xd6, 0xff, 0x85, 0x66, 0xac, 0x60, 0xe6, 0x8b, 0xd5, 0xf6,
    0x86, 0x7d, 0x8c, 0x74, 0xeb, 0xff, 0x42, 0x33, 0x56, 0x30, 0xf3, 0xc5,
    0x6a, 0x7b, 0xc3, 0x3e, 0x46, 0xba, 0xf5, 0x7f, 0xa1, 0x19, 0x2b, 0x98,
    0xf9, 0x62, 0xb5, 0xbd, 0x61, 0x1f, 0x23, 0xdd, 0xfa, 0xbf, 0xd0, 0x8c,
    0x15, 0xcc, 0x7c, 0xb1, 0x1a, 0xdf, 0xb0, 0x90, 0x91, 0x8e, 0x07, 0x3c,
    0xe0, 0x8c, 0x15, 0xcc, 0x7c, 0x90, 0x1a, 0x9f, 0xb0, 0x8f, 0x91, 0x8e,
    0x07, 0x3c, 0xe0, 0x8c, 0x15, 0xcc, 0x7c, 0x90, 0x1a, 0x9f, 0xb0, 0x8f,
    0x91, 0x8e, 0x07, 0x3c, 0xe0, 0x8c, 0x15, 0xcc, 0x7c, 0x90, 0x1a, 0x9f,
    0xb0, 0x8f, 0x91, 0x8e, 0x07, 0x3c, 0xe0, 0x8c, 0x15, 0xcc, 0x7c, 0x90,
    0x1a, 0x9f, 0xb0, 0x8f, 0x91, 0x8e, 0x07, 0x3c, 0xe0, 0x8c, 0x15, 0xcc,
    0x7c, 0x90, 0x1a, 0x9f, 0xb0, 0x8f, 0x91, 0x8e, 0x07, 0x3c, 0xe0, 0x8c,
    0x15, 0xcc, 0x7c, 0x90, 0x1a, 0x9f, 0xb0, 0x8f, 0x91, 0x8e, 0x07, 0x3c,
    0xe0, 0x8c, 0x15, 0xcc, 0x7c, 0x90, 0x1a, 0x9f, 0xb0, 0x8f, 0x91, 0x8e,
    0x07, 0x3c, 0xe0, 0x8c, 0x15, 0xcc, 0x7c, 0x90, 0x5a, 0x9f, 0xb0, 0x90,
    0x91, 0xae, 0x17, 0x7c, 0xf3, 0x8c, 0x15, 0xcc, 0xfc, 0x76, 0x5a, 0x5f,
    0xb0, 0x8f, 0x91, 0xae, 0x17, 0x7c, 0xf3, 0x8c, 0x15, 0xcc, 0xfc, 0x76,
    0x5a, 0x5f, 0xb0, 0x8f, 0x91, 0xae, 0x17, 0x7c, 0xf3, 0x8c, 0x15, 0xcc,
    0xfc, 0x76, 0x5a, 0x5f, 0xb0, 0x8f, 0x91, 0xae, 0x17, 0x7c, 0xf3, 0x8c,
    0x15, 0xcc, 0xfc, 0x76, 0x5a, 0x5f, 0xb0, 0x8f, 0x91, 0xae, 0x17, 0x7c,
    0xf3, 0x8c, 0x15, 0xcc, 0xfc, 0x76, 0x5a, 0x5f, 0xb0, 0x8f, 0x91, 0xae,
    0x17, 0x7c, 0xf3, 0x8c, 0x15, 0xcc, 0xfc, 0x76, 0x5a, 0x5f, 0xb0, 0x8f,
    0x91, 0xae, 0x17, 0x7c, 0xf3, 0x8c, 0x15, 0xcc, 0xfc, 0x76, 0x5a, 0x5f,
    0xb0, 0x8f, 0x91, 0xae, 0x17, 0x7c, 0xf3, 0x8c, 0x15, 0xcc, 0xfc, 0x76,
    0x9a, 0x5f, 0xb0, 0x90, 0x91, 0xce, 0x27, 0x7c, 0x02, 0x8d, 0x15, 0xcc,
    0xfc, 0x54, 0x9a, 0x1f, 0xb0, 0x8f, 0x91, 0xce, 0x27, 0x7c, 0x02, 0x8d,
    0x15, 0xcc, 0xfc, 0x54, 0x9a, 0x1f, 0xb0, 0x8f, 0x91, 0xce, 0x27, 0x7c,
    0x02, 0x8d, 0x15, 0xcc, 0xfc, 0x54, 0x9a, 0x1f, 0xb0, 0x8f, 0x91, 0xce,
    0x27, 0x7c, 0x02, 0x8d, 0x15, 0xcc, 0xfc, 0x54, 0x9a, 0x1f, 0xb0, 0x8f,
    0x91, 0xce, 0x27, 0x7c, 0x02, 0x8d, 0x15, 0xcc, 0xfc, 0x54, 0x9a, 0x1f,
    0xb0, 0x8f, 0x91, 0xce, 0x27, 0x7c, 0x02, 0x8d, 0x15, 0xcc, 0xfc, 0x54,
    0x9a, 0x1f, 0xb0, 0x8f, 0x91, 0xce, 0x27, 0x7c, 0x02, 0x8d, 0x15, 0xcc,
    0xfc, 0x54, 0x9a, 0x1f, 0xb0, 0x8f, 0x91, 0xce, 0x27, 0x7c, 0x02, 0x8d,
    0x15, 0xcc, 0xfc, 0x54, 0xda, 0x1f, 0xb0, 0x90, 0x91, 0xee, 0x37, 0x7c,
    0x11, 0x8d, 0x15, 0xcc, 0xfc, 0x32, 0xda, 0xe7, 0xec, 0x63, 0xa4, 0xfb,
    0x0d, 0x5f, 0x44, 0x63, 0x05, 0x33, 0xbf, 0x8c, 0xf6, 0x39, 0xfb, 0x18,
    0xe9, 0x7e, 0xc3, 0x17, 0xd1, 0x58, 0xc1, 0xcc, 0x2f, 0xa3, 0x7d, 0xce,
    0x3e, 0x46, 0xba, 0xdf, 0xf0, 0x45, 0x34, 0x56, 0x30, 0xf3, 0xcb, 0x68,
    0x9f, 0xb3, 0x8f, 0x91, 0xee, 0x37, 0x7c, 0x11, 0x8d, 0x15, 0xcc, 0xfc,
    0x32, 0xda, 0xe7, 0xec, 0x63, 0xa4, 0xfb, 0x0d, 0x5f, 0x44, 0x63, 0x05,
    0x33, 0xbf, 0x8c, 0xf6, 0x39, 0xfb, 0x18, 0xe9, 0x7e, 0xc3, 0x17, 0xd1,
    0x58, 0xc1, 0xcc, 0x2f, 0xa3, 0x7d, 0xce, 0x3e, 0x46, 0xba, 0xdf, 0xf0,
    0x45, 0x34, 0x56, 0x30, 0xf3, 0xcb, 0x48, 0xc8, 0x59, 0xc8, 0x48, 0x85,
    0x11, 0x1f, 0x48, 0x63, 0x05, 0x33, 0x3f, 0x84, 0x84, 0x98, 0x7d, 0x8c,
    0x54, 0x18, 0xf1, 0x81, 0x34, 0x56, 0x30, 0xf3, 0x43, 0x48, 0x88, 0xd9,
    0xc7, 0x48, 0x85, 0x11, 0x1f, 0x48, 0x63, 0x05, 0x33, 0x3f, 0x84, 0x84,
    0x98, 0x7d, 0x8c, 0x54, 0x18, 0xf1, 0x81, 0x34, 0x56, 0x30, 0xf3, 0x43,
    0x48, 0x88, 0xd9, 0xc7, 0x48, 0x85, 0x11, 0x1f, 0x48, 0x63, 0x05, 0x33,
    0x3f, 0x84, 0x84, 0x98, 0x7d, 0x8c, 0x54, 0x18, 0xf1, 0x81, 0x34, 0x56,
    0x30, 0xf3, 0x43, 0x48, 0x88, 0xd9, 0xc7, 0x48, 0x85, 0x11, 0x1f, 0x48,
    0x63, 0x05, 0x33, 0x3f, 0x84, 0x84, 0x98, 0x7d, 0x8c, 0x54, 0x18, 0xf1,
    0x81, 0x34, 0x56, 0x30, 0xf3, 0x43, 0xc8, 0x88, 0x59, 0xc8, 0x48, 0x8d,
    0x15, 0xcc, 0x34, 0x56, 0x30, 0x93, 0x7d, 0x8c, 0x94, 0x7d, 0x8c, 0xd4,
    0x58, 0xc1, 0x4c, 0x63, 0x05, 0x33, 0xd9, 0xc7, 0x48, 0xd9, 0xc7, 0x48,
    0x8d, 0x15, 0xcc, 0x34, 0x56, 0x30, 0x93, 0x7d, 0x8c, 0x94, 0x7d, 0x8c,
    0xd4, 0x58, 0xc1, 0x4c, 0x63, 0x05, 0x33, 0xd9, 0xc7, 0x48, 0xd9, 0xc7,
    0x48, 0x8d, 0x15, 0xcc, 0x34, 0x56, 0x30, 0x93, 0x7d, 0x8c, 0x94, 0x7d,
    0x8c, 0xd4, 0x58, 0xc1, 0x4c, 0x63, 0x05, 0x33, 0xd9, 0xc7, 0x48, 0xd9,
    0xc7, 0x48, 0x8d, 0x15, 0xcc, 0x34, 0x56, 0x30, 0x93, 0x7d, 0x8c, 0x94,
    0x7d, 0x8c, 0xd4, 0x58, 0xc1, 0x4c, 0x63, 0x05, 0x33, 0xd9, 0xe7, 0x8f,
    0xa4, 0xfc, 0x04, 0x46, 0xfa, 0xfb, 0x0f, 0x67, 0xac, 0x60, 0xe6, 0xff,
    0x8d, 0xc6, 0x0b, 0xf0, 0x9b, 0x1b, 0xa9, 0xb1, 0x82, 0x99, 0xc6, 0x0a,
    0x66, 0xb2, 0x8f, 0x91, 0xb2, 0x8f, 0x91, 0x1a, 0x2b, 0x98, 0x69, 0xac,
    0x60, 0x26, 0xfb, 0x18, 0x29, 0xfb, 0x18, 0xa9, 0xb1, 0x82, 0x99, 0xc6,
    0x0a, 0x66, 0xb2, 0x8f, 0x91, 0xb2, 0x8f, 0x91, 0x1a, 0x2b, 0x98, 0x69,
    0xac, 0x60, 0x26, 0xfb, 0x18, 0x29, 0xfb, 0x18, 0xa9, 0xb1, 0x82, 0x99,
    0xc6, 0x0a, 0x66, 0xb2, 0x8f, 0x91, 0xb2, 0x8f, 0x91, 0x1a, 0x2b, 0x98,
    0x69, 0xac, 0x60, 0x26, 0xfb, 0x18, 0x29, 0xfb, 0x18, 0xa9, 0xb1, 0xe2,
    0x83, 0x69, 0xcc, 0x60, 0xe6, 0x87, 0x90, 0x10, 0xb3, 0x8f, 0x91, 0x0a,
    0x23, 0x3e, 0x90, 0xc6, 0x0a, 0x66, 0x7e, 0x08, 0x09, 0x31, 0xfb, 0x18,
    0xa9, 0x30, 0xe2, 0x03, 0x69, 0xac, 0x60, 0xe6, 0x87, 0x90, 0x10, 0xb3,
    0x8f, 0x91, 0x0a, 0x23, 0x3e, 0x90, 0xc6, 0x0a, 0x66, 0x7e, 0x08, 0x09,
    0x31, 0xfb, 0x18, 0xa9, 0x30, 0xe2, 0x03, 0x69, 0xac, 0x60, 0xe6, 0x87,
    0x90, 0x10, 0xb3, 0x8f, 0x91, 0x0a, 0x23, 0x3e, 0x90, 0xc6, 0x0a, 0x66,
    0x7e, 0x08, 0x09, 0x31, 0xfb, 0x18, 0xa9, 0x30, 0xe2, 0x03, 0x69, 0xac,
    0x60, 0xe6, 0x87, 0x90, 0x10, 0xb3, 0x8f, 0x91, 0x0a, 0x23, 0x3e, 0x90,
    0xc6, 0x0a, 0x66, 0x7e, 0x08, 0x09, 0x31, 0xfb, 0x18, 0xa9, 0x30, 0xe2,
    0x0b, 0x69, 0xcc, 0x60, 0xe6, 0x97, 0xd1, 0x3e, 0x67, 0x1f, 0x23, 0xdd,
    0x6f, 0xf8, 0x22, 0x1a, 0x2b, 0x98, 0xf9, 0x65, 0xb4, 0xcf, 0xd9, 0xc7,
    0x48, 0xf7, 0x1b, 0xbe, 0x88, 0xc6, 0x0a, 0x66, 0x7e, 0x19, 0xed, 0x73,
    0xf6, 0x31, 0xd2, 0xfd, 0x86, 0x2f, 0xa2, 0xb1, 0x82, 0x99, 0x5f, 0x46,
    0xfb, 0x9c, 0x7d, 0x8c, 0x74, 0xbf, 0xe1, 0x8b, 0x68, 0xac, 0x60, 0xe6,
    0x97, 0xd1, 0x3e, 0x67, 0x1f, 0x23, 0xdd, 0x6f, 0xf8, 0x22, 0x1a, 0x2b,
    0x98, 0xf9, 0x65, 0xb4, 0xcf, 0xd9, 0xc7, 0x48, 0xf7, 0x1b, 0xbe, 0x88,
    0xc6, 0x0a, 0x66, 0x7e, 0x19, 0xed, 0x73, 0xf6, 0x31, 0xd2, 0xfd, 0x86,
    0x2f, 0xa2, 0xb1, 0x82, 0x99, 0x5f, 0x46, 0xfb, 0x9c, 0x7d, 0x8c, 0x74,
    0xbf, 0xe1, 0x93, 0x68, 0xcc, 0x60, 0xe6, 0xa7, 0xd2, 0xfc, 0x80, 0x7d,
    0x8c, 0x74, 0x3e, 0xe1, 0x13, 0x68, 0xac, 0x60, 0xe6, 0xa7, 0xd2, 0xfc,
    0x80, 0x7d, 0x8c, 0x74, 0x3e, 0xe1, 0x13, 0x68, 0xac, 0x60, 0xe6, 0xa7,
    0xd2, 0xfc, 0x80, 0x7d, 0x8c, 0x74, 0x3e, 0xe1, 0x13, 0x68, 0xac, 0x60,
    0xe6, 0xa7, 0xd2, 0xfc, 0x80, 0x7d, 0x8c, 0x74, 0x3e, 0xe1, 0x13, 0x68,
    0xac, 0x60, 0xe6, 0xa7, 0xd2, 0xfc, 0x80, 0x7d, 0x8c, 0x74, 0x3e, 0xe1,
    0x13, 0x68, 0xac, 0x60, 0xe6, 0xa7, 0xd2, 0xfc, 0x80, 0x7d, 0x8c, 0x74,
    0x3e, 0xe1, 0x13, 0x68, 0xac, 0x60, 0xe6, 0xa7, 0xd2, 0xfc, 0x80, 0x7d,
    0x8c, 0x74, 0x3e, 0xe1, 0x13, 0x68, 0xac, 0x60, 0xe6, 0xa7, 0xd2, 0xfc,
    0x80, 0x7d, 0x8c, 0x74, 0x3e, 0xe1, 0x1b, 0x68, 0xcc, 0x60, 0xe6, 0xb7,
    0xd3, 0xfa, 0x82, 0x7d, 0x8c, 0x74, 0xbd, 0xe0, 0x9b, 0x67, 0xac, 0x60,
    0xe6, 0xb7, 0xd3, 0xfa, 0x82, 0x7d, 0x8c, 0x74, 0xbd, 0xe0, 0x9b, 0x67,
    0xac, 0x60, 0xe6, 0xb7, 0xd3, 0xfa, 0x82, 0x7d, 0x8c, 0x74, 0xbd, 0xe0,
    0x9b, 0x67, 0xac, 0x60, 0xe6, 0xb7, 0xd3, 0xfa, 0x82, 0x7d, 0x8c, 0x74,
    0xbd, 0xe0, 0x9b, 0x67, 0xac, 0x60, 0xe6, 0xb7, 0xd3, 0xfa, 0x82, 0x7d,
    0x8c, 0x74, 0xbd, 0xe0, 0x9b, 0x67, 0xac, 0x60, 0xe6, 0xb7, 0xd3, 0xfa,
    0x82, 0x7d, 0x8c, 0x74, 0xbd, 0xe0, 0x9b, 0x67, 0xac, 0x60, 0xe6, 0xb7,
    0xd3, 0xfa, 0x82, 0x7d, 0x8c, 0x74, 0xbd, 0xe0, 0x9b, 0x67, 0xac, 0x60,
    0xe6, 0xb7, 0xd3, 0xfa, 0x82, 0x7d, 0x8c, 0x74, 0xbd, 0xe0, 0x81, 0x67,
    0xcc, 0x60, 0xe6, 0x83, 0xd4, 0xf8, 0x84, 0x7d, 0x8c, 0x74, 0x3c, 0xe0,
    0x01, 0x67, 0xac, 0x60, 0xe6, 0x83, 0xd4, 0xf8, 0x84, 0x7d, 0x8c, 0x74,
    0x3c, 0xe0, 0x01, 0x67, 0xac, 0x60, 0xe6, 0x83, 0xd4, 0xf8, 0x84, 0x7d,
    0x8c, 0x74, 0x3c, 0xe0, 0x01, 0x67, 0xac, 0x60, 0xe6, 0x83, 0xd4, 0xf8,
    0x84, 0x7d, 0x8c, 0x74, 0x3c, 0xe0, 0x01, 0x67, 0xac, 0x60, 0xe6, 0x83,
    0xd4, 0xf8, 0x84, 0x7d, 0x8c, 0x74, 0x3c, 0xe0, 0x01, 0x67, 0xac, 0x60,
    0xe6, 0x83, 0xd4, 0xf8, 0x84, 0x7d, 0x8c, 0x74, 0x3c, 0xe0, 0x01, 0x67,
    0xac, 0x60, 0xe6, 0x83, 0xd4, 0xf8, 0x84, 0x7d, 0x8c, 0x74, 0x3c, 0xe0,
    0x01, 0x67, 0xac, 0x60, 0xe6, 0x83, 0xd4, 0xf8, 0x84, 0x7d, 0x8c, 0x74,
    0x3c, 0xe0, 0x05, 0x67, 0xcc, 0x60, 0xe6, 0x8b, 0xd5, 0xf6, 0x86, 0x7d,
    0x8c, 0x74, 0xeb, 0xff, 0x42, 0x33, 0x56, 0x30, 0xf3, 0xc5, 0x6a, 0x7b,
    0xc3, 0x3e, 0x46, 0xba, 0xf5, 0x7f, 0xa1, 0x19, 0x2b, 0x98, 0xf9, 0x62,
    0xb5, 0xbd, 0x61, 0x1f, 0x23, 0xdd, 0xfa, 0xbf, 0xd0, 0x8c, 0x15, 0xcc,
    0x7c, 0xb1, 0xda, 0xde, 0xb0, 0x8f, 0x91, 0x6e, 0xfd, 0x5f, 0x68, 0xc6,
    0x0a, 0x66, 0xbe, 0x58, 0x6d, 0x6f, 0xd8, 0xc7, 0x48, 0xb7, 0xfe, 0x2f,
    0x34, 0x63, 0x05, 0x33, 0x5f, 0xac, 0xb6, 0x37, 0xec, 0x63, 0xa4, 0x5b,
    0xff, 0x17, 0x9a, 0xb1, 0x82, 0x99, 0x2f, 0x56, 0xdb, 0x1b, 0xf6, 0x31,
    0xd2, 0xad, 0xff, 0x0b, 0xcd, 0x58, 0xc1, 0xcc, 0x17, 0xab, 0xed, 0x0d,
    0xfb, 0x18, 0xe9, 0xd6, 0xff, 0x89, 0x66, 0xcc, 0x60, 0xe6, 0x93, 0xd6,
    0xf4, 0x88, 0x7d, 0x8c, 0x74, 0xaa, 0xff, 0x04, 0x33, 0x56, 0x30, 0xf3,
    0x49, 0x6b, 0x7a, 0xc4, 0x3e, 0x46, 0x3a, 0xd5, 0x7f, 0x82, 0x19, 0x2b,
    0x98, 0xf9, 0xa4, 0x35, 0x3d, 0x62, 0x1f, 0x23, 0x9d, 0xea, 0x3f, 0xc1,
    0x8c, 0x15, 0xcc, 0x7c, 0xd2, 0x9a, 0x1e, 0xb1, 0x8f, 0x91, 0x4e, 0xf5,
    0x9f, 0x60, 0xc6, 0x0a, 0x66, 0x3e, 0x69, 0x4d, 0x8f, 0xd8, 0xc7, 0x48,
    0xa7, 0xfa, 0x4f, 0x30, 0x63, 0x05, 0x33, 0x9f, 0xb4, 0xa6, 0x47, 0xec,
    0x63, 0xa4, 0x53, 0xfd, 0x27, 0x98, 0xb1, 0x82, 0x99, 0x4f, 0x5a, 0xd3,
    0x23, 0xf6, 0x31, 0xd2, 0xa9, 0xfe, 0x13, 0xcc, 0x58, 0xc1, 0xcc, 0x27,
    0xad, 0xe9, 0x11, 0xfb, 0x18, 0xe9, 0x54, 0xff, 0x0d, 0x66, 0xcc, 0x60,
    0xe6, 0x9b, 0xd7, 0xf2, 0x8a, 0x7d, 0x8c, 0x74, 0x69, 0xff, 0xc6, 0x32,
    0x56, 0x30, 0xf3, 0xcd, 0x6b, 0x79, 0xc5, 0x3e, 0x46, 0xba, 0xb4, 0x7f,
    0x63, 0x19, 0x2b, 0x98, 0xf9, 0xe6, 0xb5, 0xbc, 0x62, 0x1f, 0x23, 0x5d,
    0xda, 0xbf, 0xb1, 0x8c, 0x15, 0xcc, 0x7c, 0xf3, 0x5a, 0x5e, 0xb1, 0x8f,
    0x91, 0x2e, 0xed, 0xdf, 0x58, 0xc6, 0x0a, 0x66, 0xbe, 0x79, 0x2d, 0xaf,
    0xd8, 0xc7, 0x48, 0x97, 0xf6, 0x6f, 0x2c, 0x63, 0x05, 0x33, 0xdf, 0xbc,
    0x96, 0x57, 0xec, 0x63, 0xa4, 0x4b, 0xfb, 0x37, 0x96, 0xb1, 0x82, 0x99,
    0x6f, 0x5e, 0xcb, 0x2b, 0xf6, 0x31, 0xd2, 0xa5, 0xfd, 0x1b, 0xcb, 0x58,
    0xc1, 0xcc, 0x37, 0xaf, 0xe5, 0x15, 0xfb, 0x18, 0xe9, 0xd2, 0xfe, 0x91,
    0x65, 0xcc, 0x60, 0xe6, 0xa3, 0xd8, 0xf0, 0x8c, 0x7d, 0x8c, 0x74, 0x28,
    0xff, 0x88, 0x32, 0x56, 0x30, 0xf3, 0x51, 0x6c, 0x78, 0xc6, 0x3e, 0x46,
    0x3a, 0x94, 0x7f, 0x44, 0x19, 0x2b, 0x98, 0xf9, 0x28, 0x36, 0x3c, 0x63,
    0x1f, 0x23, 0x1d, 0xca, 0x3f, 0xa2, 0x8c, 0x15, 0xcc, 0x7c, 0x14, 0x1b,
    0x9e, 0xb1, 0x8f, 0x91, 0x0e, 0xe5, 0x1f, 0x51, 0xc6, 0x0a, 0x66, 0x3e,
    0x8a, 0x0d, 0xcf, 0xd8, 0xc7, 0x48, 0x87, 0xf2, 0x8f, 0x28, 0x63, 0x05,
    0x33, 0x1f, 0xc5, 0x86, 0x67, 0xec, 0x63, 0xa4, 0x43, 0xf9, 0x47, 0x94,
    0xb1, 0x82, 0x99, 0x8f, 0x62, 0xc3, 0x33, 0xf6, 0x31, 0xd2, 0xa1, 0xfc,
    0x23, 0xca, 0x58, 0xc1, 0xcc, 0x47, 0xb1, 0xe1, 0x19, 0xfb, 0x18, 0xe9,
    0x50, 0xfe, 0x15, 0x65, 0xcc, 0x60, 0xe6, 0xab, 0xd9, 0xee, 0x8e, 0x7d,
    0x8c, 0x74, 0xe7, 0xfe, 0x4a, 0x32, 0x56, 0x30, 0xf3, 0xd5, 0x6c, 0x77,
    0xc7, 0x3e, 0x46, 0xba, 0x73, 0x7f, 0x25, 0x19, 0x2b, 0x98, 0xf9, 0x6a,
    0xb6, 0xbb, 0x63, 0x1f, 0x23, 0xdd, 0xb9, 0xbf, 0x92, 0x8c, 0x15, 0xcc,
    0x7c, 0x35, 0xdb, 0xdd, 0xb1, 0x8f, 0x91, 0xee, 0xdc, 0x5f, 0x49, 0xc6,
    0x0a, 0x66, 0xbe, 0x9a, 0xed, 0xee, 0xd8, 0xc7, 0x48, 0x77, 0xee, 0xaf,
    0x24, 0x63, 0x05, 0x33, 0x5f, 0xcd, 0x76, 0x77, 0xec, 0x63, 0xa4, 0x3b,
    0xf7, 0x57, 0x92, 0xb1, 0x82, 0x99, 0xaf, 0x66, 0xbb, 0x3b, 0xf6, 0x31,
    0xd2, 0x9d, 0xfb, 0x2b, 0xc9, 0x58, 0xc1, 0xcc, 0x57, 0xb3, 0xdd, 0x1d,
    0xfb, 0x18, 0xe9, 0xce, 0xfd, 0x99, 0x64, 0xcc, 0x60, 0xe6, 0xb3, 0xda,
    0xec, 0x90, 0x7d, 0x8c, 0x74, 0xa6, 0xfe, 0x0c, 0x32, 0x56, 0x30, 0xf3,
    0x59, 0x6d, 0x76, 0xc8, 0x3e, 0x46, 0x3a, 0x53, 0x7f, 0x06, 0x19, 0x2b,
    0x98, 0xf9, 0xac, 0x36, 0x3b, 0x64, 0x1f, 0x23, 0x9d, 0xa9, 0x3f, 0x83,
    0x8c, 0x15, 0xcc, 0x7c, 0x56, 0x9b, 0x1d, 0xb2, 0x8f, 0x91, 0xce, 0xd4,
    0x9f, 0x41, 0xc6, 0x0a, 0x66, 0x3e, 0xab, 0xcd, 0x0e, 0xd9, 0xc7, 0x48,
    0x67, 0xea, 0xcf, 0x20, 0x63, 0x05, 0x33, 0x9f, 0xd5, 0x66, 0x87, 0xec,
    0x63, 0xa4, 0x33, 0xf5, 0x67, 0x90, 0xb1, 0x82, 0x99, 0xcf, 0x6a, 0xb3,
    0x43, 0xf6, 0x31, 0xd2, 0x99, 0xfa, 0x33, 0xc8, 0x58, 0xc1, 0xcc, 0x67,
    0xb5, 0xd9, 0x21, 0xfb, 0x18, 0xe9, 0x4c, 0xfd, 0x1d, 0x64, 0xcc, 0x60,
    0xe6, 0xbb, 0xdb, 0xea, 0x92, 0x7d, 0x8c, 0x74, 0x65, 0xfe, 0xce, 0x31,
    0x56, 0x30, 0xf3, 0xdd, 0x6d, 0x75, 0xc9, 0x3e, 0x46, 0xba, 0x32, 0x7f,
    0xe7, 0x18, 0x2b, 0x98, 0xf9, 0xee, 0xb6, 0xba, 0x64, 0x1f, 0x23, 0x5d,
    0x99, 0xbf, 0x73, 0x8c, 0x15, 0xcc, 0x7c, 0x77, 0x5b, 0x5d, 0xb2, 0x8f,
    0x91, 0xae, 0xcc, 0xdf, 0x39, 0xc6, 0x0a, 0x66, 0xbe, 0xbb, 0xad, 0x2e,
    0xd9, 0xc7, 0x48, 0x57, 0xe6, 0xef, 0x1c, 0x63, 0x05, 0x33, 0xdf, 0xdd,
    0x56, 0x97, 0xec, 0x63, 0xa4, 0x2b, 0xf3, 0x77, 0x8e, 0xb1, 0x82, 0x99,
    0xef, 0x6e, 0xab, 0x4b, 0xf6, 0x31, 0xd2, 0x95, 0xf9, 0x3b, 0xc7, 0x58,
    0xc1, 0xcc, 0x77, 0xb7, 0xd5, 0x25, 0xfb, 0x18, 0xe9, 0xca, 0xfc, 0xc0,
    0x31, 0x66, 0x30, 0xf3, 0x20, 0x37, 0x3a, 0x65, 0x1f, 0x23, 0x1d, 0x89,
    0x1f, 0x30, 0xc6, 0x0a, 0x66, 0x1e, 0xe4, 0x46, 0xa7, 0xec, 0x63, 0xa4,
    0x23, 0xf1, 0x03, 0xc6, 0x58, 0xc1, 0xcc, 0x83, 0xdc, 0xe8, 0x94, 0x7d,
    0x8c, 0x74, 0x24, 0x7e, 0xc0, 0x18, 0x2b, 0x98, 0x79, 0x90, 0x1b, 0x9d,
    0xb2, 0x8f, 0x91, 0x8e, 0xc4, 0x0f, 0x18, 0x63, 0x05, 0x33, 0x0f, 0x72,
    0xa3, 0x53, 0xf6, 0x31, 0xd2, 0x91, 0xf8, 0x01, 0x63, 0xac, 0x60, 0xe6,
    0x41, 0x6e, 0x74, 0xca, 0x3e, 0x46, 0x3a, 0x12, 0x3f, 0x60, 0x8c, 0x15,
    0xcc, 0x3c, 0xc8, 0x8d, 0x4e, 0xd9, 0xc7, 0x48, 0x47, 0xe2, 0x07, 0x8c,
    0xb1, 0x82, 0x99, 0x07, 0xb9, 0xd1, 0x29, 0xfb, 0x18, 0xe9, 0x48, 0xfc,
    0x82, 0x31, 0x66, 0x30, 0xf3, 0x62, 0xb7, 0xb9, 0x65, 0x1f, 0x23, 0xdd,
    0x78, 0x5f, 0x28, 0xc6, 0x0a, 0x66, 0x5e, 0xec, 0x36, 0xb7, 0xec, 0x63,
    0xa4, 0x1b, 0xef, 0x0b, 0xc5, 0x58, 0xc1, 0xcc, 0x8b, 0xdd, 0xe6, 0x96,
    0x7d, 0x8c, 0x74, 0xe3, 0x7d, 0xa1, 0x18, 0x2b, 0x98, 0x79, 0xb1, 0xdb,
    0xdc, 0xb2, 0x8f, 0x91, 0x6e, 0xbc, 0x2f, 0x14, 0x63, 0x05, 0x33, 0x2f,
    0x76, 0x9b, 0x5b, 0xf6, 0x31, 0xd2, 0x8d, 0xf7, 0x85, 0x62, 0xac, 0x60,
    0xe6, 0xc5, 0x6e, 0x73, 0xcb, 0x3e, 0x46, 0xba, 0xf1, 0xbe, 0x50, 0x8c,
    0x15, 0xcc, 0xbc, 0xd8, 0x6d, 0x6e, 0xd9, 0xc7, 0x48, 0x37, 0xde, 0x17,
    0x8a, 0xb1, 0x82, 0x99, 0x17, 0xbb, 0xcd, 0x2d, 0xfb, 0x18, 0xe9, 0xc6,
    0xfb, 0x44, 0x31, 0x66, 0x30, 0xf3, 0xa4, 0x37, 0x39, 0x66, 0x1f, 0x23,
    0x9d, 0x68, 0x9f, 0x20, 0xc6, 0x0a, 0x66, 0x9e, 0xf4, 0x26, 0xc7, 0xec,
    0x63, 0xa4, 0x13, 0xed, 0x13, 0xc4, 0x58, 0xc1, 0xcc, 0x93, 0xde, 0xe4,
    0x98, 0x7d, 0x8c, 0x74, 0xa2, 0x7d, 0x82, 0x18, 0x2b, 0x98, 0x79, 0xd2,
    0x9b, 0x1c, 0xb3, 0x8f, 0x91, 0x4e, 0xb4, 0x4f, 0x10, 0x63, 0x05, 0x33,
    0x4f, 0x7a, 0x93, 0x63, 0xf6, 0x31, 0xd2, 0x89, 0xf6, 0x09, 0x62, 0xac,
    0x60, 0xe6, 0x49, 0x6f, 0x72, 0xcc, 0x3e, 0x46, 0x3a, 0xd1, 0x3e, 0x41,
    0x8c, 0x15, 0xcc, 0x3c, 0xe9, 0x4d, 0x8e, 0xd9, 0xc7, 0x48, 0x27, 0xda,
    0x27, 0x88, 0xb1, 0x82, 0x99, 0x27, 0xbd, 0xc9, 0x31, 0xfb, 0x18, 0xe9,
    0x44, 0xfb, 0x06, 0x31, 0x66, 0x30, 0xf3, 0xe6, 0xb7, 0xb8, 0x66, 0x1f,
    0x23, 0x5d, 0x58, 0xdf, 0x18, 0xc6, 0x0a, 0x66, 0xde, 0xfc, 0x16, 0xd7,
    0xec, 0x63, 0xa4, 0x0b, 0xeb, 0x1b, 0xc3, 0x58, 0xc1, 0xcc, 0x9b, 0xdf,
    0xe2, 0x9a, 0x7d, 0x8c, 0x74, 0x61, 0x7d, 0x63, 0x18, 0x2b, 0x98, 0x79,
    0xf3, 0x5b, 0x5c, 0xb3, 0x8f, 0x91, 0x2e, 0xac, 0x6f, 0x0c, 0x63, 0x05,
    0x33, 0x6f, 0x7e, 0x8b, 0x6b, 0xf6, 0x31, 0xd2, 0x85, 0xf5, 0x8d, 0x61,
    0xac, 0x60, 0xe6, 0xcd, 0x6f, 0x71, 0xcd, 0x3e, 0x46, 0xba, 0xb0, 0xbe,
    0x31, 0x8c, 0x15, 0xcc, 0xbc, 0xf9, 0x2d, 0xae, 0xd9, 0xc7, 0x48, 0x17,
    0xd6, 0x37, 0x86, 0xb1, 0x82, 0x99, 0x37, 0xbf, 0xc5, 0x35, 0xfb, 0x18,
    0xe9, 0xc2, 0xfa, 0xc8, 0x30, 0x66, 0x30, 0xf3, 0x28, 0x38, 0x38, 0x67,
    0x1f, 0x23, 0x1d, 0x48, 0x1f, 0x11, 0xc6, 0x0a, 0x66, 0x1e, 0x05, 0x07,
    0xe7, 0xec, 0x63, 0xa4, 0x03, 0xe9, 0x23, 0xc2, 0x58, 0xc1, 0xcc, 0xa3,
    0xe0, 0xe0, 0x9c, 0x7d, 0x8c, 0x74, 0x20, 0x7d, 0x44, 0x18, 0x2b, 0x98,
    0x79, 0x14, 0x1c, 0x9c, 0xb3, 0x8f, 0x91, 0x0e, 0xa4, 0x8f, 0x08, 0x63,
    0x05, 0x33, 0x8f, 0x82, 0x83, 0x73, 0xf6, 0x31, 0xd2, 0x81, 0xf4, 0x11,
    0x61, 0xac, 0x60, 0xe6, 0x51, 0x70, 0x70, 0xce, 0x3e, 0x46, 0x3a, 0x90,
    0x3e, 0x22, 0x8c, 0x15, 0xcc, 0x3c, 0x0a, 0x0e, 0xce, 0xd9, 0xc7, 0x48,
    0x07, 0xd2, 0x47, 0x84, 0xb1, 0x82, 0x99, 0x47, 0xc1, 0xc1, 0x39, 0xfb,
    0x18, 0xe9, 0x40, 0xfa, 0x8a, 0x30, 0x66, 0x30, 0xf3, 0x6a, 0xd8, 0xdf,
    0xb3, 0x8f, 0x91, 0xf6, 0xce, 0x57, 0x82, 0xb1, 0x82, 0x99, 0x57, 0xc3,
    0xfe, 0x9e, 0x7d, 0x8c, 0xb4, 0x77, 0xbe, 0x12, 0x8c, 0x15, 0xcc, 0xbc,
    0x1a, 0xf6, 0xf7, 0xec, 0x63, 0xa4, 0xbd, 0xf3, 0x95, 0x60, 0xac, 0x60,
    0xe6, 0xd5, 0xb0, 0xbf, 0x67, 0x1f, 0x23, 0xed, 0x9d, 0xaf, 0x04, 0x63,
    0x05, 0x33, 0xaf, 0x86, 0xfd, 0x3d, 0xfb, 0x18, 0x69, 0xef, 0x7c, 0x25,
    0x18, 0x2b, 0x98, 0x79, 0x35, 0xec, 0xef, 0xd9, 0xc7, 0x48, 0x7b, 0xe7,
    0x2b, 0xc1, 0x58, 0xc1, 0xcc, 0xab, 0x61, 0x7f, 0xcf, 0x3e, 0x46, 0xda,
    0x3b, 0x5f, 0x09, 0xc6, 0x0a, 0x66, 0x5e, 0x0d, 0xfb, 0x7b, 0xf6, 0x31,
    0xd2, 0xde, 0xf9, 0x4c, 0x30, 0x66, 0x30, 0xf3, 0xac, 0x58, 0x17, 0xd8,
    0xc7, 0x48, 0x6b, 0xe5, 0x33, 0xc0, 0x58, 0xc1, 0xcc, 0xb3, 0x62, 0x5d,
    0x60, 0x1f, 0x23, 0xad, 0x95, 0xcf, 0x00, 0x63, 0x05, 0x33, 0xcf, 0x8a,
    0x75, 0x81, 0x7d, 0x8c, 0xb4, 0x56, 0x3e, 0x03, 0x8c, 0x15, 0xcc, 0x3c,
    0x2b, 0xd6, 0x05, 0xf6, 0x31, 0xd2, 0x5a, 0xf9, 0x0c, 0x30, 0x56, 0x30,
    0xf3, 0xac, 0x58, 0x17, 0xd8, 0xc7, 0x48, 0x6b, 0xe5, 0x33, 0xc0, 0x58,
    0xc1, 0xcc, 0xb3, 0x62, 0x5d, 0x60, 0x1f, 0x23, 0xad, 0x95, 0xcf, 0x00,
    0x63, 0x05, 0x33, 0xcf, 0x8a, 0x75, 0x81, 0x7d, 0x8c, 0xb4, 0x56, 0x3e,
    0x03, 0x8c, 0x15, 0xcc, 0x3c, 0x2b, 0xd6, 0x05, 0xf6, 0x31, 0xd2, 0x5a,
    0xf9, 0x0e, 0x30, 0x66, 0x30, 0xf3, 0xee, 0xd8, 0x36, 0xd8, 0xc7, 0x48,
    0x5b, 0xe3, 0x7b, 0xdf, 0x58, 0xc1, 0xcc, 0xbb, 0x63, 0xdb, 0x60, 0x1f,
    0x23, 0x6d, 0x8d, 0xef, 0x7d, 0x63, 0x05, 0x33, 0xef, 0x8e, 0x6d, 0x83,
    0x7d, 0x8c, 0xb4, 0x35, 0xbe, 0xf7, 0x8d, 0x15, 0xcc, 0xbc, 0x3b, 0xb6,
    0x0d, 0xf6, 0x31, 0xd2, 0xd6, 0xf8, 0xde, 0x37, 0x56, 0x30, 0xf3, 0xee,
    0xd8, 0x36, 0xd8, 0xc7, 0x48, 0x5b, 0xe3, 0x7b, 0xdf, 0x58, 0xc1, 0xcc,
    0xbb, 0x63, 0xdb, 0x60, 0x1f, 0x23, 0x6d, 0x8d, 0xef, 0x7d, 0x63, 0x05,
    0x33, 0xef, 0x8e, 0x6d, 0x83, 0x7d, 0x8c, 0xb4, 0x35, 0xbe, 0xf7, 0x8d,
    0x15, 0xcc, 0xbc, 0x3b, 0xb6, 0x0d, 0xf6, 0x31, 0xd2, 0xd6, 0x38, 0xe8,
    0x1b, 0x33, 0x98, 0x19, 0x48, 0x96, 0x15, 0xf6, 0x31, 0xd2, 0x52, 0x38,
    0xa8, 0x1b, 0x2b, 0x98, 0x19, 0x48, 0x96, 0x15, 0xf6, 0x31, 0xd2, 0x52,
    0x38, 0xa8, 0x1b, 0x2b, 0x98, 0x19, 0x48, 0x96, 0x15, 0xf6, 0x31, 0xd2,
    0x52, 0x38, 0xa8, 0x1b, 0x2b, 0x98, 0x19, 0x48, 0x96, 0x15, 0xf6, 0x31,
    0xd2, 0x52, 0x38, 0xa8, 0x1b, 0x2b, 0x98, 0x19, 0x48, 0x96, 0x15, 0xf6,
    0x31, 0xd2, 0x52, 0x38, 0xa8, 0x1b, 0x2b, 0x98, 0x19, 0x48, 0x96, 0x15,
    0xf6, 0x31, 0xd2, 0x52, 0x38, 0xa8, 0x1b, 0x2b, 0x98, 0x19, 0x48, 0x96,
    0x15, 0xf6, 0x31, 0xd2, 0x52, 0x38, 0xa8, 0x1b, 0x2b, 0x98, 0x19, 0x48,
    0x96, 0x15, 0xf6, 0x31, 0xd2, 0x52, 0x38, 0xa9, 0x1b, 0x33, 0x98, 0x99,
    0x58, 0x76, 0x1d, 0xf6, 0x31, 0xd2, 0xce, 0x37, 0x69, 0x1b, 0x2b, 0x98,
    0x99, 0x58, 0x76, 0x1d, 0xf6, 0x31, 0xd2, 0xce, 0x37, 0x69, 0x1b, 0x2b,
    0x98, 0x99, 0x58, 0x76, 0x1d, 0xf6, 0x31, 0xd2, 0xce, 0x37, 0x69, 0x1b,
    0x2b, 0x98, 0x99, 0x58, 0x76, 0x1d, 0xf6, 0x31, 0xd2, 0xce, 0x37, 0x69,
    0x1b, 0x2b, 0x98, 0x99, 0x58, 0x76, 0x1d, 0xf6, 0x31, 0xd2, 0xce, 0x37,
    0x69, 0x1b, 0x2b, 0x98, 0x99, 0x58, 0x76, 0x1d, 0xf6, 0x31, 0xd2, 0xce,
    0x37, 0x69, 0x1b, 0x2b, 0x98, 0x99, 0x58, 0x76, 0x1d, 0xf6, 0x31, 0xd2,
    0xce, 0x37, 0x69, 0x1b, 0x2b, 0x98, 0x99, 0x58, 0x76, 0x1d, 0xf6, 0x31,
    0xd2, 0xce, 0x37, 0x6a, 0x1b, 0x33, 0x98, 0x19, 0x69, 0x56, 0x25, 0xf6,
    0x31, 0xd2, 0x4a, 0x37, 0x2a, 0x1b, 0x2b, 0x98, 0x19, 0x69, 0x56, 0x25,
    0xf6, 0x31, 0xd2, 0x4a, 0x37, 0x2a, 0x1b, 0x2b, 0x98, 0x19, 0x69, 0x56,
    0x25, 0xf6, 0x31, 0xd2, 0x4a, 0x37, 0x2a, 0x1b, 0x2b, 0x98, 0x19, 0x69,
    0x56, 0x25, 0xf6, 0x31, 0xd2, 0x4a, 0x37, 0x2a, 0x1b, 0x2b, 0x98, 0x19,
    0x69, 0x56, 0x25, 0xf6, 0x31, 0xd2, 0x4a, 0x37, 0x2a, 0x1b, 0x2b, 0x98,
    0x19, 0x69, 0x56, 0x25, 0xf6, 0x31, 0xd2, 0x4a, 0x37, 0x2a, 0x1b, 0x2b,
    0x98, 0x19, 0x69, 0x56, 0x25, 0xf6, 0x31, 0xd2, 0x4a, 0x37, 0x2a, 0x1b,
    0x2b, 0x98, 0x19, 0x69, 0x56, 0x25, 0xf6, 0x31, 0xd2, 0x4a, 0x37, 0x2b,
    0x1b, 0x33, 0x98, 0x99, 0x79, 0x36, 0x2d, 0xf6, 0x31, 0xd2, 0xc6, 0x36,
    0xeb, 0x1a, 0x2b, 0x98, 0x99, 0x79, 0x36, 0x2d, 0xf6, 0x31, 0xd2, 0xc6,
    0x36, 0xeb, 0x1a, 0x2b, 0x98, 0x99, 0x79, 0x36, 0x2d, 0xf6, 0x31, 0xd2,
    0xc6, 0x36, 0xeb, 0x1a, 0x2b, 0x98, 0x99, 0x79, 0x36, 0x2d, 0xf6, 0x31,
    0xd2, 0xc6, 0x36, 0xeb, 0x1a, 0x2b, 0x98, 0x99, 0x79, 0x36, 0x2d, 0xf6,
    0x31, 0xd2, 0xc6, 0x36, 0xeb, 0x1a, 0x2b, 0x98, 0x99, 0x79, 0x36, 0x2d,
    0xf6, 0x31, 0xd2, 0xc6, 0x36, 0xeb, 0x1a, 0x2b, 0x98, 0x99, 0x79, 0x36,
    0x2d, 0xf6, 0x31, 0xd2, 0xc6, 0x36, 0xeb, 0x1a, 0x2b, 0x98, 0x99, 0x79,
    0x36, 0x2d, 0xf6, 0x31, 0xd2, 0xc6, 0x36, 0xec, 0x1a, 0x33, 0x98, 0x19,
    0x8a, 0x16, 0x35, 0xf6, 0x31, 0xd2, 0x42, 0x36, 0xac, 0x1a, 0x2b, 0x98,
    0x19, 0x8a, 0x16, 0x35, 0xf6, 0x31, 0xd2, 0x42, 0x36, 0xac, 0x1a, 0x2b,
    0x98, 0x19, 0x8a, 0x16, 0x35, 0xf6, 0x31, 0xd2, 0x42, 0x36, 0xac, 0x1a,
    0x2b, 0x98, 0x19, 0x8a, 0x16, 0x35, 0xf6, 0x31, 0xd2, 0x42, 0x36, 0xac,
    0x1a, 0x2b, 0x98, 0x19, 0x8a, 0x16, 0x35, 0xf6, 0x31, 0xd2, 0x42, 0x36,
    0xac, 0x1a, 0x2b, 0x98, 0x19, 0x8a, 0x16, 0x35, 0xf6, 0x31, 0xd2, 0x42,
    0x36, 0xac, 0x1a, 0x2b, 0x98, 0x19, 0x8a, 0x16, 0x35, 0xf6, 0x31, 0xd2,
    0x42, 0x36, 0xac, 0x1a, 0x2b, 0x98, 0x19, 0x8a, 0x16, 0x35, 0xf6, 0x31,
    0xd2, 0x42, 0x36, 0xad, 0x1a, 0x33, 0x98, 0x99, 0x9a, 0xe6, 0x3d, 0xf6,
    0x31, 0xd2, 0xdc, 0x35, 0x6d, 0x1a, 0x2b, 0x98, 0x99, 0x9a, 0xe6, 0x3d,
    0xf6, 0x31, 0xd2, 0xdc, 0x35, 0x6d, 0x1a, 0x2b, 0x98, 0x99, 0x9a, 0xe6,
    0x3d, 0xf6, 0x31, 0xd2, 0xdc, 0x35, 0x6d, 0x1a, 0x2b, 0x98, 0x99, 0x9a,
    0xe6, 0x3d, 0xf6, 0x31, 0xd2, 0xdc, 0x35, 0x6d, 0x1a, 0x2b, 0x98, 0x99,
    0x9a, 0xe6, 0x3d, 0xf6, 0x31, 0xd2, 0xdc, 0x35, 0x6d, 0x1a, 0x2b, 0x98,
    0x99, 0x9a, 0xe6, 0x3d, 0xf6, 0x31, 0xd2, 0xdc, 0x35, 0x6d, 0x1a, 0x2b,
    0x98, 0x99, 0x9a, 0xe6, 0x3d, 0xf6, 0x31, 0xd2, 0xdc, 0x35, 0x6d, 0x1a,
    0x2b, 0x98, 0x99, 0x9a, 0xe6, 0x3d, 0xf6, 0x31, 0xd2, 0xdc, 0x35, 0x6e,
    0x1a, 0x33, 0x98, 0x19, 0xab, 0xc6, 0x45, 0xf6, 0x31, 0xd2, 0x58, 0x35,
    0x2e, 0x1a, 0x2b, 0x98, 0x19, 0xab, 0xc6, 0x45, 0xf6, 0x31, 0xd2, 0x58,
    0x35, 0x2e, 0x1a, 0x2b, 0x98, 0x19, 0xab, 0xc6, 0x45, 0xf6, 0x31, 0xd2,
    0x58, 0x35, 0x2e, 0x1a, 0x2b, 0x98, 0x19, 0xab, 0xc6, 0x45, 0xf6, 0x31,
    0xd2, 0x58, 0x35, 0x2e, 0x1a, 0x2b, 0x98, 0x19, 0xab, 0xc6, 0x45, 0xf6,
    0x31, 0xd2, 0x58, 0x35, 0x2e, 0x1a, 0x2b, 0x98, 0x19, 0xab, 0xc6, 0x45,
    0xf6, 0x31, 0xd2, 0x58, 0x35, 0x2e, 0x1a, 0x2b, 0x98, 0x19, 0xab, 0xc6,
    0x45, 0xf6, 0x31, 0xd2, 0x58, 0x35, 0x2e, 0x1a, 0x2b, 0x98, 0x19, 0xab,
    0xc6, 0x45, 0xf6, 0x31, 0xd2, 0x58, 0x35, 0x2f, 0x1a, 0x33, 0x98, 0x99,
    0xbb, 0xa6, 0x4d, 0xf6, 0x31, 0xd2, 0xd4, 0x34, 0xef, 0x19, 0x2b, 0x98,
    0x99, 0xbb, 0xa6, 0x4d, 0xf6, 0x31, 0xd2, 0xd4, 0x34, 0xef, 0x19, 0x2b,
    0x98, 0x99, 0xbb, 0xa6, 0x4d, 0xf6, 0x31, 0xd2, 0xd4, 0x34, 0xef, 0x19,
    0x2b, 0x98, 0x99, 0xbb, 0xa6, 0x4d, 0xf6, 0x31, 0xd2, 0xd4, 0x34, 0xef,
    0x19, 0x2b, 0x98, 0x99, 0xbb, 0xa6, 0x4d, 0xf6, 0x31, 0xd2, 0xd4, 0x34,
    0xef, 0x19, 0x2b, 0x98, 0x99, 0xbb, 0xa6, 0x4d, 0xf6, 0x31, 0xd2, 0xd4,
    0x34, 0xef, 0x19, 0x2b, 0x98, 0x99, 0xbb, 0xa6, 0x4d, 0xf6, 0x31, 0xd2,
    0xd4, 0x34, 0xef, 0x19, 0x2b, 0x98, 0x99, 0xbb, 0xa6, 0x4d, 0xf6, 0x31,
    0xd2, 0xd4, 0xb4, 0xe8, 0x19, 0x33, 0x98, 0x59, 0xc8, 0x86, 0x55, 0xf6,
    0x31, 0xd2, 0x50, 0xb4, 0xa8, 0x19, 0x2b, 0x98, 0x59, 0xc8, 0x86, 0x55,
    0xf6, 0x31, 0xd2, 0x50, 0xb4, 0xa8, 0x19, 0x2b, 0x98, 0x59, 0xc8, 0x86,
    0x55, 0xf6, 0x31, 0xd2, 0x50, 0xb4, 0xa8, 0x19, 0x2b, 0x98, 0x59, 0xc8,
    0x86, 0x55, 0xf6, 0x31, 0xd2, 0x50, 0xb4, 0xa8, 0x19, 0x2b, 0x98, 0x59,
    0xc8, 0x86, 0x55, 0xf6, 0x31, 0xd2, 0x50, 0xb4, 0xa8, 0x19, 0x2b, 0x98,
    0x59, 0xc8, 0x86, 0x55, 0xf6, 0x31, 0xd2, 0x50, 0xb4, 0xa8, 0x19, 0x2b,
    0x98, 0x59, 0xc8, 0x86, 0x55, 0xf6, 0x31, 0xd2, 0x50, 0xb4, 0xa8, 0x19,
    0x2b, 0x98, 0x59, 0xc8, 0x86, 0x55, 0xf6, 0x31, 0xd2, 0x50, 0xb4, 0xa9,
    0x19, 0x33, 0x98, 0xd9, 0xd8, 0x66, 0x5d, 0xf6, 0x31, 0xd2, 0xcc, 0xb3,
    0x69, 0x19, 0x2b, 0x98, 0xd9, 0xd8, 0x66, 0x5d, 0xf6, 0x31, 0xd2, 0xcc,
    0xb3, 0x69, 0x19, 0x2b, 0x98, 0xd9, 0xd8, 0x66, 0x5d, 0xf6, 0x31, 0xd2,
    0xcc, 0xb3, 0x69, 0x19, 0x2b, 0x98, 0xd9, 0xd8, 0x66, 0x5d, 0xf6, 0x31,
    0xd2, 0xcc, 0xb3, 0x69, 0x19, 0x2b, 0x98, 0xd9, 0xd8, 0x66, 0x5d, 0xf6,
    0x31, 0xd2, 0xcc, 0xb3, 0x69, 0x19, 0x2b, 0x98, 0xd9, 0xd8, 0x66, 0x5d,
    0xf6, 0x31, 0xd2, 0xcc, 0xb3, 0x69, 0x19, 0x2b, 0x98, 0xd9, 0xd8, 0x66,
    0x5d, 0xf6, 0x31, 0xd2, 0xcc, 0xb3, 0x69, 0x19, 0x2b, 0x98, 0xd9, 0xd8,
    0x66, 0x5d, 0xf6, 0x31, 0xd2, 0xcc, 0xb3, 0x6a, 0x19, 0x33, 0x98, 0x59,
    0xe9, 0x46, 0x65, 0xf6, 0x31, 0xd2, 0x48, 0xb3, 0x2a, 0x19, 0x2b, 0x98,
    0x59, 0xe9, 0x46, 0x65, 0xf6, 0x31, 0xd2, 0x48, 0xb3, 0x2a, 0x19, 0x2b,
    0x98, 0x59, 0xe9, 0x46, 0x65, 0xf6, 0x31, 0xd2, 0x48, 0xb3, 0x2a, 0x19,
    0x2b, 0x98, 0x59, 0xe9, 0x46, 0x65, 0xf6, 0x31, 0xd2, 0x48, 0xb3, 0x2a,
    0x19, 0x2b, 0x98, 0x59, 0xe9, 0x46, 0x65, 0xf6, 0x31, 0xd2, 0x48, 0xb3,
    0x2a, 0x19, 0x2b, 0x98, 0x59, 0xe9, 0x46, 0x65, 0xf6, 0x31, 0xd2, 0x48,
    0xb3, 0x2a, 0x19, 0x2b, 0x98, 0x59, 0xe9, 0x46, 0x65, 0xf6, 0x31, 0xd2,
    0x48, 0xb3, 0x2a, 0x19, 0x2b, 0x98, 0x59, 0xe9, 0x46, 0x65, 0xf6, 0x31,
    0xd2, 0x48, 0xb3, 0x2b, 0x19, 0x33, 0x98, 0xd9, 0xf9, 0x26, 0x6d, 0xf6,
    0x31, 0xd2, 0xc4, 0xb2, 0xeb, 0x18, 0x2b, 0x98, 0xd9, 0xf9, 0x26, 0x6d,
    0xf6, 0x31, 0xd2, 0xc4, 0xb2, 0xeb, 0x18, 0x2b, 0x98, 0xd9, 0xf9, 0x26,
    0x6d, 0xf6, 0x31, 0xd2, 0xc4, 0xb2, 0xeb, 0x18, 0x2b, 0x98, 0xd9, 0xf9,
    0x26, 0x6d, 0xf6, 0x31, 0xd2, 0xc4, 0xb2, 0xeb, 0x18, 0x2b, 0x98, 0xd9,
    0xf9, 0x26, 0x6d, 0xf6, 0x31, 0xd2, 0xc4, 0xb2, 0xeb, 0x18, 0x2b, 0x98,
    0xd9, 0xf9, 0x26, 0x6d, 0xf6, 0x31, 0xd2, 0xc4, 0xb2, 0xeb, 0x18, 0x2b,
    0x98, 0xd9, 0xf9, 0x26, 0x6d, 0xf6, 0x31, 0xd2, 0xc4, 0xb2, 0xeb, 0x18,
    0x2b, 0x98, 0xd9, 0xf9, 0x26, 0x6d, 0xf6, 0x31, 0xd2, 0xc4, 0xb2, 0xec,
    0x18, 0x33, 0x98, 0x59, 0x0a, 0x07, 0x75, 0xf6, 0x31, 0xd2, 0x40, 0xb2,
    0xac, 0x18, 0x2b, 0x98, 0x59, 0x0a, 0x07, 0x75, 0xf6, 0x31, 0xd2, 0x40,
    0xb2, 0xac, 0x18, 0x2b, 0x98, 0x59, 0x0a, 0x07, 0x75, 0xf6, 0x31, 0xd2,
    0x40, 0xb2, 0xac, 0x18, 0x2b, 0x98, 0x59, 0x0a, 0x07, 0x75, 0xf6, 0x31,
    0xd2, 0x40, 0xb2, 0xac, 0x18, 0x2b, 0x98, 0x59, 0x0a, 0x07, 0x75, 0xf6,
    0x31, 0xd2, 0x40, 0xb2, 0xac, 0x18, 0x2b, 0x98, 0x59, 0x0a, 0x07, 0x75,
    0xf6, 0x31, 0xd2, 0x40, 0xb2, 0xac, 0x18, 0x2b, 0x98, 0x59, 0x0a, 0x07,
    0x75, 0xf6, 0x31, 0xd2, 0x40, 0xb2, 0xac, 0x18, 0x2b, 0x98, 0x59, 0x0a,
    0x07, 0x75, 0xf6, 0x31, 0xd2, 0x40, 0xb2, 0xad, 0x18, 0x33, 0x98, 0xd9,
    0x1a, 0xdf, 0xfb, 0xec, 0x63, 0xa4, 0x77, 0xc7, 0xb6, 0x61, 0xac, 0x60,
    0x66, 0x6b, 0x7c, 0xef, 0xb3, 0x8f, 0x91, 0xde, 0x1d, 0xdb, 0x86, 0xb1,
    0x82, 0x99, 0xad, 0xf1, 0xbd, 0xcf, 0x3e, 0x46, 0x7a, 0x77, 0x6c, 0x1b,
    0xc6, 0x0a, 0x66, 0xb6, 0xc6, 0xf7, 0x3e, 0xfb, 0x18, 0xe9, 0xdd, 0xb1,
    0x6d, 0x18, 0x2b, 0x98, 0xd9, 0x1a, 0xdf, 0xfb, 0xec, 0x63, 0xa4, 0x77,
    0xc7, 0xb6, 0x61, 0xac, 0x60, 0x66, 0x6b, 0x7c, 0xef, 0xb3, 0x8f, 0x91,
    0xde, 0x1d, 0xdb, 0x86, 0xb1, 0x82, 0x99, 0xad, 0xf1, 0xbd, 0xcf, 0x3e,
    0x46, 0x7a, 0x77, 0x6c, 0x1b, 0xc6, 0x0a, 0x66, 0xb6, 0xc6, 0xf7, 0x3e,
    0xfb, 0x18, 0xe9, 0xdd, 0xb1, 0x6e, 0x18, 0x33, 0x98, 0x59, 0x2b, 0x9f,
    0x01, 0xec, 0x63, 0xa4, 0x67, 0xc5, 0xba, 0x60, 0xac, 0x60, 0x66, 0xad,
    0x7c, 0x06, 0xb0, 0x8f, 0x91, 0x9e, 0x15, 0xeb, 0x82, 0xb1, 0x82, 0x99,
    0xb5, 0xf2, 0x19, 0xc0, 0x3e, 0x46, 0x7a, 0x56, 0xac, 0x0b, 0xc6, 0x0a,
    0x66, 0xd6, 0xca, 0x67, 0x00, 0xfb, 0x18, 0xe9, 0x59, 0xb1, 0x2e, 0x18,
    0x2b, 0x98, 0x59, 0x2b, 0x9f, 0x01, 0xec, 0x63, 0xa4, 0x67, 0xc5, 0xba,
    0x60, 0xac, 0x60, 0x66, 0xad, 0x7c, 0x06, 0xb0, 0x8f, 0x91, 0x9e, 0x15,
    0xeb, 0x82, 0xb1, 0x82, 0x99, 0xb5, 0xf2, 0x19, 0xc0, 0x3e, 0x46, 0x7a,
    0x56, 0xac, 0x0b, 0xc6, 0x0a, 0x66, 0xd6, 0xca, 0x67, 0x00, 0xfb, 0x18,
    0xe9, 0x59, 0xb1, 0x2f, 0x18, 0x33, 0x98, 0xd9, 0x3b, 0x5f, 0x09, 0xec,
    0x63, 0xa4, 0x57, 0xc3, 0xfe, 0xde, 0x58, 0xc1, 0xcc, 0xde, 0xf9, 0x4a,
    0x60, 0x1f, 0x23, 0xbd, 0x1a, 0xf6, 0xf7, 0xc6, 0x0a, 0x66, 0xf6, 0xce,
    0x57, 0x02, 0xfb, 0x18, 0xe9, 0xd5, 0xb0, 0xbf, 0x37, 0x56, 0x30, 0xb3,
    0x77, 0xbe, 0x12, 0xd8, 0xc7, 0x48, 0xaf, 0x86, 0xfd, 0xbd, 0xb1, 0x82,
    0x99, 0xbd, 0xf3, 0x95, 0xc0, 0x3e, 0x46, 0x7a, 0x35, 0xec, 0xef, 0x8d,
    0x15, 0xcc, 0xec, 0x9d, 0xaf, 0x04, 0xf6, 0x31, 0xd2, 0xab, 0x61, 0x7f,
    0x6f, 0xac, 0x60, 0x66, 0xef, 0x7c, 0x25, 0xb0, 0x8f, 0x91, 0x5e, 0x0d,
    0xfb, 0x7b, 0x63, 0x05, 0x33, 0x7b, 0xe7, 0x2b, 0x81, 0x7d, 0x8c, 0xf4,
    0x6a, 0x38, 0xb8, 0x37, 0x66, 0x30, 0x73, 0x20, 0x7d, 0x44, 0xb0, 0x8f,
    0x91, 0x1e, 0x05, 0x07, 0xe7, 0xc6, 0x0a, 0x66, 0x0e, 0xa4, 0x8f, 0x08,
    0xf6, 0x31, 0xd2, 0xa3, 0xe0, 0xe0, 0xdc, 0x58, 0xc1, 0xcc, 0x81, 0xf4,
    0x11, 0xc1, 0x3e, 0x46, 0x7a, 0x14, 0x1c, 0x9c, 0x1b, 0x2b, 0x98, 0x39,
    0x90, 0x3e, 0x22, 0xd8, 0xc7, 0x48, 0x8f, 0x82, 0x83, 0x73, 0x63, 0x05,
    0x33, 0x07, 0xd2, 0x47, 0x04, 0xfb, 0x18, 0xe9, 0x51, 0x70, 0x70, 0x6e,
    0xac, 0x60, 0xe6, 0x40, 0xfa, 0x88, 0x60, 0x1f, 0x23, 0x3d, 0x0a, 0x0e,
    0xce, 0x8d, 0x15, 0xcc, 0x1c, 0x48, 0x1f, 0x11, 0xec, 0x63, 0xa4, 0x47,
    0xc1, 0xc1, 0xb9, 0xb1, 0x82, 0x99, 0x03, 0xe9, 0x23, 0x82, 0x7d, 0x8c,
    0xf4, 0xc7, 0x80, 0x32, 0xf3, 0xf8, 0x26, 0x83, 0x73, 0xf6, 0x31, 0xd2,
    0x81, 0xf4, 0x11, 0x61, 0xac, 0x60, 0xe6, 0x51, 0x70, 0x70, 0xce, 0x3e,
    0x46, 0x3a, 0x90, 0x3e, 0x22, 0x8c, 0x15, 0xcc, 0x3c, 0x0a, 0x0e, 0xce,
    0xd9, 0xc7, 0x48, 0x07, 0xd2, 0x47, 0x84, 0xb1, 0x82, 0x99, 0x47, 0xc1,
    0xc1, 0x39, 0xfb, 0x18, 0xe9, 0x40, 0xfa, 0x88, 0x30, 0x56, 0x30, 0xf3,
    0x28, 0x38, 0x38, 0x67, 0x1f, 0x23, 0x1d, 0x48, 0x1f, 0x11, 0xc6, 0x0a,
    0x66, 0x1e, 0x05, 0x07, 0xe7, 0xec, 0x63, 0xa4, 0x03, 0xe9, 0x23, 0xc2,
    0x58, 0xc1, 0xcc, 0xa3, 0xe0, 0xe0, 0x9c, 0x7d, 0x8c, 0x74, 0x20, 0x7d,
    0x44, 0x18, 0x2b, 0x98, 0x79, 0x14, 0x1c, 0x9c, 0xb3, 0x8f, 0x91, 0x0e,
    0xa4, 0xaf, 0x08, 0x63, 0x06, 0x33, 0xaf, 0x86, 0xfd, 0x3d, 0xfb, 0x18,
    0x69, 0xef, 0x7c, 0x25, 0x18, 0x2b, 0x98, 0x79, 0x35, 0xec, 0xef, 0xd9,
    0xc7, 0x48, 0x7b, 0xe7, 0x2b, 0xc1, 0x58, 0xc1, 0xcc, 0xab, 0x61, 0x7f,
    0xcf, 0x3e, 0x46, 0xda, 0x3b, 0x5f, 0x09, 0xc6, 0x0a, 0x66, 0x5e, 0x0d,
    0xfb, 0x7b, 0xf6, 0x31, 0xd2, 0xde, 0xf9, 0x4a, 0x30, 0x56, 0x30, 0xf3,
    0x6a, 0xd8, 0xdf, 0xb3, 0x8f, 0x91, 0xf6, 0xce, 0x57, 0x82, 0xb1, 0x82,
    0x99, 0x57, 0xc3, 0xfe, 0x9e, 0x7d, 0x8c, 0xb4, 0x77, 0xbe, 0x12, 0x8c,
    0x15, 0xcc, 0xbc, 0x1a, 0xf6, 0xf7, 0xec, 0x63, 0xa4, 0xbd, 0xf3, 0x95,
    0x60, 0xac, 0x60, 0xe6, 0xd5, 0xb0, 0xbf, 0x67, 0x1f, 0x23, 0xed, 0x9d,
    0xcf, 0x04, 0x63, 0x06, 0x33, 0xcf, 0x8a, 0x75, 0x81, 0x7d, 0x8c, 0xb4,
    0x56, 0x3e, 0x03, 0x8c, 0x15, 0xcc, 0x3c, 0x2b, 0xd6, 0x05, 0xf6, 0x31,
    0xd2, 0x5a, 0xf9, 0x0c, 0x30, 0x56, 0x30, 0xf3, 0xac, 0x58, 0x17, 0xd8,
    0xc7, 0x48, 0x6b, 0xe5, 0x33, 0xc0, 0x58, 0xc1, 0xcc, 0xb3, 0x62, 0x5d,
    0x60, 0x1f, 0x23, 0xad, 0x95, 0xcf, 0x00, 0x63, 0x05, 0x33, 0xcf, 0x8a,
    0x75, 0x81, 0x7d, 0x8c, 0xb4, 0x56, 0x3e, 0x03, 0x8c, 0x15, 0xcc, 0x3c,
    0x2b, 0xd6, 0x05, 0xf6, 0x31, 0xd2, 0x5a, 0xf9, 0x0c, 0x30, 0x56, 0x30,
    0xf3, 0xac, 0x58, 0x17, 0xd8, 0xc7, 0x48, 0x6b, 0xe5, 0x33, 0xc0, 0x58,
    0xc1, 0xcc, 0xb3, 0x62, 0x5d, 0x60, 0x1f, 0x23, 0xad, 0x95, 0xef, 0x00,
    0x63, 0x06, 0x33, 0xef, 0x8e, 0x6d, 0x83, 0x7d, 0x8c, 0xb4, 0x35, 0xbe,
    0xf7, 0x8d, 0x15, 0xcc, 0xbc, 0x3b, 0xb6, 0x0d, 0xf6, 0x31, 0xd2, 0xd6,
    0xf8, 0xde, 0x37, 0x56, 0x30, 0xb1, 0x25, 0x62, 0x84, 0x00, 0x00, 0x20,
    0x00, 0x49, 0x44, 0x41, 0x54, 0xf3, 0xee, 0xd8, 0x36, 0xd8, 0xc7, 0x48,
    0x5b, 0xe3, 0x7b, 0xdf, 0x58, 0xc1, 0xcc, 0xbb, 0x63, 0xdb, 0x60, 0x1f,
    0x23, 0x6d, 0x8d, 0xef, 0x7d, 0x63, 0x05, 0x33, 0xef, 0x8e, 0x6d, 0x83,
    0x7d, 0x8c, 0xb4, 0x35, 0xbe, 0xf7, 0x8d, 0x15, 0xcc, 0xbc, 0x3b, 0xb6,
    0x0d, 0xf6, 0x31, 0xd2, 0xd6, 0xf8, 0xde, 0x37, 0x56, 0x30, 0xf3, 0xee,
    0xd8, 0x36, 0xd8, 0xc7, 0x48, 0x5b, 0xe3, 0x7b, 0xdf, 0x58, 0xc1, 0xcc,
    0xbb, 0x63, 0xdb, 0x60, 0x1f, 0x23, 0x6d, 0x8d, 0x83, 0xbe, 0x31, 0x83,
    0x99, 0x81, 0x64, 0x59, 0x61, 0x1f, 0x23, 0x2d, 0x85, 0x83, 0xba, 0xb1,
    0x82, 0x99, 0x81, 0x64, 0x59, 0x61, 0x1f, 0x23, 0x2d, 0x85, 0x83, 0xba,
    0xb1, 0x82, 0x99, 0x81, 0x64, 0x59, 0x61, 0x1f, 0x23, 0x2d, 0x85, 0x83,
    0xba, 0xb1, 0x82, 0x99, 0x81, 0x64, 0x59, 0x61, 0x1f, 0x23, 0x2d, 0x85,
    0x83, 0xba, 0xb1, 0x82, 0x99, 0x81, 0x64, 0x59, 0x61, 0x1f, 0x23, 0x2d,
    0x85, 0x83, 0xba, 0xb1, 0x82, 0x99, 0x81, 0x64, 0x59, 0x61, 0x1f, 0x23,
    0x2d, 0x85, 0x83, 0xba, 0xb1, 0x82, 0x99, 0x81, 0x64, 0x59, 0x61, 0x1f,
    0x23, 0x2d, 0x85, 0x83, 0xba, 0xb1, 0x82, 0x99, 0x81, 0x64, 0x59, 0x61,
    0x1f, 0x23, 0x2d, 0x85, 0x93, 0xba, 0x31, 0x83, 0x99, 0x89, 0x65, 0xd7,
    0x61, 0x1f, 0x23, 0xed, 0x7c, 0x93, 0xb6, 0xb1, 0x82, 0x99, 0x89, 0x65,
    0xd7, 0x61, 0x1f, 0x23, 0xed, 0x7c, 0x93, 0xb6, 0xb1, 0x82, 0x99, 0x89,
    0x65, 0xd7, 0x61, 0x1f, 0x23, 0xed, 0x7c, 0x93, 0xb6, 0xb1, 0x82, 0x99,
    0x89, 0x65, 0xd7, 0x61, 0x1f, 0x23, 0xed, 0x7c, 0x93, 0xb6, 0xb1, 0x82,
    0x99, 0x89, 0x65, 0xd7, 0x61, 0x1f, 0x23, 0xed, 0x7c, 0x93, 0xb6, 0xb1,
    0x82, 0x99, 0x89, 0x65, 0xd7, 0x61, 0x1f, 0x23, 0xed, 0x7c, 0x93, 0xb6,
    0xb1, 0x82, 0x99, 0x89, 0x65, 0xd7, 0x61, 0x1f, 0x23, 0xed, 0x7c, 0x93,
    0xb6, 0xb1, 0x82, 0x99, 0x89, 0x65, 0xd7, 0x61, 0x1f, 0x23, 0xed, 0x7c,
    0xa3, 0xb6, 0x31, 0x83, 0x99, 0x91, 0x66, 0x55, 0x62, 0x1f, 0x23, 0xad,
    0x74, 0xa3, 0xb2, 0xb1, 0x82, 0x99, 0x91, 0x66, 0x55, 0x62, 0x1f, 0x23,
    0xad, 0x74, 0xa3, 0xb2, 0xb1, 0x82, 0x99, 0x91, 0x66, 0x55, 0x62, 0x1f,
    0x23, 0xad, 0x74, 0xa3, 0xb2, 0xb1, 0x82, 0x99, 0x91, 0x66, 0x55, 0x62,
    0x1f, 0x23, 0xad, 0x74, 0xa3, 0xb2, 0xb1, 0x82, 0x99, 0x91, 0x66, 0x55,
    0x62, 0x1f, 0x23, 0xad, 0x74, 0xa3, 0xb2, 0xb1, 0x82, 0x99, 0x91, 0x66,
    0x55, 0x62, 0x1f, 0x23, 0xad, 0x74, 0xa3, 0xb2, 0xb1, 0x82, 0x99, 0x91,
    0x66, 0x55, 0x62, 0x1f, 0x23, 0xad, 0x74, 0xa3, 0xb2, 0xb1, 0x82, 0x99,
    0x91, 0x66, 0x55, 0x62, 0x1f, 0x23, 0xad, 0x74, 0xb3, 0xb2, 0x31, 0x83,
    0x99, 0x99, 0x67, 0xd3, 0x62, 0x1f, 0x23, 0x6d, 0x6c, 0xb3, 0xae, 0xb1,
    0x82, 0x99, 0x99, 0x67, 0xd3, 0x62, 0x1f, 0x23, 0x6d, 0x6c, 0xb3, 0xae,
    0xb1, 0x82, 0x99, 0x99, 0x67, 0xd3, 0x62, 0x1f, 0x23, 0x6d, 0x6c, 0xb3,
    0xae, 0xb1, 0x82, 0x99, 0x99, 0x67, 0xd3, 0x62, 0x1f, 0x23, 0x6d, 0x6c,
    0xb3, 0xae, 0xb1, 0x82, 0x99, 0x99, 0x67, 0xd3, 0x62, 0x1f, 0x23, 0x6d,
    0x6c, 0xb3, 0xae, 0xb1, 0x82, 0x99, 0x99, 0x67, 0xd3, 0x62, 0x1f, 0x23,
    0x6d, 0x6c, 0xb3, 0xae, 0xb1, 0x82, 0x99, 0x99, 0x67, 0xd3, 0x62, 0x1f,
    0x23, 0x6d, 0x6c, 0xb3, 0xae, 0xb1, 0x82, 0x99, 0x99, 0x67, 0xd3, 0x62,
    0x1f, 0x23, 0x6d, 0x6c, 0xc3, 0xae, 0x31, 0x83, 0x99, 0xa1, 0x68, 0x51,
    0x63, 0x1f, 0x23, 0x2d, 0x64, 0xc3, 0xaa, 0xb1, 0x82, 0x99, 0xa1, 0x68,
    0x51, 0x63, 0x1f, 0x23, 0x2d, 0x64, 0xc3, 0xaa, 0xb1, 0x82, 0x99, 0xa1,
    0x68, 0x51, 0x63, 0x1f, 0x23, 0x2d, 0x64, 0xc3, 0xaa, 0xb1, 0x82, 0x99,
    0xa1, 0x68, 0x51, 0x63, 0x1f, 0x23, 0x2d, 0x64, 0xc3, 0xaa, 0xb1, 0x82,
    0x99, 0xa1, 0x68, 0x51, 0x63, 0x1f, 0x23, 0x2d, 0x64, 0xc3, 0xaa, 0xb1,
    0x82, 0x99, 0xa1, 0x68, 0x51, 0x63, 0x1f, 0x23, 0x2d, 0x64, 0xc3, 0xaa,
    0xb1, 0x82, 0x99, 0xa1, 0x68, 0x51, 0x63, 0x1f, 0x23, 0x2d, 0x64, 0xc3,
    0xaa, 0xb1, 0x82, 0x99, 0xa1, 0x68, 0x51, 0x63, 0x1f, 0x23, 0x2d, 0x64,
    0xd3, 0xaa, 0x31, 0x83, 0x99, 0xa9, 0x69, 0xde, 0x63, 0x1f, 0x23, 0xcd,
    0x5d, 0xd3, 0xa6, 0xb1, 0x82, 0x99, 0xa9, 0x69, 0xde, 0x63, 0x1f, 0x23,
    0xcd, 0x5d, 0xd3, 0xa6, 0xb1, 0x82, 0x99, 0xa9, 0x69, 0xde, 0x63, 0x1f,
    0x23, 0xcd, 0x5d, 0xd3, 0xa6, 0xb1, 0x82, 0x99, 0xa9, 0x69, 0xde, 0x63,
    0x1f, 0x23, 0xcd, 0x5d, 0xd3, 0xa6, 0xb1, 0x82, 0x99, 0xa9, 0x69, 0xde,
    0x63, 0x1f, 0x23, 0xcd, 0x5d, 0xd3, 0xa6, 0xb1, 0x82, 0x99, 0xa9, 0x69,
    0xde, 0x63, 0x1f, 0x23, 0xcd, 0x5d, 0xd3, 0xa6, 0xb1, 0x82, 0x99, 0xa9,
    0x69, 0xde, 0x63, 0x1f, 0x23, 0xcd, 0x5d, 0xd3, 0xa6, 0xb1, 0x82, 0x99,
    0xa9, 0x69, 0xde, 0x63, 0x1f, 0x23, 0xcd, 0x5d, 0xe3, 0xa6, 0x31, 0x83,
    0x99, 0xb1, 0x6a, 0x5c, 0x64, 0x1f, 0x23, 0x8d, 0x55, 0xe3, 0xa2, 0xb1,
    0x82, 0x99, 0xb1, 0x6a, 0x5c, 0x64, 0x1f, 0x23, 0x8d, 0x55, 0xe3, 0xa2,
    0xb1, 0x82, 0x99, 0xb1, 0x6a, 0x5c, 0x64, 0x1f, 0x23, 0x8d, 0x55, 0xe3,
    0xa2, 0xb1, 0x82, 0x99, 0xb1, 0x6a, 0x5c, 0x64, 0x1f, 0x23, 0x8d, 0x55,
    0xe3, 0xa2, 0xb1, 0x82, 0x99, 0xb1, 0x6a, 0x5c, 0x64, 0x1f, 0x23, 0x8d,
    0x55, 0xe3, 0xa2, 0xb1, 0x82, 0x99, 0xb1, 0x6a, 0x5c, 0x64, 0x1f, 0x23,
    0x8d, 0x55, 0xe3, 0xa2, 0xb1, 0x82, 0x99, 0xb1, 0x6a, 0x5c, 0x64, 0x1f,
    0x23, 0x8d, 0x55, 0xe3, 0xa2, 0xb1, 0x82, 0x99, 0xb1, 0x6a, 0x5c, 0x64,
    0x1f, 0x23, 0x8d, 0x55, 0xf3, 0xa2, 0x31, 0x83, 0x99, 0xb9, 0x6b, 0xda,
    0x64, 0x1f, 0x23, 0x4d, 0x4d, 0xf3, 0x9e, 0xb1, 0x82, 0x99, 0xb9, 0x6b,
    0xda, 0x64, 0x1f, 0x23, 0x4d, 0x4d, 0xf3, 0x9e, 0xb1, 0x82, 0x99, 0xb9,
    0x6b, 0xda, 0x64, 0x1f, 0x23, 0x4d, 0x4d, 0xf3, 0x9e, 0xb1, 0x82, 0x99,
    0xb9, 0x6b, 0xda, 0x64, 0x1f, 0x23, 0x4d, 0x4d, 0xf3, 0x9e, 0xb1, 0x82,
    0x99, 0xb9, 0x6b, 0xda, 0x64, 0x1f, 0x23, 0x4d, 0x4d, 0xf3, 0x9e, 0xb1,
    0x82, 0x99, 0xb9, 0x6b, 0xda, 0x64, 0x1f, 0x23, 0x4d, 0x4d, 0xf3, 0x9e,
    0xb1, 0x82, 0x99, 0xb9, 0x6b, 0xda, 0x64, 0x1f, 0x23, 0x4d, 0x4d, 0xf3,
    0x9e, 0xb1, 0x82, 0x99, 0xb9, 0x6b, 0xda, 0x64, 0x1f, 0x23, 0x4d, 0x4d,
    0x8b, 0x9e, 0x31, 0x83, 0x99, 0x85, 0x6c, 0x58, 0x65, 0x1f, 0x23, 0x0d,
    0x45, 0x8b, 0x9a, 0xb1, 0x82, 0x99, 0x85, 0x6c, 0x58, 0x65, 0x1f, 0x23,
    0x0d, 0x45, 0x8b, 0x9a, 0xb1, 0x82, 0x99, 0x85, 0x6c, 0x58, 0x65, 0x1f,
    0x23, 0x0d, 0x45, 0x8b, 0x9a, 0xb1, 0x82, 0x99, 0x85, 0x6c, 0x58, 0x65,
    0x1f, 0x23, 0x0d, 0x45, 0x8b, 0x9a, 0xb1, 0x82, 0x99, 0x85, 0x6c, 0x58,
    0x65, 0x1f, 0x23, 0x0d, 0x45, 0x8b, 0x9a, 0xb1, 0x82, 0x99, 0x85, 0x6c,
    0x58, 0x65, 0x1f, 0x23, 0x0d, 0x45, 0x8b, 0x9a, 0xb1, 0x82, 0x99, 0x85,
    0x6c, 0x58, 0x65, 0x1f, 0x23, 0x0d, 0x45, 0x8b, 0x9a, 0xb1, 0x82, 0x99,
    0x85, 0x6c, 0x58, 0x65, 0x1f, 0x23, 0x0d, 0x45, 0x9b, 0x9a, 0x31, 0x83,
    0x99, 0x8d, 0x6d, 0xd6, 0x65, 0x1f, 0x23, 0xcd, 0x3c, 0x9b, 0x96, 0xb1,
    0x82, 0x99, 0x8d, 0x6d, 0xd6, 0x65, 0x1f, 0x23, 0xcd, 0x3c, 0x9b, 0x96,
    0xb1, 0x82, 0x99, 0x8d, 0x6d, 0xd6, 0x65, 0x1f, 0x23, 0xcd, 0x3c, 0x9b,
    0x96, 0xb1, 0x82, 0x99, 0x8d, 0x6d, 0xd6, 0x65, 0x1f, 0x23, 0xcd, 0x3c,
    0x9b, 0x96, 0xb1, 0x82, 0x99, 0x8d, 0x6d, 0xd6, 0x65, 0x1f, 0x23, 0xcd,
    0x3c, 0x9b, 0x96, 0xb1, 0x82, 0x99, 0x8d, 0x6d, 0xd6, 0x65, 0x1f, 0x23,
    0xcd, 0x3c, 0x9b, 0x96, 0xb1, 0x82, 0x99, 0x8d, 0x6d, 0xd6, 0x65, 0x1f,
    0x23, 0xcd, 0x3c, 0x9b, 0x96, 0xb1, 0x82, 0x99, 0x8d, 0x6d, 0xd6, 0x65,
    0x1f, 0x23, 0xcd, 0x3c, 0xab, 0x96, 0x31, 0x83, 0x99, 0x95, 0x6e, 0x54,
    0x66, 0x1f, 0x23, 0x8d, 0x34, 0xab, 0x92, 0xb1, 0x82, 0x99, 0x95, 0x6e,
    0x54, 0x66, 0x1f, 0x23, 0x8d, 0x34, 0xab, 0x92, 0xb1, 0x82, 0x99, 0x95,
    0x6e, 0x54, 0x66, 0x1f, 0x23, 0x8d, 0x34, 0xab, 0x92, 0xb1, 0x82, 0x99,
    0x95, 0x6e, 0x54, 0x66, 0x1f, 0x23, 0x8d, 0x34, 0xab, 0x92, 0xb1, 0x82,
    0x99, 0x95, 0x6e, 0x54, 0x66, 0x1f, 0x23, 0x8d, 0x34, 0xab, 0x92, 0xb1,
    0x82, 0x99, 0x95, 0x6e, 0x54, 0x66, 0x1f, 0x23, 0x8d, 0x34, 0xab, 0x92,
    0xb1, 0x82, 0x99, 0x95, 0x6e, 0x54, 0x66, 0x1f, 0x23, 0x8d, 0x34, 0xab,
    0x92, 0xb1, 0x82, 0x99, 0x95, 0x6e, 0x54, 0x66, 0x1f, 0x23, 0x8d, 0x34,
    0xbb, 0x92, 0x31, 0x83, 0x99, 0x9d, 0x6f, 0xd2, 0x66, 0x1f, 0x23, 0x4d,
    0x2c, 0xbb, 0x8e, 0xb1, 0x82, 0x99, 0x9d, 0x6f, 0xd2, 0x66, 0x1f, 0x23,
    0x4d, 0x2c, 0xbb, 0x8e, 0xb1, 0x82, 0x99, 0x9d, 0x6f, 0xd2, 0x66, 0x1f,
    0x23, 0x4d, 0x2c, 0xbb, 0x8e, 0xb1, 0x82, 0x99, 0x9d, 0x6f, 0xd2, 0x66,
    0x1f, 0x23, 0x4d, 0x2c, 0xbb, 0x8e, 0xb1, 0x82, 0x99, 0x9d, 0x6f, 0xd2,
    0x66, 0x1f, 0x23, 0x4d, 0x2c, 0xbb, 0x8e, 0xb1, 0x82, 0x99, 0x9d, 0x6f,
    0xd2, 0x66, 0x1f, 0x23, 0x4d, 0x2c, 0xbb, 0x8e, 0xb1, 0x82, 0x99, 0x9d,
    0x6f, 0xd2, 0x66, 0x1f, 0x23, 0x4d, 0x2c, 0xbb, 0x8e, 0xb1, 0x82, 0x99,
    0x9d, 0x6f, 0xd2, 0x66, 0x1f, 0x23, 0x4d, 0x2c, 0xcb, 0x8e, 0x31, 0x83,
    0x99, 0xa5, 0x70, 0x50, 0x67, 0x1f, 0x23, 0x0d, 0x24, 0xcb, 0x8a, 0xb1,
    0x82, 0x99, 0xa5, 0x70, 0x50, 0x67, 0x1f, 0x23, 0x0d, 0x24, 0xcb, 0x8a,
    0xb1, 0x82, 0x99, 0xa5, 0x70, 0x50, 0x67, 0x1f, 0x23, 0x0d, 0x24, 0xcb,
    0x8a, 0xb1, 0x82, 0x99, 0xa5, 0x70, 0x50, 0x67, 0x1f, 0x23, 0x0d, 0x24,
    0xcb, 0x8a, 0xb1, 0x82, 0x99, 0xa5, 0x70, 0x50, 0x67, 0x1f, 0x23, 0x0d,
    0x24, 0xcb, 0x8a, 0xb1, 0x82, 0x99, 0xa5, 0x70, 0x50, 0x67, 0x1f, 0x23,
    0x0d, 0x24, 0xcb, 0x8a, 0xb1, 0x82, 0x99, 0xa5, 0x70, 0x50, 0x67, 0x1f,
    0x23, 0x0d, 0x24, 0xcb, 0x8a, 0xb1, 0x82, 0x99, 0xa5, 0x70, 0x50, 0x67,
    0x1f, 0x23, 0x0d, 0x24, 0xdb, 0x8a, 0x31, 0x83, 0x99, 0xad, 0xf1, 0xbd,
    0xcf, 0x3e, 0x46, 0x7a, 0x77, 0x6c, 0x1b, 0xc6, 0x0a, 0x66, 0xb6, 0xc6,
    0xf7, 0x3e, 0xfb, 0x18, 0xe9, 0xdd, 0xb1, 0x6d, 0x18, 0x2b, 0x98, 0xd9,
    0x1a, 0xdf, 0xfb, 0xec, 0x63, 0xa4, 0x77, 0xc7, 0xb6, 0x61, 0xac, 0x60,
    0x66, 0x6b, 0x7c, 0xef, 0xb3, 0x8f, 0x91, 0xde, 0x1d, 0xdb, 0x86, 0xb1,
    0x82, 0x99, 0xad, 0xf1, 0xbd, 0xcf, 0x3e, 0x46, 0x7a, 0x77, 0x6c, 0x1b,
    0xc6, 0x0a, 0x66, 0xb6, 0xc6, 0xf7, 0x3e, 0xfb, 0x18, 0xe9, 0xdd, 0xb1,
    0x6d, 0x18, 0x2b, 0x98, 0xd9, 0x1a, 0xdf, 0xfb, 0xec, 0x63, 0xa4, 0x77,
    0xc7, 0xb6, 0x61, 0xac, 0x60, 0x66, 0x6b, 0x7c, 0xef, 0xb3, 0x8f, 0x91,
    0xde, 0x1d, 0xeb, 0x86, 0x31, 0x83, 0x99, 0xb5, 0xf2, 0x19, 0xc0, 0x3e,
    0x46, 0x7a, 0x56, 0xac, 0x0b, 0xc6, 0x0a, 0x66, 0xd6, 0xca, 0x67, 0x00,
    0xfb, 0x18, 0xe9, 0x59, 0xb1, 0x2e, 0x18, 0x2b, 0x98, 0x59, 0x2b, 0x9f,
    0x01, 0xec, 0x63, 0xa4, 0x67, 0xc5, 0xba, 0x60, 0xac, 0x60, 0x66, 0xad,
    0x7c, 0x06, 0xb0, 0x8f, 0x91, 0x9e, 0x15, 0xeb, 0x82, 0xb1, 0x82, 0x99,
    0xb5, 0xf2, 0x19, 0xc0, 0x3e, 0x46, 0x7a, 0x56, 0xac, 0x0b, 0xc6, 0x0a,
    0x66, 0xd6, 0xca, 0x67, 0x00, 0xfb, 0x18, 0xe9, 0x59, 0xb1, 0x2e, 0x18,
    0x2b, 0x98, 0x59, 0x2b, 0x9f, 0x01, 0xec, 0x63, 0xa4, 0x67, 0xc5, 0xba,
    0x60, 0xac, 0x60, 0x66, 0xad, 0x7c, 0x06, 0xb0, 0x8f, 0x91, 0x9e, 0x15,
    0xfb, 0x82, 0x31, 0x83, 0x99, 0xbd, 0xf3, 0x95, 0xc0, 0x3e, 0x46, 0x7a,
    0x35, 0xec, 0xef, 0x8d, 0x15, 0xcc, 0xec, 0x9d, 0xaf, 0x04, 0xf6, 0x31,
    0xd2, 0xab, 0x61, 0x7f, 0x6f, 0xac, 0x60, 0x66, 0xef, 0x7c, 0x25, 0xb0,
    0x8f, 0x91, 0x5e, 0x0d, 0xfb, 0x7b, 0x63, 0x05, 0x33, 0x7b, 0xe7, 0x2b,
    0x81, 0x7d, 0x8c, 0xf4, 0x6a, 0xd8, 0xdf, 0x1b, 0x2b, 0x98, 0xd9, 0x3b,
    0x5f, 0x09, 0xec, 0x63, 0xa4, 0x57, 0xc3, 0xfe, 0xde, 0x58, 0xc1, 0xcc,
    0xde, 0xf9, 0x4a, 0x60, 0x1f, 0x23, 0xbd, 0x1a, 0xf6, 0xf7, 0xc6, 0x0a,
    0x66, 0xf6, 0xce, 0x57, 0x02, 0xfb, 0x18, 0xe9, 0xd5, 0xb0, 0xbf, 0x37,
    0x56, 0x30, 0xb3, 0x77, 0xbe, 0x12, 0xd8, 0xc7, 0x48, 0xaf, 0x86, 0x83,
    0x7b, 0x63, 0x06, 0x33, 0x07, 0xd2, 0x47, 0x04, 0xfb, 0x18, 0xe9, 0x51,
    0x70, 0x70, 0x6e, 0xac, 0x60, 0xe6, 0x40, 0xfa, 0x88, 0x60, 0x1f, 0x23,
    0x3d, 0x0a, 0x0e, 0xce, 0x8d, 0x15, 0xcc, 0x1c, 0x48, 0x1f, 0x11, 0xec,
    0x63, 0xa4, 0x47, 0xc1, 0xc1, 0xb9, 0xb1, 0x82, 0x99, 0x03, 0xe9, 0x23,
    0x82, 0x7d, 0x8c, 0xf4, 0x28, 0x38, 0x38, 0x37, 0x56, 0x30, 0x73, 0x20,
    0x7d, 0x44, 0xb0, 0x8f, 0x91, 0x1e, 0x05, 0x07, 0xe7, 0xc6, 0x0a, 0x66,
    0x0e, 0xa4, 0x8f, 0x08, 0xf6, 0x31, 0xd2, 0xa3, 0xe0, 0xe0, 0xdc, 0x58,
    0xc1, 0xcc, 0x81, 0xf4, 0x11, 0xc1, 0x3e, 0x46, 0x7a, 0x14, 0x1c, 0x9c,
    0x1b, 0x2b, 0x98, 0x39, 0x90, 0x3e, 0x22, 0xd8, 0xc7, 0x48, 0x8f, 0x82,
    0x8b, 0x73, 0x63, 0x06, 0x33, 0x17, 0xd6, 0x37, 0x06, 0xfb, 0x18, 0xe9,
    0xcd, 0x6f, 0x71, 0x6d, 0xac, 0x60, 0xe6, 0xc2, 0xfa, 0xc6, 0x60, 0x1f,
    0x23, 0xbd, 0xf9, 0x2d, 0xae, 0x8d, 0x15, 0xcc, 0x5c, 0x58, 0xdf, 0x18,
    0xec, 0x63, 0xa4, 0x37, 0xbf, 0xc5, 0xb5, 0xb1, 0x82, 0x99, 0x0b, 0xeb,
    0x1b, 0x83, 0x7d, 0x8c, 0xf4, 0xe6, 0xb7, 0xb8, 0x36, 0x56, 0x30, 0x73,
    0x61, 0x7d, 0x63, 0xb0, 0x8f, 0x91, 0xde, 0xfc, 0x16, 0xd7, 0xc6, 0x0a,
    0x66, 0x2e, 0xac, 0x6f, 0x0c, 0xf6, 0x31, 0xd2, 0x9b, 0xdf, 0xe2, 0xda,
    0x58, 0xc1, 0xcc, 0x85, 0xf5, 0x8d, 0xc1, 0x3e, 0x46, 0x7a, 0xf3, 0x5b,
    0x5c, 0x1b, 0x2b, 0x98, 0xb9, 0xb0, 0xbe, 0x31, 0xd8, 0xc7, 0x48, 0x6f,
    0x7e, 0x93, 0x6b, 0x63, 0x06, 0x33, 0x27, 0xda, 0x27, 0x08, 0xfb, 0x18,
    0xe9, 0x49, 0x6f, 0x72, 0x6c, 0xac, 0x60, 0xe6, 0x44, 0xfb, 0x04, 0x61,
    0x1f, 0x23, 0x3d, 0xe9, 0x4d, 0x8e, 0x8d, 0x15, 0xcc, 0x9c, 0x68, 0x9f,
    0x20, 0xec, 0x63, 0xa4, 0x27, 0xbd, 0xc9, 0xb1, 0xb1, 0x82, 0x99, 0x13,
    0xed, 0x13, 0x84, 0x7d, 0x8c, 0xf4, 0xa4, 0x37, 0x39, 0x36, 0x56, 0x30,
    0x73, 0xa2, 0x7d, 0x82, 0xb0, 0x8f, 0x91, 0x9e, 0xf4, 0x26, 0xc7, 0xc6,
    0x0a, 0x66, 0x4e, 0xb4, 0x4f, 0x10, 0xf6, 0x31, 0xd2, 0x93, 0xde, 0xe4,
    0xd8, 0x58, 0xc1, 0xcc, 0x89, 0xf6, 0x09, 0xc2, 0x3e, 0x46, 0x7a, 0xd2,
    0x9b, 0x1c, 0x1b, 0x2b, 0x98, 0x39, 0xd1, 0x3e, 0x41, 0xd8, 0xc7, 0x48,
    0x4f, 0x7a, 0x9b, 0x63, 0x63, 0x06, 0x33, 0x37, 0xde, 0x17, 0x0a, 0xfb,
    0x18, 0xe9, 0xc5, 0x6e, 0x73, 0x6b, 0xac, 0x60, 0xe6, 0xc6, 0xfb, 0x42,
    0x61, 0x1f, 0x23, 0xbd, 0xd8, 0x6d, 0x6e, 0x8d, 0x15, 0xcc, 0xdc, 0x78,
    0x5f, 0x28, 0xec, 0x63, 0xa4, 0x17, 0xbb, 0xcd, 0xad, 0xb1, 0x82, 0x99,
    0x1b, 0xef, 0x0b, 0x85, 0x7d, 0x8c, 0xf4, 0x62, 0xb7, 0xb9, 0x35, 0x56,
    0x30, 0x73, 0xe3, 0x7d, 0xa1, 0xb0, 0x8f, 0x91, 0x5e, 0xec, 0x36, 0xb7,
    0xc6, 0x0a, 0x66, 0x6e, 0xbc, 0x2f, 0x14, 0xf6, 0x31, 0xd2, 0x8b, 0xdd,
    0xe6, 0xd6, 0x58, 0xc1, 0xcc, 0x8d, 0xf7, 0x85, 0xc2, 0x3e, 0x46, 0x7a,
    0xb1, 0xdb, 0xdc, 0x1a, 0x2b, 0x98, 0xb9, 0xf1, 0xbe, 0x50, 0xd8, 0xc7,
    0x48, 0x2f, 0x76, 0xa3, 0x5b, 0x63, 0x06, 0x33, 0x47, 0xe2, 0x07, 0x0c,
    0xfb, 0x18, 0xe9, 0x41, 0x6e, 0x74, 0x6a, 0xac, 0x60, 0xe6, 0x48, 0xfc,
    0x80, 0x61, 0x1f, 0x23, 0x3d, 0xc8, 0x8d, 0x4e, 0x8d, 0x15, 0xcc, 0x1c,
    0x89, 0x1f, 0x30, 0xec, 0x63, 0xa4, 0x07, 0xb9, 0xd1, 0xa9, 0xb1, 0x82,
    0x99, 0x23, 0xf1, 0x03, 0x86, 0x7d, 0x8c, 0xf4, 0x20, 0x37, 0x3a, 0x35,
    0x56, 0x30, 0x73, 0x24, 0x7e, 0xc0, 0xb0, 0x8f, 0x91, 0x1e, 0xe4, 0x46,
    0xa7, 0xc6, 0x0a, 0x66, 0x8e, 0xc4, 0x0f, 0x18, 0xf6, 0x31, 0xd2, 0x83,
    0xdc, 0xe8, 0xd4, 0x58, 0xc1, 0xcc, 0x91, 0xf8, 0x01, 0xc3, 0x3e, 0x46,
    0x7a, 0x90, 0x1b, 0x9d, 0x1a, 0x2b, 0x98, 0x39, 0x12, 0x3f, 0x60, 0xd8,
    0xc7, 0x48, 0x0f, 0x72, 0xab, 0x53, 0x63, 0x06, 0x33, 0x57, 0xe6, 0xef,
    0x1c, 0xf6, 0x31, 0xd2, 0x77, 0xb7, 0xd5, 0xa5, 0xb1, 0x82, 0x99, 0x2b,
    0xf3, 0x77, 0x0e, 0xfb, 0x18, 0xe9, 0xbb, 0xdb, 0xea, 0xd2, 0x58, 0xc1,
    0xcc, 0x95, 0xf9, 0x3b, 0x87, 0x7d, 0x8c, 0xf4, 0xdd, 0x6d, 0x75, 0x69,
    0xac, 0x60, 0xe6, 0xca, 0xfc, 0x9d, 0xc3, 0x3e, 0x46, 0xfa, 0xee, 0xb6,
    0xba, 0x34, 0x56, 0x30, 0x73, 0x65, 0xfe, 0xce, 0x61, 0x1f, 0x23, 0x7d,
    0x77, 0x5b, 0x5d, 0x1a, 0x2b, 0x98, 0xb9, 0x32, 0x7f, 0xe7, 0xb0, 0x8f,
    0x91, 0xbe, 0xbb, 0xad, 0x2e, 0x8d, 0x15, 0xcc, 0x5c, 0x99, 0xbf, 0x73,
    0xd8, 0xc7, 0x48, 0xdf, 0xdd, 0x56, 0x97, 0xc6, 0x0a, 0x66, 0xae, 0xcc,
    0xdf, 0x39, 0xec, 0x63, 0xa4, 0xef, 0x6e, 0xb3, 0x4b, 0x63, 0x06, 0x33,
    0x67, 0xea, 0xcf, 0x20, 0xf6, 0x31, 0xd2, 0x67, 0xb5, 0xd9, 0xa1, 0xb1,
    0x82, 0x99, 0x33, 0xf5, 0x67, 0x10, 0xfb, 0x18, 0xe9, 0xb3, 0xda, 0xec,
    0xd0, 0x58, 0xc1, 0xcc, 0x99, 0xfa, 0x33, 0x88, 0x7d, 0x8c, 0xf4, 0x59,
    0x6d, 0x76, 0x68, 0xac, 0x60, 0xe6, 0x4c, 0xfd, 0x19, 0xc4, 0x3e, 0x46,
    0xfa, 0xac, 0x36, 0x3b, 0x34, 0x56, 0x30, 0x73, 0xa6, 0xfe, 0x0c, 0x62,
    0x1f, 0x23, 0x7d, 0x56, 0x9b, 0x1d, 0x1a, 0x2b, 0x98, 0x39, 0x53, 0x7f,
    0x06, 0xb1, 0x8f, 0x91, 0x3e, 0xab, 0xcd, 0x0e, 0x8d, 0x15, 0xcc, 0x9c,
    0xa9, 0x3f, 0x83, 0xd8, 0xc7, 0x48, 0x9f, 0xd5, 0x66, 0x87, 0xc6, 0x0a,
    0x66, 0xce, 0xd4, 0x9f, 0x41, 0xec, 0x63, 0xa4, 0xcf, 0x6a, 0xbb, 0x43,
    0x63, 0x06, 0x33, 0x77, 0xee, 0xaf, 0x24, 0xf6, 0x31, 0xd2, 0x57, 0xb3,
    0xdd, 0x9d, 0xb1, 0x82, 0x99, 0x3b, 0xf7, 0x57, 0x12, 0xfb, 0x18, 0xe9,
    0xab, 0xd9, 0xee, 0xce, 0x58, 0xc1, 0xcc, 0x9d, 0xfb, 0x2b, 0x89, 0x7d,
    0x8c, 0xf4, 0xd5, 0x6c, 0x77, 0x67, 0xac, 0x60, 0xe6, 0xce, 0xfd, 0x95,
    0xc4, 0x3e, 0x46, 0xfa, 0x6a, 0xb6, 0xbb, 0x33, 0x56, 0x30, 0x73, 0xe7,
    0xfe, 0x4a, 0x62, 0x1f, 0x23, 0x7d, 0x35, 0xdb, 0xdd, 0x19, 0x2b, 0x98,
    0xb9, 0x73, 0x7f, 0x25, 0xb1, 0x8f, 0x91, 0xbe, 0x9a, 0xed, 0xee, 0x8c,
    0x15, 0xcc, 0xdc, 0xb9, 0xbf, 0x92, 0xd8, 0xc7, 0x48, 0x5f, 0xcd, 0x76,
    0x77, 0xc6, 0x0a, 0x66, 0xee, 0xdc, 0x5f, 0x49, 0xec, 0x63, 0xa4, 0xaf,
    0x66, 0xc3, 0x3b, 0x63, 0x06, 0x33, 0x87, 0xf2, 0x8f, 0x28, 0xf6, 0x31,
    0xd2, 0x47, 0xb1, 0xe1, 0x99, 0xb1, 0x82, 0x99, 0x43, 0xf9, 0x47, 0x14,
    0xfb, 0x18, 0xe9, 0xa3, 0xd8, 0xf0, 0xcc, 0x58, 0xc1, 0xcc, 0xa1, 0xfc,
    0x23, 0x8a, 0x7d, 0x8c, 0xf4, 0x51, 0x6c, 0x78, 0x66, 0xac, 0x60, 0xe6,
    0x50, 0xfe, 0x11, 0xc5, 0x3e, 0x46, 0xfa, 0x28, 0x36, 0x3c, 0x33, 0x56,
    0x30, 0x73, 0x28, 0xff, 0x88, 0x62, 0x1f, 0x23, 0x7d, 0x14, 0x1b, 0x9e,
    0x19, 0x2b, 0x98, 0x39, 0x94, 0x7f, 0x44, 0xb1, 0x8f, 0x91, 0x3e, 0x8a,
    0x0d, 0xcf, 0x8c, 0x15, 0xcc, 0x1c, 0xca, 0x3f, 0xa2, 0xd8, 0xc7, 0x48,
    0x1f, 0xc5, 0x86, 0x67, 0xc6, 0x0a, 0x66, 0x0e, 0xe5, 0x1f, 0x51, 0xec,
    0x63, 0xa4, 0x8f, 0x62, 0xcb, 0x33, 0x63, 0x06, 0x33, 0x97, 0xf6, 0x6f,
    0x2c, 0xf6, 0x31, 0xd2, 0x37, 0xaf, 0xe5, 0x95, 0xb1, 0x82, 0x99, 0x4b,
    0xfb, 0x37, 0x16, 0xfb, 0x18, 0xe9, 0x9b, 0xd7, 0xf2, 0xca, 0x58, 0xc1,
    0xcc, 0xa5, 0xfd, 0x1b, 0x8b, 0x7d, 0x8c, 0xf4, 0xcd, 0x6b, 0x79, 0x65,
    0xac, 0x60, 0xe6, 0xd2, 0xfe, 0x8d, 0xc5, 0x3e, 0x46, 0xfa, 0xe6, 0xb5,
    0xbc, 0x32, 0x56, 0x30, 0x73, 0x69, 0xff, 0xc6, 0x62, 0x1f, 0x23, 0x7d,
    0xf3, 0x5a, 0x5e, 0x19, 0x2b, 0x98, 0xb9, 0xb4, 0x7f, 0x63, 0xb1, 0x8f,
    0x91, 0xbe, 0x79, 0x2d, 0xaf, 0x8c, 0x15, 0xcc, 0x5c, 0xda, 0xbf, 0xb1,
    0xd8, 0xc7, 0x48, 0xdf, 0xbc, 0x96, 0x57, 0xc6, 0x0a, 0x66, 0x2e, 0xed,
    0xdf, 0x58, 0xec, 0x63, 0xa4, 0x6f, 0x5e, 0xd3, 0x2b, 0x63, 0x06, 0x33,
    0xa7, 0xfa, 0x4f, 0x30, 0xf6, 0x31, 0xd2, 0x27, 0xad, 0xe9, 0x91, 0xb1,
    0x82, 0x99, 0x53, 0xfd, 0x27, 0x18, 0xfb, 0x18, 0xe9, 0x93, 0xd6, 0xf4,
    0xc8, 0x58, 0xc1, 0xcc, 0xa9, 0xfe, 0x13, 0x8c, 0x7d, 0x8c, 0xf4, 0x49,
    0x6b, 0x7a, 0x64, 0xac, 0x60, 0xe6, 0x54, 0xff, 0x09, 0xc6, 0x3e, 0x46,
    0xfa, 0xa4, 0x35, 0x3d, 0x32, 0x56, 0x30, 0x73, 0xaa, 0xff, 0x04, 0x63,
    0x1f, 0x23, 0x7d, 0xd2, 0x9a, 0x1e, 0x19, 0x2b, 0x98, 0x39, 0xd5, 0x7f,
    0x82, 0xb1, 0x8f, 0x91, 0x3e, 0x69, 0x4d, 0x8f, 0x8c, 0x15, 0xcc, 0x9c,
    0xea, 0x3f, 0xc1, 0xd8, 0xc7, 0x48, 0x9f, 0xb4, 0xa6, 0x47, 0xc6, 0x0a,
    0x66, 0x4e, 0xf5, 0x9f, 0x60, 0xec, 0x63, 0xa4, 0x4f, 0x5a, 0xdb, 0x23,
    0x63, 0x06, 0x33, 0xb7, 0xfe, 0x2f, 0x34, 0xf6, 0x31, 0xd2, 0x17, 0xab,
    0xed, 0x8d, 0xb1, 0x82, 0x99, 0x5b, 0xff, 0x17, 0x1a, 0xfb, 0x18, 0xe9,
    0x8b, 0xd5, 0xf6, 0xc6, 0x58, 0xc1, 0xcc, 0xad, 0xff, 0x0b, 0x8d, 0x7d,
    0x8c, 0xf4, 0xc5, 0x6a, 0x7b, 0x63, 0xac, 0x60, 0xe6, 0xd6, 0xff, 0x85,
    0xc6, 0x3e, 0x46, 0xfa, 0x62, 0xb5, 0xbd, 0x31, 0x56, 0x30, 0x73, 0xeb,
    0xff, 0x42, 0x63, 0x1f, 0x23, 0x7d, 0xb1, 0xda, 0xde, 0x18, 0x2b, 0x98,
    0xb9, 0xf5, 0x7f, 0xa1, 0xb1, 0x8f, 0x91, 0xbe, 0x58, 0x6d, 0x6f, 0x8c,
    0x15, 0xcc, 0xdc, 0xfa, 0xbf, 0xd0, 0xd8, 0xc7, 0x48, 0x5f, 0xac, 0xb6,
    0x37, 0xc6, 0x0a, 0x66, 0x6e, 0xfd, 0x5f, 0x68, 0xec, 0x63, 0xa4, 0x2f,
    0x56, 0xe3, 0x1b, 0x63, 0x06, 0x33, 0xc7, 0x03, 0x1e, 0x70, 0xec, 0x63,
    0xa4, 0x0f, 0x52, 0xe3, 0x13, 0x63, 0x05, 0x33, 0xc7, 0x03, 0x1e, 0x70,
    0xec, 0x63, 0xa4, 0x0f, 0x52, 0xe3, 0x13, 0x63, 0x05, 0x33, 0xc7, 0x03,
    0x1e, 0x70, 0xec, 0x63, 0xa4, 0x0f, 0x52, 0xe3, 0x13, 0x63, 0x05, 0x33,
    0xc7, 0x03, 0x1e, 0x70, 0xec, 0x63, 0xa4, 0x0f, 0x52, 0xe3, 0x13, 0x63,
    0x05, 0x33, 0xc7, 0x03, 0x1e, 0x70, 0xec, 0x63, 0xa4, 0x0f, 0x52, 0xe3,
    0x13, 0x63, 0x05, 0x33, 0xc7, 0x03, 0x1e, 0x70, 0xec, 0x63, 0xa4, 0x0f,
    0x52, 0xe3, 0x13, 0x63, 0x05, 0x33, 0xc7, 0x03, 0x1e, 0x70, 0xec, 0x63,
    0xa4, 0x0f, 0x52, 0xe3, 0x13, 0x63, 0x05, 0x33, 0xc7, 0x03, 0x1e, 0x70,
    0xec, 0x63, 0xa4, 0x0f, 0x52, 0xeb, 0x13, 0x63, 0x06, 0x33, 0xd7, 0x0b,
    0xbe, 0x79, 0xec, 0x63, 0xa4, 0xdf, 0x4e, 0xeb, 0x0b, 0x63, 0x05, 0x33,
    0xd7, 0x0b, 0xbe, 0x79, 0xec, 0x63, 0xa4, 0xdf, 0x4e, 0xeb, 0x0b, 0x63,
    0x05, 0x33, 0xd7, 0x0b, 0xbe, 0x79, 0xec, 0x63, 0xa4, 0xdf, 0x4e, 0xeb,
    0x0b, 0x63, 0x05, 0x33, 0xd7, 0x0b, 0xbe, 0x79, 0xec, 0x63, 0xa4, 0xdf,
    0x4e, 0xeb, 0x0b, 0x63, 0x05, 0x33, 0xd7, 0x0b, 0xbe, 0x79, 0xec, 0x63,
    0xa4, 0xdf, 0x4e, 0xeb, 0x0b, 0x63, 0x05, 0x33, 0xd7, 0x0b, 0xbe, 0x79,
    0xec, 0x63, 0xa4, 0xdf, 0x4e, 0xeb, 0x0b, 0x63, 0x05, 0x33, 0xd7, 0x0b,
    0xbe, 0x79, 0xec, 0x63, 0xa4, 0xdf, 0x4e, 0xeb, 0x0b, 0x63, 0x05, 0x33,
    0xd7, 0x0b, 0xbe, 0x79, 0xec, 0x63, 0xa4, 0xdf, 0x4e, 0xf3, 0x0b, 0x63,
    0x06, 0x33, 0xe7, 0x13, 0x3e, 0x81, 0xec, 0x63, 0xa4, 0x9f, 0x4a, 0xf3,
    0x03, 0x63, 0x05, 0x33, 0xe7, 0x13, 0x3e, 0x81, 0xec, 0x63, 0xa4, 0x9f,
    0x4a, 0xf3, 0x03, 0x63, 0x05, 0x33, 0xe7, 0x13, 0x3e, 0x81, 0xec, 0x63,
    0xa4, 0x9f, 0x4a, 0xf3, 0x03, 0x63, 0x05, 0x33, 0xe7, 0x13, 0x3e, 0x81,
    0xec, 0x63, 0xa4, 0x9f, 0x4a, 0xf3, 0x03, 0x63, 0x05, 0x33, 0xe7, 0x13,
    0x3e, 0x81, 0xec, 0x63, 0xa4, 0x9f, 0x4a, 0xf3, 0x03, 0x63, 0x05, 0x33,
    0xe7, 0x13, 0x3e, 0x81, 0xec, 0x63, 0xa4, 0x9f, 0x4a, 0xf3, 0x03, 0x63,
    0x05, 0x33, 0xe7, 0x13, 0x3e, 0x81, 0xec, 0x63, 0xa4, 0x9f, 0x4a, 0xf3,
    0x03, 0x63, 0x05, 0x33, 0xe7, 0x13, 0x3e, 0x81, 0xec, 0x63, 0xa4, 0x9f,
    0x4a, 0xfb, 0x03, 0x63, 0x06, 0x33, 0xf7, 0x1b, 0xbe, 0x88, 0xec, 0x63,
    0xa4, 0x5f, 0x46, 0xfb, 0xdc, 0x58, 0xc1, 0xcc, 0xfd, 0x86, 0x2f, 0x22,
    0xfb, 0x18, 0xe9, 0x97, 0xd1, 0x3e, 0x37, 0x56, 0x30, 0x73, 0xbf, 0xe1,
    0x8b, 0xc8, 0x3e, 0x46, 0xfa, 0x65, 0xb4, 0xcf, 0x8d, 0x15, 0xcc, 0xdc,
    0x6f, 0xf8, 0x22, 0xb2, 0x8f, 0x91, 0x7e, 0x19, 0xed, 0x73, 0x63, 0x05,
    0x33, 0xf7, 0x1b, 0xbe, 0x88, 0xec, 0x63, 0xa4, 0x5f, 0x46, 0xfb, 0xdc,
    0x58, 0xc1, 0xcc, 0xfd, 0x86, 0x2f, 0x22, 0xfb, 0x18, 0xe9, 0x97, 0xd1,
    0x3e, 0x37, 0x56, 0x30, 0x73, 0xbf, 0xe1, 0x8b, 0xc8, 0x3e, 0x46, 0xfa,
    0x65, 0xb4, 0xcf, 0x8d, 0x15, 0xcc, 0xdc, 0x6f, 0xf8, 0x22, 0xb2, 0x8f,
    0x91, 0x7e, 0x19, 0x09, 0xb9, 0x31, 0x83, 0x99, 0xc2, 0x88, 0x0f, 0x24,
    0xfb, 0x18, 0xe9, 0x87, 0x90, 0x10, 0x1b, 0x2b, 0x98, 0x29, 0x8c, 0xf8,
    0x40, 0xb2, 0x8f, 0x91, 0x7e, 0x08, 0x09, 0xb1, 0xb1, 0x82, 0x99, 0xc2,
    0x88, 0x0f, 0x24, 0xfb, 0x18, 0xe9, 0x87, 0x90, 0x10, 0x1b, 0x2b, 0x98,
    0x29, 0x8c, 0xf8, 0x40, 0xb2, 0x8f, 0x91, 0x7e, 0x08, 0x09, 0xb1, 0xb1,
    0x82, 0x99, 0xc2, 0x88, 0x0f, 0x24, 0xfb, 0x18, 0xe9, 0x87, 0x90, 0x10,
    0x1b, 0x2b, 0x98, 0x29, 0x8c, 0xf8, 0x40, 0xb2, 0x8f, 0x91, 0x7e, 0x08,
    0x09, 0xb1, 0xb1, 0x82, 0x99, 0xc2, 0x88, 0x0f, 0x24, 0xfb, 0x18, 0xe9,
    0x87, 0x90, 0x10, 0x1b, 0x2b, 0x98, 0x29, 0x8c, 0xf8, 0x40, 0xb2, 0x8f,
    0x91, 0x7e, 0x08, 0x19, 0xb1, 0x31, 0x83, 0x99, 0xc6, 0x0a, 0x66, 0xb2,
    0x8f, 0x91, 0xb2, 0x8f, 0x91, 0x1a, 0x2b, 0x98, 0x69, 0xac, 0x60, 0x26,
    0xfb, 0x18, 0x29, 0xfb, 0x18, 0xa9, 0xb1, 0x82, 0x99, 0xc6, 0x0a, 0x66,
    0xb2, 0x8f, 0x91, 0xb2, 0x8f, 0x91, 0x1a, 0x2b, 0x98, 0x69, 0xac, 0x60,
    0x26, 0xfb, 0x18, 0x29, 0xfb, 0x18, 0xa9, 0xb1, 0x82, 0x99, 0xc6, 0x0a,
    0x66, 0xb2, 0x8f, 0x91, 0xb2, 0x8f, 0x91, 0x1a, 0x2b, 0x98, 0x69, 0xac,
    0x60, 0x26, 0xfb, 0x18, 0x29, 0xfb, 0x18, 0xa9, 0xb1, 0x82, 0x99, 0xc6,
    0x0a, 0x66, 0xb2, 0x8f, 0x91, 0xb2, 0x8f, 0x91, 0x1a, 0x2b, 0x98, 0x69,
    0xac, 0x60, 0x26, 0xfb, 0x18, 0x29, 0xfb, 0xfc, 0x91, 0xd4, 0x78, 0x38,
    0x66, 0xfe, 0xfe, 0xc3, 0xb1, 0x8f, 0x91, 0xfe, 0xdf, 0x68, 0xbc, 0x80,
    0xf1, 0x53, 0xcc, 0x34, 0x56, 0x30, 0x93, 0x7d, 0x8c, 0x94, 0x7d, 0x8c,
    0xd4, 0x58, 0xc1, 0x4c, 0x63, 0x05, 0x33, 0xd9, 0xc7, 0x48, 0xd9, 0xc7,
    0x48, 0x8d, 0x15, 0xcc, 0x34, 0x56, 0x30, 0x93, 0x7d, 0x8c, 0x94, 0x7d,
    0x8c, 0xd4, 0x58, 0xc1, 0x4c, 0x63, 0x05, 0x33, 0xd9, 0xc7, 0x48, 0xd9,
    0xc7, 0x48, 0x8d, 0x15, 0xcc, 0x34, 0x56, 0x30, 0x93, 0x7d, 0x8c, 0x94,
    0x7d, 0x8c, 0xd4, 0x58, 0xc1, 0x4c, 0x63, 0x05, 0x33, 0xd9, 0xc7, 0x48,
    0xd9, 0xc7, 0x48, 0x8d, 0x15, 0xcc, 0x34, 0x56, 0x7c, 0x30, 0x59, 0xc8,
    0x48, 0x3f, 0x84, 0x84, 0xd8, 0x58, 0xc1, 0x4c, 0x61, 0xc4, 0x07, 0x92,
    0x7d, 0x8c, 0xf4, 0x43, 0x48, 0x88, 0x8d, 0x15, 0xcc, 0x14, 0x46, 0x7c,
    0x20, 0xd9, 0xc7, 0x48, 0x3f, 0x84, 0x84, 0xd8, 0x58, 0xc1, 0x4c, 0x61,
    0xc4, 0x07, 0x92, 0x7d, 0x8c, 0xf4, 0x43, 0x48, 0x88, 0x8d, 0x15, 0xcc,
    0x14, 0x46, 0x7c, 0x20, 0xd9, 0xc7, 0x48, 0x3f, 0x84, 0x84, 0xd8, 0x58,
    0xc1, 0x4c, 0x61, 0xc4, 0x07, 0x92, 0x7d, 0x8c, 0xf4, 0x43, 0x48, 0x88,
    0x8d, 0x15, 0xcc, 0x14, 0x46, 0x7c, 0x20, 0xd9, 0xc7, 0x48, 0x3f, 0x84,
    0x84, 0xd8, 0x58, 0xc1, 0x4c, 0x61, 0xc4, 0x07, 0x92, 0x7d, 0x8c, 0xf4,
    0x43, 0x48, 0x88, 0x8d, 0x15, 0xcc, 0x14, 0x46, 0x7c, 0x21, 0x59, 0xc8,
    0x48, 0xbf, 0x8c, 0xf6, 0xb9, 0xb1, 0x82, 0x99, 0xfb, 0x0d, 0x5f, 0x44,
    0xf6, 0x31, 0xd2, 0x2f, 0xa3, 0x7d, 0x6e, 0xac, 0x60, 0xe6, 0x7e, 0xc3,
    0x17, 0x91, 0x7d, 0x8c, 0xf4, 0xcb, 0x68, 0x9f, 0x1b, 0x2b, 0x98, 0xb9,
    0xdf, 0xf0, 0x45, 0x64, 0x1f, 0x23, 0xfd, 0x32, 0xda, 0xe7, 0xc6, 0x0a,
    0x66, 0xee, 0x37, 0x7c, 0x11, 0xd9, 0xc7, 0x48, 0xbf, 0x8c, 0xf6, 0xb9,
    0xb1, 0x82, 0x99, 0xfb, 0x0d, 0x5f, 0x44, 0xf6, 0x31, 0xd2, 0x2f, 0xa3,
    0x7d, 0x6e, 0xac, 0x60, 0xe6, 0x7e, 0xc3, 0x17, 0x91, 0x7d, 0x8c, 0xf4,
    0xcb, 0x68, 0x9f, 0x1b, 0x2b, 0x98, 0xb9, 0xdf, 0xf0, 0x45, 0x64, 0x1f,
    0x23, 0xfd, 0x32, 0xda, 0xe7, 0xc6, 0x0a, 0x66, 0xee, 0x37, 0x7c, 0x12,
    0x59, 0xc8, 0x48, 0x3f, 0x95, 0xe6, 0x07, 0xc6, 0x0a, 0x66, 0xce, 0x27,
    0x7c, 0x02, 0xd9, 0xc7, 0x48, 0x3f, 0x95, 0xe6, 0x07, 0xc6, 0x0a, 0x66,
    0xce, 0x27, 0x7c, 0x02, 0xd9, 0xc7, 0x48, 0x3f, 0x95, 0xe6, 0x07, 0xc6,
    0x0a, 0x66, 0xce, 0x27, 0x7c, 0x02, 0xd9, 0xc7, 0x48, 0x3f, 0x95, 0xe6,
    0x07, 0xc6, 0x0a, 0x66, 0xce, 0x27, 0x7c, 0x02, 0xd9, 0xc7, 0x48, 0x3f,
    0x95, 0xe6, 0x07, 0xc6, 0x0a, 0x66, 0xce, 0x27, 0x7c, 0x02, 0xd9, 0xc7,
    0x48, 0x3f, 0x95, 0xe6, 0x07, 0xc6, 0x0a, 0x66, 0xce, 0x27, 0x7c, 0x02,
    0xd9, 0xc7, 0x48, 0x3f, 0x95, 0xe6, 0x07, 0xc6, 0x0a, 0x66, 0xce, 0x27,
    0x7c, 0x02, 0xd9, 0xc7, 0x48, 0x3f, 0x95, 0xe6, 0x07, 0xc6, 0x0a, 0x66,
    0xce, 0x27, 0x7c, 0x03, 0x59, 0xc8, 0x48, 0xbf, 0x9d, 0xd6, 0x17, 0xc6,
    0x0a, 0x66, 0xae, 0x17, 0x7c, 0xf3, 0xd8, 0xc7, 0x48, 0xbf, 0x9d, 0xd6,
    0x17, 0xc6, 0x0a, 0x66, 0xae, 0x17, 0x7c, 0xf3, 0xd8, 0xc7, 0x48, 0xbf,
    0x9d, 0xd6, 0x17, 0xc6, 0x0a, 0x66, 0xae, 0x17, 0x7c, 0xf3, 0xd8, 0xc7,
    0x48, 0xbf, 0x9d, 0xd6, 0x17, 0xc6, 0x0a, 0x66, 0xae, 0x17, 0x7c, 0xf3,
    0xd8, 0xc7, 0x48, 0xbf, 0x9d, 0xd6, 0x17, 0xc6, 0x0a, 0x66, 0xae, 0x17,
    0x7c, 0xf3, 0xd8, 0xc7, 0x48, 0xbf, 0x9d, 0xd6, 0x17, 0xc6, 0x0a, 0x66,
    0xae, 0x17, 0x7c, 0xf3, 0xd8, 0xc7, 0x48, 0xbf, 0x9d, 0xd6, 0x17, 0xc6,
    0x0a, 0x66, 0xae, 0x17, 0x7c, 0xf3, 0xd8, 0xc7, 0x48, 0xbf, 0x9d, 0xd6,
    0x17, 0xc6, 0x0a, 0x66, 0xae, 0x17, 0x3c, 0xf0, 0x58, 0xc8, 0x48, 0x1f,
    0xa4, 0xc6, 0x27, 0xc6, 0x0a, 0x66, 0x8e, 0x07, 0x3c, 0xe0, 0xd8, 0xc7,
    0x48, 0x1f, 0xa4, 0xc6, 0x27, 0xc6, 0x0a, 0x66, 0x8e, 0x07, 0x3c, 0xe0,
    0xd8, 0xc7, 0x48, 0x1f, 0xa4, 0xc6, 0x27, 0xc6, 0x0a, 0x66, 0x8e, 0x07,
    0x3c, 0xe0, 0xd8, 0xc7, 0x48, 0x1f, 0xa4, 0xc6, 0x27, 0xc6, 0x0a, 0x66,
    0x8e, 0x07, 0x3c, 0xe0, 0xd8, 0xc7, 0x48, 0x1f, 0xa4, 0xc6, 0x27, 0xc6,
    0x0a, 0x66, 0x8e, 0x07, 0x3c, 0xe0, 0xd8, 0xc7, 0x48, 0x1f, 0xa4, 0xc6,
    0x27, 0xc6, 0x0a, 0x66, 0x8e, 0x07, 0x3c, 0xe0, 0xd8, 0xc7, 0x48, 0x1f,
    0xa4, 0xc6, 0x27, 0xc6, 0x0a, 0x66, 0x8e, 0x07, 0x3c, 0xe0, 0xd8, 0xc7,
    0x48, 0x1f, 0xa4, 0xc6, 0x27, 0xc6, 0x0a, 0x66, 0x8e, 0x07, 0xbc, 0xe0,
    0x58, 0xc8, 0x48, 0x5f, 0xac, 0xb6, 0x37, 0xc6, 0x0a, 0x66, 0x6e, 0xfd,
    0x5f, 0x68, 0xec, 0x63, 0xa4, 0x2f, 0x56, 0xdb, 0x1b, 0x63, 0x05, 0x33,
    0xb7, 0xfe, 0x2f, 0x34, 0xf6, 0x31, 0xd2, 0x17, 0xab, 0xed, 0x8d, 0xb1,
    0x82, 0x99, 0x5b, 0xff, 0x17, 0x1a, 0xfb, 0x18, 0xe9, 0x8b, 0xd5, 0xf6,
    0xc6, 0x58, 0xc1, 0xcc, 0xad, 0xff, 0x0b, 0x8d, 0x7d, 0x8c, 0xf4, 0xc5,
    0x6a, 0x7b, 0x63, 0xac, 0x60, 0xe6, 0xd6, 0xff, 0x85, 0xc6, 0x3e, 0x46,
    0xfa, 0x62, 0xb5, 0xbd, 0x31, 0x56, 0x30, 0x73, 0xeb, 0xff, 0x42, 0x63,
    0x1f, 0x23, 0x7d, 0xb1, 0xda, 0xde, 0x18, 0x2b, 0x98, 0xb9, 0xf5, 0x7f,
    0xa1, 0xb1, 0x8f, 0x91, 0xbe, 0x58, 0x6d, 0x6f, 0x8c, 0x15, 0xcc, 0xdc,
    0xfa, 0x3f, 0xd1, 0x58, 0xc8, 0x48, 0x9f, 0xb4, 0xa6, 0x47, 0xc6, 0x0a,
    0x66, 0x4e, 0xf5, 0x9f, 0x60, 0xec, 0x63, 0xa4, 0x4f, 0x5a, 0xd3, 0x23,
    0x63, 0x05, 0x33, 0xa7, 0xfa, 0x4f, 0x30, 0xf6, 0x31, 0xd2, 0x27, 0xad,
    0xe9, 0x91, 0xb1, 0x82, 0x99, 0x53, 0xfd, 0x27, 0x18, 0xfb, 0x18, 0xe9,
    0x93, 0xd6, 0xf4, 0xc8, 0x58, 0xc1, 0xcc, 0xa9, 0xfe, 0x13, 0x8c, 0x7d,
    0x8c, 0xf4, 0x49, 0x6b, 0x7a, 0x64, 0xac, 0x60, 0xe6, 0x54, 0xff, 0x09,
    0xc6, 0x3e, 0x46, 0xfa, 0xa4, 0x35, 0x3d, 0x32, 0x56, 0x30, 0x73, 0xaa,
    0xff, 0x04, 0x63, 0x1f, 0x23, 0x7d, 0xd2, 0x9a, 0x1e, 0x19, 0x2b, 0x98,
    0x39, 0xd5, 0x7f, 0x82, 0xb1, 0x8f, 0x91, 0x3e, 0x69, 0x4d, 0x8f, 0x8c,
    0x15, 0xcc, 0x9c, 0xea, 0xbf, 0xc1, 0x58, 0xc8, 0x48, 0xdf, 0xbc, 0x96,
    0x57, 0xc6, 0x0a, 0x66, 0x2e, 0xed, 0xdf, 0x58, 0xec, 0x63, 0xa4, 0x6f,
    0x5e, 0xcb, 0x2b, 0x63, 0x05, 0x33, 0x97, 0xf6, 0x6f, 0x2c, 0xf6, 0x31,
    0xd2, 0x37, 0xaf, 0xe5, 0x95, 0xb1, 0x82, 0x99, 0x4b, 0xfb, 0x37, 0x16,
    0xfb, 0x18, 0xe9, 0x9b, 0xd7, 0xf2, 0xca, 0x58, 0xc1, 0xcc, 0xa5, 0xfd,
    0x1b, 0x8b, 0x7d, 0x8c, 0xf4, 0xcd, 0x6b, 0x79, 0x65, 0xac, 0x60, 0xe6,
    0xd2, 0xfe, 0x8d, 0xc5, 0x3e, 0x46, 0xfa, 0xe6, 0xb5, 0xbc, 0x32, 0x56,
    0x30, 0x73, 0x69, 0xff, 0xc6, 0x62, 0x1f, 0x23, 0x7d, 0xf3, 0x5a, 0x5e,
    0x19, 0x2b, 0x98, 0xb9, 0xb4, 0x7f, 0x63, 0xb1, 0x8f, 0x91, 0xbe, 0x79,
    0x2d, 0xaf, 0x8c, 0x15, 0xcc, 0x5c, 0xda, 0x3f, 0xb2, 0x58, 0xc8, 0x48,
    0x1f, 0xc5, 0x86, 0x67, 0xc6, 0x0a, 0x66, 0x0e, 0xe5, 0x1f, 0x51, 0xec,
    0x63, 0xa4, 0x8f, 0x62, 0xc3, 0x33, 0x63, 0x05, 0x33, 0x87, 0xf2, 0x8f,
    0x28, 0xf6, 0x31, 0xd2, 0x47, 0xb1, 0xe1, 0x99, 0xb1, 0x82, 0x99, 0x43,
    0xf9, 0x47, 0x14, 0xfb, 0x18, 0xe9, 0xa3, 0xd8, 0xf0, 0xcc, 0x58, 0xc1,
    0xcc, 0xa1, 0xfc, 0x23, 0x8a, 0x7d, 0x8c, 0xf4, 0x51, 0x6c, 0x78, 0x66,
    0xac, 0x60, 0xe6, 0x50, 0xfe, 0x11, 0xc5, 0x3e, 0x46, 0xfa, 0x28, 0x36,
    0x3c, 0x33, 0x56, 0x30, 0x73, 0x28, 0xff, 0x88, 0x62, 0x1f, 0x23, 0x7d,
    0x14, 0x1b, 0x9e, 0x19, 0x2b, 0x98, 0x39, 0x94, 0x7f, 0x44, 0xb1, 0x8f,
    0x91, 0x3e, 0x8a, 0x0d, 0xcf, 0x8c, 0x15, 0xcc, 0x1c, 0xca, 0xbf, 0xa2,
    0x58, 0xc8, 0x48, 0x5f, 0xcd, 0x76, 0x77, 0xc6, 0x0a, 0x66, 0xee, 0xdc,
    0x5f, 0x49, 0xec, 0x63, 0xa4, 0xaf, 0x66, 0xbb, 0x3b, 0x63, 0x05, 0x33,
    0x77, 0xee, 0xaf, 0x24, 0xf6, 0x31, 0xd2, 0x57, 0xb3, 0xdd, 0x9d, 0xb1,
    0x82, 0x99, 0x3b, 0xf7, 0x57, 0x12, 0xfb, 0x18, 0xe9, 0xab, 0xd9, 0xee,
    0xce, 0x58, 0xc1, 0xcc, 0x9d, 0xfb, 0x2b, 0x89, 0x7d, 0x8c, 0xf4, 0xd5,
    0x6c, 0x77, 0x67, 0xac, 0x60, 0xe6, 0xce, 0xfd, 0x95, 0xc4, 0x3e, 0x46,
    0xfa, 0x6a, 0xb6, 0xbb, 0x33, 0x56, 0x30, 0x73, 0xe7, 0xfe, 0x4a, 0x62,
    0x1f, 0x23, 0x7d, 0x35, 0xdb, 0xdd, 0x19, 0x2b, 0x98, 0xb9, 0x73, 0x7f,
    0x25, 0xb1, 0x8f, 0x91, 0xbe, 0x9a, 0xed, 0xee, 0x8c, 0x15, 0xcc, 0xdc,
    0xb9, 0x3f, 0x93, 0x58, 0xc8, 0x48, 0x9f, 0xd5, 0x66, 0x87, 0xc6, 0x0a,
    0x66, 0xce, 0xd4, 0x9f, 0x41, 0xec, 0x63, 0xa4, 0xcf, 0x6a, 0xb3, 0x43,
    0x63, 0x05, 0x33, 0x67, 0xea, 0xcf, 0x20, 0xf6, 0x31, 0xd2, 0x67, 0xb5,
    0xd9, 0xa1, 0xb1, 0x82, 0x99, 0x33, 0xf5, 0x67, 0x10, 0xfb, 0x18, 0xe9,
    0xb3, 0xda, 0xec, 0xd0, 0x58, 0xc1, 0xcc, 0x99, 0xfa, 0x33, 0x88, 0x7d,
    0x8c, 0xf4, 0x59, 0x6d, 0x76, 0x68, 0xac, 0x60, 0xe6, 0x4c, 0xfd, 0x19,
    0xc4, 0x3e, 0x46, 0xfa, 0xac, 0x36, 0x3b, 0x34, 0x56, 0x30, 0x73, 0xa6,
    0xfe, 0x0c, 0x62, 0x1f, 0x23, 0x7d, 0x56, 0x9b, 0x1d, 0x1a, 0x2b, 0x98,
    0x39, 0x53, 0x7f, 0x06, 0xb1, 0x8f, 0x91, 0x3e, 0xab, 0xcd, 0x0e, 0x8d,
    0x15, 0xcc, 0x9c, 0xa9, 0xbf, 0x83, 0x58, 0xc8, 0x48, 0xdf, 0xdd, 0x56,
    0x97, 0xc6, 0x0a, 0x66, 0xae, 0xcc, 0xdf, 0x39, 0xec, 0x63, 0xa4, 0xef,
    0x6e, 0xab, 0x4b, 0x63, 0x05, 0x33, 0x57, 0xe6, 0xef, 0x1c, 0xf6, 0x31,
    0xd2, 0x77, 0xb7, 0xd5, 0xa5, 0xb1, 0x82, 0x99, 0x2b, 0xf3, 0x77, 0x0e,
    0xfb, 0x18, 0xe9, 0xbb, 0xdb, 0xea, 0xd2, 0x58, 0xc1, 0xcc, 0x95, 0xf9,
    0x3b, 0x87, 0x7d, 0x8c, 0xf4, 0xdd, 0x6d, 0x75, 0x69, 0xac, 0x60, 0xe6,
    0xca, 0xfc, 0x9d, 0xc3, 0x3e, 0x46, 0xfa, 0xee, 0xb6, 0xba, 0x34, 0x56,
    0x30, 0x73, 0x65, 0xfe, 0xce, 0x61, 0x1f, 0x23, 0x7d, 0x77, 0x5b, 0x5d,
    0x1a, 0x2b, 0x98, 0xb9, 0x32, 0x7f, 0xe7, 0xb0, 0x8f, 0x91, 0xbe, 0xbb,
    0xad, 0x2e, 0x8d, 0x15, 0xcc, 0x5c, 0x99, 0x1f, 0x38, 0x2c, 0x64, 0xa4,
    0x07, 0xb9, 0xd1, 0xa9, 0xb1, 0x82, 0x99, 0x23, 0xf1, 0x03, 0x86, 0x7d,
    0x8c, 0xf4, 0x20, 0x37, 0x3a, 0x35, 0x56, 0x30, 0x73, 0x24, 0x7e, 0xc0,
    0xb0, 0x8f, 0x91, 0x1e, 0xe4, 0x46, 0xa7, 0xc6, 0x0a, 0x66, 0x8e, 0xc4,
    0x0f, 0x18, 0xf6, 0x31, 0xd2, 0x83, 0xdc, 0xe8, 0xd4, 0x58, 0xc1, 0xcc,
    0x91, 0xf8, 0x01, 0xc3, 0x3e, 0x46, 0x7a, 0x90, 0x1b, 0x9d, 0x1a, 0x2b,
    0x98, 0x39, 0x12, 0x3f, 0x60, 0xd8, 0xc7, 0x48, 0x0f, 0x72, 0xa3, 0x53,
    0x63, 0x05, 0x33, 0x47, 0xe2, 0x07, 0x0c, 0xfb, 0x18, 0xe9, 0x41, 0x6e,
    0x74, 0x6a, 0xac, 0x60, 0xe6, 0x48, 0xfc, 0x80, 0x61, 0x1f, 0x23, 0x3d,
    0xc8, 0x8d, 0x4e, 0x8d, 0x15, 0xcc, 0x1c, 0x89, 0x5f, 0x30, 0x2c, 0x64,
    0xa4, 0x17, 0xbb, 0xcd, 0xad, 0xb1, 0x82, 0x99, 0x1b, 0xef, 0x0b, 0x85,
    0x7d, 0x8c, 0xf4, 0x62, 0xb7, 0xb9, 0x35, 0x56, 0x30, 0x73, 0xe3, 0x7d,
    0xa1, 0xb0, 0x8f, 0x91, 0x5e, 0xec, 0x36, 0xb7, 0xc6, 0x0a, 0x66, 0x6e,
    0xbc, 0x2f, 0x14, 0xf6, 0x31, 0xd2, 0x8b, 0xdd, 0xe6, 0xd6, 0x58, 0xc1,
    0xcc, 0x8d, 0xf7, 0x85, 0xc2, 0x3e, 0x46, 0x7a, 0xb1, 0xdb, 0xdc, 0x1a,
    0x2b, 0x98, 0xb9, 0xf1, 0xbe, 0x50, 0xd8, 0xc7, 0x48, 0x2f, 0x76, 0x9b,
    0x5b, 0x63, 0x05, 0x33, 0x37, 0xde, 0x17, 0x0a, 0xfb, 0x18, 0xe9, 0xc5,
    0x6e, 0x73, 0x6b, 0xac, 0x60, 0xe6, 0xc6, 0xfb, 0x42, 0x61, 0x1f, 0x23,
    0xbd, 0xd8, 0x6d, 0x6e, 0x8d, 0x15, 0xcc, 0xdc, 0x78, 0x9f, 0x28, 0x2c,
    0x64, 0xa4, 0x27, 0xbd, 0xc9, 0xb1, 0xb1, 0x82, 0x99, 0x13, 0xed, 0x13,
    0x84, 0x7d, 0x8c, 0xf4, 0xa4, 0x37, 0x39, 0x36, 0x56, 0x30, 0x73, 0xa2,
    0x7d, 0x82, 0xb0, 0x8f, 0x91, 0x9e, 0xf4, 0x26, 0xc7, 0xc6, 0x0a, 0x66,
    0x4e, 0xb4, 0x4f, 0x10, 0xf6, 0x31, 0xd2, 0x93, 0xde, 0xe4, 0xd8, 0x58,
    0xc1, 0xcc, 0x89, 0xf6, 0x09, 0xc2, 0x3e, 0x46, 0x7a, 0xd2, 0x9b, 0x1c,
    0x1b, 0x2b, 0x98, 0x39, 0xd1, 0x3e, 0x41, 0xd8, 0xc7, 0x48, 0x4f, 0x7a,
    0x93, 0x63, 0x63, 0x05, 0x33, 0x27, 0xda, 0x27, 0x08, 0xfb, 0x18, 0xe9,
    0x49, 0x6f, 0x72, 0x6c, 0xac, 0x60, 0xe6, 0x44, 0xfb, 0x04, 0x61, 0x1f,
    0x23, 0x3d, 0xe9, 0x4d, 0x8e, 0x8d, 0x15, 0xcc, 0x9c, 0x68, 0xdf, 0x20,
    0x2c, 0x64, 0xa4, 0x37, 0xbf, 0xc5, 0xb5, 0xb1, 0x82, 0x99, 0x0b, 0xeb,
    0x1b, 0x83, 0x7d, 0x8c, 0xf4, 0xe6, 0xb7, 0xb8, 0x36, 0x56, 0x30, 0x73,
    0x61, 0x7d, 0x63, 0xb0, 0x8f, 0x91, 0xde, 0xfc, 0x16, 0xd7, 0xc6, 0x0a,
    0x66, 0x2e, 0xac, 0x6f, 0x0c, 0xf6, 0x31, 0xd2, 0x9b, 0xdf, 0xe2, 0xda,
    0x58, 0xc1, 0xcc, 0x85, 0xf5, 0x8d, 0xc1, 0x3e, 0x46, 0x7a, 0xf3, 0x5b,
    0x5c, 0x1b, 0x2b, 0x98, 0xb9, 0xb0, 0xbe, 0x31, 0xd8, 0xc7, 0x48, 0x6f,
    0x7e, 0x8b, 0x6b, 0x63, 0x05, 0x33, 0x17, 0xd6, 0x37, 0x06, 0xfb, 0x18,
    0xe9, 0xcd, 0x6f, 0x71, 0x6d, 0xac, 0x60, 0xe6, 0xc2, 0xfa, 0xc6, 0x60,
    0x1f, 0x23, 0xbd, 0xf9, 0x2d, 0xae, 0x8d, 0x15, 0xcc, 0x5c, 0x58, 0x1f,
    0x19, 0x2c, 0x64, 0xa4, 0x47, 0xc1, 0xc1, 0xb9, 0xb1, 0x82, 0x99, 0x03,
    0xe9, 0x23, 0x82, 0x7d, 0x8c, 0xf4, 0x28, 0x38, 0x38, 0x37, 0x56, 0x30,
    0x73, 0x20, 0x7d, 0x44, 0xb0, 0x8f, 0x91, 0x1e, 0x05, 0x07, 0xe7, 0xc6,
    0x0a, 0x66, 0x0e, 0xa4, 0x8f, 0x08, 0xf6, 0x31, 0xd2, 0xa3, 0xe0, 0xe0,
    0xdc, 0x58, 0xc1, 0xcc, 0x81, 0xf4, 0x11, 0xc1, 0x3e, 0x46, 0x7a, 0x14,
    0x1c, 0x9c, 0x1b, 0x2b, 0x98, 0x39, 0x90, 0x3e, 0x22, 0xd8, 0xc7, 0x48,
    0x8f, 0x82, 0x83, 0x73, 0x63, 0x05, 0x33, 0x07, 0xd2, 0x47, 0x04, 0xfb,
    0x18, 0xe9, 0x51, 0x70, 0x70, 0x6e, 0xac, 0x60, 0xe6, 0x40, 0xfa, 0x88,
    0x60, 0x1f, 0x23, 0x3d, 0x0a, 0x0e, 0xce, 0x8d, 0x15, 0xcc, 0x1c, 0x48,
    0x5f, 0x11, 0x2c, 0x64, 0xa4, 0x57, 0xc3, 0xfe, 0xde, 0x58, 0xc1, 0xcc,
    0xde, 0xf9, 0x4a, 0x60, 0x1f, 0x23, 0xbd, 0x1a, 0xf6, 0xf7, 0xc6, 0x0a,
    0x66, 0xf6, 0xce, 0x57, 0x02, 0xfb, 0x18, 0xe9, 0xd5, 0xb0, 0xbf, 0x37,
    0x56, 0x30, 0xb3, 0x77, 0xbe, 0x12, 0xd8, 0xc7, 0x48, 0xaf, 0x86, 0xfd,
    0xbd, 0xb1, 0x82, 0x99, 0xbd, 0xf3, 0x95, 0xc0, 0x3e, 0x46, 0x7a, 0x35,
    0xec, 0xef, 0x8d, 0x15, 0xcc, 0xec, 0x9d, 0xaf, 0x04, 0xf6, 0x31, 0xd2,
    0xab, 0x61, 0x7f, 0x6f, 0xac, 0x60, 0x66, 0xef, 0x7c, 0x25, 0xb0, 0x8f,
    0x91, 0x5e, 0x0d, 0xfb, 0x7b, 0x63, 0x05, 0x33, 0x7b, 0xe7, 0x2b, 0x81,
    0x7d, 0x8c, 0xf4, 0x6a, 0xd8, 0xdf, 0x1b, 0x2b, 0x98, 0xd9, 0x3b, 0x9f,
    0x09, 0x2c, 0x64, 0xa4, 0x67, 0xc5, 0xba, 0x60, 0xac, 0x60, 0x66, 0xad,
    0x7c, 0x06, 0xb0, 0x8f, 0x91, 0x9e, 0x15, 0xeb, 0x82, 0xb1, 0x82, 0x99,
    0xb5, 0xf2, 0x19, 0xc0, 0x3e, 0x46, 0x7a, 0x56, 0xac, 0x0b, 0xc6, 0x0a,
    0x66, 0xd6, 0xca, 0x67, 0x00, 0xfb, 0x18, 0xe9, 0x59, 0xb1, 0x2e, 0x18,
    0x2b, 0x98, 0x59, 0x2b, 0x9f, 0x01, 0xec, 0x63, 0xa4, 0x67, 0xc5, 0xba,
    0x60, 0xac, 0x60, 0x66, 0xad, 0x7c, 0x06, 0xb0, 0x8f, 0x91, 0x9e, 0x15,
    0xeb, 0x82, 0xb1, 0x82, 0x99, 0xb5, 0xf2, 0x19, 0xc0, 0x3e, 0x46, 0x7a,
    0x56, 0xac, 0x0b, 0xc6, 0x0a, 0x66, 0xd6, 0xca, 0x67, 0x00, 0xfb, 0x18,
    0xe9, 0x59, 0xb1, 0x2e, 0x18, 0x2b, 0x98, 0x59, 0x2b, 0xdf, 0x01, 0x2c,
    0x64, 0xa4, 0x77, 0xc7, 0xb6, 0x61, 0xac, 0x60, 0x66, 0x6b, 0x7c, 0xef,
    0xb3, 0x8f, 0x91, 0xde, 0x1d, 0xdb, 0x86, 0xb1, 0x82, 0x99, 0xad, 0xf1,
    0xbd, 0xcf, 0x3e, 0x46, 0x7a, 0x77, 0x6c, 0x1b, 0xc6, 0x0a, 0x66, 0xb6,
    0xc6, 0xf7, 0x3e, 0xfb, 0x18, 0xe9, 0xdd, 0xb1, 0x6d, 0x18, 0x2b, 0x98,
    0xd9, 0x1a, 0xdf, 0xfb, 0xec, 0x63, 0xa4, 0x77, 0xc7, 0xb6, 0x61, 0xac,
    0x60, 0x66, 0x6b, 0x7c, 0xef, 0xb3, 0x8f, 0x91, 0xde, 0x1d, 0xdb, 0x86,
    0xb1, 0x82, 0x99, 0xad, 0xf1, 0xbd, 0xcf, 0x3e, 0x46, 0x7a, 0x77, 0x6c,
    0x1b, 0xc6, 0x0a, 0x66, 0xb6, 0xc6, 0xf7, 0x3e, 0xfb, 0x18, 0xe9, 0xdd,
    0xb1, 0x6d, 0x18, 0x2b, 0x98, 0xd9, 0x1a, 0x07, 0x7d, 0x16, 0x32, 0xd2,
    0x40, 0xb2, 0xac, 0x18, 0x2b, 0x98, 0x59, 0x0a, 0x07, 0x75, 0xf6, 0x31,
    0xd2, 0x40, 0xb2, 0xac, 0x18, 0x2b, 0x98, 0x59, 0x0a, 0x07, 0x75, 0xf6,
    0x31, 0xd2, 0x40, 0xb2, 0xac, 0x18, 0x2b, 0x98, 0x59, 0x0a, 0x07, 0x75,
    0xf6, 0x31, 0xd2, 0x40, 0xb2, 0xac, 0x18, 0x2b, 0x98, 0x59, 0x0a, 0x07,
    0x75, 0xf6, 0x31, 0xd2, 0x40, 0xb2, 0xac, 0x18, 0x2b, 0x98, 0x59, 0x0a,
    0x07, 0x75, 0xf6, 0x31, 0xd2, 0x40, 0xb2, 0xac, 0x18, 0x2b, 0x98, 0x59,
    0x0a, 0x07, 0x75, 0xf6, 0x31, 0xd2, 0x40, 0xb2, 0xac, 0x18, 0x2b, 0x98,
    0x59, 0x0a, 0x07, 0x75, 0xf6, 0x31, 0xd2, 0x40, 0xb2, 0xac, 0x18, 0x2b,
    0x98, 0x59, 0x0a, 0x27, 0x75, 0x16, 0x32, 0xd2, 0xc4, 0xb2, 0xeb, 0x18,
    0x2b, 0x98, 0xd9, 0xf9, 0x26, 0x6d, 0xf6, 0x31, 0xd2, 0xc4, 0xb2, 0xeb,
    0x18, 0x2b, 0x98, 0xd9, 0xf9, 0x26, 0x6d, 0xf6, 0x31, 0xd2, 0xc4, 0xb2,
    0xeb, 0x18, 0x2b, 0x98, 0xd9, 0xf9, 0x26, 0x6d, 0xf6, 0x31, 0xd2, 0xc4,
    0xb2, 0xeb, 0x18, 0x2b, 0x98, 0xd9, 0xf9, 0x26, 0x6d, 0xf6, 0x31, 0xd2,
    0xc4, 0xb2, 0xeb, 0x18, 0x2b, 0x98, 0xd9, 0xf9, 0x26, 0x6d, 0xf6, 0x31,
    0xd2, 0xc4, 0xb2, 0xeb, 0x18, 0x2b, 0x98, 0xd9, 0xf9, 0x26, 0x6d, 0xf6,
    0x31, 0xd2, 0xc4, 0xb2, 0xeb, 0x18, 0x2b, 0x98, 0xd9, 0xf9, 0x26, 0x6d,
    0xf6, 0x31, 0xd2, 0xc4, 0xb2, 0xeb, 0x18, 0x2b, 0x98, 0xd9, 0xf9, 0x46,
    0x6d, 0x16, 0x32, 0xd2, 0x48, 0xb3, 0x2a, 0x19, 0x2b, 0x98, 0x59, 0xe9,
    0x46, 0x65, 0xf6, 0x31, 0xd2, 0x48, 0xb3, 0x2a, 0x19, 0x2b, 0x98, 0x59,
    0xe9, 0x46, 0x65, 0xf6, 0x31, 0xd2, 0x48, 0xb3, 0x2a, 0x19, 0x2b, 0x98,
    0x59, 0xe9, 0x46, 0x65, 0xf6, 0x31, 0xd2, 0x48, 0xb3, 0x2a, 0x19, 0x2b,
    0x98, 0x59, 0xe9, 0x46, 0x65, 0xf6, 0x31, 0xd2, 0x48, 0xb3, 0x2a, 0x19,
    0x2b, 0x98, 0x59, 0xe9, 0x46, 0x65, 0xf6, 0x31, 0xd2, 0x48, 0xb3, 0x2a,
    0x19, 0x2b, 0x98, 0x59, 0xe9, 0x46, 0x65, 0xf6, 0x31, 0xd2, 0x48, 0xb3,
    0x2a, 0x19, 0x2b, 0x98, 0x59, 0xe9, 0x46, 0x65, 0xf6, 0x31, 0xd2, 0x48,
    0xb3, 0x2a, 0x19, 0x2b, 0x98, 0x59, 0xe9, 0x66, 0x65, 0x16, 0x32, 0xd2,
    0xcc, 0xb3, 0x69, 0x19, 0x2b, 0x98, 0xd9, 0xd8, 0x66, 0x5d, 0xf6, 0x31,
    0xd2, 0xcc, 0xb3, 0x69, 0x19, 0x2b, 0x98, 0xd9, 0xd8, 0x66, 0x5d, 0xf6,
    0x31, 0xd2, 0xcc, 0xb3, 0x69, 0x19, 0x2b, 0x98, 0xd9, 0xd8, 0x66, 0x5d,
    0xf6, 0x31, 0xd2, 0xcc, 0xb3, 0x69, 0x19, 0x2b, 0x98, 0xd9, 0xd8, 0x66,
    0x5d, 0xf6, 0x31, 0xd2, 0xcc, 0xb3, 0x69, 0x19, 0x2b, 0x98, 0xd9, 0xd8,
    0x66, 0x5d, 0xf6, 0x31, 0xd2, 0xcc, 0xb3, 0x69, 0x19, 0x2b, 0x98, 0xd9,
    0xd8, 0x66, 0x5d, 0xf6, 0x31, 0xd2, 0xcc, 0xb3, 0x69, 0x19, 0x2b, 0x98,
    0xd9, 0xd8, 0x66, 0x5d, 0xf6, 0x31, 0xd2, 0xcc, 0xb3, 0x69, 0x19, 0x2b,
    0x98, 0xd9, 0xd8, 0x86, 0x5d, 0x16, 0x32, 0xd2, 0x50, 0xb4, 0xa8, 0x19,
    0x2b, 0x98, 0x59, 0xc8, 0x86, 0x55, 0xf6, 0x31, 0xd2, 0x50, 0xb4, 0xa8,
    0x19, 0x2b, 0x98, 0x59, 0xc8, 0x86, 0x55, 0xf6, 0x31, 0xd2, 0x50, 0xb4,
    0xa8, 0x19, 0x2b, 0x98, 0x59, 0xc8, 0x86, 0x55, 0xf6, 0x31, 0xd2, 0x50,
    0xb4, 0xa8, 0x19, 0x2b, 0x98, 0x59, 0xc8, 0x86, 0x55, 0xf6, 0x31, 0xd2,
    0x50, 0xb4, 0xa8, 0x19, 0x2b, 0x98, 0x59, 0xc8, 0x86, 0x55, 0xf6, 0x31,
    0xd2, 0x50, 0xb4, 0xa8, 0x19, 0x2b, 0x98, 0x59, 0xc8, 0x86, 0x55, 0xf6,
    0x31, 0xd2, 0x50, 0xb4, 0xa8, 0x19, 0x2b, 0x98, 0x59, 0xc8, 0x86, 0x55,
    0xf6, 0x31, 0xd2, 0x50, 0xb4, 0xa8, 0x19, 0x2b, 0x98, 0x59, 0xc8, 0xa6,
    0x55, 0x16, 0x32, 0xd2, 0xd4, 0x34, 0xef, 0x19, 0x2b, 0x98, 0x99, 0xbb,
    0xa6, 0x4d, 0xf6, 0x31, 0xd2, 0xd4, 0x34, 0xef, 0x19, 0x2b, 0x98, 0x99,
    0xbb, 0xa6, 0x4d, 0xf6, 0x31, 0xd2, 0xd4, 0x34, 0xef, 0x19, 0x2b, 0x98,
    0x99, 0xbb, 0xa6, 0x4d, 0xf6, 0x31, 0xd2, 0xd4, 0x34, 0xef, 0x19, 0x2b,
    0x98, 0x99, 0xbb, 0xa6, 0x4d, 0xf6, 0x31, 0xd2, 0xd4, 0x34, 0xef, 0x19,
    0x2b, 0x98, 0x99, 0xbb, 0xa6, 0x4d, 0xf6, 0x31, 0xd2, 0xd4, 0x34, 0xef,
    0x19, 0x2b, 0x98, 0x99, 0xbb, 0xa6, 0x4d, 0xf6, 0x31, 0xd2, 0xd4, 0x34,
    0xef, 0x19, 0x2b, 0x98, 0x99, 0xbb, 0xa6, 0x4d, 0xf6, 0x31, 0xd2, 0xd4,
    0x34, 0xef, 0x19, 0x2b, 0x98, 0x99, 0xbb, 0xc6, 0x4d, 0x16, 0x32, 0xd2,
    0x58, 0x35, 0x2e, 0x1a, 0x2b, 0x98, 0x19, 0xab, 0xc6, 0x45, 0xf6, 0x31,
    0xd2, 0x58, 0x35, 0x2e, 0x1a, 0x2b, 0x98, 0x19, 0xab, 0xc6, 0x45, 0xf6,
    0x31, 0xd2, 0x58, 0x35, 0x2e, 0x1a, 0x2b, 0x98, 0x19, 0xab, 0xc6, 0x45,
    0xf6, 0x31, 0xd2, 0x58, 0x35, 0x2e, 0x1a, 0x2b, 0x98, 0x19, 0xab, 0xc6,
    0x45, 0xf6, 0x31, 0xd2, 0x58, 0x35, 0x2e, 0x1a, 0x2b, 0x98, 0x19, 0xab,
    0xc6, 0x45, 0xf6, 0x31, 0xd2, 0x58, 0x35, 0x2e, 0x1a, 0x2b, 0x98, 0x19,
    0xab, 0xc6, 0x45, 0xf6, 0x31, 0xd2, 0x58, 0x35, 0x2e, 0x1a, 0x2b, 0x98,
    0x19, 0xab, 0xc6, 0x45, 0xf6, 0x31, 0xd2, 0x58, 0x35, 0x2e, 0x1a, 0x2b,
    0x98, 0x19, 0xab, 0xe6, 0x45, 0x16, 0x32, 0xd2, 0xdc, 0x35, 0x6d, 0x1a,
    0x2b, 0x98, 0x99, 0x9a, 0xe6, 0x3d, 0xf6, 0x31, 0xd2, 0xdc, 0x35, 0x6d,
    0x1a, 0x2b, 0x98, 0x99, 0x9a, 0xe6, 0x3d, 0xf6, 0x31, 0xd2, 0xdc, 0x35,
    0x6d, 0x1a, 0x2b, 0x98, 0x99, 0x9a, 0xe6, 0x3d, 0xf6, 0x31, 0xd2, 0xdc,
    0x35, 0x6d, 0x1a, 0x2b, 0x98, 0x99, 0x9a, 0xe6, 0x3d, 0xf6, 0x31, 0xd2,
    0xdc, 0x35, 0x6d, 0x1a, 0x2b, 0x98, 0x99, 0x9a, 0xe6, 0x3d, 0xf6, 0x31,
    0xd2, 0xdc, 0x35, 0x6d, 0x1a, 0x2b, 0x98, 0x99, 0x9a, 0xe6, 0x3d, 0xf6,
    0x31, 0xd2, 0xdc, 0x35, 0x6d, 0x1a, 0x2b, 0x98, 0x99, 0x9a, 0xe6, 0x3d,
    0xf6, 0x31, 0xd2, 0xdc, 0x35, 0x6d, 0x1a, 0x2b, 0x98, 0x99, 0x9a, 0x16,
    0x3d, 0x16, 0x32, 0xd2, 0x42, 0x36, 0xac, 0x1a, 0x2b, 0x98, 0x19, 0x8a,
    0x16, 0x35, 0xf6, 0x31, 0xd2, 0x42, 0x36, 0xac, 0x1a, 0x2b, 0x98, 0x19,
    0x8a, 0x16, 0x35, 0xf6, 0x31, 0xd2, 0x42, 0x36, 0xac, 0x1a, 0x2b, 0x98,
    0x19, 0x8a, 0x16, 0x35, 0xf6, 0x31, 0xd2, 0x42, 0x36, 0xac, 0x1a, 0x2b,
    0x98, 0x19, 0x8a, 0x16, 0x35, 0xf6, 0x31, 0xd2, 0x42, 0x36, 0xac, 0x1a,
    0x2b, 0x98, 0x19, 0x8a, 0x16, 0x35, 0xf6, 0x31, 0xd2, 0x42, 0x36, 0xac,
    0x1a, 0x2b, 0x98, 0x19, 0x8a, 0x16, 0x35, 0xf6, 0x31, 0xd2, 0x42, 0x36,
    0xac, 0x1a, 0x2b, 0x98, 0x19, 0x8a, 0x16, 0x35, 0xf6, 0x31, 0xd2, 0x42,
    0x36, 0xac, 0x1a, 0x2b, 0x98, 0x19, 0x8a, 0x36, 0x35, 0x16, 0x32, 0xd2,
    0xc6, 0x36, 0xeb, 0x1a, 0x2b, 0x98, 0x99, 0x79, 0x36, 0x2d, 0xf6, 0x31,
    0xd2, 0xc6, 0x36, 0xeb, 0x1a, 0x2b, 0x98, 0x99, 0x79, 0x36, 0x2d, 0xf6,
    0x31, 0xd2, 0xc6, 0x36, 0xeb, 0x1a, 0x2b, 0x98, 0x99, 0x79, 0x36, 0x2d,
    0xf6, 0x31, 0xd2, 0xc6, 0x36, 0xeb, 0x1a, 0x2b, 0x98, 0x99, 0x79, 0x36,
    0x2d, 0xf6, 0x31, 0xd2, 0xc6, 0x36, 0xeb, 0x1a, 0x2b, 0x98, 0x99, 0x79,
    0x36, 0x2d, 0xf6, 0x31, 0xd2, 0xc6, 0x36, 0xeb, 0x1a, 0x2b, 0x98, 0x99,
    0x79, 0x36, 0x2d, 0xf6, 0x31, 0xd2, 0xc6, 0x36, 0xeb, 0x1a, 0x2b, 0x98,
    0x99, 0x79, 0x36, 0x2d, 0xf6, 0x31, 0xd2, 0xc6, 0x36, 0xeb, 0x1a, 0x2b,
    0x98, 0x99, 0x79, 0x56, 0x2d, 0x16, 0x32, 0xd2, 0x4a, 0x37, 0x2a, 0x1b,
    0x2b, 0x98, 0x19, 0x69, 0x56, 0x25, 0xf6, 0x31, 0xd2, 0x4a, 0x37, 0x2a,
    0x1b, 0x2b, 0x98, 0x19, 0x69, 0x56, 0x25, 0xf6, 0x31, 0xd2, 0x4a, 0x37,
    0x2a, 0x1b, 0x2b, 0x98, 0x19, 0x69, 0x56, 0x25, 0xf6, 0x31, 0xd2, 0x4a,
    0x37, 0x2a, 0x1b, 0x2b, 0x98, 0x19, 0x69, 0x56, 0x25, 0xf6, 0x31, 0xd2,
    0x4a, 0x37, 0x2a, 0x1b, 0x2b, 0x98, 0x19, 0x69, 0x56, 0x25, 0xf6, 0x31,
    0xd2, 0x4a, 0x37, 0x2a, 0x1b, 0x2b, 0x98, 0x19, 0x69, 0x56, 0x25, 0xf6,
    0x31, 0xd2, 0x4a, 0x37, 0x2a, 0x1b, 0x2b, 0x98, 0x19, 0x69, 0x56, 0x25,
    0xf6, 0x31, 0xd2, 0x4a, 0x37, 0x2a, 0x1b, 0x2b, 0x98, 0x19, 0x69, 0x76,
    0x25, 0x16, 0x32, 0xd2, 0xce, 0x37, 0x69, 0x1b, 0x2b, 0x98, 0x99, 0x58,
    0x76, 0x1d, 0xf6, 0x31, 0xd2, 0xce, 0x37, 0x69, 0x1b, 0x2b, 0x98, 0x99,
    0x58, 0x76, 0x1d, 0xf6, 0x31, 0xd2, 0xce, 0x37, 0x69, 0x1b, 0x2b, 0x98,
    0x99, 0x58, 0x76, 0x1d, 0xf6, 0x31, 0xd2, 0xce, 0x37, 0x69, 0x1b, 0x2b,
    0x98, 0x99, 0x58, 0x76, 0x1d, 0xf6, 0x31, 0xd2, 0xce, 0x37, 0x69, 0x1b,
    0x2b, 0x98, 0x99, 0x58, 0x76, 0x1d, 0xf6, 0x31, 0xd2, 0xce, 0x37, 0x69,
    0x1b, 0x2b, 0x98, 0x99, 0x58, 0x76, 0x1d, 0xf6, 0x31, 0xd2, 0xce, 0x37,
    0x69, 0x1b, 0x2b, 0x98, 0x99, 0x58, 0x76, 0x1d, 0xf6, 0x31, 0xd2, 0xce,
    0x37, 0x69, 0x1b, 0x2b, 0x98, 0x99, 0x58, 0x96, 0x1d, 0x16, 0x32, 0xd2,
    0x52, 0x38, 0xa8, 0x1b, 0x2b, 0x98, 0x19, 0x48, 0x96, 0x15, 0xf6, 0x31,
    0xd2, 0x52, 0x38, 0xa8, 0x1b, 0x2b, 0x98, 0x19, 0x48, 0x96, 0x15, 0xf6,
    0x31, 0xd2, 0x52, 0x38, 0xa8, 0x1b, 0x2b, 0x98, 0x19, 0x48, 0x96, 0x15,
    0xf6, 0x31, 0xd2, 0x52, 0x38, 0xa8, 0x1b, 0x2b, 0x98, 0x19, 0x48, 0x96,
    0x15, 0xf6, 0x31, 0xd2, 0x52, 0x38, 0xa8, 0x1b, 0x2b, 0x98, 0x19, 0x48,
    0x96, 0x15, 0xf6, 0x31, 0xd2, 0x52, 0x38, 0xa8, 0x1b, 0x2b, 0x98, 0x19,
    0x48, 0x96, 0x15, 0xf6, 0x31, 0xd2, 0x52, 0x38, 0xa8, 0x1b, 0x2b, 0x98,
    0x19, 0x48, 0x96, 0x15, 0xf6, 0x31, 0xd2, 0x52, 0x38, 0xa8, 0x1b, 0x2b,
    0x98, 0x19, 0x48, 0xb6, 0x15, 0x16, 0x32, 0xd2, 0xd6, 0xf8, 0xde, 0x37,
    0x56, 0x30, 0xf3, 0xee, 0xd8, 0x36, 0xd8, 0xc7, 0x48, 0x5b, 0xe3, 0x7b,
    0xdf, 0x58, 0xc1, 0xcc, 0xbb, 0x63, 0xdb, 0x60, 0x1f, 0x23, 0x6d, 0x8d,
    0xef, 0x7d, 0x63, 0x05, 0x33, 0xef, 0x8e, 0x6d, 0x83, 0x7d, 0x8c, 0xb4,
    0x35, 0xbe, 0xf7, 0x8d, 0x15, 0xcc, 0xbc, 0x3b, 0xb6, 0x0d, 0xf6, 0x31,
    0xd2, 0xd6, 0xf8, 0xde, 0x37, 0x56, 0x30, 0xf3, 0xee, 0xd8, 0x36, 0xd8,
    0xc7, 0x48, 0x5b, 0xe3, 0x7b, 0xdf, 0x58, 0xc1, 0xcc, 0xbb, 0x63, 0xdb,
    0x60, 0x1f, 0x23, 0x6d, 0x8d, 0xef, 0x7d, 0x63, 0x05, 0x33, 0xef, 0x8e,
    0x6d, 0x83, 0x7d, 0x8c, 0xb4, 0x35, 0xbe, 0xf7, 0x8d, 0x15, 0xcc, 0xbc,
    0x3b, 0xd6, 0x0d, 0x16, 0x32, 0xd2, 0x5a, 0xf9, 0x0c, 0x30, 0x56, 0x30,
    0xf3, 0xac, 0x58, 0x17, 0xd8, 0xc7, 0x48, 0x6b, 0xe5, 0x33, 0xc0, 0x58,
    0xc1, 0xcc, 0xb3, 0x62, 0x5d, 0x60, 0x1f, 0x23, 0xad, 0x95, 0xcf, 0x00,
    0x63, 0x05, 0x33, 0xcf, 0x8a, 0x75, 0x81, 0x7d, 0x8c, 0xb4, 0x56, 0x3e,
    0x03, 0x8c, 0x15, 0xcc, 0x3c, 0x2b, 0xd6, 0x05, 0xf6, 0x31, 0xd2, 0x5a,
    0xf9, 0x0c, 0x30, 0x56, 0x30, 0xf3, 0xac, 0x58, 0x17, 0xd8, 0xc7, 0x48,
    0x6b, 0xe5, 0x33, 0xc0, 0x58, 0xc1, 0xcc, 0xb3, 0x62, 0x5d, 0x60, 0x1f,
    0x23, 0xad, 0x95, 0xcf, 0x00, 0x63, 0x05, 0x33, 0xcf, 0x8a, 0x75, 0x81,
    0x7d, 0x8c, 0xb4, 0x56, 0x3e, 0x03, 0x8c, 0x15, 0xcc, 0x3c, 0x2b, 0xf6,
    0x05, 0x16, 0x32, 0xd2, 0xde, 0xf9, 0x4a, 0x30, 0x56, 0x30, 0xf3, 0x6a,
    0xd8, 0xdf, 0xb3, 0x8f, 0x91, 0xf6, 0xce, 0x57, 0x82, 0xb1, 0x82, 0x99,
    0x57, 0xc3, 0xfe, 0x9e, 0x7d, 0x8c, 0xb4, 0x77, 0xbe, 0x12, 0x8c, 0x15,
    0xcc, 0xbc, 0x1a, 0xf6, 0xf7, 0xec, 0x63, 0xa4, 0xbd, 0xf3, 0x95, 0x60,
    0xac, 0x60, 0xe6, 0xd5, 0xb0, 0xbf, 0x67, 0x1f, 0x23, 0xed, 0x9d, 0xaf,
    0x04, 0x63, 0x05, 0x33, 0xaf, 0x86, 0xfd, 0x3d, 0xfb, 0x18, 0x69, 0xef,
    0x7c, 0x25, 0x18, 0x2b, 0x98, 0x79, 0x35, 0xec, 0xef, 0xd9, 0xc7, 0x48,
    0x7b, 0xe7, 0x2b, 0xc1, 0x58, 0xc1, 0xcc, 0xab, 0x61, 0x7f, 0xcf, 0x3e,
    0x46, 0xda, 0x3b, 0x5f, 0x09, 0xc6, 0x0a, 0x66, 0x5e, 0x0d, 0x07, 0xf7,
    0x2c, 0x64, 0xa4, 0x03, 0xe9, 0x23, 0xc2, 0x58, 0xc1, 0xcc, 0xa3, 0xe0,
    0xe0, 0x9c, 0x7d, 0x8c, 0x74, 0x20, 0x7d, 0x44, 0x18, 0x2b, 0x98, 0x79,
    0x14, 0x1c, 0x9c, 0xb3, 0x8f, 0x91, 0x0e, 0xa4, 0x8f, 0x08, 0x63, 0x05,
    0x33, 0x8f, 0x82, 0x83, 0x73, 0xf6, 0x31, 0xd2, 0x81, 0xf4, 0x11, 0x61,
    0xac, 0x60, 0xe6, 0x51, 0x70, 0x70, 0xce, 0x3e, 0x46, 0x3a, 0x90, 0x3e,
    0x22, 0x8c, 0x15, 0xcc, 0x3c, 0x0a, 0x0e, 0xce, 0xd9, 0xc7, 0x48, 0x07,
    0xd2, 0x47, 0x84, 0xb1, 0x82, 0x99, 0x47, 0xc1, 0xc1, 0x39, 0xfb, 0x18,
    0xe9, 0x40, 0xfa, 0x88, 0x30, 0x56, 0x30, 0xf3, 0x28, 0x38, 0x38, 0x67,
    0x1f, 0x23, 0x1d, 0x48, 0x1f, 0x11, 0xc6, 0x0a, 0x66, 0xfe, 0x70, 0x6c,
    0xa4, 0xc7, 0x37, 0x19, 0x9c, 0x1b, 0x2b, 0x98, 0x39, 0x90, 0x3e, 0x22,
    0xd8, 0xc7, 0x48, 0x8f, 0x82, 0x83, 0x73, 0x63, 0x05, 0x33, 0x07, 0xd2,
    0x47, 0x04, 0xfb, 0x18, 0xe9, 0x51, 0x70, 0x70, 0x6e, 0xac, 0x60, 0xe6,
    0x40, 0xfa, 0x88, 0x60, 0x1f, 0x23, 0x3d, 0x0a, 0x0e, 0xce, 0x8d, 0x15,
    0xcc, 0x1c, 0x48, 0x1f, 0x11, 0xec, 0x63, 0xa4, 0x47, 0xc1, 0xc1, 0xb9,
    0xb1, 0x82, 0x99, 0x03, 0xe9, 0x23, 0x82, 0x7d, 0x8c, 0xf4, 0x28, 0x38,
    0x38, 0x37, 0x56, 0x30, 0x73, 0x20, 0x7d, 0x44, 0xb0, 0x8f, 0x91, 0x1e,
    0x05, 0x07, 0xe7, 0xc6, 0x0a, 0x66, 0x0e, 0xa4, 0x8f, 0x08, 0xf6, 0x31,
    0xd2, 0xa3, 0xe0, 0xe0, 0xdc, 0x58, 0xc1, 0xcc, 0x81, 0xf4, 0x15, 0xc1,
    0x42, 0x46, 0x7a, 0x35, 0xec, 0xef, 0x8d, 0x15, 0xcc, 0xec, 0x9d, 0xaf,
    0x04, 0xf6, 0x31, 0xd2, 0xab, 0x61, 0x7f, 0x6f, 0xac, 0x60, 0x66, 0xef,
    0x7c, 0x25, 0xb0, 0x8f, 0x91, 0x5e, 0x0d, 0xfb, 0x7b, 0x63, 0x05, 0x33,
    0x7b, 0xe7, 0x2b, 0x81, 0x7d, 0x8c, 0xf4, 0x6a, 0xd8, 0xdf, 0x1b, 0x2b,
    0x98, 0xd9, 0x3b, 0x5f, 0x09, 0xec, 0x63, 0xa4, 0x57, 0xc3, 0xfe, 0xde,
    0x58, 0xc1, 0xcc, 0xde, 0xf9, 0x4a, 0x60, 0x1f, 0x23, 0xbd, 0x1a, 0xf6,
    0xf7, 0xc6, 0x0a, 0x66, 0xf6, 0xce, 0x57, 0x02, 0xfb, 0x18, 0xe9, 0xd5,
    0xb0, 0xbf, 0x37, 0x56, 0x30, 0xb3, 0x77, 0xbe, 0x12, 0xd8, 0xc7, 0x48,
    0xaf, 0x86, 0xfd, 0xbd, 0xb1, 0x82, 0x99, 0xbd, 0xf3, 0x99, 0xc0, 0x42,
    0x46, 0x7a, 0x56, 0xac, 0x0b, 0xc6, 0x0a, 0x66, 0xd6, 0xca, 0x67, 0x00,
    0xfb, 0x18, 0xe9, 0x59, 0xb1, 0x2e, 0x18, 0x2b, 0x98, 0x59, 0x2b, 0x9f,
    0x01, 0xec, 0x63, 0xa4, 0x67, 0xc5, 0xba, 0x60, 0xac, 0x60, 0x66, 0xad,
    0x7c, 0x06, 0xb0, 0x8f, 0x91, 0x9e, 0x15, 0xeb, 0x82, 0xb1, 0x82, 0x99,
    0xb5, 0xf2, 0x19, 0xc0, 0x3e, 0x46, 0x7a, 0x56, 0xac, 0x0b, 0xc6, 0x0a,
    0x66, 0xd6, 0xca, 0x67, 0x00, 0xfb, 0x18, 0xe9, 0x59, 0xb1, 0x2e, 0x18,
    0x2b, 0x98, 0x59, 0x2b, 0x9f, 0x01, 0xec, 0x63, 0xa4, 0x67, 0xc5, 0xba,
    0x60, 0xac, 0x60, 0x66, 0xad, 0x7c, 0x06, 0xb0, 0x8f, 0x91, 0x9e, 0x15,
    0xeb, 0x82, 0xb1, 0x82, 0x99, 0xb5, 0xf2, 0x1d, 0xc0, 0x42, 0x46, 0x7a,
    0x77, 0x6c, 0x1b, 0xc6, 0x0a, 0x66, 0xb6, 0xc6, 0xf7, 0x3e, 0xfb, 0x18,
    0xe9, 0xdd, 0xb1, 0x6d, 0x18, 0x2b, 0x98, 0xd9, 0x1a, 0xdf, 0xfb, 0xec,
    0x63, 0xa4, 0x77, 0xc7, 0xb6, 0x61, 0xac, 0x60, 0x66, 0x6b, 0x7c, 0xef,
    0xb3, 0x8f, 0x91, 0xde, 0x1d, 0xdb, 0x86, 0xb1, 0x82, 0x99, 0xad, 0xf1,
    0xbd, 0xcf, 0x3e, 0x46, 0x7a, 0x77, 0x6c, 0x1b, 0xc6, 0x0a, 0x66, 0xb6,
    0xc6, 0xf7, 0x3e, 0xfb, 0x18, 0xe9, 0xdd, 0xb1, 0x6d, 0x18, 0x2b, 0x98,
    0xd9, 0x2b, 0x56, 0x01, 0x15, 0x00, 0x00, 0x20, 0x00, 0x49, 0x44, 0x41,
    0x54, 0x1a, 0xdf, 0xfb, 0xec, 0x63, 0xa4, 0x77, 0xc7, 0xb6, 0x61, 0xac,
    0x60, 0x66, 0x6b, 0x7c, 0xef, 0xb3, 0x8f, 0x91, 0xde, 0x1d, 0xdb, 0x86,
    0xb1, 0x82, 0x99, 0xad, 0x71, 0xd0, 0x67, 0x21, 0x23, 0x0d, 0x24, 0xcb,
    0x8a, 0xb1, 0x82, 0x99, 0xa5, 0x70, 0x50, 0x67, 0x1f, 0x23, 0x0d, 0x24,
    0xcb, 0x8a, 0xb1, 0x82, 0x99, 0xa5, 0x70, 0x50, 0x67, 0x1f, 0x23, 0x0d,
    0x24, 0xcb, 0x8a, 0xb1, 0x82, 0x99, 0xa5, 0x70, 0x50, 0x67, 0x1f, 0x23,
    0x0d, 0x24, 0xcb, 0x8a, 0xb1, 0x82, 0x99, 0xa5, 0x70, 0x50, 0x67, 0x1f,
    0x23, 0x0d, 0x24, 0xcb, 0x8a, 0xb1, 0x82, 0x99, 0xa5, 0x70, 0x50, 0x67,
    0x1f, 0x23, 0x0d, 0x24, 0xcb, 0x8a, 0xb1, 0x82, 0x99, 0xa5, 0x70, 0x50,
    0x67, 0x1f, 0x23, 0x0d, 0x24, 0xcb, 0x8a, 0xb1, 0x82, 0x99, 0xa5, 0x70,
    0x50, 0x67, 0x1f, 0x23, 0x0d, 0x24, 0xcb, 0x8a, 0xb1, 0x82, 0x99, 0xa5,
    0x70, 0x52, 0x67, 0x21, 0x23, 0x4d, 0x2c, 0xbb, 0x8e, 0xb1, 0x82, 0x99,
    0x9d, 0x6f, 0xd2, 0x66, 0x1f, 0x23, 0x4d, 0x2c, 0xbb, 0x8e, 0xb1, 0x82,
    0x99, 0x9d, 0x6f, 0xd2, 0x66, 0x1f, 0x23, 0x4d, 0x2c, 0xbb, 0x8e, 0xb1,
    0x82, 0x99, 0x9d, 0x6f, 0xd2, 0x66, 0x1f, 0x23, 0x4d, 0x2c, 0xbb, 0x8e,
    0xb1, 0x82, 0x99, 0x9d, 0x6f, 0xd2, 0x66, 0x1f, 0x23, 0x4d, 0x2c, 0xbb,
    0x8e, 0xb1, 0x82, 0x99, 0x9d, 0x6f, 0xd2, 0x66, 0x1f, 0x23, 0x4d, 0x2c,
    0xbb, 0x8e, 0xb1, 0x82, 0x99, 0x9d, 0x6f, 0xd2, 0x66, 0x1f, 0x23, 0x4d,
    0x2c, 0xbb, 0x8e, 0xb1, 0x82, 0x99, 0x9d, 0x6f, 0xd2, 0x66, 0x1f, 0x23,
    0x4d, 0x2c, 0xbb, 0x8e, 0xb1, 0x82, 0x99, 0x9d, 0x6f, 0xd4, 0x66, 0x21,
    0x23, 0x8d, 0x34, 0xab, 0x92, 0xb1, 0x82, 0x99, 0x95, 0x6e, 0x54, 0x66,
    0x1f, 0x23, 0x8d, 0x34, 0xab, 0x92, 0xb1, 0x82, 0x99, 0x95, 0x6e, 0x54,
    0x66, 0x1f, 0x23, 0x8d, 0x34, 0xab, 0x92, 0xb1, 0x82, 0x99, 0x95, 0x6e,
    0x54, 0x66, 0x1f, 0x23, 0x8d, 0x34, 0xab, 0x92, 0xb1, 0x82, 0x99, 0x95,
    0x6e, 0x54, 0x66, 0x1f, 0x23, 0x8d, 0x34, 0xab, 0x92, 0xb1, 0x82, 0x99,
    0x95, 0x6e, 0x54, 0x66, 0x1f, 0x23, 0x8d, 0x34, 0xab, 0x92, 0xb1, 0x82,
    0x99, 0x95, 0x6e, 0x54, 0x66, 0x1f, 0x23, 0x8d, 0x34, 0xab, 0x92, 0xb1,
    0x82, 0x99, 0x95, 0x6e, 0x54, 0x66, 0x1f, 0x23, 0x8d, 0x34, 0xab, 0x92,
    0xb1, 0x82, 0x99, 0x95, 0x6e, 0x56, 0x66, 0x21, 0x23, 0xcd, 0x3c, 0x9b,
    0x96, 0xb1, 0x82, 0x99, 0x8d, 0x6d, 0xd6, 0x65, 0x1f, 0x23, 0xcd, 0x3c,
    0x9b, 0x96, 0xb1, 0x82, 0x99, 0x8d, 0x6d, 0xd6, 0x65, 0x1f, 0x23, 0xcd,
    0x3c, 0x9b, 0x96, 0xb1, 0x82, 0x99, 0x8d, 0x6d, 0xd6, 0x65, 0x1f, 0x23,
    0xcd, 0x3c, 0x9b, 0x96, 0xb1, 0x82, 0x99, 0x8d, 0x6d, 0xd6, 0x65, 0x1f,
    0x23, 0xcd, 0x3c, 0x9b, 0x96, 0xb1, 0x82, 0x99, 0x8d, 0x6d, 0xd6, 0x65,
    0x1f, 0x23, 0xcd, 0x3c, 0x9b, 0x96, 0xb1, 0x82, 0x99, 0x8d, 0x6d, 0xd6,
    0x65, 0x1f, 0x23, 0xcd, 0x3c, 0x9b, 0x96, 0xb1, 0x82, 0x99, 0x8d, 0x6d,
    0xd6, 0x65, 0x1f, 0x23, 0xcd, 0x3c, 0x9b, 0x96, 0xb1, 0x82, 0x99, 0x8d,
    0x6d, 0xd8, 0x65, 0x21, 0x23, 0x0d, 0x45, 0x8b, 0x9a, 0xb1, 0x82, 0x99,
    0x85, 0x6c, 0x58, 0x65, 0x1f, 0x23, 0x0d, 0x45, 0x8b, 0x9a, 0xb1, 0x82,
    0x99, 0x85, 0x6c, 0x58, 0x65, 0x1f, 0x23, 0x0d, 0x45, 0x8b, 0x9a, 0xb1,
    0x82, 0x99, 0x85, 0x6c, 0x58, 0x65, 0x1f, 0x23, 0x0d, 0x45, 0x8b, 0x9a,
    0xb1, 0x82, 0x99, 0x85, 0x6c, 0x58, 0x65, 0x1f, 0x23, 0x0d, 0x45, 0x8b,
    0x9a, 0xb1, 0x82, 0x99, 0x85, 0x6c, 0x58, 0x65, 0x1f, 0x23, 0x0d, 0x45,
    0x8b, 0x9a, 0xb1, 0x82, 0x99, 0x85, 0x6c, 0x58, 0x65, 0x1f, 0x23, 0x0d,
    0x45, 0x8b, 0x9a, 0xb1, 0x82, 0x99, 0x85, 0x6c, 0x58, 0x65, 0x1f, 0x23,
    0x0d, 0x45, 0x8b, 0xda, 0x3f, 0xf6, 0xc8, 0x20, 0x39, 0x90, 0x18, 0x08,
    0x61, 0xf9, 0xff, 0xab, 0xf7, 0x07, 0x1a, 0x37, 0xa0, 0x1c, 0x52, 0x7b,
    0xa6, 0x51, 0x09, 0xdb, 0x58, 0xc1, 0xcc, 0x42, 0x36, 0xad, 0xb2, 0x90,
    0x91, 0xa6, 0xa6, 0x79, 0xcf, 0x58, 0xc1, 0xcc, 0xdc, 0x35, 0x6d, 0xb2,
    0x8f, 0x91, 0xa6, 0xa6, 0x79, 0xcf, 0x58, 0xc1, 0xcc, 0xdc, 0x35, 0x6d,
    0xb2, 0x8f, 0x91, 0xa6, 0xa6, 0x79, 0xcf, 0x58, 0xc1, 0xcc, 0xdc, 0x35,
    0x6d, 0xb2, 0x8f, 0x91, 0xa6, 0xa6, 0x79, 0xcf, 0x58, 0xc1, 0xcc, 0xdc,
    0x35, 0x6d, 0xb2, 0x8f, 0x91, 0xa6, 0xa6, 0x79, 0xcf, 0x58, 0xc1, 0xcc,
    0xdc, 0x35, 0x6d, 0xb2, 0x8f, 0x91, 0xa6, 0xa6, 0x79, 0xcf, 0x58, 0xc1,
    0xcc, 0xdc, 0x35, 0x6d, 0xb2, 0x8f, 0x91, 0xa6, 0xa6, 0x79, 0xcf, 0x58,
    0xc1, 0xcc, 0xdc, 0x35, 0x6d, 0xb2, 0x8f, 0x91, 0xa6, 0xa6, 0x79, 0xcf,
    0x58, 0xc1, 0xcc, 0xdc, 0x35, 0x6e, 0xb2, 0x90, 0x91, 0xc6, 0xaa, 0x71,
    0xd1, 0x58, 0xc1, 0xcc, 0x58, 0x35, 0x2e, 0xb2, 0x8f, 0x91, 0xc6, 0xaa,
    0x71, 0xd1, 0x58, 0xc1, 0xcc, 0x58, 0x35, 0x2e, 0xb2, 0x8f, 0x91, 0xc6,
    0xaa, 0x71, 0xd1, 0x58, 0xc1, 0xcc, 0x58, 0x35, 0x2e, 0xb2, 0x8f, 0x91,
    0xc6, 0xaa, 0x71, 0xd1, 0x58, 0xc1, 0xcc, 0x58, 0x35, 0x2e, 0xb2, 0x8f,
    0x91, 0xc6, 0xaa, 0x71, 0xd1, 0x58, 0xc1, 0xcc, 0x58, 0x35, 0x2e, 0xb2,
    0x8f, 0x91, 0xc6, 0xaa, 0x71, 0xd1, 0x58, 0xc1, 0xcc, 0x58, 0x35, 0x2e,
    0xb2, 0x8f, 0x91, 0xc6, 0xaa, 0x71, 0xd1, 0x58, 0xc1, 0xcc, 0x58, 0x35,
    0x2e, 0xb2, 0x8f, 0x91, 0xc6, 0xaa, 0x71, 0xd1, 0x58, 0xc1, 0xcc, 0x58,
    0x35, 0x2f, 0xb2, 0x90, 0x91, 0xe6, 0xae, 0x69, 0xd3, 0x58, 0xc1, 0xcc,
    0xd4, 0x34, 0xef, 0xb1, 0x8f, 0x91, 0xe6, 0xae, 0x69, 0xd3, 0x58, 0xc1,
    0xcc, 0xd4, 0x34, 0xef, 0xb1, 0x8f, 0x91, 0xe6, 0xae, 0x69, 0xd3, 0x58,
    0xc1, 0xcc, 0xd4, 0x34, 0xef, 0xb1, 0x8f, 0x91, 0xe6, 0xae, 0x69, 0xd3,
    0x58, 0xc1, 0xcc, 0xd4, 0x34, 0xef, 0xb1, 0x8f, 0x91, 0xe6, 0xae, 0x69,
    0xd3, 0x58, 0xc1, 0xcc, 0xd4, 0x34, 0xef, 0xb1, 0x8f, 0x91, 0xe6, 0xae,
    0x69, 0xd3, 0x58, 0xc1, 0xcc, 0xd4, 0x34, 0xef, 0xb1, 0x8f, 0x91, 0xe6,
    0xae, 0x69, 0xd3, 0x58, 0xc1, 0xcc, 0xd4, 0x34, 0xef, 0xb1, 0x8f, 0x91,
    0xe6, 0xae, 0x69, 0xd3, 0x58, 0xc1, 0xcc, 0xd4, 0xb4, 0xe8, 0xb1, 0x90,
    0x91, 0x16, 0xb2, 0x61, 0xd5, 0x58, 0xc1, 0xcc, 0x50, 0xb4, 0xa8, 0xb1,
    0x8f, 0x91, 0x16, 0xb2, 0x61, 0xd5, 0x58, 0xc1, 0xcc, 0x50, 0xb4, 0xa8,
    0xb1, 0x8f, 0x91, 0x16, 0xb2, 0x61, 0xd5, 0x58, 0xc1, 0xcc, 0x50, 0xb4,
    0xa8, 0xb1, 0x8f, 0x91, 0x16, 0xb2, 0x61, 0xd5, 0x58, 0xc1, 0xcc, 0x50,
    0xb4, 0xa8, 0xb1, 0x8f, 0x91, 0x16, 0xb2, 0x61, 0xd5, 0x58, 0xc1, 0xcc,
    0x50, 0xb4, 0xa8, 0xb1, 0x8f, 0x91, 0x16, 0xb2, 0x61, 0xd5, 0x58, 0xc1,
    0xcc, 0x50, 0xb4, 0xa8, 0xb1, 0x8f, 0x91, 0x16, 0xb2, 0x61, 0xd5, 0x58,
    0xc1, 0xcc, 0x50, 0xb4, 0xa8, 0xb1, 0x8f, 0x91, 0x16, 0xb2, 0x61, 0xd5,
    0x58, 0xc1, 0xcc, 0x50, 0xb4, 0xa9, 0xb1, 0x90, 0x91, 0x36, 0xb6, 0x59,
    0xd7, 0x58, 0xc1, 0xcc, 0xcc, 0xb3, 0x69, 0xb1, 0x8f, 0x91, 0x36, 0xb6,
    0x59, 0xd7, 0x58, 0xc1, 0xcc, 0xcc, 0xb3, 0x69, 0xb1, 0x8f, 0x91, 0x36,
    0xb6, 0x59, 0xd7, 0x58, 0xc1, 0xcc, 0xcc, 0xb3, 0x69, 0xb1, 0x8f, 0x91,
    0x36, 0xb6, 0x59, 0xd7, 0x58, 0xc1, 0xcc, 0xcc, 0xb3, 0x69, 0xb1, 0x8f,
    0x91, 0x36, 0xb6, 0x59, 0xd7, 0x58, 0xc1, 0xcc, 0xcc, 0xb3, 0x69, 0xb1,
    0x8f, 0x91, 0x36, 0xb6, 0x59, 0xd7, 0x58, 0xc1, 0xcc, 0xcc, 0xb3, 0x69,
    0xb1, 0x8f, 0x91, 0x36, 0xb6, 0x59, 0xd7, 0x58, 0xc1, 0xcc, 0xcc, 0xb3,
    0x69, 0xb1, 0x8f, 0x91, 0x36, 0xb6, 0x59, 0xd7, 0x58, 0xc1, 0xcc, 0xcc,
    0xb3, 0x6a, 0xb1, 0x90, 0x91, 0x56, 0xba, 0x51, 0xd9, 0x58, 0xc1, 0xcc,
    0x48, 0xb3, 0x2a, 0xb1, 0x8f, 0x91, 0x56, 0xba, 0x51, 0xd9, 0x58, 0xc1,
    0xcc, 0x48, 0xb3, 0x2a, 0xb1, 0x8f, 0x91, 0x56, 0xba, 0x51, 0xd9, 0x58,
    0xc1, 0xcc, 0x48, 0xb3, 0x2a, 0xb1, 0x8f, 0x91, 0x56, 0xba, 0x51, 0xd9,
    0x58, 0xc1, 0xcc, 0x48, 0xb3, 0x2a, 0xb1, 0x8f, 0x91, 0x56, 0xba, 0x51,
    0xd9, 0x58, 0xc1, 0xcc, 0x48, 0xb3, 0x2a, 0xb1, 0x8f, 0x91, 0x56, 0xba,
    0x51, 0xd9, 0x58, 0xc1, 0xcc, 0x48, 0xb3, 0x2a, 0xb1, 0x8f, 0x91, 0x56,
    0xba, 0x51, 0xd9, 0x58, 0xc1, 0xcc, 0x48, 0xb3, 0x2a, 0xb1, 0x8f, 0x91,
    0x56, 0xba, 0x51, 0xd9, 0x58, 0xc1, 0xcc, 0x48, 0xb3, 0x2b, 0xb1, 0x90,
    0x91, 0x76, 0xbe, 0x49, 0xdb, 0x58, 0xc1, 0xcc, 0xc4, 0xb2, 0xeb, 0xb0,
    0x8f, 0x91, 0x76, 0xbe, 0x49, 0xdb, 0x58, 0xc1, 0xcc, 0xc4, 0xb2, 0xeb,
    0xb0, 0x8f, 0x91, 0x76, 0xbe, 0x49, 0xdb, 0x58, 0xc1, 0xcc, 0xc4, 0xb2,
    0xeb, 0xb0, 0x8f, 0x91, 0x76, 0xbe, 0x49, 0xdb, 0x58, 0xc1, 0xcc, 0xc4,
    0xb2, 0xeb, 0xb0, 0x8f, 0x91, 0x76, 0xbe, 0x49, 0xdb, 0x58, 0xc1, 0xcc,
    0xc4, 0xb2, 0xeb, 0xb0, 0x8f, 0x91, 0x76, 0xbe, 0x49, 0xdb, 0x58, 0xc1,
    0xcc, 0xc4, 0xb2, 0xeb, 0xb0, 0x8f, 0x91, 0x76, 0xbe, 0x49, 0xdb, 0x58,
    0xc1, 0xcc, 0xc4, 0xb2, 0xeb, 0xb0, 0x8f, 0x91, 0x76, 0xbe, 0x49, 0xdb,
    0x58, 0xc1, 0xcc, 0xc4, 0xb2, 0xec, 0xb0, 0x90, 0x91, 0x96, 0xc2, 0x41,
    0xdd, 0x58, 0xc1, 0xcc, 0x40, 0xb2, 0xac, 0xb0, 0x8f, 0x91, 0x96, 0xc2,
    0x41, 0xdd, 0x58, 0xc1, 0xcc, 0x40, 0xb2, 0xac, 0xb0, 0x8f, 0x91, 0x96,
    0xc2, 0x41, 0xdd, 0x58, 0xc1, 0xcc, 0x40, 0xb2, 0xac, 0xb0, 0x8f, 0x91,
    0x96, 0xc2, 0x41, 0xdd, 0x58, 0xc1, 0xcc, 0x40, 0xb2, 0xac, 0xb0, 0x8f,
    0x91, 0x96, 0xc2, 0x41, 0xdd, 0x58, 0xc1, 0xcc, 0x40, 0xb2, 0xac, 0xb0,
    0x8f, 0x91, 0x96, 0xc2, 0x41, 0xdd, 0x58, 0xc1, 0xcc, 0x40, 0xb2, 0xac,
    0xb0, 0x8f, 0x91, 0x96, 0xc2, 0x41, 0xdd, 0x58, 0xc1, 0xcc, 0x40, 0xb2,
    0xac, 0xb0, 0x8f, 0x91, 0x96, 0xc2, 0x41, 0xdd, 0x58, 0xc1, 0xcc, 0x40,
    0xb2, 0xad, 0xb0, 0x90, 0x91, 0xb6, 0xc6, 0xf7, 0xbe, 0xb1, 0x82, 0x99,
    0x77, 0xc7, 0xb6, 0xc1, 0x3e, 0x46, 0xda, 0x1a, 0xdf, 0xfb, 0xc6, 0x0a,
    0x66, 0xde, 0x1d, 0xdb, 0x06, 0xfb, 0x18, 0x69, 0x6b, 0x7c, 0xef, 0x1b,
    0x2b, 0x98, 0x79, 0x77, 0x6c, 0x1b, 0xec, 0x63, 0xa4, 0xad, 0xf1, 0xbd,
    0x6f, 0xac, 0x60, 0xe6, 0xdd, 0xb1, 0x6d, 0xb0, 0x8f, 0x91, 0xb6, 0xc6,
    0xf7, 0xbe, 0xb1, 0x82, 0x99, 0x77, 0xc7, 0xb6, 0xc1, 0x3e, 0x46, 0xda,
    0x1a, 0xdf, 0xfb, 0xc6, 0x0a, 0x66, 0xde, 0x1d, 0xdb, 0x06, 0xfb, 0x18,
    0x69, 0x6b, 0x7c, 0xef, 0x1b, 0x2b, 0x98, 0x79, 0x77, 0x6c, 0x1b, 0xec,
    0x63, 0xa4, 0xad, 0xf1, 0xbd, 0x6f, 0xac, 0x60, 0xe6, 0xdd, 0xb1, 0x6e,
    0xb0, 0x90, 0x91, 0xd6, 0xca, 0x67, 0x80, 0xb1, 0x82, 0x99, 0x67, 0xc5,
    0xba, 0xc0, 0x3e, 0x46, 0x5a, 0x2b, 0x9f, 0x01, 0xc6, 0x0a, 0x66, 0x9e,
    0x15, 0xeb, 0x02, 0xfb, 0x18, 0x69, 0xad, 0x7c, 0x06, 0x18, 0x2b, 0x98,
    0x79, 0x56, 0xac, 0x0b, 0xec, 0x63, 0xa4, 0xb5, 0xf2, 0x19, 0x60, 0xac,
    0x60, 0xe6, 0x59, 0xb1, 0x2e, 0xb0, 0x8f, 0x91, 0xd6, 0xca, 0x67, 0x80,
    0xb1, 0x82, 0x99, 0x67, 0xc5, 0xba, 0xc0, 0x3e, 0x46, 0x5a, 0x2b, 0x9f,
    0x01, 0xc6, 0x0a, 0x66, 0x9e, 0x15, 0xeb, 0x02, 0xfb, 0x18, 0x69, 0xad,
    0x7c, 0x06, 0x18, 0x2b, 0x98, 0x79, 0x56, 0xac, 0x0b, 0xec, 0x63, 0xa4,
    0xb5, 0xf2, 0x19, 0x60, 0xac, 0x60, 0xe6, 0x59, 0xb1, 0x2f, 0xb0, 0x90,
    0x91, 0xf6, 0xce, 0x57, 0x82, 0xb1, 0x82, 0x99, 0x57, 0xc3, 0xfe, 0x9e,
    0x7d, 0x8c, 0xb4, 0x77, 0xbe, 0x12, 0x8c, 0x15, 0xcc, 0xbc, 0x1a, 0xf6,
    0xf7, 0xec, 0x63, 0xa4, 0xbd, 0xf3, 0x95, 0x60, 0xac, 0x60, 0xe6, 0xd5,
    0xb0, 0xbf, 0x67, 0x1f, 0x23, 0xed, 0x9d, 0xaf, 0x04, 0x63, 0x05, 0x33,
    0xaf, 0x86, 0xfd, 0x3d, 0xfb, 0x18, 0x69, 0xef, 0x7c, 0x25, 0x18, 0x2b,
    0x98, 0x79, 0x35, 0xec, 0xef, 0xd9, 0xc7, 0x48, 0x7b, 0xe7, 0x2b, 0xc1,
    0x58, 0xc1, 0xcc, 0xab, 0x61, 0x7f, 0xcf, 0x3e, 0x46, 0xda, 0x3b, 0x5f,
    0x09, 0xc6, 0x0a, 0x66, 0x5e, 0x0d, 0xfb, 0x7b, 0xf6, 0x31, 0xd2, 0xde,
    0xf9, 0x4a, 0x30, 0x56, 0x30, 0xf3, 0x6a, 0x38, 0xb8, 0x67, 0x21, 0x23,
    0x1d, 0x48, 0x1f, 0x11, 0xc6, 0x0a, 0x66, 0x1e, 0x05, 0x07, 0xe7, 0xec,
    0x63, 0xa4, 0x03, 0xe9, 0x23, 0xc2, 0x58, 0xc1, 0xcc, 0xa3, 0xe0, 0xe0,
    0x9c, 0x7d, 0x8c, 0x74, 0x20, 0x7d, 0x44, 0x18, 0x2b, 0x98, 0x79, 0x14,
    0x1c, 0x9c, 0xb3, 0x8f, 0x91, 0x0e, 0xa4, 0x8f, 0x08, 0x63, 0x05, 0x33,
    0x8f, 0x82, 0x83, 0x73, 0xf6, 0x31, 0xd2, 0x81, 0xf4, 0x11, 0x61, 0xac,
    0x60, 0xe6, 0x51, 0x70, 0x70, 0xce, 0x3e, 0x46, 0x3a, 0x90, 0x3e, 0x22,
    0x8c, 0x15, 0xcc, 0x3c, 0x0a, 0x0e, 0xce, 0xd9, 0xc7, 0x48, 0x07, 0xd2,
    0x47, 0x84, 0xb1, 0x82, 0x99, 0x47, 0xc1, 0xc1, 0x39, 0xfb, 0x18, 0xe9,
    0x40, 0xfa, 0x88, 0x30, 0x56, 0x30, 0xf3, 0x28, 0xb8, 0x38, 0x67, 0x21,
    0x23, 0x5d, 0x58, 0xdf, 0x18, 0xc6, 0x0a, 0x66, 0xde, 0xfc, 0x16, 0xd7,
    0xec, 0x63, 0xa4, 0x0b, 0xeb, 0x1b, 0xc3, 0x58, 0xc1, 0xcc, 0x9b, 0xdf,
    0xe2, 0x9a, 0x7d, 0x8c, 0x74, 0x61, 0x7d, 0x63, 0x18, 0x2b, 0x98, 0x79,
    0xf3, 0x5b, 0x5c, 0xb3, 0x8f, 0x91, 0x2e, 0xac, 0x6f, 0x0c, 0x63, 0x05,
    0x33, 0x6f, 0x7e, 0x8b, 0x6b, 0xf6, 0x31, 0xd2, 0x85, 0xf5, 0x8d, 0x61,
    0xac, 0x60, 0xe6, 0xcd, 0x6f, 0x71, 0xcd, 0x3e, 0x46, 0xba, 0xb0, 0xbe,
    0x31, 0x8c, 0x15, 0xcc, 0xbc, 0xf9, 0x2d, 0xae, 0xd9, 0xc7, 0x48, 0x17,
    0xd6, 0x37, 0x86, 0xb1, 0x82, 0x99, 0x37, 0xbf, 0xc5, 0x35, 0xfb, 0x18,
    0xe9, 0xc2, 0xfa, 0xc6, 0x30, 0x56, 0x30, 0xf3, 0xe6, 0x37, 0xb9, 0x66,
    0x21, 0x23, 0x9d, 0x68, 0x9f, 0x20, 0xc6, 0x0a, 0x66, 0x9e, 0xf4, 0x26,
    0xc7, 0xec, 0x63, 0xa4, 0x13, 0xed, 0x13, 0xc4, 0x58, 0xc1, 0xcc, 0x93,
    0xde, 0xe4, 0x98, 0x7d, 0x8c, 0x74, 0xa2, 0x7d, 0x82, 0x18, 0x2b, 0x98,
    0x79, 0xd2, 0x9b, 0x1c, 0xb3, 0x8f, 0x91, 0x4e, 0xb4, 0x4f, 0x10, 0x63,
    0x05, 0x33, 0x4f, 0x7a, 0x93, 0x63, 0xf6, 0x31, 0xd2, 0x89, 0xf6, 0x09,
    0x62, 0xac, 0x60, 0xe6, 0x49, 0x6f, 0x72, 0xcc, 0x3e, 0x46, 0x3a, 0xd1,
    0x3e, 0x41, 0x8c, 0x15, 0xcc, 0x3c, 0xe9, 0x4d, 0x8e, 0xd9, 0xc7, 0x48,
    0x27, 0xda, 0x27, 0x88, 0xb1, 0x82, 0x99, 0x27, 0xbd, 0xc9, 0x31, 0xfb,
    0x18, 0xe9, 0x44, 0xfb, 0x04, 0x31, 0x56, 0x30, 0xf3, 0xa4, 0xb7, 0x39,
    0x66, 0x21, 0x23, 0xdd, 0x78, 0x5f, 0x28, 0xc6, 0x0a, 0x66, 0x5e, 0xec,
    0x36, 0xb7, 0xec, 0x63, 0xa4, 0x1b, 0xef, 0x0b, 0xc5, 0x58, 0xc1, 0xcc,
    0x8b, 0xdd, 0xe6, 0x96, 0x7d, 0x8c, 0x74, 0xe3, 0x7d, 0xa1, 0x18, 0x2b,
    0x98, 0x79, 0xb1, 0xdb, 0xdc, 0xb2, 0x8f, 0x91, 0x6e, 0xbc, 0x2f, 0x14,
    0x63, 0x05, 0x33, 0x2f, 0x76, 0x9b, 0x5b, 0xf6, 0x31, 0xd2, 0x8d, 0xf7,
    0x85, 0x62, 0xac, 0x60, 0xe6, 0xc5, 0x6e, 0x73, 0xcb, 0x3e, 0x46, 0xba,
    0xf1, 0xbe, 0x50, 0x8c, 0x15, 0xcc, 0xbc, 0xd8, 0x6d, 0x6e, 0xd9, 0xc7,
    0x48, 0x37, 0xde, 0x17, 0x8a, 0xb1, 0x82, 0x99, 0x17, 0xbb, 0xcd, 0x2d,
    0xfb, 0x18, 0xe9, 0xc6, 0xfb, 0x42, 0x31, 0x56, 0x30, 0xf3, 0x62, 0x37,
    0xba, 0x65, 0x21, 0x23, 0x1d, 0x89, 0x1f, 0x30, 0xc6, 0x0a, 0x66, 0x1e,
    0xe4, 0x46, 0xa7, 0xec, 0x63, 0xa4, 0x23, 0xf1, 0x03, 0xc6, 0x58, 0xc1,
    0xcc, 0x83, 0xdc, 0xe8, 0x94, 0x7d, 0x8c, 0x74, 0x24, 0x7e, 0xc0, 0x18,
    0x2b, 0x98, 0x79, 0x90, 0x1b, 0x9d, 0xb2, 0x8f, 0x91, 0x8e, 0xc4, 0x0f,
    0x18, 0x63, 0x05, 0x33, 0x0f, 0x72, 0xa3, 0x53, 0xf6, 0x31, 0xd2, 0x91,
    0xf8, 0x01, 0x63, 0xac, 0x60, 0xe6, 0x41, 0x6e, 0x74, 0xca, 0x3e, 0x46,
    0x3a, 0x12, 0x3f, 0x60, 0x8c, 0x15, 0xcc, 0x3c, 0xc8, 0x8d, 0x4e, 0xd9,
    0xc7, 0x48, 0x47, 0xe2, 0x07, 0x8c, 0xb1, 0x82, 0x99, 0x07, 0xb9, 0xd1,
    0x29, 0xfb, 0x18, 0xe9, 0x48, 0xfc, 0x80, 0x31, 0x56, 0x30, 0xf3, 0x20,
    0xb7, 0x3a, 0x65, 0x21, 0x23, 0x5d, 0x99, 0xbf, 0x73, 0x8c, 0x15, 0xcc,
    0x7c, 0x77, 0x5b, 0x5d, 0xb2, 0x8f, 0x91, 0xae, 0xcc, 0xdf, 0x39, 0xc6,
    0x0a, 0x66, 0xbe, 0xbb, 0xad, 0x2e, 0xd9, 0xc7, 0x48, 0x57, 0xe6, 0xef,
    0x1c, 0x63, 0x05, 0x33, 0xdf, 0xdd, 0x56, 0x97, 0xec, 0x63, 0xa4, 0x2b,
    0xf3, 0x77, 0x8e, 0xb1, 0x82, 0x99, 0xef, 0x6e, 0xab, 0x4b, 0xf6, 0x31,
    0xd2, 0x95, 0xf9, 0x3b, 0xc7, 0x58, 0xc1, 0xcc, 0x77, 0xb7, 0xd5, 0x25,
    0xfb, 0x18, 0xe9, 0xca, 0xfc, 0x9d, 0x63, 0xac, 0x60, 0xe6, 0xbb, 0xdb,
    0xea, 0x92, 0x7d, 0x8c, 0x74, 0x65, 0xfe, 0xce, 0x31, 0x56, 0x30, 0xf3,
    0xdd, 0x6d, 0x75, 0xc9, 0x3e, 0x46, 0xba, 0x32, 0x7f, 0xe7, 0x18, 0x2b,
    0x98, 0xf9, 0xee, 0x36, 0xbb, 0x64, 0x21, 0x23, 0x9d, 0xa9, 0x3f, 0x83,
    0x8c, 0x15, 0xcc, 0x7c, 0x56, 0x9b, 0x1d, 0xb2, 0x8f, 0x91, 0xce, 0xd4,
    0x9f, 0x41, 0xc6, 0x0a, 0x66, 0x3e, 0xab, 0xcd, 0x0e, 0xd9, 0xc7, 0x48,
    0x67, 0xea, 0xcf, 0x20, 0x63, 0x05, 0x33, 0x9f, 0xd5, 0x66, 0x87, 0xec,
    0x63, 0xa4, 0x33, 0xf5, 0x67, 0x90, 0xb1, 0x82, 0x99, 0xcf, 0x6a, 0xb3,
    0x43, 0xf6, 0x31, 0xd2, 0x99, 0xfa, 0x33, 0xc8, 0x58, 0xc1, 0xcc, 0x67,
    0xb5, 0xd9, 0x21, 0xfb, 0x18, 0xe9, 0x4c, 0xfd, 0x19, 0x64, 0xac, 0x60,
    0xe6, 0xb3, 0xda, 0xec, 0x90, 0x7d, 0x8c, 0x74, 0xa6, 0xfe, 0x0c, 0x32,
    0x56, 0x30, 0xf3, 0x59, 0x6d, 0x76, 0xc8, 0x3e, 0x46, 0x3a, 0x53, 0x7f,
    0x06, 0x19, 0x2b, 0x98, 0xf9, 0xac, 0xb6, 0x3b, 0x64, 0x21, 0x23, 0xdd,
    0xb9, 0xbf, 0x92, 0x8c, 0x15, 0xcc, 0x7c, 0x35, 0xdb, 0xdd, 0xb1, 0x8f,
    0x91, 0xee, 0xdc, 0x5f, 0x49, 0xc6, 0x0a, 0x66, 0xbe, 0x9a, 0xed, 0xee,
    0xd8, 0xc7, 0x48, 0x77, 0xee, 0xaf, 0x24, 0x63, 0x05, 0x33, 0x5f, 0xcd,
    0x76, 0x77, 0xec, 0x63, 0xa4, 0x3b, 0xf7, 0x57, 0x92, 0xb1, 0x82, 0x99,
    0xaf, 0x66, 0xbb, 0x3b, 0xf6, 0x31, 0xd2, 0x9d, 0xfb, 0x2b, 0xc9, 0x58,
    0xc1, 0xcc, 0x57, 0xb3, 0xdd, 0x1d, 0xfb, 0x18, 0xe9, 0xce, 0xfd, 0x95,
    0x64, 0xac, 0x60, 0xe6, 0xab, 0xd9, 0xee, 0x8e, 0x7d, 0x8c, 0x74, 0xe7,
    0xfe, 0x4a, 0x32, 0x56, 0x30, 0xf3, 0xd5, 0x6c, 0x77, 0xc7, 0x3e, 0x46,
    0xba, 0x73, 0x7f, 0x25, 0x19, 0x2b, 0x98, 0xf9, 0x6a, 0x36, 0xbc, 0x63,
    0x21, 0x23, 0x1d, 0xca, 0x3f, 0xa2, 0x8c, 0x15, 0xcc, 0x7c, 0x14, 0x1b,
    0x9e, 0xb1, 0x8f, 0x91, 0x0e, 0xe5, 0x1f, 0x51, 0xc6, 0x0a, 0x66, 0x3e,
    0x8a, 0x0d, 0xcf, 0xd8, 0xc7, 0x48, 0x87, 0xf2, 0x8f, 0x28, 0x63, 0x05,
    0x33, 0x1f, 0xc5, 0x86, 0x67, 0xec, 0x63, 0xa4, 0x43, 0xf9, 0x47, 0x94,
    0xb1, 0x82, 0x99, 0x8f, 0x62, 0xc3, 0x33, 0xf6, 0x31, 0xd2, 0xa1, 0xfc,
    0x23, 0xca, 0x58, 0xc1, 0xcc, 0x47, 0xb1, 0xe1, 0x19, 0xfb, 0x18, 0xe9,
    0x50, 0xfe, 0x11, 0x65, 0xac, 0x60, 0xe6, 0xa3, 0xd8, 0xf0, 0x8c, 0x7d,
    0x8c, 0x74, 0x28, 0xff, 0x88, 0x32, 0x56, 0x30, 0xf3, 0x51, 0x6c, 0x78,
    0xc6, 0x3e, 0x46, 0x3a, 0x94, 0x7f, 0x44, 0x19, 0x2b, 0x98, 0xf9, 0x28,
    0xb6, 0x3c, 0x63, 0x21, 0x23, 0x5d, 0xda, 0xbf, 0xb1, 0x8c, 0x15, 0xcc,
    0x7c, 0xf3, 0x5a, 0x5e, 0xb1, 0x8f, 0x91, 0x2e, 0xed, 0xdf, 0x58, 0xc6,
    0x0a, 0x66, 0xbe, 0x79, 0x2d, 0xaf, 0xd8, 0xc7, 0x48, 0x97, 0xf6, 0x6f,
    0x2c, 0x63, 0x05, 0x33, 0xdf, 0xbc, 0x96, 0x57, 0xec, 0x63, 0xa4, 0x4b,
    0xfb, 0x37, 0x96, 0xb1, 0x82, 0x99, 0x6f, 0x5e, 0xcb, 0x2b, 0xf6, 0x31,
    0xd2, 0xa5, 0xfd, 0x1b, 0xcb, 0x58, 0xc1, 0xcc, 0x37, 0xaf, 0xe5, 0x15,
    0xfb, 0x18, 0xe9, 0xd2, 0xfe, 0x8d, 0x65, 0xac, 0x60, 0xe6, 0x9b, 0xd7,
    0xf2, 0x8a, 0x7d, 0x8c, 0x74, 0x69, 0xff, 0xc6, 0x32, 0x56, 0x30, 0xf3,
    0xcd, 0x6b, 0x79, 0xc5, 0x3e, 0x46, 0xba, 0xb4, 0x7f, 0x63, 0x19, 0x2b,
    0x98, 0xf9, 0xe6, 0x35, 0xbd, 0x62, 0x21, 0x23, 0x9d, 0xea, 0x3f, 0xc1,
    0x8c, 0x15, 0xcc, 0x7c, 0xd2, 0x9a, 0x1e, 0xb1, 0x8f, 0x91, 0x4e, 0xf5,
    0x9f, 0x60, 0xc6, 0x0a, 0x66, 0x3e, 0x69, 0x4d, 0x8f, 0xd8, 0xc7, 0x48,
    0xa7, 0xfa, 0x4f, 0x30, 0x63, 0x05, 0x33, 0x9f, 0xb4, 0xa6, 0x47, 0xec,
    0x63, 0xa4, 0x53, 0xfd, 0x27, 0x98, 0xb1, 0x82, 0x99, 0x4f, 0x5a, 0xd3,
    0x23, 0xf6, 0x31, 0xd2, 0xa9, 0xfe, 0x13, 0xcc, 0x58, 0xc1, 0xcc, 0x27,
    0xad, 0xe9, 0x11, 0xfb, 0x18, 0xe9, 0x54, 0xff, 0x09, 0x66, 0xac, 0x60,
    0xe6, 0x93, 0xd6, 0xf4, 0x88, 0x7d, 0x8c, 0x74, 0xaa, 0xff, 0x04, 0x33,
    0x56, 0x30, 0xf3, 0x49, 0x6b, 0x7a, 0xc4, 0x3e, 0x46, 0x3a, 0xd5, 0x7f,
    0x82, 0x19, 0x2b, 0x98, 0xf9, 0xa4, 0xb5, 0x3d, 0x62, 0x21, 0x23, 0xdd,
    0xfa, 0xbf, 0xd0, 0x8c, 0x15, 0xcc, 0x7c, 0xb1, 0xda, 0xde, 0xb0, 0x8f,
    0x91, 0x6e, 0xfd, 0x5f, 0x68, 0xc6, 0x0a, 0x66, 0xbe, 0x58, 0x6d, 0x6f,
    0xd8, 0xc7, 0x48, 0xb7, 0xfe, 0x2f, 0x34, 0x63, 0x05, 0x33, 0x5f, 0xac,
    0xb6, 0x37, 0xec, 0x63, 0xa4, 0x5b, 0xff, 0x17, 0x9a, 0xb1, 0x82, 0x99,
    0x2f, 0x56, 0xdb, 0x1b, 0xf6, 0x31, 0xd2, 0xad, 0xff, 0x0b, 0xcd, 0x58,
    0xc1, 0xcc, 0x17, 0xab, 0xed, 0x0d, 0xfb, 0x18, 0xe9, 0xd6, 0xff, 0x85,
    0x66, 0xac, 0x60, 0xe6, 0x8b, 0xd5, 0xf6, 0x86, 0x7d, 0x8c, 0x74, 0xeb,
    0xff, 0x42, 0x33, 0x56, 0x30, 0xf3, 0xc5, 0x6a, 0x7b, 0xc3, 0x3e, 0x46,
    0xba, 0xf5, 0x7f, 0xa1, 0x19, 0x2b, 0x98, 0xf9, 0x62, 0x35, 0xbe, 0x61,
    0x21, 0x23, 0x1d, 0x0f, 0x78, 0xc0, 0x19, 0x2b, 0x98, 0xf9, 0x20, 0x35,
    0x3e, 0x61, 0x1f, 0x23, 0x1d, 0x0f, 0x78, 0xc0, 0x19, 0x2b, 0x98, 0xf9,
    0x20, 0x35, 0x3e, 0x61, 0x1f, 0x23, 0x1d, 0x0f, 0x78, 0xc0, 0x19, 0x2b,
    0x98, 0xf9, 0x20, 0x35, 0x3e, 0x61, 0x1f, 0x23, 0x1d, 0x0f, 0x78, 0xc0,
    0x19, 0x2b, 0x98, 0xf9, 0x20, 0x35, 0x3e, 0x61, 0x1f, 0x23, 0x1d, 0x0f,
    0x78, 0xc0, 0x19, 0x2b, 0x98, 0xf9, 0x20, 0x35, 0x3e, 0x61, 0x1f, 0x23,
    0x1d, 0x0f, 0x78, 0xc0, 0x19, 0x2b, 0x98, 0xf9, 0x20, 0x35, 0x3e, 0x61,
    0x1f, 0x23, 0x1d, 0x0f, 0x78, 0xc0, 0x19, 0x2b, 0x98, 0xf9, 0x20, 0x35,
    0x3e, 0x61, 0x1f, 0x23, 0x1d, 0x0f, 0x78, 0xc0, 0x19, 0x2b, 0x98, 0xf9,
    0x20, 0xb5, 0x3e, 0x61, 0x21, 0x23, 0x5d, 0x2f, 0xf8, 0xe6, 0x19, 0x2b,
    0x98, 0xf9, 0xed, 0xb4, 0xbe, 0x60, 0x1f, 0x23, 0x5d, 0x2f, 0xf8, 0xe6,
    0x19, 0x2b, 0x98, 0xf9, 0xed, 0xb4, 0xbe, 0x60, 0x1f, 0x23, 0x5d, 0x2f,
    0xf8, 0xe6, 0x19, 0x2b, 0x98, 0xf9, 0xed, 0xb4, 0xbe, 0x60, 0x1f, 0x23,
    0x5d, 0x2f, 0xf8, 0xe6, 0x19, 0x2b, 0x98, 0xf9, 0xed, 0xb4, 0xbe, 0x60,
    0x1f, 0x23, 0x5d, 0x2f, 0xf8, 0xe6, 0x19, 0x2b, 0x98, 0xf9, 0xed, 0xb4,
    0xbe, 0x60, 0x1f, 0x23, 0x5d, 0x2f, 0xf8, 0xe6, 0x19, 0x2b, 0x98, 0xf9,
    0xed, 0xb4, 0xbe, 0x60, 0x1f, 0x23, 0x5d, 0x2f, 0xf8, 0xe6, 0x19, 0x2b,
    0x98, 0xf9, 0xed, 0xb4, 0xbe, 0x60, 0x1f, 0x23, 0x5d, 0x2f, 0xf8, 0xe6,
    0x19, 0x2b, 0x98, 0xf9, 0xed, 0x34, 0xbf, 0x60, 0x21, 0x23, 0x9d, 0x4f,
    0xf8, 0x04, 0x1a, 0x2b, 0x98, 0xf9, 0xa9, 0x34, 0x3f, 0x60, 0x1f, 0x23,
    0x9d, 0x4f, 0xf8, 0x04, 0x1a, 0x2b, 0x98, 0xf9, 0xa9, 0x34, 0x3f, 0x60,
    0x1f, 0x23, 0x9d, 0x4f, 0xf8, 0x04, 0x1a, 0x2b, 0x98, 0xf9, 0xa9, 0x34,
    0x3f, 0x60, 0x1f, 0x23, 0x9d, 0x4f, 0xf8, 0x04, 0x1a, 0x2b, 0x98, 0xf9,
    0xa9, 0x34, 0x3f, 0x60, 0x1f, 0x23, 0x9d, 0x4f, 0xf8, 0x04, 0x1a, 0x2b,
    0x98, 0xf9, 0xa9, 0x34, 0x3f, 0x60, 0x1f, 0x23, 0x9d, 0x4f, 0xf8, 0x04,
    0x1a, 0x2b, 0x98, 0xf9, 0xa9, 0x34, 0x3f, 0x60, 0x1f, 0x23, 0x9d, 0x4f,
    0xf8, 0x04, 0x1a, 0x2b, 0x98, 0xf9, 0xa9, 0x34, 0x3f, 0x60, 0x1f, 0x23,
    0x9d, 0x4f, 0xf8, 0x04, 0x1a, 0x2b, 0x98, 0xf9, 0xa9, 0xb4, 0x3f, 0x60,
    0x21, 0x23, 0xdd, 0x6f, 0xf8, 0x22, 0x1a, 0x2b, 0x98, 0xf9, 0x65, 0xb4,
    0xcf, 0xd9, 0xc7, 0x48, 0xf7, 0x1b, 0xbe, 0x88, 0xc6, 0x0a, 0x66, 0x7e,
    0x19, 0xed, 0x73, 0xf6, 0x31, 0xd2, 0xfd, 0x86, 0x2f, 0xa2, 0xb1, 0x82,
    0x99, 0x5f, 0x46, 0xfb, 0x9c, 0x7d, 0x8c, 0x74, 0xbf, 0xe1, 0x8b, 0x68,
    0xac, 0x60, 0xe6, 0x97, 0xd1, 0x3e, 0x67, 0x1f, 0x23, 0xdd, 0x6f, 0xf8,
    0x22, 0x1a, 0x2b, 0x98, 0xf9, 0x65, 0xb4, 0xcf, 0xd9, 0xc7, 0x48, 0xf7,
    0x1b, 0xbe, 0x88, 0xc6, 0x0a, 0x66, 0x7e, 0x19, 0xed, 0x73, 0xf6, 0x31,
    0xd2, 0xfd, 0x86, 0x2f, 0xa2, 0xb1, 0x82, 0x99, 0x5f, 0x46, 0xfb, 0x9c,
    0x7d, 0x8c, 0x74, 0xbf, 0xe1, 0x8b, 0x68, 0xac, 0x60, 0xe6, 0x97, 0x91,
    0x90, 0xb3, 0x90, 0x91, 0x0a, 0x23, 0x3e, 0x90, 0xc6, 0x0a, 0x66, 0x7e,
    0x08, 0x09, 0x31, 0xfb, 0x18, 0xa9, 0x30, 0xe2, 0x03, 0x69, 0xac, 0x60,
    0xe6, 0x87, 0x90, 0x10, 0xb3, 0x8f, 0x91, 0x0a, 0x23, 0x3e, 0x90, 0xc6,
    0x0a, 0x66, 0x7e, 0x08, 0x09, 0x31, 0xfb, 0x18, 0xa9, 0x30, 0xe2, 0x03,
    0x69, 0xac, 0x60, 0xe6, 0x87, 0x90, 0x10, 0xb3, 0x8f, 0x91, 0x0a, 0x23,
    0x3e, 0x90, 0xc6, 0x0a, 0x66, 0x7e, 0x08, 0x09, 0x31, 0xfb, 0x18, 0xa9,
    0x30, 0xe2, 0x03, 0x69, 0xac, 0x60, 0xe6, 0x87, 0x90, 0x10, 0xb3, 0x8f,
    0x91, 0x0a, 0x23, 0x3e, 0x90, 0xc6, 0x0a, 0x66, 0x7e, 0x08, 0x09, 0x31,
    0xfb, 0x18, 0xa9, 0x30, 0xe2, 0x03, 0x69, 0xac, 0x60, 0xe6, 0x87, 0x90,
    0x11, 0xb3, 0x90, 0x91, 0x1a, 0x2b, 0x98, 0x69, 0xac, 0x60, 0x26, 0xfb,
    0x18, 0x29, 0xfb, 0x18, 0xa9, 0xb1, 0x82, 0x99, 0xc6, 0x0a, 0x66, 0xb2,
    0x8f, 0x91, 0xb2, 0x8f, 0x91, 0x1a, 0x2b, 0x98, 0x69, 0xac, 0x60, 0x26,
    0xfb, 0x18, 0x29, 0xfb, 0x18, 0xa9, 0xb1, 0x82, 0x99, 0xc6, 0x0a, 0x66,
    0xb2, 0x8f, 0x91, 0xb2, 0x8f, 0x91, 0x1a, 0x2b, 0x98, 0x69, 0xac, 0x60,
    0x26, 0xfb, 0x18, 0x29, 0xfb, 0x18, 0xa9, 0xb1, 0x82, 0x99, 0xc6, 0x0a,
    0x66, 0xb2, 0x8f, 0x91, 0xb2, 0x8f, 0x91, 0x1a, 0x2b, 0x98, 0x69, 0xac,
    0x60, 0x26, 0xfb, 0x18, 0x29, 0xfb, 0x18, 0xa9, 0xb1, 0x82, 0x99, 0xc6,
    0x0a, 0x66, 0xb2, 0xcf, 0x1f, 0x49, 0xf9, 0x09, 0x8c, 0xf4, 0xf7, 0x1f,
    0xce, 0x58, 0xc1, 0xcc, 0xff, 0x1b, 0x8d, 0x17, 0xe0, 0x37, 0x37, 0x52,
    0x63, 0x05, 0x33, 0x8d, 0x15, 0xcc, 0x64, 0x1f, 0x23, 0x65, 0x1f, 0x23,
    0x35, 0x56, 0x30, 0xd3, 0x58, 0xc1, 0x4c, 0xf6, 0x31, 0x52, 0xf6, 0x31,
    0x52, 0x63, 0x05, 0x33, 0x8d, 0x15, 0xcc, 0x64, 0x1f, 0x23, 0x65, 0x1f,
    0x23, 0x35, 0x56, 0x30, 0xd3, 0x58, 0xc1, 0x4c, 0xf6, 0x31, 0x52, 0xf6,
    0x31, 0x52, 0x63, 0x05, 0x33, 0x8d, 0x15, 0xcc, 0x64, 0x1f, 0x23, 0x65,
    0x1f, 0x23, 0x35, 0x56, 0x30, 0xd3, 0x58, 0xc1, 0x4c, 0xf6, 0x31, 0x52,
    0xf6, 0x31, 0x52, 0x63, 0xc5, 0x07, 0xd3, 0x98, 0xc1, 0xcc, 0x0f, 0x21,
    0x21, 0x66, 0x1f, 0x23, 0x15, 0x46, 0x7c, 0x20, 0x8d, 0x15, 0xcc, 0xfc,
    0x10, 0x12, 0x62, 0xf6, 0x31, 0x52, 0x61, 0xc4, 0x07, 0xd2, 0x58, 0xc1,
    0xcc, 0x0f, 0x21, 0x21, 0x66, 0x1f, 0x23, 0x15, 0x46, 0x7c, 0x20, 0x8d,
    0x15, 0xcc, 0xfc, 0x10, 0x12, 0x62, 0xf6, 0x31, 0x52, 0x61, 0xc4, 0x07,
    0xd2, 0x58, 0xc1, 0xcc, 0x0f, 0x21, 0x21, 0x66, 0x1f, 0x23, 0x15, 0x46,
    0x7c, 0x20, 0x8d, 0x15, 0xcc, 0xfc, 0x10, 0x12, 0x62, 0xf6, 0x31, 0x52,
    0x61, 0xc4, 0x07, 0xd2, 0x58, 0xc1, 0xcc, 0x0f, 0x21, 0x21, 0x66, 0x1f,
    0x23, 0x15, 0x46, 0x7c, 0x20, 0x8d, 0x15, 0xcc, 0xfc, 0x10, 0x12, 0x62,
    0xf6, 0x31, 0x52, 0x61, 0xc4, 0x17, 0xd2, 0x98, 0xc1, 0xcc, 0x2f, 0xa3,
    0x7d, 0xce, 0x3e, 0x46, 0xba, 0xdf, 0xf0, 0x45, 0x34, 0x56, 0x30, 0xf3,
    0xcb, 0x68, 0x9f, 0xb3, 0x8f, 0x91, 0xee, 0x37, 0x7c, 0x11, 0x8d, 0x15,
    0xcc, 0xfc, 0x32, 0xda, 0xe7, 0xec, 0x63, 0xa4, 0xfb, 0x0d, 0x5f, 0x44,
    0x63, 0x05, 0x33, 0xbf, 0x8c, 0xf6, 0x39, 0xfb, 0x18, 0xe9, 0x7e, 0xc3,
    0x17, 0xd1, 0x58, 0xc1, 0xcc, 0x2f, 0xa3, 0x7d, 0xce, 0x3e, 0x46, 0xba,
    0xdf, 0xf0, 0x45, 0x34, 0x56, 0x30, 0xf3, 0xcb, 0x68, 0x9f, 0xb3, 0x8f,
    0x91, 0xee, 0x37, 0x7c, 0x11, 0x8d, 0x15, 0xcc, 0xfc, 0x32, 0xda, 0xe7,
    0xec, 0x63, 0xa4, 0xfb, 0x0d, 0x5f, 0x44, 0x63, 0x05, 0x33, 0xbf, 0x8c,
    0xf6, 0x39, 0xfb, 0x18, 0xe9, 0x7e, 0xc3, 0x27, 0xd1, 0x98, 0xc1, 0xcc,
    0x4f, 0xa5, 0xf9, 0x01, 0xfb, 0x18, 0xe9, 0x7c, 0xc2, 0x27, 0xd0, 0x58,
    0xc1, 0xcc, 0x4f, 0xa5, 0xf9, 0x01, 0xfb, 0x18, 0xe9, 0x7c, 0xc2, 0x27,
    0xd0, 0x58, 0xc1, 0xcc, 0x4f, 0xa5, 0xf9, 0x01, 0xfb, 0x18, 0xe9, 0x7c,
    0xc2, 0x27, 0xd0, 0x58, 0xc1, 0xcc, 0x4f, 0xa5, 0xf9, 0x01, 0xfb, 0x18,
    0xe9, 0x7c, 0xc2, 0x27, 0xd0, 0x58, 0xc1, 0xcc, 0x4f, 0xa5, 0xf9, 0x01,
    0xfb, 0x18, 0xe9, 0x7c, 0xc2, 0x27, 0xd0, 0x58, 0xc1, 0xcc, 0x4f, 0xa5,
    0xf9, 0x01, 0xfb, 0x18, 0xe9, 0x7c, 0xc2, 0x27, 0xd0, 0x58, 0xc1, 0xcc,
    0x4f, 0xa5, 0xf9, 0x01, 0xfb, 0x18, 0xe9, 0x7c, 0xc2, 0x27, 0xd0, 0x58,
    0xc1, 0xcc, 0x4f, 0xa5, 0xf9, 0x01, 0xfb, 0x18, 0xe9, 0x7c, 0xc2, 0x37,
    0xd0, 0x98, 0xc1, 0xcc, 0x6f, 0xa7, 0xf5, 0x05, 0xfb, 0x18, 0xe9, 0x7a,
    0xc1, 0x37, 0xcf, 0x58, 0xc1, 0xcc, 0x6f, 0xa7, 0xf5, 0x05, 0xfb, 0x18,
    0xe9, 0x7a, 0xc1, 0x37, 0xcf, 0x58, 0xc1, 0xcc, 0x6f, 0xa7, 0xf5, 0x05,
    0xfb, 0x18, 0xe9, 0x7a, 0xc1, 0x37, 0xcf, 0x58, 0xc1, 0xcc, 0x6f, 0xa7,
    0xf5, 0x05, 0xfb, 0x18, 0xe9, 0x7a, 0xc1, 0x37, 0xcf, 0x58, 0xc1, 0xcc,
    0x6f, 0xa7, 0xf5, 0x05, 0xfb, 0x18, 0xe9, 0x7a, 0xc1, 0x37, 0xcf, 0x58,
    0xc1, 0xcc, 0x6f, 0xa7, 0xf5, 0x05, 0xfb, 0x18, 0xe9, 0x7a, 0xc1, 0x37,
    0xcf, 0x58, 0xc1, 0xcc, 0x6f, 0xa7, 0xf5, 0x05, 0xfb, 0x18, 0xe9, 0x7a,
    0xc1, 0x37, 0xcf, 0x58, 0xc1, 0xcc, 0x6f, 0xa7, 0xf5, 0x05, 0xfb, 0x18,
    0xe9, 0x7a, 0xc1, 0x03, 0xcf, 0x98, 0xc1, 0xcc, 0x07, 0xa9, 0xf1, 0x09,
    0xfb, 0x18, 0xe9, 0x78, 0xc0, 0x03, 0xce, 0x58, 0xc1, 0xcc, 0x07, 0xa9,
    0xf1, 0x09, 0xfb, 0x18, 0xe9, 0x78, 0xc0, 0x03, 0xce, 0x58, 0xc1, 0xcc,
    0x07, 0xa9, 0xf1, 0x09, 0xfb, 0x18, 0xe9, 0x78, 0xc0, 0x03, 0xce, 0x58,
    0xc1, 0xcc, 0x07, 0xa9, 0xf1, 0x09, 0xfb, 0x18, 0xe9, 0x78, 0xc0, 0x03,
    0xce, 0x58, 0xc1, 0xcc, 0x07, 0xa9, 0xf1, 0x09, 0xfb, 0x18, 0xe9, 0x78,
    0xc0, 0x03, 0xce, 0x58, 0xc1, 0xcc, 0x07, 0xa9, 0xf1, 0x09, 0xfb, 0x18,
    0xe9, 0x78, 0xc0, 0x03, 0xce, 0x58, 0xc1, 0xcc, 0x07, 0xa9, 0xf1, 0x09,
    0xfb, 0x18, 0xe9, 0x78, 0xc0, 0x03, 0xce, 0x58, 0xc1, 0xcc, 0x07, 0xa9,
    0xf1, 0x09, 0xfb, 0x18, 0xe9, 0x78, 0xc0, 0x0b, 0xce, 0x98, 0xc1, 0xcc,
    0x17, 0xab, 0xed, 0x0d, 0xfb, 0x18, 0xe9, 0xd6, 0xff, 0x85, 0x66, 0xac,
    0x60, 0xe6, 0x8b, 0xd5, 0xf6, 0x86, 0x7d, 0x8c, 0x74, 0xeb, 0xff, 0x42,
    0x33, 0x56, 0x30, 0xf3, 0xc5, 0x6a, 0x7b, 0xc3, 0x3e, 0x46, 0xba, 0xf5,
    0x7f, 0xa1, 0x19, 0x2b, 0x98, 0xf9, 0x62, 0xb5, 0xbd, 0x61, 0x1f, 0x23,
    0xdd, 0xfa, 0xbf, 0xd0, 0x8c, 0x15, 0xcc, 0x7c, 0xb1, 0xda, 0xde, 0xb0,
    0x8f, 0x91, 0x6e, 0xfd, 0x5f, 0x68, 0xc6, 0x0a, 0x66, 0xbe, 0x58, 0x6d,
    0x6f, 0xd8, 0xc7, 0x48, 0xb7, 0xfe, 0x2f, 0x34, 0x63, 0x05, 0x33, 0x5f,
    0xac, 0xb6, 0x37, 0xec, 0x63, 0xa4, 0x5b, 0xff, 0x17, 0x9a, 0xb1, 0x82,
    0x99, 0x2f, 0x56, 0xdb, 0x1b, 0xf6, 0x31, 0xd2, 0xad, 0xff, 0x13, 0xcd,
    0x98, 0xc1, 0xcc, 0x27, 0xad, 0xe9, 0x11, 0xfb, 0x18, 0xe9, 0x54, 0xff,
    0x09, 0x66, 0xac, 0x60, 0xe6, 0x93, 0xd6, 0xf4, 0x88, 0x7d, 0x8c, 0x74,
    0xaa, 0xff, 0x04, 0x33, 0x56, 0x30, 0xf3, 0x49, 0x6b, 0x7a, 0xc4, 0x3e,
    0x46, 0x3a, 0xd5, 0x7f, 0x82, 0x19, 0x2b, 0x98, 0xf9, 0xa4, 0x35, 0x3d,
    0x62, 0x1f, 0x23, 0x9d, 0xea, 0x3f, 0xc1, 0x8c, 0x15, 0xcc, 0x7c, 0xd2,
    0x9a, 0x1e, 0xb1, 0x8f, 0x91, 0x4e, 0xf5, 0x9f, 0x60, 0xc6, 0x0a, 0x66,
    0x3e, 0x69, 0x4d, 0x8f, 0xd8, 0xc7, 0x48, 0xa7, 0xfa, 0x4f, 0x30, 0x63,
    0x05, 0x33, 0x9f, 0xb4, 0xa6, 0x47, 0xec, 0x63, 0xa4, 0x53, 0xfd, 0x27,
    0x98, 0xb1, 0x82, 0x99, 0x4f, 0x5a, 0xd3, 0x23, 0xf6, 0x31, 0xd2, 0xa9,
    0xfe, 0x1b, 0xcc, 0x98, 0xc1, 0xcc, 0x37, 0xaf, 0xe5, 0x15, 0xfb, 0x18,
    0xe9, 0xd2, 0xfe, 0x8d, 0x65, 0xac, 0x60, 0xe6, 0x9b, 0xd7, 0xf2, 0x8a,
    0x7d, 0x8c, 0x74, 0x69, 0xff, 0xc6, 0x32, 0x56, 0x30, 0xf3, 0xcd, 0x6b,
    0x79, 0xc5, 0x3e, 0x46, 0xba, 0xb4, 0x7f, 0x63, 0x19, 0x2b, 0x98, 0xf9,
    0xe6, 0xb5, 0xbc, 0x62, 0x1f, 0x23, 0x5d, 0xda, 0xbf, 0xb1, 0x8c, 0x15,
    0xcc, 0x7c, 0xf3, 0x5a, 0x5e, 0xb1, 0x8f, 0x91, 0x2e, 0xed, 0xdf, 0x58,
    0xc6, 0x0a, 0x66, 0xbe, 0x79, 0x2d, 0xaf, 0xd8, 0xc7, 0x48, 0x97, 0xf6,
    0x6f, 0x2c, 0x63, 0x05, 0x33, 0xdf, 0xbc, 0x96, 0x57, 0xec, 0x63, 0xa4,
    0x4b, 0xfb, 0x37, 0x96, 0xb1, 0x82, 0x99, 0x6f, 0x5e, 0xcb, 0x2b, 0xf6,
    0x31, 0xd2, 0xa5, 0xfd, 0x23, 0xcb, 0x98, 0xc1, 0xcc, 0x47, 0xb1, 0xe1,
    0x19, 0xfb, 0x18, 0xe9, 0x50, 0xfe, 0x11, 0x65, 0xac, 0x60, 0xe6, 0xa3,
    0xd8, 0xf0, 0x8c, 0x7d, 0x8c, 0x74, 0x28, 0xff, 0x88, 0x32, 0x56, 0x30,
    0xf3, 0x51, 0x6c, 0x78, 0xc6, 0x3e, 0x46, 0x3a, 0x94, 0x7f, 0x44, 0x19,
    0x2b, 0x98, 0xf9, 0x28, 0x36, 0x3c, 0x63, 0x1f, 0x23, 0x1d, 0xca, 0x3f,
    0xa2, 0x8c, 0x15, 0xcc, 0x7c, 0x14, 0x1b, 0x9e, 0xb1, 0x8f, 0x91, 0x0e,
    0xe5, 0x1f, 0x51, 0xc6, 0x0a, 0x66, 0x3e, 0x8a, 0x0d, 0xcf, 0xd8, 0xc7,
    0x48, 0x87, 0xf2, 0x8f, 0x28, 0x63, 0x05, 0x33, 0x1f, 0xc5, 0x86, 0x67,
    0xec, 0x63, 0xa4, 0x43, 0xf9, 0x47, 0x94, 0xb1, 0x82, 0x99, 0x8f, 0x62,
    0xc3, 0x33, 0xf6, 0x31, 0xd2, 0xa1, 0xfc, 0x2b, 0xca, 0x98, 0xc1, 0xcc,
    0x57, 0xb3, 0xdd, 0x1d, 0xfb, 0x18, 0xe9, 0xce, 0xfd, 0x95, 0x64, 0xac,
    0x60, 0xe6, 0xab, 0xd9, 0xee, 0x8e, 0x7d, 0x8c, 0x74, 0xe7, 0xfe, 0x4a,
    0x32, 0x56, 0x30, 0xf3, 0xd5, 0x6c, 0x77, 0xc7, 0x3e, 0x46, 0xba, 0x73,
    0x7f, 0x25, 0x19, 0x2b, 0x98, 0xf9, 0x6a, 0xb6, 0xbb, 0x63, 0x1f, 0x23,
    0xdd, 0xb9, 0xbf, 0x92, 0x8c, 0x15, 0xcc, 0x7c, 0x35, 0xdb, 0xdd, 0xb1,
    0x8f, 0x91, 0xee, 0xdc, 0x5f, 0x49, 0xc6, 0x0a, 0x66, 0xbe, 0x9a, 0xed,
    0xee, 0xd8, 0xc7, 0x48, 0x77, 0xee, 0xaf, 0x24, 0x63, 0x05, 0x33, 0x5f,
    0xcd, 0x76, 0x77, 0xec, 0x63, 0xa4, 0x3b, 0xf7, 0x57, 0x92, 0xb1, 0x82,
    0x99, 0xaf, 0x66, 0xbb, 0x3b, 0xf6, 0x31, 0xd2, 0x9d, 0xfb, 0x33, 0xc9,
    0x98, 0xc1, 0xcc, 0x67, 0xb5, 0xd9, 0x21, 0xfb, 0x18, 0xe9, 0x4c, 0xfd,
    0x19, 0x64, 0xac, 0x60, 0xe6, 0xb3, 0xda, 0xec, 0x90, 0x7d, 0x8c, 0x74,
    0xa6, 0xfe, 0x0c, 0x32, 0x56, 0x30, 0xf3, 0x59, 0x6d, 0x76, 0xc8, 0x3e,
    0x46, 0x3a, 0x53, 0x7f, 0x06, 0x19, 0x2b, 0x98, 0xf9, 0xac, 0x36, 0x3b,
    0x64, 0x1f, 0x23, 0x9d, 0xa9, 0x3f, 0x83, 0x8c, 0x15, 0xcc, 0x7c, 0x56,
    0x9b, 0x1d, 0xb2, 0x8f, 0x91, 0xce, 0xd4, 0x9f, 0x41, 0xc6, 0x0a, 0x66,
    0x3e, 0xab, 0xcd, 0x0e, 0xd9, 0xc7, 0x48, 0x67, 0xea, 0xcf, 0x20, 0x63,
    0x05, 0x33, 0x9f, 0xd5, 0x66, 0x87, 0xec, 0x63, 0xa4, 0x33, 0xf5, 0x67,
    0x90, 0xb1, 0x82, 0x99, 0xcf, 0x6a, 0xb3, 0x43, 0xf6, 0x31, 0xd2, 0x99,
    0xfa, 0x3b, 0xc8, 0x98, 0xc1, 0xcc, 0x77, 0xb7, 0xd5, 0x25, 0xfb, 0x18,
    0xe9, 0xca, 0xfc, 0x9d, 0x63, 0xac, 0x60, 0xe6, 0xbb, 0xdb, 0xea, 0x92,
    0x7d, 0x8c, 0x74, 0x65, 0xfe, 0xce, 0x31, 0x56, 0x30, 0xf3, 0xdd, 0x6d,
    0x75, 0xc9, 0x3e, 0x46, 0xba, 0x32, 0x7f, 0xe7, 0x18, 0x2b, 0x98, 0xf9,
    0xee, 0xb6, 0xba, 0x64, 0x1f, 0x23, 0x5d, 0x99, 0xbf, 0x73, 0x8c, 0x15,
    0xcc, 0x7c, 0x77, 0x5b, 0x5d, 0xb2, 0x8f, 0x91, 0xae, 0xcc, 0xdf, 0x39,
    0xc6, 0x0a, 0x66, 0xbe, 0xbb, 0xad, 0x2e, 0xd9, 0xc7, 0x48, 0x57, 0xe6,
    0xef, 0x1c, 0x63, 0x05, 0x33, 0xdf, 0xdd, 0x56, 0x97, 0xec, 0x63, 0xa4,
    0x2b, 0xf3, 0x77, 0x8e, 0xb1, 0x82, 0x99, 0xef, 0x6e, 0xab, 0x4b, 0xf6,
    0x31, 0xd2, 0x95, 0xf9, 0x81, 0x63, 0xcc, 0x60, 0xe6, 0x41, 0x6e, 0x74,
    0xca, 0x3e, 0x46, 0x3a, 0x12, 0x3f, 0x60, 0x8c, 0x15, 0xcc, 0x3c, 0xc8,
    0x8d, 0x4e, 0xd9, 0xc7, 0x48, 0x47, 0xe2, 0x07, 0x8c, 0xb1, 0x82, 0x99,
    0x07, 0xb9, 0xd1, 0x29, 0xfb, 0x18, 0xe9, 0x48, 0xfc, 0x80, 0x31, 0x56,
    0x30, 0xf3, 0x20, 0x37, 0x3a, 0x65, 0x1f, 0x23, 0x1d, 0x89, 0x1f, 0x30,
    0xc6, 0x0a, 0x66, 0x1e, 0xe4, 0x46, 0xa7, 0xec, 0x63, 0xa4, 0x23, 0xf1,
    0x03, 0xc6, 0x58, 0xc1, 0xcc, 0x83, 0xdc, 0xe8, 0x94, 0x7d, 0x8c, 0x74,
    0x24, 0x7e, 0xc0, 0x18, 0x2b, 0x98, 0x79, 0x90, 0x1b, 0x9d, 0xb2, 0x8f,
    0x91, 0x8e, 0xc4, 0x0f, 0x18, 0x63, 0x05, 0x33, 0x0f, 0x72, 0xa3, 0x53,
    0xf6, 0x31, 0xd2, 0x91, 0xf8, 0x05, 0x63, 0xcc, 0x60, 0xe6, 0xc5, 0x6e,
    0x73, 0xcb, 0x3e, 0x46, 0xba, 0xf1, 0xbe, 0x50, 0x8c, 0x15, 0xcc, 0xbc,
    0xd8, 0x6d, 0x6e, 0xd9, 0xc7, 0x48, 0x37, 0xde, 0x17, 0x8a, 0xb1, 0x82,
    0x99, 0x17, 0xbb, 0xcd, 0x2d, 0xfb, 0x18, 0xe9, 0xc6, 0xfb, 0x42, 0x31,
    0x56, 0x30, 0xf3, 0x62, 0xb7, 0xb9, 0x65, 0x1f, 0x23, 0xdd, 0x78, 0x5f,
    0x28, 0xc6, 0x0a, 0x66, 0x5e, 0xec, 0x36, 0xb7, 0xec, 0x63, 0xa4, 0x1b,
    0xef, 0x0b, 0xc5, 0x58, 0xc1, 0xcc, 0x8b, 0xdd, 0xe6, 0x96, 0x7d, 0x8c,
    0x74, 0xe3, 0x7d, 0xa1, 0x18, 0x2b, 0x98, 0x79, 0xb1, 0xdb, 0xdc, 0xb2,
    0x8f, 0x91, 0x6e, 0xbc, 0x2f, 0x14, 0x63, 0x05, 0x33, 0x2f, 0x76, 0x9b,
    0x5b, 0xf6, 0x31, 0xd2, 0x8d, 0xf7, 0x89, 0x62, 0xcc, 0x60, 0xe6, 0x49,
    0x6f, 0x72, 0xcc, 0x3e, 0x46, 0x3a, 0xd1, 0x3e, 0x41, 0x8c, 0x15, 0xcc,
    0x3c, 0xe9, 0x4d, 0x8e, 0xd9, 0xc7, 0x48, 0x27, 0xda, 0x27, 0x88, 0xb1,
    0x82, 0x99, 0x27, 0xbd, 0xc9, 0x31, 0xfb, 0x18, 0xe9, 0x44, 0xfb, 0x04,
    0x31, 0x56, 0x30, 0xf3, 0xa4, 0x37, 0x39, 0x66, 0x1f, 0x23, 0x9d, 0x68,
    0x9f, 0x20, 0xc6, 0x0a, 0x66, 0x9e, 0xf4, 0x26, 0xc7, 0xec, 0x63, 0xa4,
    0x13, 0xed, 0x13, 0xc4, 0x58, 0xc1, 0xcc, 0x93, 0xde, 0xe4, 0x98, 0x7d,
    0x8c, 0x74, 0xa2, 0x7d, 0x82, 0x18, 0x2b, 0x98, 0x79, 0xd2, 0x9b, 0x1c,
    0xb3, 0x8f, 0x91, 0x4e, 0xb4, 0x4f, 0x10, 0x63, 0x05, 0x33, 0x4f, 0x7a,
    0x93, 0x63, 0xf6, 0x31, 0xd2, 0x89, 0xf6, 0x0d, 0x62, 0xcc, 0x60, 0xe6,
    0xcd, 0x6f, 0x71, 0xcd, 0x3e, 0x46, 0xba, 0xb0, 0xbe, 0x31, 0x8c, 0x15,
    0xcc, 0xbc, 0xf9, 0x2d, 0xae, 0xd9, 0xc7, 0x48, 0x17, 0xd6, 0x37, 0x86,
    0xb1, 0x82, 0x99, 0x37, 0xbf, 0xc5, 0x35, 0xfb, 0x18, 0xe9, 0xc2, 0xfa,
    0xc6, 0x30, 0x56, 0x30, 0xf3, 0xe6, 0xb7, 0xb8, 0x66, 0x1f, 0x23, 0x5d,
    0x58, 0xdf, 0x18, 0xc6, 0x0a, 0x66, 0xde, 0xfc, 0x16, 0xd7, 0xec, 0x63,
    0xa4, 0x0b, 0xeb, 0x1b, 0xc3, 0x58, 0xc1, 0xcc, 0x9b, 0xdf, 0xe2, 0x9a,
    0x7d, 0x8c, 0x74, 0x61, 0x7d, 0x63, 0x18, 0x2b, 0x98, 0x79, 0xf3, 0x5b,
    0x5c, 0xb3, 0x8f, 0x91, 0x2e, 0xac, 0x6f, 0x0c, 0x63, 0x05, 0x33, 0x6f,
    0x7e, 0x8b, 0x6b, 0xf6, 0x31, 0xd2, 0x85, 0xf5, 0x91, 0x61, 0xcc, 0x60,
    0xe6, 0x51, 0x70, 0x70, 0xce, 0x3e, 0x46, 0x3a, 0x90, 0x3e, 0x22, 0x8c,
    0x15, 0xcc, 0x3c, 0x0a, 0x0e, 0xce, 0xd9, 0xc7, 0x48, 0x07, 0xd2, 0x47,
    0x84, 0xb1, 0x82, 0x99, 0x47, 0xc1, 0xc1, 0x39, 0xfb, 0x18, 0xe9, 0x40,
    0xfa, 0x88, 0x30, 0x56, 0x30, 0xf3, 0x28, 0x38, 0x38, 0x67, 0x1f, 0x23,
    0x1d, 0x48, 0x1f, 0x11, 0xc6, 0x0a, 0x66, 0x1e, 0x05, 0x07, 0xe7, 0xec,
    0x63, 0xa4, 0x03, 0xe9, 0x23, 0xc2, 0x58, 0xc1, 0xcc, 0xa3, 0xe0, 0xe0,
    0x9c, 0x7d, 0x8c, 0x74, 0x20, 0x7d, 0x44, 0x18, 0x2b, 0x98, 0x79, 0x14,
    0x1c, 0x9c, 0xb3, 0x8f, 0x91, 0x0e, 0xa4, 0x8f, 0x08, 0x63, 0x05, 0x33,
    0x8f, 0x82, 0x83, 0x73, 0xf6, 0x31, 0xd2, 0x81, 0xf4, 0x15, 0x61, 0xcc,
    0x60, 0xe6, 0xd5, 0xb0, 0xbf, 0x67, 0x1f, 0x23, 0xed, 0x9d, 0xaf, 0x04,
    0x63, 0x05, 0x33, 0xaf, 0x86, 0xfd, 0x3d, 0xfb, 0x18, 0x69, 0xef, 0x7c,
    0x25, 0x18, 0x2b, 0x98, 0x79, 0x35, 0xec, 0xef, 0xd9, 0xc7, 0x48, 0x7b,
    0xe7, 0x2b, 0xc1, 0x58, 0xc1, 0xcc, 0xab, 0x61, 0x7f, 0xcf, 0x3e, 0x46,
    0xda, 0x3b, 0x5f, 0x09, 0xc6, 0x0a, 0x66, 0x5e, 0x0d, 0xfb, 0x7b, 0xf6,
    0x31, 0xd2, 0xde, 0xf9, 0x4a, 0x30, 0x56, 0x30, 0xf3, 0x6a, 0xd8, 0xdf,
    0xb3, 0x8f, 0x91, 0xf6, 0xce, 0x57, 0x82, 0xb1, 0x82, 0x99, 0x57, 0xc3,
    0xfe, 0x9e, 0x7d, 0x8c, 0xb4, 0x77, 0xbe, 0x12, 0x8c, 0x15, 0xcc, 0xbc,
    0x1a, 0xf6, 0xf7, 0xec, 0x63, 0xa4, 0xbd, 0xf3, 0x99, 0x60, 0xcc, 0x60,
    0xe6, 0x59, 0xb1, 0x2e, 0xb0, 0x8f, 0x91, 0xd6, 0xca, 0x67, 0x80, 0xb1,
    0x82, 0x99, 0x67, 0xc5, 0xba, 0xc0, 0x3e, 0x46, 0x5a, 0x2b, 0x9f, 0x01,
    0xc6, 0x0a, 0x66, 0x9e, 0x15, 0xeb, 0x02, 0xfb, 0x18, 0x69, 0xad, 0x7c,
    0x06, 0x18, 0x2b, 0x98, 0x79, 0x56, 0xac, 0x0b, 0xec, 0x63, 0xa4, 0xb5,
    0xf2, 0x19, 0x60, 0xac, 0x60, 0xe6, 0x59, 0xb1, 0x2e, 0xb0, 0x8f, 0x91,
    0xd6, 0xca, 0x67, 0x80, 0xb1, 0x82, 0x99, 0x67, 0xc5, 0xba, 0xc0, 0x3e,
    0x46, 0x5a, 0x2b, 0x9f, 0x01, 0xc6, 0x0a, 0x66, 0x9e, 0x15, 0xeb, 0x02,
    0xfb, 0x18, 0x69, 0xad, 0x7c, 0x06, 0x18, 0x2b, 0x98, 0x79, 0x56, 0xac,
    0x0b, 0xec, 0x63, 0xa4, 0xb5, 0xf2, 0x1d, 0x60, 0xcc, 0x60, 0xe6, 0xdd,
    0xb1, 0x6d, 0xb0, 0x8f, 0x91, 0xb6, 0xc6, 0xf7, 0xbe, 0xb1, 0x82, 0x99,
    0x77, 0xc7, 0xb6, 0xc1, 0x3e, 0x46, 0xda, 0x1a, 0xdf, 0xfb, 0xc6, 0x0a,
    0x66, 0xde, 0x1d, 0xdb, 0x06, 0xfb, 0x18, 0x69, 0x6b, 0x7c, 0xef, 0x1b,
    0x2b, 0x98, 0x79, 0x77, 0x6c, 0x1b, 0xec, 0x63, 0xa4, 0xad, 0xf1, 0xbd,
    0x6f, 0xac, 0x60, 0xe6, 0xdd, 0xb1, 0x6d, 0xb0, 0x8f, 0x91, 0xb6, 0xc6,
    0xf7, 0xbe, 0xb1, 0x82, 0x99, 0x77, 0xc7, 0xb6, 0xc1, 0x3e, 0x46, 0xda,
    0x1a, 0xdf, 0xfb, 0xc6, 0x0a, 0x66, 0xde, 0x1d, 0xdb, 0x06, 0xfb, 0x18,
    0x69, 0x6b, 0x7c, 0xef, 0x1b, 0x2b, 0x98, 0x79, 0x77, 0x6c, 0x1b, 0xec,
    0x63, 0xa4, 0xad, 0x71, 0xd0, 0x37, 0x66, 0x30, 0x33, 0x90, 0x2c, 0x2b,
    0xec, 0x63, 0xa4, 0xa5, 0x70, 0x50, 0x37, 0x56, 0x30, 0x33, 0x90, 0x2c,
    0x2b, 0xec, 0x63, 0xa4, 0xa5, 0x70, 0x50, 0x37, 0x56, 0x30, 0x33, 0x90,
    0x2c, 0x2b, 0xec, 0x63, 0xa4, 0xa5, 0x70, 0x50, 0x37, 0x56, 0x30, 0x33,
    0x90, 0x2c, 0x2b, 0xec, 0x63, 0xa4, 0xa5, 0x70, 0x50, 0x37, 0x56, 0x30,
    0x33, 0x90, 0x2c, 0x2b, 0xec, 0x63, 0xa4, 0xa5, 0x70, 0x50, 0x37, 0x56,
    0x30, 0x33, 0x90, 0x2c, 0x2b, 0xec, 0x63, 0xa4, 0xa5, 0x70, 0x50, 0x37,
    0x56, 0x30, 0x33, 0x90, 0x2c, 0x2b, 0xec, 0x63, 0xa4, 0xa5, 0x70, 0x50,
    0x37, 0x56, 0x30, 0x33, 0x90, 0x2c, 0x2b, 0xec, 0x63, 0xa4, 0xa5, 0x70,
    0x52, 0x37, 0x66, 0x30, 0x33, 0xb1, 0xec, 0x3a, 0xec, 0x63, 0xa4, 0x9d,
    0x6f, 0xd2, 0x36, 0x56, 0x30, 0x33, 0xb1, 0xec, 0x3a, 0xec, 0x63, 0xa4,
    0x9d, 0x6f, 0xd2, 0x36, 0x56, 0x30, 0x33, 0xb1, 0xec, 0x3a, 0xec, 0x63,
    0xa4, 0x9d, 0x6f, 0xd2, 0x36, 0x56, 0x30, 0x33, 0xb1, 0xec, 0x3a, 0xec,
    0x63, 0xa4, 0x9d, 0x6f, 0xd2, 0x36, 0x56, 0x30, 0x33, 0xb1, 0xec, 0x3a,
    0xec, 0x63, 0xa4, 0x9d, 0x6f, 0xd2, 0x36, 0x56, 0x30, 0x33, 0xb1, 0xec,
    0x3a, 0xec, 0x63, 0xa4, 0x9d, 0x6f, 0xd2, 0x36, 0x56, 0x30, 0x33, 0xb1,
    0xec, 0x3a, 0xec, 0x63, 0xa4, 0x9d, 0x6f, 0xd2, 0x36, 0x56, 0x30, 0x33,
    0xb1, 0xec, 0x3a, 0xec, 0x63, 0xa4, 0x9d, 0x6f, 0xd4, 0x36, 0x66, 0x30,
    0x33, 0xd2, 0xac, 0x4a, 0xec, 0x63, 0xa4, 0x95, 0x6e, 0x54, 0x36, 0x56,
    0x30, 0x33, 0xd2, 0xac, 0x4a, 0xec, 0x63, 0xa4, 0x95, 0x6e, 0x54, 0x36,
    0x56, 0x30, 0x33, 0xd2, 0xac, 0x4a, 0xec, 0x63, 0xa4, 0x95, 0x6e, 0x54,
    0x36, 0x56, 0x30, 0x33, 0xd2, 0xac, 0x4a, 0xec, 0x63, 0xa4, 0x95, 0x6e,
    0x54, 0x36, 0x56, 0x30, 0x33, 0xd2, 0xac, 0x4a, 0xec, 0x63, 0xa4, 0x95,
    0x6e, 0x54, 0x36, 0x56, 0x30, 0x33, 0xd2, 0xac, 0x4a, 0xec, 0x63, 0xa4,
    0x95, 0x6e, 0x54, 0x36, 0x56, 0x30, 0x33, 0xd2, 0xac, 0x4a, 0xec, 0x63,
    0xa4, 0x95, 0x6e, 0x54, 0x36, 0x56, 0x30, 0x33, 0xd2, 0xac, 0x4a, 0xec,
    0x63, 0xa4, 0x95, 0x6e, 0x56, 0x36, 0x66, 0x30, 0x33, 0xf3, 0x6c, 0x5a,
    0xec, 0x63, 0xa4, 0x8d, 0x6d, 0xd6, 0x35, 0x56, 0x30, 0x33, 0xf3, 0x6c,
    0x5a, 0xec, 0x63, 0xa4, 0x8d, 0x6d, 0xd6, 0x35, 0x56, 0x30, 0x33, 0xf3,
    0x6c, 0x5a, 0xec, 0x63, 0xa4, 0x8d, 0x6d, 0xd6, 0x35, 0x56, 0x30, 0x33,
    0xf3, 0x6c, 0x5a, 0xec, 0x63, 0xa4, 0x8d, 0x6d, 0xd6, 0x35, 0x56, 0x30,
    0x33, 0xf3, 0x6c, 0x5a, 0xec, 0x63, 0xa4, 0x8d, 0x6d, 0xd6, 0x35, 0x56,
    0x30, 0x33, 0xf3, 0x6c, 0x5a, 0xec, 0x63, 0xa4, 0x8d, 0x6d, 0xd6, 0x35,
    0x56, 0x30, 0x33, 0xf3, 0x6c, 0x5a, 0xec, 0x63, 0xa4, 0x8d, 0x6d, 0xd6,
    0x35, 0x56, 0x30, 0x33, 0xf3, 0x6c, 0x5a, 0xec, 0x63, 0xa4, 0x8d, 0x6d,
    0xd8, 0x35, 0x66, 0x30, 0x33, 0x14, 0x2d, 0x6a, 0xec, 0x63, 0xa4, 0x85,
    0x6c, 0x58, 0x35, 0x56, 0x30, 0x33, 0x14, 0x2d, 0x6a, 0xec, 0x63, 0xa4,
    0x85, 0x6c, 0x58, 0x35, 0x56, 0x30, 0x33, 0x14, 0x2d, 0x6a, 0xec, 0x63,
    0xa4, 0x85, 0x6c, 0x58, 0x35, 0x56, 0x30, 0x33, 0x14, 0x2d, 0x6a, 0xec,
    0x63, 0xa4, 0x85, 0x6c, 0x58, 0x35, 0x56, 0x30, 0x33, 0x14, 0x2d, 0x6a,
    0xec, 0x63, 0xa4, 0x85, 0x6c, 0x58, 0x35, 0x56, 0x30, 0x33, 0x14, 0x2d,
    0x6a, 0xec, 0x63, 0xa4, 0x85, 0x6c, 0x58, 0x35, 0x56, 0x30, 0x33, 0x14,
    0x2d, 0x6a, 0xec, 0x63, 0xa4, 0x85, 0x6c, 0x58, 0x35, 0x56, 0x30, 0x33,
    0x14, 0x2d, 0x6a, 0xec, 0x63, 0xa4, 0x85, 0x6c, 0x5a, 0x35, 0x66, 0x30,
    0x33, 0x35, 0xcd, 0x7b, 0xec, 0x63, 0xa4, 0xb9, 0x6b, 0xda, 0x34, 0x56,
    0x30, 0x33, 0x35, 0xcd, 0x7b, 0xec, 0x63, 0xa4, 0xb9, 0x6b, 0xda, 0x34,
    0x56, 0x30, 0x33, 0x35, 0xcd, 0x7b, 0xec, 0x63, 0xa4, 0xb9, 0x6b, 0xda,
    0x34, 0x56, 0x30, 0x33, 0x35, 0xcd, 0x7b, 0xec, 0x63, 0xa4, 0xb9, 0x6b,
    0xda, 0x34, 0x56, 0x30, 0x33, 0x35, 0xcd, 0x7b, 0xec, 0x63, 0xa4, 0xb9,
    0x6b, 0xda, 0x34, 0x56, 0x30, 0x33, 0x35, 0xcd, 0x7b, 0xec, 0x63, 0xa4,
    0xb9, 0x6b, 0xda, 0x34, 0x56, 0x30, 0x33, 0x35, 0xcd, 0x7b, 0xec, 0x63,
    0xa4, 0xb9, 0x6b, 0xda, 0x34, 0x56, 0x30, 0x33, 0x35, 0xcd, 0x7b, 0xec,
    0x63, 0xa4, 0xb9, 0x6b, 0xdc, 0x34, 0x66, 0x30, 0x33, 0x56, 0x8d, 0x8b,
    0xec, 0x63, 0xa4, 0xb1, 0x6a, 0x5c, 0x34, 0x56, 0x30, 0x33, 0x56, 0x8d,
    0x8b, 0xec, 0x63, 0xa4, 0xb1, 0x6a, 0x5c, 0x34, 0x56, 0x30, 0x33, 0x56,
    0x8d, 0x8b, 0xec, 0x63, 0xa4, 0xb1, 0x6a, 0x5c, 0x34, 0x56, 0x30, 0x33,
    0x56, 0x8d, 0x8b, 0xec, 0x63, 0xa4, 0xb1, 0x6a, 0x5c, 0x34, 0x56, 0x30,
    0x33, 0x56, 0x8d, 0x8b, 0xec, 0x63, 0xa4, 0xb1, 0x6a, 0x5c, 0x34, 0x56,
    0x30, 0x33, 0x56, 0x8d, 0x8b, 0xec, 0x63, 0xa4, 0xb1, 0x6a, 0x5c, 0x34,
    0x56, 0x30, 0x33, 0x56, 0x8d, 0x8b, 0xec, 0x63, 0xa4, 0xb1, 0x6a, 0x5c,
    0x34, 0x56, 0x30, 0x33, 0x56, 0x8d, 0x8b, 0xec, 0x63, 0xa4, 0xb1, 0x6a,
    0x5e, 0x34, 0x66, 0x30, 0x33, 0x77, 0x4d, 0x9b, 0xec, 0x63, 0xa4, 0xa9,
    0x69, 0xde, 0x33, 0x56, 0x30, 0x33, 0x77, 0x4d, 0x9b, 0xec, 0x63, 0xa4,
    0xa9, 0x69, 0xde, 0x33, 0x56, 0x30, 0x33, 0x77, 0x4d, 0x9b, 0xec, 0x63,
    0xa4, 0xa9, 0x69, 0xde, 0x33, 0x56, 0x30, 0x33, 0x77, 0x4d, 0x9b, 0xec,
    0x63, 0xa4, 0xa9, 0x69, 0xde, 0x33, 0x56, 0x30, 0x33, 0x77, 0x4d, 0x9b,
    0xec, 0x63, 0xa4, 0xa9, 0x69, 0xde, 0x33, 0x56, 0x30, 0x33, 0x77, 0x4d,
    0x9b, 0xec, 0x63, 0xa4, 0xa9, 0x69, 0xde, 0x33, 0x56, 0x30, 0x33, 0x77,
    0x4d, 0x9b, 0xec, 0x63, 0xa4, 0xa9, 0x69, 0xde, 0x33, 0x56, 0x30, 0x33,
    0x77, 0x4d, 0x9b, 0xec, 0x63, 0xa4, 0xa9, 0x69, 0xd1, 0x33, 0x66, 0x30,
    0xb3, 0x90, 0x0d, 0xab, 0xec, 0x63, 0xa4, 0xa1, 0x68, 0x51, 0x33, 0x56,
    0x30, 0xb3, 0x90, 0x0d, 0xab, 0xec, 0x63, 0xa4, 0xa1, 0x68, 0x51, 0x33,
    0x56, 0x30, 0xb3, 0x90, 0x0d, 0xab, 0xec, 0x63, 0xa4, 0xa1, 0x68, 0x51,
    0x33, 0x56, 0x30, 0xb3, 0x90, 0x0d, 0xab, 0xec, 0x63, 0xa4, 0xa1, 0x68,
    0x51, 0x33, 0x56, 0x30, 0xb3, 0x90, 0x0d, 0xab, 0xec, 0x63, 0xa4, 0xa1,
    0x68, 0x51, 0x33, 0x56, 0x30, 0xb3, 0x90, 0x0d, 0xab, 0xec, 0x63, 0xa4,
    0xa1, 0x68, 0x51, 0x33, 0x56, 0x30, 0xb3, 0x90, 0x0d, 0xab, 0xec, 0x63,
    0xa4, 0xa1, 0x68, 0x51, 0x33, 0x56, 0x30, 0xb3, 0x90, 0x0d, 0xab, 0xec,
    0x63, 0xa4, 0xa1, 0x68, 0x53, 0x33, 0x66, 0x30, 0xb3, 0xb1, 0xcd, 0xba,
    0xec, 0x63, 0xa4, 0x99, 0x67, 0xd3, 0x32, 0x56, 0x30, 0xb3, 0xb1, 0xcd,
    0xba, 0xec, 0x63, 0xa4, 0x99, 0x67, 0xd3, 0x32, 0x56, 0x30, 0xb3, 0xb1,
    0xcd, 0xba, 0xec, 0x63, 0xa4, 0x99, 0x67, 0xd3, 0x32, 0x56, 0x30, 0xb3,
    0xb1, 0xcd, 0xba, 0xec, 0x63, 0xa4, 0x99, 0x67, 0xd3, 0x32, 0x56, 0x30,
    0xb3, 0xb1, 0xcd, 0xba, 0xec, 0x63, 0xa4, 0x99, 0x67, 0xd3, 0x32, 0x56,
    0x30, 0xb3, 0xb1, 0xcd, 0xba, 0xec, 0x63, 0xa4, 0x99, 0x67, 0xd3, 0x32,
    0x56, 0x30, 0xb3, 0xb1, 0xcd, 0xba, 0xec, 0x63, 0xa4, 0x99, 0x67, 0xd3,
    0x32, 0x56, 0x30, 0xb3, 0xb1, 0xcd, 0xba, 0xec, 0x63, 0xa4, 0x99, 0x67,
    0xd5, 0x32, 0x66, 0x30, 0xb3, 0xd2, 0x8d, 0xca, 0xec, 0x63, 0xa4, 0x91,
    0x66, 0x55, 0x32, 0x56, 0x30, 0xb3, 0xd2, 0x8d, 0xca, 0xec, 0x63, 0xa4,
    0x91, 0x66, 0x55, 0x32, 0x56, 0x30, 0xb3, 0xd2, 0x8d, 0xca, 0xec, 0x63,
    0xa4, 0x91, 0x66, 0x55, 0x32, 0x56, 0x30, 0xb3, 0xd2, 0x8d, 0xca, 0xec,
    0x63, 0xa4, 0x91, 0x66, 0x55, 0x32, 0x56, 0x30, 0xb3, 0xd2, 0x8d, 0xca,
    0xec, 0x63, 0xa4, 0x91, 0x66, 0x55, 0x32, 0x56, 0x30, 0xb3, 0xd2, 0x8d,
    0xca, 0xec, 0x63, 0xa4, 0x91, 0x66, 0x55, 0x32, 0x56, 0x30, 0xb3, 0xd2,
    0x8d, 0xca, 0xec, 0x63, 0xa4, 0x91, 0x66, 0x55, 0x32, 0x56, 0x30, 0xb3,
    0xd2, 0x8d, 0xca, 0xec, 0x63, 0xa4, 0x91, 0x66, 0x57, 0x32, 0x66, 0x30,
    0xb3, 0xf3, 0x4d, 0xda, 0xec, 0x63, 0xa4, 0x89, 0x65, 0xd7, 0x31, 0x56,
    0x30, 0xb3, 0xf3, 0x4d, 0xda, 0xec, 0x63, 0xa4, 0x89, 0x65, 0xd7, 0x31,
    0x56, 0x30, 0xb3, 0xf3, 0x4d, 0xda, 0xec, 0x63, 0xa4, 0x89, 0x65, 0xd7,
    0x31, 0x56, 0x30, 0xb3, 0xf3, 0x4d, 0xda, 0xec, 0x63, 0xa4, 0x89, 0x65,
    0xd7, 0x31, 0x56, 0x30, 0xb3, 0xf3, 0x4d, 0xda, 0xec, 0x63, 0xa4, 0x89,
    0x65, 0xd7, 0x31, 0x56, 0x30, 0xb3, 0xf3, 0x4d, 0xda, 0xec, 0x63, 0xa4,
    0x89, 0x65, 0xd7, 0x31, 0x56, 0x30, 0xb3, 0xf3, 0x4d, 0xda, 0xec, 0x63,
    0xa4, 0x89, 0x65, 0xd7, 0x31, 0x56, 0x30, 0xb3, 0xf3, 0x4d, 0xda, 0xec,
    0x63, 0xa4, 0x89, 0x65, 0xd9, 0x31, 0x66, 0x30, 0xb3, 0x14, 0x0e, 0xea,
    0xec, 0x63, 0xa4, 0x81, 0x64, 0x59, 0x31, 0x56, 0x30, 0xb3, 0x14, 0x0e,
    0xea, 0xec, 0x63, 0xa4, 0x81, 0x64, 0x59, 0x31, 0x56, 0x30, 0xb3, 0x14,
    0x0e, 0xea, 0xec, 0x63, 0xa4, 0x81, 0x64, 0x59, 0x31, 0x56, 0x30, 0xb3,
    0x14, 0x0e, 0xea, 0xec, 0x63, 0xa4, 0x81, 0x64, 0x59, 0x31, 0x56, 0x30,
    0xb3, 0x14, 0x0e, 0xea, 0xec, 0x63, 0xa4, 0x81, 0x64, 0x59, 0x31, 0x56,
    0x30, 0xb3, 0x14, 0x0e, 0xea, 0xec, 0x63, 0xa4, 0x81, 0x64, 0x59, 0x31,
    0x56, 0x30, 0xb3, 0x14, 0x0e, 0xea, 0xec, 0x63, 0xa4, 0x81, 0x64, 0x59,
    0x31, 0x56, 0x30, 0xb3, 0x14, 0x0e, 0xea, 0xec, 0x63, 0xa4, 0x81, 0x64,
    0x5b, 0x31, 0x66, 0x30, 0xb3, 0x35, 0xbe, 0xf7, 0xd9, 0xc7, 0x48, 0xef,
    0x8e, 0x6d, 0xc3, 0x58, 0xc1, 0xcc, 0xd6, 0xf8, 0xde, 0x67, 0x1f, 0x23,
    0xbd, 0x3b, 0xb6, 0x0d, 0x63, 0x05, 0x33, 0x5b, 0xe3, 0x7b, 0x9f, 0x7d,
    0x8c, 0xf4, 0xee, 0xd8, 0x36, 0x8c, 0x15, 0xcc, 0x6c, 0x8d, 0xef, 0x7d,
    0xf6, 0x31, 0xd2, 0xbb, 0x63, 0xdb, 0x30, 0x56, 0x30, 0xb3, 0x35, 0xbe,
    0xf7, 0xd9, 0xc7, 0x48, 0xef, 0x8e, 0x6d, 0xc3, 0x58, 0xc1, 0xcc, 0xd6,
    0xf8, 0xde, 0x67, 0x1f, 0x23, 0xbd, 0x3b, 0xb6, 0x0d, 0x63, 0x05, 0x33,
    0x5b, 0xe3, 0x7b, 0x9f, 0x7d, 0x8c, 0xf4, 0xee, 0xd8, 0x36, 0x8c, 0x15,
    0xcc, 0x6c, 0x8d, 0xef, 0x7d, 0xf6, 0x31, 0xd2, 0xbb, 0x63, 0xdd, 0x30,
    0x66, 0x30, 0xb3, 0x56, 0x3e, 0x03, 0xd8, 0xc7, 0x48, 0xcf, 0x8a, 0x75,
    0xc1, 0x58, 0xc1, 0xcc, 0x5a, 0xf9, 0x0c, 0x60, 0x1f, 0x23, 0x3d, 0x2b,
    0xd6, 0x05, 0x63, 0x05, 0x33, 0x6b, 0xe5, 0x33, 0x80, 0x7d, 0x8c, 0xf4,
    0xac, 0x58, 0x17, 0x8c, 0x15, 0xcc, 0xac, 0x95, 0xcf, 0x00, 0xf6, 0x31,
    0xd2, 0xb3, 0x62, 0x5d, 0x30, 0x56, 0x30, 0xb3, 0x56, 0x3e, 0x03, 0xd8,
    0xc7, 0x48, 0xcf, 0x8a, 0x75, 0xc1, 0x58, 0xc1, 0xcc, 0x5a, 0xf9, 0x0c,
    0x60, 0x1f, 0x23, 0x3d, 0x2b, 0xd6, 0x05, 0x63, 0x05, 0x33, 0x6b, 0xe5,
    0x33, 0x80, 0x7d, 0x8c, 0xf4, 0xac, 0x58, 0x17, 0x8c, 0x15, 0xcc, 0xac,
    0x95, 0xcf, 0x00, 0xf6, 0x31, 0xd2, 0xb3, 0x62, 0x5f, 0x30, 0x66, 0x30,
    0xb3, 0x77, 0xbe, 0x12, 0xd8, 0xc7, 0x48, 0xaf, 0x86, 0xfd, 0xbd, 0xb1,
    0x82, 0x99, 0xbd, 0xf3, 0x95, 0xc0, 0x3e, 0x46, 0x7a, 0x35, 0xec, 0xef,
    0x8d, 0x15, 0xcc, 0xec, 0x9d, 0xaf, 0x04, 0xf6, 0x31, 0xd2, 0xab, 0x61,
    0x7f, 0x6f, 0xac, 0x60, 0x66, 0xef, 0x7c, 0x25, 0xb0, 0x8f, 0x91, 0x5e,
    0x0d, 0xfb, 0x7b, 0x63, 0x05, 0x33, 0x7b, 0xe7, 0x2b, 0x81, 0x7d, 0x8c,
    0xf4, 0x6a, 0xd8, 0xdf, 0x1b, 0x2b, 0x98, 0xd9, 0x3b, 0x5f, 0x09, 0xec,
    0x63, 0xa4, 0x57, 0xc3, 0xfe, 0xde, 0x58, 0xc1, 0xcc, 0xde, 0xf9, 0x4a,
    0x60, 0x1f, 0x23, 0xbd, 0x1a, 0xf6, 0xf7, 0xc6, 0x0a, 0x66, 0xf6, 0xce,
    0x57, 0x02, 0xfb, 0x18, 0xe9, 0xd5, 0x70, 0x70, 0x6f, 0xcc, 0x60, 0xe6,
    0x40, 0xfa, 0x88, 0x60, 0x1f, 0x23, 0x3d, 0x0a, 0x0e, 0xce, 0x8d, 0x15,
    0xcc, 0x1c, 0x48, 0x1f, 0x11, 0xec, 0x63, 0xa4, 0x47, 0xc1, 0xc1, 0xb9,
    0xb1, 0x82, 0x99, 0x03, 0xe9, 0x23, 0x82, 0x7d, 0x8c, 0xf4, 0x28, 0x38,
    0x38, 0x37, 0x56, 0x30, 0x73, 0x20, 0x7d, 0x44, 0xb0, 0x8f, 0x91, 0x1e,
    0x05, 0x07, 0xe7, 0xc6, 0x0a, 0x66, 0x0e, 0xa4, 0x8f, 0x08, 0xf6, 0x31,
    0xd2, 0xa3, 0xe0, 0xe0, 0xdc, 0x58, 0xc1, 0xcc, 0x81, 0xf4, 0x11, 0xc1,
    0x3e, 0x46, 0x7a, 0x14, 0x1c, 0x9c, 0x1b, 0x2b, 0x98, 0x39, 0x90, 0x3e,
    0x22, 0xd8, 0xc7, 0x48, 0x8f, 0x82, 0x83, 0x73, 0x63, 0x05, 0x33, 0x07,
    0xd2, 0x47, 0x04, 0xfb, 0x18, 0xe9, 0x8f, 0x01, 0x65, 0xe6, 0xf1, 0x4d,
    0x06, 0xe7, 0xec, 0x63, 0xa4, 0x03, 0xe9, 0x23, 0xc2, 0x58, 0xc1, 0xcc,
    0xa3, 0xe0, 0xe0, 0x9c, 0x7d, 0x8c, 0x74, 0x20, 0x7d, 0x44, 0x18, 0x2b,
    0x98, 0x79, 0x14, 0x1c, 0x9c, 0xb3, 0x8f, 0x91, 0x0e, 0xa4, 0x8f, 0x08,
    0x63, 0x05, 0x33, 0x8f, 0x82, 0x83, 0x73, 0xf6, 0x31, 0xd2, 0x81, 0xf4,
    0x11, 0x61, 0xac, 0x60, 0xe6, 0x51, 0x70, 0x70, 0xce, 0x3e, 0x46, 0x3a,
    0x90, 0x3e, 0x22, 0x8c, 0x15, 0xcc, 0x3c, 0x0a, 0x0e, 0xce, 0xd9, 0xc7,
    0x48, 0x07, 0xd2, 0x47, 0x84, 0xb1, 0x82, 0x99, 0x47, 0xc1, 0xc1, 0x39,
    0xfb, 0x18, 0xe9, 0x40, 0xfa, 0x88, 0x30, 0x56, 0x30, 0xf3, 0x28, 0x38,
    0x38, 0x67, 0x1f, 0x23, 0x1d, 0x48, 0x5f, 0x11, 0xc6, 0x0c, 0x66, 0x5e,
    0x0d, 0xfb, 0x7b, 0xf6, 0x31, 0xd2, 0xde, 0xf9, 0x4a, 0x30, 0x56, 0x30,
    0xf3, 0x6a, 0xd8, 0xdf, 0xb3, 0x8f, 0x91, 0xf6, 0xce, 0x57, 0x82, 0xb1,
    0x82, 0x99, 0x57, 0xc3, 0xfe, 0x9e, 0x7d, 0x8c, 0xb4, 0x77, 0xbe, 0x12,
    0x8c, 0x15, 0xcc, 0xbc, 0x1a, 0xf6, 0xf7, 0xec, 0x63, 0xa4, 0xbd, 0xf3,
    0x95, 0x60, 0xac, 0x60, 0xe6, 0xd5, 0xb0, 0xbf, 0x67, 0x1f, 0x23, 0xed,
    0x9d, 0xaf, 0x04, 0x63, 0x05, 0x33, 0xaf, 0x86, 0xfd, 0x3d, 0xfb, 0x18,
    0x69, 0xef, 0x7c, 0x25, 0x18, 0x2b, 0x98, 0x79, 0x35, 0xec, 0xef, 0xd9,
    0xc7, 0x48, 0x7b, 0xe7, 0x2b, 0xc1, 0x58, 0xc1, 0xcc, 0xab, 0x61, 0x7f,
    0xcf, 0x3e, 0x46, 0xda, 0x3b, 0x9f, 0x09, 0xc6, 0x0c, 0x66, 0x9e, 0x15,
    0xeb, 0x02, 0xfb, 0x18, 0x69, 0xad, 0x7c, 0x06, 0x18, 0x2b, 0x98, 0x79,
    0x56, 0xac, 0x0b, 0xec, 0x63, 0xa4, 0xb5, 0xf2, 0x19, 0x60, 0xac, 0x60,
    0xe6, 0x59, 0xb1, 0x2e, 0xb0, 0x8f, 0x91, 0xd6, 0xca, 0x67, 0x80, 0xb1,
    0x82, 0x99, 0x67, 0xc5, 0xba, 0xc0, 0x3e, 0x46, 0x5a, 0x2b, 0x9f, 0x01,
    0xc6, 0x0a, 0x66, 0x9e, 0x15, 0xeb, 0x02, 0xfb, 0x18, 0x69, 0xad, 0x7c,
    0x06, 0x18, 0x2b, 0x98, 0x79, 0x56, 0xac, 0x0b, 0xec, 0x63, 0xa4, 0xb5,
    0xf2, 0x19, 0x60, 0xac, 0x60, 0xe6, 0x59, 0xb1, 0x2e, 0xb0, 0x8f, 0x91,
    0xd6, 0xca, 0x67, 0x80, 0xb1, 0x82, 0x99, 0x67, 0xc5, 0xba, 0xc0, 0x3e,
    0x46, 0x5a, 0x2b, 0xdf, 0x01, 0xc6, 0x0c, 0x66, 0xde, 0x1d, 0xdb, 0x06,
    0xfb, 0x18, 0x69, 0x6b, 0x7c, 0xef, 0x1b, 0x2b, 0x98, 0x79, 0x77, 0x6c,
    0x1b, 0xec, 0x63, 0xa4, 0xad, 0xf1, 0xbd, 0x6f, 0xac, 0x60, 0xe6, 0xdd,
    0xb1, 0x6d, 0xb0, 0x8f, 0x91, 0xb6, 0xc6, 0xf7, 0xbe, 0xb1, 0x82, 0x99,
    0x77, 0xc7, 0xb6, 0xc1, 0x3e, 0x46, 0xda, 0x1a, 0xdf, 0xfb, 0xc6, 0x0a,
    0x66, 0xde, 0x1d, 0xdb, 0x06, 0xfb, 0x18, 0x69, 0x6b, 0x7c, 0xef, 0x1b,
    0x2b, 0x98, 0x79, 0x77, 0x6c, 0x1b, 0xec, 0x63, 0xa4, 0xad, 0xf1, 0xbd,
    0x6f, 0xac, 0x60, 0xe6, 0xdd, 0xb1, 0x6d, 0xb0, 0x8f, 0x91, 0xb6, 0xc6,
    0xf7, 0xbe, 0xb1, 0x82, 0x99, 0x77, 0xc7, 0xb6, 0xc1, 0x9d, 0xba, 0x47,
    0x80, 0x00, 0x00, 0x20, 0x00, 0x49, 0x44, 0x41, 0x54, 0x3e, 0x46, 0xda,
    0x1a, 0x07, 0x7d, 0x63, 0x06, 0x33, 0x03, 0xc9, 0xb2, 0xc2, 0x3e, 0x46,
    0x5a, 0x0a, 0x07, 0x75, 0x63, 0x05, 0x33, 0x03, 0xc9, 0xb2, 0xc2, 0x3e,
    0x46, 0x5a, 0x0a, 0x07, 0x75, 0x63, 0x05, 0x33, 0x03, 0xc9, 0xb2, 0xc2,
    0x3e, 0x46, 0x5a, 0x0a, 0x07, 0x75, 0x63, 0x05, 0x33, 0x03, 0xc9, 0xb2,
    0xc2, 0x3e, 0x46, 0x5a, 0x0a, 0x07, 0x75, 0x63, 0x05, 0x33, 0x03, 0xc9,
    0xb2, 0xc2, 0x3e, 0x46, 0x5a, 0x0a, 0x07, 0x75, 0x63, 0x05, 0x33, 0x03,
    0xc9, 0xb2, 0xc2, 0x3e, 0x46, 0x5a, 0x0a, 0x07, 0x75, 0x63, 0x05, 0x33,
    0x03, 0xc9, 0xb2, 0xc2, 0x3e, 0x46, 0x5a, 0x0a, 0x07, 0x75, 0x63, 0x05,
    0x33, 0x03, 0xc9, 0xb2, 0xc2, 0x3e, 0x46, 0x5a, 0x0a, 0x27, 0x75, 0x63,
    0x06, 0x33, 0x13, 0xcb, 0xae, 0xc3, 0x3e, 0x46, 0xda, 0xf9, 0x26, 0x6d,
    0x63, 0x05, 0x33, 0x13, 0xcb, 0xae, 0xc3, 0x3e, 0x46, 0xda, 0xf9, 0x26,
    0x6d, 0x63, 0x05, 0x33, 0x13, 0xcb, 0xae, 0xc3, 0x3e, 0x46, 0xda, 0xf9,
    0x26, 0x6d, 0x63, 0x05, 0x33, 0x13, 0xcb, 0xae, 0xc3, 0x3e, 0x46, 0xda,
    0xf9, 0x26, 0x6d, 0x63, 0x05, 0x33, 0x13, 0xcb, 0xae, 0xc3, 0x3e, 0x46,
    0xda, 0xf9, 0x26, 0x6d, 0x63, 0x05, 0x33, 0x13, 0xcb, 0xae, 0xc3, 0x3e,
    0x46, 0xda, 0xf9, 0x26, 0x6d, 0x63, 0x05, 0x33, 0x13, 0xcb, 0xae, 0xc3,
    0x3e, 0x46, 0xda, 0xf9, 0x26, 0x6d, 0x63, 0x05, 0x33, 0x13, 0xcb, 0xae,
    0xc3, 0x3e, 0x46, 0xda, 0xf9, 0x46, 0x6d, 0x63, 0x06, 0x33, 0x23, 0xcd,
    0xaa, 0xc4, 0x3e, 0x46, 0x5a, 0xe9, 0x46, 0x65, 0x63, 0x05, 0x33, 0x23,
    0xcd, 0xaa, 0xc4, 0x3e, 0x46, 0x5a, 0xe9, 0x46, 0x65, 0x63, 0x05, 0x33,
    0x23, 0xcd, 0xaa, 0xc4, 0x3e, 0x46, 0x5a, 0xe9, 0x46, 0x65, 0x63, 0x05,
    0x33, 0x23, 0xcd, 0xaa, 0xc4, 0x3e, 0x46, 0x5a, 0xe9, 0x46, 0x65, 0x63,
    0x05, 0x33, 0x23, 0xcd, 0xaa, 0xc4, 0x3e, 0x46, 0x5a, 0xe9, 0x46, 0x65,
    0x63, 0x05, 0x33, 0x23, 0xcd, 0xaa, 0xc4, 0x3e, 0x46, 0x5a, 0xe9, 0x46,
    0x65, 0x63, 0x05, 0x33, 0x23, 0xcd, 0xaa, 0xc4, 0x3e, 0x46, 0x5a, 0xe9,
    0x46, 0x65, 0x63, 0x05, 0x33, 0x23, 0xcd, 0xaa, 0xc4, 0x3e, 0x46, 0x5a,
    0xe9, 0x66, 0x65, 0x63, 0x06, 0x33, 0x33, 0xcf, 0xa6, 0xc5, 0x3e, 0x46,
    0xda, 0xd8, 0x66, 0x5d, 0x63, 0x05, 0x33, 0x33, 0xcf, 0xa6, 0xc5, 0x3e,
    0x46, 0xda, 0xd8, 0x66, 0x5d, 0x63, 0x05, 0x33, 0x33, 0xcf, 0xa6, 0xc5,
    0x3e, 0x46, 0xda, 0xd8, 0x66, 0x5d, 0x63, 0x05, 0x33, 0x33, 0xcf, 0xa6,
    0xc5, 0x3e, 0x46, 0xda, 0xd8, 0x66, 0x5d, 0x63, 0x05, 0x33, 0x33, 0xcf,
    0xa6, 0xc5, 0x3e, 0x46, 0xda, 0xd8, 0x66, 0x5d, 0x63, 0x05, 0x33, 0x33,
    0xcf, 0xa6, 0xc5, 0x3e, 0x46, 0xda, 0xd8, 0x66, 0x5d, 0x63, 0x05, 0x33,
    0x33, 0xcf, 0xa6, 0xc5, 0x3e, 0x46, 0xda, 0xd8, 0x66, 0x5d, 0x63, 0x05,
    0x33, 0x33, 0xcf, 0xa6, 0xc5, 0x3e, 0x46, 0xda, 0xd8, 0x86, 0x5d, 0x63,
    0x06, 0x33, 0x43, 0xd1, 0xa2, 0xc6, 0x3e, 0x46, 0x5a, 0xc8, 0x86, 0x55,
    0x63, 0x05, 0x33, 0x43, 0xd1, 0xa2, 0xc6, 0x3e, 0x46, 0x5a, 0xc8, 0x86,
    0x55, 0x63, 0x05, 0x33, 0x43, 0xd1, 0xa2, 0xc6, 0x3e, 0x46, 0x5a, 0xc8,
    0x86, 0x55, 0x63, 0x05, 0x33, 0x43, 0xd1, 0xa2, 0xc6, 0x3e, 0x46, 0x5a,
    0xc8, 0x86, 0x55, 0x63, 0x05, 0x33, 0x43, 0xd1, 0xa2, 0xc6, 0x3e, 0x46,
    0x5a, 0xc8, 0x86, 0x55, 0x63, 0x05, 0x33, 0x43, 0xd1, 0xa2, 0xc6, 0x3e,
    0x46, 0x5a, 0xc8, 0x86, 0x55, 0x63, 0x05, 0x33, 0x43, 0xd1, 0xa2, 0xc6,
    0x3e, 0x46, 0x5a, 0xc8, 0x86, 0x55, 0x63, 0x05, 0x33, 0x43, 0xd1, 0xa2,
    0xc6, 0x3e, 0x46, 0x5a, 0xc8, 0xa6, 0x55, 0x63, 0x06, 0x33, 0x53, 0xd3,
    0xbc, 0xc7, 0x3e, 0x46, 0x9a, 0xbb, 0xa6, 0x4d, 0x63, 0x05, 0x33, 0x53,
    0xd3, 0xbc, 0xc7, 0x3e, 0x46, 0x9a, 0xbb, 0xa6, 0x4d, 0x63, 0x05, 0x33,
    0x53, 0xd3, 0xbc, 0xc7, 0x3e, 0x46, 0x9a, 0xbb, 0xa6, 0x4d, 0x63, 0x05,
    0x33, 0x53, 0xd3, 0xbc, 0xc7, 0x3e, 0x46, 0x9a, 0xbb, 0xa6, 0x4d, 0x63,
    0x05, 0x33, 0x53, 0xd3, 0xbc, 0xc7, 0x3e, 0x46, 0x9a, 0xbb, 0xa6, 0x4d,
    0x63, 0x05, 0x33, 0x53, 0xd3, 0xbc, 0xc7, 0x3e, 0x46, 0x9a, 0xbb, 0xa6,
    0x4d, 0x63, 0x05, 0x33, 0x53, 0xd3, 0xbc, 0xc7, 0x3e, 0x46, 0x9a, 0xbb,
    0xa6, 0x4d, 0x63, 0x05, 0x33, 0x53, 0xd3, 0xbc, 0xc7, 0x3e, 0x46, 0x9a,
    0xbb, 0xc6, 0x4d, 0x63, 0x06, 0x33, 0x63, 0xd5, 0xb8, 0xc8, 0x3e, 0x46,
    0x1a, 0xab, 0xc6, 0x45, 0x63, 0x05, 0x33, 0x63, 0xd5, 0xb8, 0xc8, 0x3e,
    0x46, 0x1a, 0xab, 0xc6, 0x45, 0x63, 0x05, 0x33, 0x63, 0xd5, 0xb8, 0xc8,
    0x3e, 0x46, 0x1a, 0xab, 0xc6, 0x45, 0x63, 0x05, 0x33, 0x63, 0xd5, 0xb8,
    0xc8, 0x3e, 0x46, 0x1a, 0xab, 0xc6, 0x45, 0x63, 0x05, 0x33, 0x63, 0xd5,
    0xb8, 0xc8, 0x3e, 0x46, 0x1a, 0xab, 0xc6, 0x45, 0x63, 0x05, 0x33, 0x63,
    0xd5, 0xb8, 0xc8, 0x3e, 0x46, 0x1a, 0xab, 0xc6, 0x45, 0x63, 0x05, 0x33,
    0x63, 0xd5, 0xb8, 0xc8, 0x3e, 0x46, 0x1a, 0xab, 0xc6, 0x45, 0x63, 0x05,
    0x33, 0x63, 0xd5, 0xb8, 0xc8, 0x3e, 0x46, 0x1a, 0xab, 0xe6, 0x45, 0x63,
    0x06, 0x33, 0x73, 0xd7, 0xb4, 0xc9, 0x3e, 0x46, 0x9a, 0x9a, 0xe6, 0x3d,
    0x63, 0x05, 0x33, 0x73, 0xd7, 0xb4, 0xc9, 0x3e, 0x46, 0x9a, 0x9a, 0xe6,
    0x3d, 0x63, 0x05, 0x33, 0x73, 0xd7, 0xb4, 0xc9, 0x3e, 0x46, 0x9a, 0x9a,
    0xe6, 0x3d, 0x63, 0x05, 0x33, 0x73, 0xd7, 0xb4, 0xc9, 0x3e, 0x46, 0x9a,
    0x9a, 0xe6, 0x3d, 0x63, 0x05, 0x33, 0x73, 0xd7, 0xb4, 0xc9, 0x3e, 0x46,
    0x9a, 0x9a, 0xe6, 0x3d, 0x63, 0x05, 0x33, 0x73, 0xd7, 0xb4, 0xc9, 0x3e,
    0x46, 0x9a, 0x9a, 0xe6, 0x3d, 0x63, 0x05, 0x33, 0x73, 0xd7, 0xb4, 0xc9,
    0x3e, 0x46, 0x9a, 0x9a, 0xe6, 0x3d, 0x63, 0x05, 0x33, 0x73, 0xd7, 0xb4,
    0xc9, 0x3e, 0x46, 0x9a, 0x9a, 0x16, 0x3d, 0x63, 0x06, 0x33, 0x0b, 0xd9,
    0xb0, 0xca, 0x3e, 0x46, 0x1a, 0x8a, 0x16, 0x35, 0x63, 0x05, 0x33, 0x0b,
    0xd9, 0xb0, 0xca, 0x3e, 0x46, 0x1a, 0x8a, 0x16, 0x35, 0x63, 0x05, 0x33,
    0x0b, 0xd9, 0xb0, 0xca, 0x3e, 0x46, 0x1a, 0x8a, 0x16, 0x35, 0x63, 0x05,
    0x33, 0x0b, 0xd9, 0xb0, 0xca, 0x3e, 0x46, 0x1a, 0x8a, 0x16, 0x35, 0x63,
    0x05, 0x33, 0x0b, 0xd9, 0xb0, 0xca, 0x3e, 0x46, 0x1a, 0x8a, 0x16, 0x35,
    0x63, 0x05, 0x33, 0x0b, 0xd9, 0xb0, 0xca, 0x3e, 0x46, 0x1a, 0x8a, 0x16,
    0x35, 0x63, 0x05, 0x33, 0x0b, 0xd9, 0xb0, 0xca, 0x3e, 0x46, 0x1a, 0x8a,
    0x16, 0x35, 0x63, 0x05, 0x33, 0x0b, 0xd9, 0xb0, 0xca, 0x3e, 0x46, 0x1a,
    0x8a, 0x36, 0x35, 0x63, 0x06, 0x33, 0x1b, 0xdb, 0xac, 0xcb, 0x3e, 0x46,
    0x9a, 0x79, 0x36, 0x2d, 0x63, 0x05, 0x33, 0x1b, 0xdb, 0xac, 0xcb, 0x3e,
    0x46, 0x9a, 0x79, 0x36, 0x2d, 0x63, 0x05, 0x33, 0x1b, 0xdb, 0xac, 0xcb,
    0x3e, 0x46, 0x9a, 0x79, 0x36, 0x2d, 0x63, 0x05, 0x33, 0x1b, 0xdb, 0xac,
    0xcb, 0x3e, 0x46, 0x9a, 0x79, 0x36, 0x2d, 0x63, 0x05, 0x33, 0x1b, 0xdb,
    0xac, 0xcb, 0x3e, 0x46, 0x9a, 0x79, 0x36, 0x2d, 0x63, 0x05, 0x33, 0x1b,
    0xdb, 0xac, 0xcb, 0x3e, 0x46, 0x9a, 0x79, 0x36, 0x2d, 0x63, 0x05, 0x33,
    0x1b, 0xdb, 0xac, 0xcb, 0x3e, 0x46, 0x9a, 0x79, 0x36, 0x2d, 0x63, 0x05,
    0x33, 0x1b, 0xdb, 0xac, 0xcb, 0x3e, 0x46, 0x9a, 0x79, 0x56, 0x2d, 0x63,
    0x06, 0x33, 0x2b, 0xdd, 0xa8, 0xcc, 0x3e, 0x46, 0x1a, 0x69, 0x56, 0x25,
    0x63, 0x05, 0x33, 0x2b, 0xdd, 0xa8, 0xcc, 0x3e, 0x46, 0x1a, 0x69, 0x56,
    0x25, 0x63, 0x05, 0x33, 0x2b, 0xdd, 0xa8, 0xcc, 0x3e, 0x46, 0x1a, 0x69,
    0x56, 0x25, 0x63, 0x05, 0x33, 0x2b, 0xdd, 0xa8, 0xcc, 0x3e, 0x46, 0x1a,
    0x69, 0x56, 0x25, 0x63, 0x05, 0x33, 0x2b, 0xdd, 0xa8, 0xcc, 0x3e, 0x46,
    0x1a, 0x69, 0x56, 0x25, 0x63, 0x05, 0x33, 0x2b, 0xdd, 0xa8, 0xcc, 0x3e,
    0x46, 0x1a, 0x69, 0x56, 0x25, 0x63, 0x05, 0x33, 0x2b, 0xdd, 0xa8, 0xcc,
    0x3e, 0x46, 0x1a, 0x69, 0x56, 0x25, 0x63, 0x05, 0x33, 0x2b, 0xdd, 0xa8,
    0xcc, 0x3e, 0x46, 0x1a, 0x69, 0x76, 0x25, 0x63, 0x06, 0x33, 0x3b, 0xdf,
    0xa4, 0xcd, 0x3e, 0x46, 0x9a, 0x58, 0x76, 0x1d, 0x63, 0x05, 0x33, 0x3b,
    0xdf, 0xa4, 0xcd, 0x3e, 0x46, 0x9a, 0x58, 0x76, 0x1d, 0x63, 0x05, 0x33,
    0x3b, 0xdf, 0xa4, 0xcd, 0x3e, 0x46, 0x9a, 0x58, 0x76, 0x1d, 0x63, 0x05,
    0x33, 0x3b, 0xdf, 0xa4, 0xcd, 0x3e, 0x46, 0x9a, 0x58, 0x76, 0x1d, 0x63,
    0x05, 0x33, 0x3b, 0xdf, 0xa4, 0xcd, 0x3e, 0x46, 0x9a, 0x58, 0x76, 0x1d,
    0x63, 0x05, 0x33, 0x3b, 0xdf, 0xa4, 0xcd, 0x3e, 0x46, 0x9a, 0x58, 0x76,
    0x1d, 0x63, 0x05, 0x33, 0x3b, 0xdf, 0xa4, 0xcd, 0x3e, 0x46, 0x9a, 0x58,
    0x76, 0x1d, 0x63, 0x05, 0x33, 0x3b, 0xdf, 0xa4, 0xcd, 0x3e, 0x46, 0x9a,
    0x58, 0x96, 0x1d, 0x63, 0x06, 0x33, 0x4b, 0xe1, 0xa0, 0xce, 0x3e, 0x46,
    0x1a, 0x48, 0x96, 0x15, 0x63, 0x05, 0x33, 0x4b, 0xe1, 0xa0, 0xce, 0x3e,
    0x46, 0x1a, 0x48, 0x96, 0x15, 0x63, 0x05, 0x33, 0x4b, 0xe1, 0xa0, 0xce,
    0x3e, 0x46, 0x1a, 0x48, 0x96, 0x15, 0x63, 0x05, 0x33, 0x4b, 0xe1, 0xa0,
    0xce, 0x3e, 0x46, 0x1a, 0x48, 0x96, 0x15, 0x63, 0x05, 0x33, 0x4b, 0xe1,
    0xa0, 0xce, 0x3e, 0x46, 0x1a, 0x48, 0x96, 0x15, 0x63, 0x05, 0x33, 0x4b,
    0xe1, 0xa0, 0xce, 0x3e, 0x46, 0x1a, 0x48, 0x96, 0x15, 0x63, 0x05, 0x33,
    0x4b, 0xe1, 0xa0, 0xce, 0x3e, 0x46, 0x1a, 0x48, 0x96, 0x15, 0x63, 0x05,
    0x33, 0x4b, 0xe1, 0xa0, 0xce, 0x3e, 0x46, 0x1a, 0x48, 0xb6, 0x15, 0x63,
    0x06, 0x33, 0x5b, 0xe3, 0x7b, 0x9f, 0x7d, 0x8c, 0xf4, 0xee, 0xd8, 0x36,
    0x8c, 0x15, 0xcc, 0x6c, 0x8d, 0xef, 0x7d, 0xf6, 0x31, 0xd2, 0xbb, 0x63,
    0xdb, 0x30, 0x56, 0x30, 0xb3, 0x35, 0xbe, 0xf7, 0xd9, 0xc7, 0x48, 0xef,
    0x8e, 0x6d, 0xc3, 0x58, 0xc1, 0xcc, 0xd6, 0xf8, 0xde, 0x67, 0x1f, 0x23,
    0xbd, 0x3b, 0xb6, 0x0d, 0x63, 0x05, 0x33, 0x5b, 0xe3, 0x7b, 0x9f, 0x7d,
    0x8c, 0xf4, 0xee, 0xd8, 0x36, 0x8c, 0x15, 0xcc, 0x6c, 0x8d, 0xef, 0x7d,
    0xf6, 0x31, 0xd2, 0xbb, 0x63, 0xdb, 0x30, 0x56, 0x30, 0xb3, 0x35, 0xbe,
    0xf7, 0xd9, 0xc7, 0x48, 0xef, 0x8e, 0x6d, 0xc3, 0x58, 0xc1, 0xcc, 0xd6,
    0xf8, 0xde, 0x67, 0x1f, 0x23, 0xbd, 0x3b, 0xd6, 0x0d, 0x63, 0x06, 0x33,
    0x6b, 0xe5, 0x33, 0x80, 0x7d, 0x8c, 0xf4, 0xac, 0x58, 0x17, 0x8c, 0x15,
    0xcc, 0xac, 0x95, 0xcf, 0x00, 0xf6, 0x31, 0xd2, 0xb3, 0x62, 0x5d, 0x30,
    0x56, 0x30, 0xb3, 0x56, 0x3e, 0x03, 0xd8, 0xc7, 0x48, 0xcf, 0x8a, 0x75,
    0xc1, 0x58, 0xc1, 0xcc, 0x5a, 0xf9, 0x0c, 0x60, 0x1f, 0x23, 0x3d, 0x2b,
    0xd6, 0x05, 0x63, 0x05, 0x33, 0x6b, 0xe5, 0x33, 0x80, 0x7d, 0x8c, 0xf4,
    0xac, 0x58, 0x17, 0x8c, 0x15, 0xcc, 0xac, 0x95, 0xcf, 0x00, 0xf6, 0x31,
    0xd2, 0xb3, 0x62, 0x5d, 0x30, 0x56, 0x30, 0xb3, 0x56, 0x3e, 0x03, 0xd8,
    0xc7, 0x48, 0xcf, 0x8a, 0x75, 0xc1, 0x58, 0xc1, 0xcc, 0x5a, 0xf9, 0x0c,
    0x60, 0x1f, 0x23, 0x3d, 0x2b, 0xf6, 0x05, 0x63, 0x06, 0x33, 0x7b, 0xe7,
    0x2b, 0x81, 0x7d, 0x8c, 0xf4, 0x6a, 0xd8, 0xdf, 0x1b, 0x2b, 0x98, 0xd9,
    0x3b, 0x5f, 0x09, 0xec, 0x63, 0xa4, 0x57, 0xc3, 0xfe, 0xde, 0x58, 0xc1,
    0xcc, 0xde, 0xf9, 0x4a, 0x60, 0x1f, 0x23, 0xbd, 0x1a, 0xf6, 0xf7, 0xc6,
    0x0a, 0x66, 0xf6, 0xce, 0x57, 0x02, 0xfb, 0x18, 0xe9, 0xd5, 0xb0, 0xbf,
    0x37, 0x56, 0x30, 0xb3, 0x77, 0xbe, 0x12, 0xd8, 0xc7, 0x48, 0xaf, 0x86,
    0xfd, 0xbd, 0xb1, 0x82, 0x99, 0xbd, 0xf3, 0x95, 0xc0, 0x3e, 0x46, 0x7a,
    0x35, 0xec, 0xef, 0x8d, 0x15, 0xcc, 0xec, 0x9d, 0xaf, 0x04, 0xf6, 0x31,
    0xd2, 0xab, 0x61, 0x7f, 0x6f, 0xac, 0x60, 0x66, 0xef, 0x7c, 0x25, 0xb0,
    0x8f, 0x91, 0x5e, 0x0d, 0x07, 0xf7, 0xc6, 0x0c, 0x66, 0x0e, 0xa4, 0x8f,
    0x08, 0xf6, 0x31, 0xd2, 0xa3, 0xe0, 0xe0, 0xdc, 0x58, 0xc1, 0xcc, 0x81,
    0xf4, 0x11, 0xc1, 0x3e, 0x46, 0x7a, 0x14, 0x1c, 0x9c, 0x1b, 0x2b, 0x98,
    0x39, 0x90, 0x3e, 0x22, 0xd8, 0xc7, 0x48, 0x8f, 0x82, 0x83, 0x73, 0x63,
    0x05, 0x33, 0x07, 0xd2, 0x47, 0x04, 0xfb, 0x18, 0xe9, 0x51, 0x70, 0x70,
    0x6e, 0xac, 0x60, 0xe6, 0x40, 0xfa, 0x88, 0x60, 0x1f, 0x23, 0x3d, 0x0a,
    0x0e, 0xce, 0x8d, 0x15, 0xcc, 0x1c, 0x48, 0x1f, 0x11, 0xec, 0x63, 0xa4,
    0x47, 0xc1, 0xc1, 0xb9, 0xb1, 0x82, 0x99, 0x03, 0xe9, 0x23, 0x82, 0x7d,
    0x8c, 0xf4, 0x28, 0x38, 0x38, 0x37, 0x56, 0x30, 0x73, 0x20, 0x7d, 0x44,
    0xb0, 0x8f, 0x91, 0x1e, 0x05, 0x17, 0xe7, 0xc6, 0x0c, 0x66, 0x2e, 0xac,
    0x6f, 0x0c, 0xf6, 0x31, 0xd2, 0x9b, 0xdf, 0xe2, 0xda, 0x58, 0xc1, 0xcc,
    0x85, 0xf5, 0x8d, 0xc1, 0x3e, 0x46, 0x7a, 0xf3, 0x5b, 0x5c, 0x1b, 0x2b,
    0x98, 0xb9, 0xb0, 0xbe, 0x31, 0xd8, 0xc7, 0x48, 0x6f, 0x7e, 0x8b, 0x6b,
    0x63, 0x05, 0x33, 0x17, 0xd6, 0x37, 0x06, 0xfb, 0x18, 0xe9, 0xcd, 0x6f,
    0x71, 0x6d, 0xac, 0x60, 0xe6, 0xc2, 0xfa, 0xc6, 0x60, 0x1f, 0x23, 0xbd,
    0xf9, 0x2d, 0xae, 0x8d, 0x15, 0xcc, 0x5c, 0x58, 0xdf, 0x18, 0xec, 0x63,
    0xa4, 0x37, 0xbf, 0xc5, 0xb5, 0xb1, 0x82, 0x99, 0x0b, 0xeb, 0x1b, 0x83,
    0x7d, 0x8c, 0xf4, 0xe6, 0xb7, 0xb8, 0x36, 0x56, 0x30, 0x73, 0x61, 0x7d,
    0x63, 0xb0, 0x8f, 0x91, 0xde, 0xfc, 0x26, 0xd7, 0xc6, 0x0c, 0x66, 0x4e,
    0xb4, 0x4f, 0x10, 0xf6, 0x31, 0xd2, 0x93, 0xde, 0xe4, 0xd8, 0x58, 0xc1,
    0xcc, 0x89, 0xf6, 0x09, 0xc2, 0x3e, 0x46, 0x7a, 0xd2, 0x9b, 0x1c, 0x1b,
    0x2b, 0x98, 0x39, 0xd1, 0x3e, 0x41, 0xd8, 0xc7, 0x48, 0x4f, 0x7a, 0x93,
    0x63, 0x63, 0x05, 0x33, 0x27, 0xda, 0x27, 0x08, 0xfb, 0x18, 0xe9, 0x49,
    0x6f, 0x72, 0x6c, 0xac, 0x60, 0xe6, 0x44, 0xfb, 0x04, 0x61, 0x1f, 0x23,
    0x3d, 0xe9, 0x4d, 0x8e, 0x8d, 0x15, 0xcc, 0x9c, 0x68, 0x9f, 0x20, 0xec,
    0x63, 0xa4, 0x27, 0xbd, 0xc9, 0xb1, 0xb1, 0x82, 0x99, 0x13, 0xed, 0x13,
    0x84, 0x7d, 0x8c, 0xf4, 0xa4, 0x37, 0x39, 0x36, 0x56, 0x30, 0x73, 0xa2,
    0x7d, 0x82, 0xb0, 0x8f, 0x91, 0x9e, 0xf4, 0x36, 0xc7, 0xc6, 0x0c, 0x66,
    0x6e, 0xbc, 0x2f, 0x14, 0xf6, 0x31, 0xd2, 0x8b, 0xdd, 0xe6, 0xd6, 0x58,
    0xc1, 0xcc, 0x8d, 0xf7, 0x85, 0xc2, 0x3e, 0x46, 0x7a, 0xb1, 0xdb, 0xdc,
    0x1a, 0x2b, 0x98, 0xb9, 0xf1, 0xbe, 0x50, 0xd8, 0xc7, 0x48, 0x2f, 0x76,
    0x9b, 0x5b, 0x63, 0x05, 0x33, 0x37, 0xde, 0x17, 0x0a, 0xfb, 0x18, 0xe9,
    0xc5, 0x6e, 0x73, 0x6b, 0xac, 0x60, 0xe6, 0xc6, 0xfb, 0x42, 0x61, 0x1f,
    0x23, 0xbd, 0xd8, 0x6d, 0x6e, 0x8d, 0x15, 0xcc, 0xdc, 0x78, 0x5f, 0x28,
    0xec, 0x63, 0xa4, 0x17, 0xbb, 0xcd, 0xad, 0xb1, 0x82, 0x99, 0x1b, 0xef,
    0x0b, 0x85, 0x7d, 0x8c, 0xf4, 0x62, 0xb7, 0xb9, 0x35, 0x56, 0x30, 0x73,
    0xe3, 0x7d, 0xa1, 0xb0, 0x8f, 0x91, 0x5e, 0xec, 0x46, 0xb7, 0xc6, 0x0c,
    0x66, 0x8e, 0xc4, 0x0f, 0x18, 0xf6, 0x31, 0xd2, 0x83, 0xdc, 0xe8, 0xd4,
    0x58, 0xc1, 0xcc, 0x91, 0xf8, 0x01, 0xc3, 0x3e, 0x46, 0x7a, 0x90, 0x1b,
    0x9d, 0x1a, 0x2b, 0x98, 0x39, 0x12, 0x3f, 0x60, 0xd8, 0xc7, 0x48, 0x0f,
    0x72, 0xa3, 0x53, 0x63, 0x05, 0x33, 0x47, 0xe2, 0x07, 0x0c, 0xfb, 0x18,
    0xe9, 0x41, 0x6e, 0x74, 0x6a, 0xac, 0x60, 0xe6, 0x48, 0xfc, 0x80, 0x61,
    0x1f, 0x23, 0x3d, 0xc8, 0x8d, 0x4e, 0x8d, 0x15, 0xcc, 0x1c, 0x89, 0x1f,
    0x30, 0xec, 0x63, 0xa4, 0x07, 0xb9, 0xd1, 0xa9, 0xb1, 0x82, 0x99, 0x23,
    0xf1, 0x03, 0x86, 0x7d, 0x8c, 0xf4, 0x20, 0x37, 0x3a, 0x35, 0x56, 0x30,
    0x73, 0x24, 0x7e, 0xc0, 0xb0, 0x8f, 0x91, 0x1e, 0xe4, 0x56, 0xa7, 0xc6,
    0x0c, 0x66, 0xae, 0xcc, 0xdf, 0x39, 0xec, 0x63, 0xa4, 0xef, 0x6e, 0xab,
    0x4b, 0x63, 0x05, 0x33, 0x57, 0xe6, 0xef, 0x1c, 0xf6, 0x31, 0xd2, 0x77,
    0xb7, 0xd5, 0xa5, 0xb1, 0x82, 0x99, 0x2b, 0xf3, 0x77, 0x0e, 0xfb, 0x18,
    0xe9, 0xbb, 0xdb, 0xea, 0xd2, 0x58, 0xc1, 0xcc, 0x95, 0xf9, 0x3b, 0x87,
    0x7d, 0x8c, 0xf4, 0xdd, 0x6d, 0x75, 0x69, 0xac, 0x60, 0xe6, 0xca, 0xfc,
    0x9d, 0xc3, 0x3e, 0x46, 0xfa, 0xee, 0xb6, 0xba, 0x34, 0x56, 0x30, 0x73,
    0x65, 0xfe, 0xce, 0x61, 0x1f, 0x23, 0x7d, 0x77, 0x5b, 0x5d, 0x1a, 0x2b,
    0x98, 0xb9, 0x32, 0x7f, 0xe7, 0xb0, 0x8f, 0x91, 0xbe, 0xbb, 0xad, 0x2e,
    0x8d, 0x15, 0xcc, 0x5c, 0x99, 0xbf, 0x73, 0xd8, 0xc7, 0x48, 0xdf, 0xdd,
    0x66, 0x97, 0xc6, 0x0c, 0x66, 0xce, 0xd4, 0x9f, 0x41, 0xec, 0x63, 0xa4,
    0xcf, 0x6a, 0xb3, 0x43, 0x63, 0x05, 0x33, 0x67, 0xea, 0xcf, 0x20, 0xf6,
    0x31, 0xd2, 0x67, 0xb5, 0xd9, 0xa1, 0xb1, 0x82, 0x99, 0x33, 0xf5, 0x67,
    0x10, 0xfb, 0x18, 0xe9, 0xb3, 0xda, 0xec, 0xd0, 0x58, 0xc1, 0xcc, 0x99,
    0xfa, 0x33, 0x88, 0x7d, 0x8c, 0xf4, 0x59, 0x6d, 0x76, 0x68, 0xac, 0x60,
    0xe6, 0x4c, 0xfd, 0x19, 0xc4, 0x3e, 0x46, 0xfa, 0xac, 0x36, 0x3b, 0x34,
    0x56, 0x30, 0x73, 0xa6, 0xfe, 0x0c, 0x62, 0x1f, 0x23, 0x7d, 0x56, 0x9b,
    0x1d, 0x1a, 0x2b, 0x98, 0x39, 0x53, 0x7f, 0x06, 0xb1, 0x8f, 0x91, 0x3e,
    0xab, 0xcd, 0x0e, 0x8d, 0x15, 0xcc, 0x9c, 0xa9, 0x3f, 0x83, 0xd8, 0xc7,
    0x48, 0x9f, 0xd5, 0x76, 0x87, 0xc6, 0x0c, 0x66, 0xee, 0xdc, 0x5f, 0x49,
    0xec, 0x63, 0xa4, 0xaf, 0x66, 0xbb, 0x3b, 0x63, 0x05, 0x33, 0x77, 0xee,
    0xaf, 0x24, 0xf6, 0x31, 0xd2, 0x57, 0xb3, 0xdd, 0x9d, 0xb1, 0x82, 0x99,
    0x3b, 0xf7, 0x57, 0x12, 0xfb, 0x18, 0xe9, 0xab, 0xd9, 0xee, 0xce, 0x58,
    0xc1, 0xcc, 0x9d, 0xfb, 0x2b, 0x89, 0x7d, 0x8c, 0xf4, 0xd5, 0x6c, 0x77,
    0x67, 0xac, 0x60, 0xe6, 0xce, 0xfd, 0x95, 0xc4, 0x3e, 0x46, 0xfa, 0x6a,
    0xb6, 0xbb, 0x33, 0x56, 0x30, 0x73, 0xe7, 0xfe, 0x4a, 0x62, 0x1f, 0x23,
    0x7d, 0x35, 0xdb, 0xdd, 0x19, 0x2b, 0x98, 0xb9, 0x73, 0x7f, 0x25, 0xb1,
    0x8f, 0x91, 0xbe, 0x9a, 0xed, 0xee, 0x8c, 0x15, 0xcc, 0xdc, 0xb9, 0xbf,
    0x92, 0xd8, 0xc7, 0x48, 0x5f, 0xcd, 0x86, 0x77, 0xc6, 0x0c, 0x66, 0x0e,
    0xe5, 0x1f, 0x51, 0xec, 0x63, 0xa4, 0x8f, 0x62, 0xc3, 0x33, 0x63, 0x05,
    0x33, 0x87, 0xf2, 0x8f, 0x28, 0xf6, 0x31, 0xd2, 0x47, 0xb1, 0xe1, 0x99,
    0xb1, 0x82, 0x99, 0x43, 0xf9, 0x47, 0x14, 0xfb, 0x18, 0xe9, 0xa3, 0xd8,
    0xf0, 0xcc, 0x58, 0xc1, 0xcc, 0xa1, 0xfc, 0x23, 0x8a, 0x7d, 0x8c, 0xf4,
    0x51, 0x6c, 0x78, 0x66, 0xac, 0x60, 0xe6, 0x50, 0xfe, 0x11, 0xc5, 0x3e,
    0x46, 0xfa, 0x28, 0x36, 0x3c, 0x33, 0x56, 0x30, 0x73, 0x28, 0xff, 0x88,
    0x62, 0x1f, 0x23, 0x7d, 0x14, 0x1b, 0x9e, 0x19, 0x2b, 0x98, 0x39, 0x94,
    0x7f, 0x44, 0xb1, 0x8f, 0x91, 0x3e, 0x8a, 0x0d, 0xcf, 0x8c, 0x15, 0xcc,
    0x1c, 0xca, 0x3f, 0xa2, 0xd8, 0xc7, 0x48, 0x1f, 0xc5, 0x96, 0x67, 0xc6,
    0x0c, 0x66, 0x2e, 0xed, 0xdf, 0x58, 0xec, 0x63, 0xa4, 0x6f, 0x5e, 0xcb,
    0x2b, 0x63, 0x05, 0x33, 0x97, 0xf6, 0x6f, 0x2c, 0xf6, 0x31, 0xd2, 0x37,
    0xaf, 0xe5, 0x95, 0xb1, 0x82, 0x99, 0x4b, 0xfb, 0x37, 0x16, 0xfb, 0x18,
    0xe9, 0x9b, 0xd7, 0xf2, 0xca, 0x58, 0xc1, 0xcc, 0xa5, 0xfd, 0x1b, 0x8b,
    0x7d, 0x8c, 0xf4, 0xcd, 0x6b, 0x79, 0x65, 0xac, 0x60, 0xe6, 0xd2, 0xfe,
    0x8d, 0xc5, 0x3e, 0x46, 0xfa, 0xe6, 0xb5, 0xbc, 0x32, 0x56, 0x30, 0x73,
    0x69, 0xff, 0xc6, 0x62, 0x1f, 0x23, 0x7d, 0xf3, 0x5a, 0x5e, 0x19, 0x2b,
    0x98, 0xb9, 0xb4, 0x7f, 0x63, 0xb1, 0x8f, 0x91, 0xbe, 0x79, 0x2d, 0xaf,
    0x8c, 0x15, 0xcc, 0x5c, 0xda, 0xbf, 0xb1, 0xd8, 0xc7, 0x48, 0xdf, 0xbc,
    0xa6, 0x57, 0xc6, 0x0c, 0x66, 0x4e, 0xf5, 0x9f, 0x60, 0xec, 0x63, 0xa4,
    0x4f, 0x5a, 0xd3, 0x23, 0x63, 0x05, 0x33, 0xa7, 0xfa, 0x4f, 0x30, 0xf6,
    0x31, 0xd2, 0x27, 0xad, 0xe9, 0x91, 0xb1, 0x82, 0x99, 0x53, 0xfd, 0x27,
    0x18, 0xfb, 0x18, 0xe9, 0x93, 0xd6, 0xf4, 0xc8, 0x58, 0xc1, 0xcc, 0xa9,
    0xfe, 0x13, 0x8c, 0x7d, 0x8c, 0xf4, 0x49, 0x6b, 0x7a, 0x64, 0xac, 0x60,
    0xe6, 0x54, 0xff, 0x09, 0xc6, 0x3e, 0x46, 0xfa, 0xa4, 0x35, 0x3d, 0x32,
    0x56, 0x30, 0x73, 0xaa, 0xff, 0x04, 0x63, 0x1f, 0x23, 0x7d, 0xd2, 0x9a,
    0x1e, 0x19, 0x2b, 0x98, 0x39, 0xd5, 0x7f, 0x82, 0xb1, 0x8f, 0x91, 0x3e,
    0x69, 0x4d, 0x8f, 0x8c, 0x15, 0xcc, 0x9c, 0xea, 0x3f, 0xc1, 0xd8, 0xc7,
    0x48, 0x9f, 0xb4, 0xb6, 0x47, 0xc6, 0x0c, 0x66, 0x6e, 0xfd, 0x5f, 0x68,
    0xec, 0x63, 0xa4, 0x2f, 0x56, 0xdb, 0x1b, 0x63, 0x05, 0x33, 0xb7, 0xfe,
    0x2f, 0x34, 0xf6, 0x31, 0xd2, 0x17, 0xab, 0xed, 0x8d, 0xb1, 0x82, 0x99,
    0x5b, 0xff, 0x17, 0x1a, 0xfb, 0x18, 0xe9, 0x8b, 0xd5, 0xf6, 0xc6, 0x58,
    0xc1, 0xcc, 0xad, 0xff, 0x0b, 0x8d, 0x7d, 0x8c, 0xf4, 0xc5, 0x6a, 0x7b,
    0x63, 0xac, 0x60, 0xe6, 0xd6, 0xff, 0x85, 0xc6, 0x3e, 0x46, 0xfa, 0x62,
    0xb5, 0xbd, 0x31, 0x56, 0x30, 0x73, 0xeb, 0xff, 0x42, 0x63, 0x1f, 0x23,
    0x7d, 0xb1, 0xda, 0xde, 0x18, 0x2b, 0x98, 0xb9, 0xf5, 0x7f, 0xa1, 0xb1,
    0x8f, 0x91, 0xbe, 0x58, 0x6d, 0x6f, 0x8c, 0x15, 0xcc, 0xdc, 0xfa, 0xbf,
    0xd0, 0xd8, 0xc7, 0x48, 0x5f, 0xac, 0xc6, 0x37, 0xc6, 0x0c, 0x66, 0x8e,
    0x07, 0x3c, 0xe0, 0xd8, 0xc7, 0x48, 0x1f, 0xa4, 0xc6, 0x27, 0xc6, 0x0a,
    0x66, 0x8e, 0x07, 0x3c, 0xe0, 0xd8, 0xc7, 0x48, 0x1f, 0xa4, 0xc6, 0x27,
    0xc6, 0x0a, 0x66, 0x8e, 0x07, 0x3c, 0xe0, 0xd8, 0xc7, 0x48, 0x1f, 0xa4,
    0xc6, 0x27, 0xc6, 0x0a, 0x66, 0x8e, 0x07, 0x3c, 0xe0, 0xd8, 0xc7, 0x48,
    0x1f, 0xa4, 0xc6, 0x27, 0xc6, 0x0a, 0x66, 0x8e, 0x07, 0x3c, 0xe0, 0xd8,
    0xc7, 0x48, 0x1f, 0xa4, 0xc6, 0x27, 0xc6, 0x0a, 0x66, 0x8e, 0x07, 0x3c,
    0xe0, 0xd8, 0xc7, 0x48, 0x1f, 0xa4, 0xc6, 0x27, 0xc6, 0x0a, 0x66, 0x8e,
    0x07, 0x3c, 0xe0, 0xd8, 0xc7, 0x48, 0x1f, 0xa4, 0xc6, 0x27, 0xc6, 0x0a,
    0x66, 0x8e, 0x07, 0x3c, 0xe0, 0xd8, 0xc7, 0x48, 0x1f, 0xa4, 0xd6, 0x27,
    0xc6, 0x0c, 0x66, 0xae, 0x17, 0x7c, 0xf3, 0xd8, 0xc7, 0x48, 0xbf, 0x9d,
    0xd6, 0x17, 0xc6, 0x0a, 0x66, 0xae, 0x17, 0x7c, 0xf3, 0xd8, 0xc7, 0x48,
    0xbf, 0x9d, 0xd6, 0x17, 0xc6, 0x0a, 0x66, 0xae, 0x17, 0x7c, 0xf3, 0xd8,
    0xc7, 0x48, 0xbf, 0x9d, 0xd6, 0x17, 0xc6, 0x0a, 0x66, 0xae, 0x17, 0x7c,
    0xf3, 0xd8, 0xc7, 0x48, 0xbf, 0x9d, 0xd6, 0x17, 0xc6, 0x0a, 0x66, 0xae,
    0x17, 0x7c, 0xf3, 0xd8, 0xc7, 0x48, 0xbf, 0x9d, 0xd6, 0x17, 0xc6, 0x0a,
    0x66, 0xae, 0x17, 0x7c, 0xf3, 0xd8, 0xc7, 0x48, 0xbf, 0x9d, 0xd6, 0x17,
    0xc6, 0x0a, 0x66, 0xae, 0x17, 0x7c, 0xf3, 0xd8, 0xc7, 0x48, 0xbf, 0x9d,
    0xd6, 0x17, 0xc6, 0x0a, 0x66, 0xae, 0x17, 0x7c, 0xf3, 0xd8, 0xc7, 0x48,
    0xbf, 0x9d, 0xe6, 0x17, 0xc6, 0x0c, 0x66, 0xce, 0x27, 0x7c, 0x02, 0xd9,
    0xc7, 0x48, 0x3f, 0x95, 0xe6, 0x07, 0xc6, 0x0a, 0x66, 0xce, 0x27, 0x7c,
    0x02, 0xd9, 0xc7, 0x48, 0x3f, 0x95, 0xe6, 0x07, 0xc6, 0x0a, 0x66, 0xce,
    0x27, 0x7c, 0x02, 0xd9, 0xc7, 0x48, 0x3f, 0x95, 0xe6, 0x07, 0xc6, 0x0a,
    0x66, 0xce, 0x27, 0x7c, 0x02, 0xd9, 0xc7, 0x48, 0x3f, 0x95, 0xe6, 0x07,
    0xc6, 0x0a, 0x66, 0xce, 0x27, 0x7c, 0x02, 0xd9, 0xc7, 0x48, 0x3f, 0x95,
    0xe6, 0x07, 0xc6, 0x0a, 0x66, 0xce, 0x27, 0x7c, 0x02, 0xd9, 0xc7, 0x48,
    0x3f, 0x95, 0xe6, 0x07, 0xc6, 0x0a, 0x66, 0xce, 0x27, 0x7c, 0x02, 0xd9,
    0xc7, 0x48, 0x3f, 0x95, 0xe6, 0x07, 0xc6, 0x0a, 0x66, 0xce, 0x27, 0x7c,
    0x02, 0xd9, 0xc7, 0x48, 0x3f, 0x95, 0xf6, 0x07, 0xc6, 0x0c, 0x66, 0xee,
    0x37, 0x7c, 0x11, 0xd9, 0xc7, 0x48, 0xbf, 0x8c, 0xf6, 0xb9, 0xb1, 0x82,
    0x99, 0xfb, 0x0d, 0x5f, 0x44, 0xf6, 0x31, 0xd2, 0x2f, 0xa3, 0x7d, 0x6e,
    0xac, 0x60, 0xe6, 0x7e, 0xc3, 0x17, 0x91, 0x7d, 0x8c, 0xf4, 0xcb, 0x68,
    0x9f, 0x1b, 0x2b, 0x98, 0xb9, 0xdf, 0xf0, 0x45, 0x64, 0x1f, 0x23, 0xfd,
    0x32, 0xda, 0xe7, 0xc6, 0x0a, 0x66, 0xee, 0x37, 0x7c, 0x11, 0xd9, 0xc7,
    0x48, 0xbf, 0x8c, 0xf6, 0xb9, 0xb1, 0x82, 0x99, 0xfb, 0x0d, 0x5f, 0x44,
    0xf6, 0x31, 0xd2, 0x2f, 0xa3, 0x7d, 0x6e, 0xac, 0x60, 0xe6, 0x7e, 0xc3,
    0x17, 0x91, 0x7d, 0x8c, 0xf4, 0xcb, 0x68, 0x9f, 0x1b, 0x2b, 0x98, 0xb9,
    0xdf, 0xf0, 0x45, 0x64, 0x1f, 0x23, 0xfd, 0x32, 0x12, 0x72, 0x63, 0x06,
    0x33, 0x85, 0x11, 0x1f, 0x48, 0xf6, 0x31, 0xd2, 0x0f, 0x21, 0x21, 0x36,
    0x56, 0x30, 0x53, 0x18, 0xf1, 0x81, 0x64, 0x1f, 0x23, 0xfd, 0x10, 0x12,
    0x62, 0x63, 0x05, 0x33, 0x85, 0x11, 0x1f, 0x48, 0xf6, 0x31, 0xd2, 0x0f,
    0x21, 0x21, 0x36, 0x56, 0x30, 0x53, 0x18, 0xf1, 0x81, 0x64, 0x1f, 0x23,
    0xfd, 0x10, 0x12, 0x62, 0x63, 0x05, 0x33, 0x85, 0x11, 0x1f, 0x48, 0xf6,
    0x31, 0xd2, 0x0f, 0x21, 0x21, 0x36, 0x56, 0x30, 0x53, 0x18, 0xf1, 0x81,
    0x64, 0x1f, 0x23, 0xfd, 0x10, 0x12, 0x62, 0x63, 0x05, 0x33, 0x85, 0x11,
    0x1f, 0x48, 0xf6, 0x31, 0xd2, 0x0f, 0x21, 0x21, 0x36, 0x56, 0x30, 0x53,
    0x18, 0xf1, 0x81, 0x64, 0x1f, 0x23, 0xfd, 0x10, 0x32, 0x62, 0x63, 0x06,
    0x33, 0x8d, 0x15, 0xcc, 0x64, 0x1f, 0x23, 0x65, 0x1f, 0x23, 0x35, 0x56,
    0x30, 0xd3, 0x58, 0xc1, 0x4c, 0xf6, 0x31, 0x52, 0xf6, 0x31, 0x52, 0x63,
    0x05, 0x33, 0x8d, 0x15, 0xcc, 0x64, 0x1f, 0x23, 0x65, 0x1f, 0x23, 0x35,
    0x56, 0x30, 0xd3, 0x58, 0xc1, 0x4c, 0xf6, 0x31, 0x52, 0xf6, 0x31, 0x52,
    0x63, 0x05, 0x33, 0x8d, 0x15, 0xcc, 0x64, 0x1f, 0x23, 0x65, 0x1f, 0x23,
    0x35, 0x56, 0x30, 0xd3, 0x58, 0xc1, 0x4c, 0xf6, 0x31, 0x52, 0xf6, 0x31,
    0x52, 0x63, 0x05, 0x33, 0x8d, 0x15, 0xcc, 0x64, 0x1f, 0x23, 0x65, 0x1f,
    0x23, 0x35, 0x56, 0x30, 0xd3, 0x58, 0xc1, 0x4c, 0xf6, 0x31, 0x52, 0xf6,
    0xf9, 0x23, 0xa9, 0xf1, 0x70, 0xcc, 0xfc, 0xfd, 0x87, 0x63, 0x1f, 0x23,
    0xfd, 0xbf, 0xd1, 0x78, 0x01, 0xe3, 0xa7, 0x98, 0x69, 0xac, 0x60, 0x26,
    0xfb, 0x18, 0x29, 0xfb, 0x18, 0xa9, 0xb1, 0x82, 0x99, 0xc6, 0x0a, 0x66,
    0xb2, 0x8f, 0x91, 0xb2, 0x8f, 0x91, 0x1a, 0x2b, 0x98, 0x69, 0xac, 0x60,
    0x26, 0xfb, 0x18, 0x29, 0xfb, 0x18, 0xa9, 0xb1, 0x82, 0x99, 0xc6, 0x0a,
    0x66, 0xb2, 0x8f, 0x91, 0xb2, 0x8f, 0x91, 0x1a, 0x2b, 0x98, 0x69, 0xac,
    0x60, 0x26, 0xfb, 0x18, 0x29, 0xfb, 0x18, 0xa9, 0xb1, 0x82, 0x99, 0xc6,
    0x0a, 0x66, 0xb2, 0x8f, 0x91, 0xb2, 0x8f, 0x91, 0x1a, 0x2b, 0x98, 0x69,
    0xac, 0xf8, 0x60, 0xb2, 0x90, 0x91, 0x7e, 0x08, 0x09, 0xb1, 0xb1, 0x82,
    0x99, 0xc2, 0x88, 0x0f, 0x24, 0xfb, 0x18, 0xe9, 0x87, 0x90, 0x10, 0x1b,
    0x2b, 0x98, 0x29, 0x8c, 0xf8, 0x40, 0xb2, 0x8f, 0x91, 0x7e, 0x08, 0x09,
    0xb1, 0xb1, 0x82, 0x99, 0xc2, 0x88, 0x0f, 0x24, 0xfb, 0x18, 0xe9, 0x87,
    0x90, 0x10, 0x1b, 0x2b, 0x98, 0x29, 0x8c, 0xf8, 0x40, 0xb2, 0x8f, 0x91,
    0x7e, 0x08, 0x09, 0xb1, 0xb1, 0x82, 0x99, 0xc2, 0x88, 0x0f, 0x24, 0xfb,
    0x18, 0xe9, 0x87, 0x90, 0x10, 0x1b, 0x2b, 0x98, 0x29, 0x8c, 0xf8, 0x40,
    0xb2, 0x8f, 0x91, 0x7e, 0x08, 0x09, 0xb1, 0xb1, 0x82, 0x99, 0xc2, 0x88,
    0x0f, 0x24, 0xfb, 0x18, 0xe9, 0x87, 0x90, 0x10, 0x1b, 0x2b, 0x98, 0x29,
    0x8c, 0xf8, 0x42, 0xb2, 0x90, 0x91, 0x7e, 0x19, 0xed, 0x73, 0x63, 0x05,
    0x33, 0xf7, 0x1b, 0xbe, 0x88, 0xec, 0x63, 0xa4, 0x5f, 0x46, 0xfb, 0xdc,
    0x58, 0xc1, 0xcc, 0xfd, 0x86, 0x2f, 0x22, 0xfb, 0x18, 0xe9, 0x97, 0xd1,
    0x3e, 0x37, 0x56, 0x30, 0x73, 0xbf, 0xe1, 0x8b, 0xc8, 0x3e, 0x46, 0xfa,
    0x65, 0xb4, 0xcf, 0x8d, 0x15, 0xcc, 0xdc, 0x6f, 0xf8, 0x22, 0xb2, 0x8f,
    0x91, 0x7e, 0x19, 0xed, 0x73, 0x63, 0x05, 0x33, 0xf7, 0x1b, 0xbe, 0x88,
    0xec, 0x63, 0xa4, 0x5f, 0x46, 0xfb, 0xdc, 0x58, 0xc1, 0xcc, 0xfd, 0x86,
    0x2f, 0x22, 0xfb, 0x18, 0xe9, 0x97, 0xd1, 0x3e, 0x37, 0x56, 0x30, 0x73,
    0xbf, 0xe1, 0x8b, 0xc8, 0x3e, 0x46, 0xfa, 0x65, 0xb4, 0xcf, 0x8d, 0x15,
    0xcc, 0xdc, 0x6f, 0xf8, 0x24, 0xb2, 0x90, 0x91, 0x7e, 0x2a, 0xcd, 0x0f,
    0x8c, 0x15, 0xcc, 0x9c, 0x4f, 0xf8, 0x04, 0xb2, 0x8f, 0x91, 0x7e, 0x2a,
    0xcd, 0x0f, 0x8c, 0x15, 0xcc, 0x9c, 0x4f, 0xf8, 0x04, 0xb2, 0x8f, 0x91,
    0x7e, 0x2a, 0xcd, 0x0f, 0x8c, 0x15, 0xcc, 0x9c, 0x4f, 0xf8, 0x04, 0xb2,
    0x8f, 0x91, 0x7e, 0x2a, 0xcd, 0x0f, 0x8c, 0x15, 0xcc, 0x9c, 0x4f, 0xf8,
    0x04, 0xb2, 0x8f, 0x91, 0x7e, 0x2a, 0xcd, 0x0f, 0x8c, 0x15, 0xcc, 0x9c,
    0x4f, 0xf8, 0x04, 0xb2, 0x8f, 0x91, 0x7e, 0x2a, 0xcd, 0x0f, 0x8c, 0x15,
    0xcc, 0x9c, 0x4f, 0xf8, 0x04, 0xb2, 0x8f, 0x91, 0x7e, 0x2a, 0xcd, 0x0f,
    0x8c, 0x15, 0xcc, 0x9c, 0x4f, 0xf8, 0x04, 0xb2, 0x8f, 0x91, 0x7e, 0x2a,
    0xcd, 0x0f, 0x8c, 0x15, 0xcc, 0x9c, 0x4f, 0xf8, 0x06, 0xb2, 0x90, 0x91,
    0x7e, 0x3b, 0xad, 0x2f, 0x8c, 0x15, 0xcc, 0x5c, 0x2f, 0xf8, 0xe6, 0xb1,
    0x8f, 0x91, 0x7e, 0x3b, 0xad, 0x2f, 0x8c, 0x15, 0xcc, 0x5c, 0x2f, 0xf8,
    0xe6, 0xb1, 0x8f, 0x91, 0x7e, 0x3b, 0xad, 0x2f, 0x8c, 0x15, 0xcc, 0x5c,
    0x2f, 0xf8, 0xe6, 0xb1, 0x8f, 0x91, 0x7e, 0x3b, 0xad, 0x2f, 0x8c, 0x15,
    0xcc, 0x5c, 0x2f, 0xf8, 0xe6, 0xb1, 0x8f, 0x91, 0x7e, 0x3b, 0xad, 0x2f,
    0x8c, 0x15, 0xcc, 0x5c, 0x2f, 0xf8, 0xe6, 0xb1, 0x8f, 0x91, 0x7e, 0x3b,
    0xad, 0x2f, 0x8c, 0x15, 0xcc, 0x5c, 0x2f, 0xf8, 0xe6, 0xb1, 0x8f, 0x91,
    0x7e, 0x3b, 0xad, 0x2f, 0x8c, 0x15, 0xcc, 0x5c, 0x2f, 0xf8, 0xe6, 0xb1,
    0x8f, 0x91, 0x7e, 0x3b, 0xad, 0x2f, 0x8c, 0x15, 0xcc, 0x5c, 0x2f, 0x78,
    0xe0, 0xb1, 0x90, 0x91, 0x3e, 0x48, 0x8d, 0x4f, 0x8c, 0x15, 0xcc, 0x1c,
    0x0f, 0x78, 0xc0, 0xb1, 0x8f, 0x91, 0x3e, 0x48, 0x8d, 0x4f, 0x8c, 0x15,
    0xcc, 0x1c, 0x0f, 0x78, 0xc0, 0xb1, 0x8f, 0x91, 0x3e, 0x48, 0x8d, 0x4f,
    0x8c, 0x15, 0xcc, 0x1c, 0x0f, 0x78, 0xc0, 0xb1, 0x8f, 0x91, 0x3e, 0x48,
    0x8d, 0x4f, 0x8c, 0x15, 0xcc, 0x1c, 0x0f, 0x78, 0xc0, 0xb1, 0x8f, 0x91,
    0x3e, 0x48, 0x8d, 0x4f, 0x8c, 0x15, 0xcc, 0x1c, 0x0f, 0x78, 0xc0, 0xb1,
    0x8f, 0x91, 0x3e, 0x48, 0x8d, 0x4f, 0x8c, 0x15, 0xcc, 0x1c, 0x0f, 0x78,
    0xc0, 0xb1, 0x8f, 0x91, 0x3e, 0x48, 0x8d, 0x4f, 0x8c, 0x15, 0xcc, 0x1c,
    0x0f, 0x78, 0xc0, 0xb1, 0x8f, 0x91, 0x3e, 0x48, 0x8d, 0x4f, 0x8c, 0x15,
    0xcc, 0x1c, 0x0f, 0x78, 0xc1, 0xb1, 0x90, 0x91, 0xbe, 0x58, 0x6d, 0x6f,
    0x8c, 0x15, 0xcc, 0xdc, 0xfa, 0xbf, 0xd0, 0xd8, 0xc7, 0x48, 0x5f, 0xac,
    0xb6, 0x37, 0xc6, 0x0a, 0x66, 0x6e, 0xfd, 0x5f, 0x68, 0xec, 0x63, 0xa4,
    0x2f, 0x56, 0xdb, 0x1b, 0x63, 0x05, 0x33, 0xb7, 0xfe, 0x2f, 0x34, 0xf6,
    0x31, 0xd2, 0x17, 0xab, 0xed, 0x8d, 0xb1, 0x82, 0x99, 0x5b, 0xff, 0x17,
    0x1a, 0xfb, 0x18, 0xe9, 0x8b, 0xd5, 0xf6, 0xc6, 0x58, 0xc1, 0xcc, 0xad,
    0xff, 0x0b, 0x8d, 0x7d, 0x8c, 0xf4, 0xc5, 0x6a, 0x7b, 0x63, 0xac, 0x60,
    0xe6, 0xd6, 0xff, 0x85, 0xc6, 0x3e, 0x46, 0xfa, 0x62, 0xb5, 0xbd, 0x31,
    0x56, 0x30, 0x73, 0xeb, 0xff, 0x42, 0x63, 0x1f, 0x23, 0x7d, 0xb1, 0xda,
    0xde, 0x18, 0x2b, 0x98, 0xb9, 0xf5, 0x7f, 0xa2, 0xb1, 0x90, 0x91, 0x3e,
    0x69, 0x4d, 0x8f, 0x8c, 0x15, 0xcc, 0x9c, 0xea, 0x3f, 0xc1, 0xd8, 0xc7,
    0x48, 0x9f, 0xb4, 0xa6, 0x47, 0xc6, 0x0a, 0x66, 0x4e, 0xf5, 0x9f, 0x60,
    0xec, 0x63, 0xa4, 0x4f, 0x5a, 0xd3, 0x23, 0x63, 0x05, 0x33, 0xa7, 0xfa,
    0x4f, 0x30, 0xf6, 0x31, 0xd2, 0x27, 0xad, 0xe9, 0x91, 0xb1, 0x82, 0x99,
    0x53, 0xfd, 0x27, 0x18, 0xfb, 0x18, 0xe9, 0x93, 0xd6, 0xf4, 0xc8, 0x58,
    0xc1, 0xcc, 0xa9, 0xfe, 0x13, 0x8c, 0x7d, 0x8c, 0xf4, 0x49, 0x6b, 0x7a,
    0x64, 0xac, 0x60, 0xe6, 0x54, 0xff, 0x09, 0xc6, 0x3e, 0x46, 0xfa, 0xa4,
    0x35, 0x3d, 0x32, 0x56, 0x30, 0x73, 0xaa, 0xff, 0x04, 0x63, 0x1f, 0x23,
    0x7d, 0xd2, 0x9a, 0x1e, 0x19, 0x2b, 0x98, 0x39, 0xd5, 0x7f, 0x83, 0xb1,
    0x90, 0x91, 0xbe, 0x79, 0x2d, 0xaf, 0x8c, 0x15, 0xcc, 0x5c, 0xda, 0xbf,
    0xb1, 0xd8, 0xc7, 0x48, 0xdf, 0xbc, 0x96, 0x57, 0xc6, 0x0a, 0x66, 0x2e,
    0xed, 0xdf, 0x58, 0xec, 0x63, 0xa4, 0x6f, 0x5e, 0xcb, 0x2b, 0x63, 0x05,
    0x33, 0x97, 0xf6, 0x6f, 0x2c, 0xf6, 0x31, 0xd2, 0x37, 0xaf, 0xe5, 0x95,
    0xb1, 0x82, 0x99, 0x4b, 0xfb, 0x37, 0x16, 0xfb, 0x18, 0xe9, 0x9b, 0xd7,
    0xf2, 0xca, 0x58, 0xc1, 0xcc, 0xa5, 0xfd, 0x1b, 0x8b, 0x7d, 0x8c, 0xf4,
    0xcd, 0x6b, 0x79, 0x65, 0xac, 0x60, 0xe6, 0xd2, 0xfe, 0x8d, 0xc5, 0x3e,
    0x46, 0xfa, 0xe6, 0xb5, 0xbc, 0x32, 0x56, 0x30, 0x73, 0x69, 0xff, 0xc6,
    0x62, 0x1f, 0x23, 0x7d, 0xf3, 0x5a, 0x5e, 0x19, 0x2b, 0x98, 0xb9, 0xb4,
    0x7f, 0x64, 0xb1, 0x90, 0x91, 0x3e, 0x8a, 0x0d, 0xcf, 0x8c, 0x15, 0xcc,
    0x1c, 0xca, 0x3f, 0xa2, 0xd8, 0xc7, 0x48, 0x1f, 0xc5, 0x86, 0x67, 0xc6,
    0x0a, 0x66, 0x0e, 0xe5, 0x1f, 0x51, 0xec, 0x63, 0xa4, 0x8f, 0x62, 0xc3,
    0x33, 0x63, 0x05, 0x33, 0x87, 0xf2, 0x8f, 0x28, 0xf6, 0x31, 0xd2, 0x47,
    0xb1, 0xe1, 0x99, 0xb1, 0x82, 0x99, 0x43, 0xf9, 0x47, 0x14, 0xfb, 0x18,
    0xe9, 0xa3, 0xd8, 0xf0, 0xcc, 0x58, 0xc1, 0xcc, 0xa1, 0xfc, 0x23, 0x8a,
    0x7d, 0x8c, 0xf4, 0x51, 0x6c, 0x78, 0x66, 0xac, 0x60, 0xe6, 0x50, 0xfe,
    0x11, 0xc5, 0x3e, 0x46, 0xfa, 0x28, 0x36, 0x3c, 0x33, 0x56, 0x30, 0x73,
    0x28, 0xff, 0x88, 0x62, 0x1f, 0x23, 0x7d, 0x14, 0x1b, 0x9e, 0x19, 0x2b,
    0x98, 0x39, 0x94, 0x7f, 0x45, 0xb1, 0x90, 0x91, 0xbe, 0x9a, 0xed, 0xee,
    0x8c, 0x15, 0xcc, 0xdc, 0xb9, 0xbf, 0x92, 0xd8, 0xc7, 0x48, 0x5f, 0xcd,
    0x76, 0x77, 0xc6, 0x0a, 0x66, 0xee, 0xdc, 0x5f, 0x49, 0xec, 0x63, 0xa4,
    0xaf, 0x66, 0xbb, 0x3b, 0x63, 0x05, 0x33, 0x77, 0xee, 0xaf, 0x24, 0xf6,
    0x31, 0xd2, 0x57, 0xb3, 0xdd, 0x9d, 0xb1, 0x82, 0x99, 0x3b, 0xf7, 0x57,
    0x12, 0xfb, 0x18, 0xe9, 0xab, 0xd9, 0xee, 0xce, 0x58, 0xc1, 0xcc, 0x9d,
    0xfb, 0x2b, 0x89, 0x7d, 0x8c, 0xf4, 0xd5, 0x6c, 0x77, 0x67, 0xac, 0x60,
    0xe6, 0xce, 0xfd, 0x95, 0xc4, 0x3e, 0x46, 0xfa, 0x6a, 0xb6, 0xbb, 0x33,
    0x56, 0x30, 0x73, 0xe7, 0xfe, 0x4a, 0x62, 0x1f, 0x23, 0x7d, 0x35, 0xdb,
    0xdd, 0x19, 0x2b, 0x98, 0xb9, 0x73, 0x7f, 0x26, 0xb1, 0x90, 0x91, 0x3e,
    0xab, 0xcd, 0x0e, 0x8d, 0x15, 0xcc, 0x9c, 0xa9, 0x3f, 0x83, 0xd8, 0xc7,
    0x48, 0x9f, 0xd5, 0x66, 0x87, 0xc6, 0x0a, 0x66, 0xce, 0xd4, 0x9f, 0x41,
    0xec, 0x63, 0xa4, 0xcf, 0x6a, 0xb3, 0x43, 0x63, 0x05, 0x33, 0x67, 0xea,
    0xcf, 0x20, 0xf6, 0x31, 0xd2, 0x67, 0xb5, 0xd9, 0xa1, 0xb1, 0x82, 0x99,
    0x33, 0xf5, 0x67, 0x10, 0xfb, 0x18, 0xe9, 0xb3, 0xda, 0xec, 0xd0, 0x58,
    0xc1, 0xcc, 0x99, 0xfa, 0x33, 0x88, 0x7d, 0x8c, 0xf4, 0x59, 0x6d, 0x76,
    0x68, 0xac, 0x60, 0xe6, 0x4c, 0xfd, 0x19, 0xc4, 0x3e, 0x46, 0xfa, 0xac,
    0x36, 0x3b, 0x34, 0x56, 0x30, 0x73, 0xa6, 0xfe, 0x0c, 0x62, 0x1f, 0x23,
    0x7d, 0x56, 0x9b, 0x1d, 0x1a, 0x2b, 0x98, 0x39, 0x53, 0x7f, 0x07, 0xb1,
    0x90, 0x91, 0xbe, 0xbb, 0xad, 0x2e, 0x8d, 0x15, 0xcc, 0x5c, 0x99, 0xbf,
    0x73, 0xd8, 0xc7, 0x48, 0xdf, 0xdd, 0x56, 0x97, 0xc6, 0x0a, 0x66, 0xae,
    0xcc, 0xdf, 0x39, 0xec, 0x63, 0xa4, 0xef, 0x6e, 0xab, 0x4b, 0x63, 0x05,
    0x33, 0x57, 0xe6, 0xef, 0x1c, 0xf6, 0x31, 0xd2, 0x77, 0xb7, 0xd5, 0xa5,
    0xb1, 0x82, 0x99, 0x2b, 0xf3, 0x77, 0x0e, 0xfb, 0x18, 0xe9, 0xbb, 0xdb,
    0xea, 0xd2, 0x58, 0xc1, 0xcc, 0x95, 0xf9, 0x3b, 0x87, 0x7d, 0x8c, 0xf4,
    0xdd, 0x6d, 0x75, 0x69, 0xac, 0x60, 0xe6, 0xca, 0xfc, 0x9d, 0xc3, 0x3e,
    0x46, 0xfa, 0xee, 0xb6, 0xba, 0x34, 0x56, 0x30, 0x73, 0x65, 0xfe, 0xce,
    0x61, 0x1f, 0x23, 0x7d, 0x77, 0x5b, 0x5d, 0x1a, 0x2b, 0x98, 0xb9, 0x32,
    0x3f, 0x70, 0x58, 0xc8, 0x48, 0x0f, 0x72, 0xa3, 0x53, 0x63, 0x05, 0x33,
    0x47, 0xe2, 0x07, 0x0c, 0xfb, 0x18, 0xe9, 0x41, 0x6e, 0x74, 0x6a, 0xac,
    0x60, 0xe6, 0x48, 0xfc, 0x80, 0x61, 0x1f, 0x23, 0x3d, 0xc8, 0x8d, 0x4e,
    0x8d, 0x15, 0xcc, 0x1c, 0x89, 0x1f, 0x30, 0xec, 0x63, 0xa4, 0x07, 0xb9,
    0xd1, 0xa9, 0xb1, 0x82, 0x99, 0x23, 0xf1, 0x03, 0x86, 0x7d, 0x8c, 0xf4,
    0x20, 0x37, 0x3a, 0x35, 0x56, 0x30, 0x73, 0x24, 0x7e, 0xc0, 0xb0, 0x8f,
    0x91, 0x1e, 0xe4, 0x46, 0xa7, 0xc6, 0x0a, 0x66, 0x8e, 0xc4, 0x0f, 0x18,
    0xf6, 0x31, 0xd2, 0x83, 0xdc, 0xe8, 0xd4, 0x58, 0xc1, 0xcc, 0x91, 0xf8,
    0x01, 0xc3, 0x3e, 0x46, 0x7a, 0x90, 0x1b, 0x9d, 0x1a, 0x2b, 0x98, 0x39,
    0x12, 0xbf, 0x60, 0x58, 0xc8, 0x48, 0x2f, 0x76, 0x9b, 0x5b, 0x63, 0x05,
    0x33, 0x37, 0xde, 0x17, 0x0a, 0xfb, 0x18, 0xe9, 0xc5, 0x6e, 0x73, 0x6b,
    0xac, 0x60, 0xe6, 0xc6, 0xfb, 0x42, 0x61, 0x1f, 0x23, 0xbd, 0xd8, 0x6d,
    0x6e, 0x8d, 0x15, 0xcc, 0xdc, 0x78, 0x5f, 0x28, 0xec, 0x63, 0xa4, 0x17,
    0xbb, 0xcd, 0xad, 0xb1, 0x82, 0x99, 0x1b, 0xef, 0x0b, 0x85, 0x7d, 0x8c,
    0xf4, 0x62, 0xb7, 0xb9, 0x35, 0x56, 0x30, 0x73, 0xe3, 0x7d, 0xa1, 0xb0,
    0x8f, 0x91, 0x5e, 0xec, 0x36, 0xb7, 0xc6, 0x0a, 0x66, 0x6e, 0xbc, 0x2f,
    0x14, 0xf6, 0x31, 0xd2, 0x8b, 0xdd, 0xe6, 0xd6, 0x58, 0xc1, 0xcc, 0x8d,
    0xf7, 0x85, 0xc2, 0x3e, 0x46, 0x7a, 0xb1, 0xdb, 0xdc, 0x1a, 0x2b, 0x98,
    0xb9, 0xf1, 0x3e, 0x51, 0x58, 0xc8, 0x48, 0x4f, 0x7a, 0x93, 0x63, 0x63,
    0x05, 0x33, 0x27, 0xda, 0x27, 0x08, 0xfb, 0x18, 0xe9, 0x49, 0x6f, 0x72,
    0x6c, 0xac, 0x60, 0xe6, 0x44, 0xfb, 0x04, 0x61, 0x1f, 0x23, 0x3d, 0xe9,
    0x4d, 0x8e, 0x8d, 0x15, 0xcc, 0x9c, 0x68, 0x9f, 0x20, 0xec, 0x63, 0xa4,
    0x27, 0xbd, 0xc9, 0xb1, 0xb1, 0x82, 0x99, 0x13, 0xed, 0x13, 0x84, 0x7d,
    0x8c, 0xf4, 0xa4, 0x37, 0x39, 0x36, 0x56, 0x30, 0x73, 0xa2, 0x7d, 0x82,
    0xb0, 0x8f, 0x91, 0x9e, 0xf4, 0x26, 0xc7, 0xc6, 0x0a, 0x66, 0x4e, 0xb4,
    0x4f, 0x10, 0xf6, 0x31, 0xd2, 0x93, 0xde, 0xe4, 0xd8, 0x58, 0xc1, 0xcc,
    0x89, 0xf6, 0x09, 0xc2, 0x3e, 0x46, 0x7a, 0xd2, 0x9b, 0x1c, 0x1b, 0x2b,
    0x98, 0x39, 0xd1, 0xbe, 0x41, 0x58, 0xc8, 0x48, 0x6f, 0x7e, 0x8b, 0x6b,
    0x63, 0x05, 0x33, 0x17, 0xd6, 0x37, 0x06, 0xfb, 0x18, 0xe9, 0xcd, 0x6f,
    0x71, 0x6d, 0xac, 0x60, 0xe6, 0xc2, 0xfa, 0xc6, 0x60, 0x1f, 0x23, 0xbd,
    0xf9, 0x2d, 0xae, 0x8d, 0x15, 0xcc, 0x5c, 0x58, 0xdf, 0x18, 0xec, 0x63,
    0xa4, 0x37, 0xbf, 0xc5, 0xb5, 0xb1, 0x82, 0x99, 0x0b, 0xeb, 0x1b, 0x83,
    0x7d, 0x8c, 0xf4, 0xe6, 0xb7, 0xb8, 0x36, 0x56, 0x30, 0x73, 0x61, 0x7d,
    0x63, 0xb0, 0x8f, 0x91, 0xde, 0xfc, 0x16, 0xd7, 0xc6, 0x0a, 0x66, 0x2e,
    0xac, 0x6f, 0x0c, 0xf6, 0x31, 0xd2, 0x9b, 0xdf, 0xe2, 0xda, 0x58, 0xc1,
    0xcc, 0x85, 0xf5, 0x8d, 0xc1, 0x3e, 0x46, 0x7a, 0xf3, 0x5b, 0x5c, 0x1b,
    0x2b, 0x98, 0xb9, 0xb0, 0x3e, 0x32, 0x58, 0xc8, 0x48, 0x8f, 0x82, 0x83,
    0x73, 0x63, 0x05, 0x33, 0x07, 0xd2, 0x47, 0x04, 0xfb, 0x18, 0xe9, 0x51,
    0x70, 0x70, 0x6e, 0xac, 0x60, 0xe6, 0x40, 0xfa, 0x88, 0x60, 0x1f, 0x23,
    0x3d, 0x0a, 0x0e, 0xce, 0x8d, 0x15, 0xcc, 0x1c, 0x48, 0x1f, 0x11, 0xec,
    0x63, 0xa4, 0x47, 0xc1, 0xc1, 0xb9, 0xb1, 0x82, 0x99, 0x03, 0xe9, 0x23,
    0x82, 0x7d, 0x8c, 0xf4, 0x28, 0x38, 0x38, 0x37, 0x56, 0x30, 0x73, 0x20,
    0x7d, 0x44, 0xb0, 0x8f, 0x91, 0x1e, 0x05, 0x07, 0xe7, 0xc6, 0x0a, 0x66,
    0x0e, 0xa4, 0x8f, 0x08, 0xf6, 0x31, 0xd2, 0xa3, 0xe0, 0xe0, 0xdc, 0x58,
    0xc1, 0xcc, 0x81, 0xf4, 0x11, 0xc1, 0x3e, 0x46, 0x7a, 0x14, 0x1c, 0x9c,
    0x1b, 0x2b, 0x98, 0x39, 0x90, 0xbe, 0x22, 0x58, 0xc8, 0x48, 0xaf, 0x86,
    0xfd, 0xbd, 0xb1, 0x82, 0x99, 0xbd, 0xf3, 0x95, 0xc0, 0x3e, 0x46, 0x7a,
    0x35, 0xec, 0xef, 0x8d, 0x15, 0xcc, 0xec, 0x9d, 0xaf, 0x04, 0xf6, 0x31,
    0xd2, 0xab, 0x61, 0x7f, 0x6f, 0xac, 0x60, 0x66, 0xef, 0x7c, 0x25, 0xb0,
    0x8f, 0x91, 0x5e, 0x0d, 0xfb, 0x7b, 0x63, 0x05, 0x33, 0x7b, 0xe7, 0x2b,
    0x81, 0x7d, 0x8c, 0xf4, 0x6a, 0xd8, 0xdf, 0x1b, 0x2b, 0x98, 0xd9, 0x3b,
    0x5f, 0x09, 0xec, 0x63, 0xa4, 0x57, 0xc3, 0xfe, 0xde, 0x58, 0xc1, 0xcc,
    0xde, 0xf9, 0x4a, 0x60, 0x1f, 0x23, 0xbd, 0x1a, 0xf6, 0xf7, 0xc6, 0x0a,
    0x66, 0xf6, 0xce, 0x57, 0x02, 0xfb, 0x18, 0xe9, 0xd5, 0xb0, 0xbf, 0x37,
    0x56, 0x30, 0xb3, 0x77, 0x3e, 0x13, 0x58, 0xc8, 0x48, 0xcf, 0x8a, 0x75,
    0xc1, 0x58, 0xc1, 0xcc, 0x5a, 0xf9, 0x0c, 0x60, 0x1f, 0x23, 0x3d, 0x2b,
    0xd6, 0x05, 0x63, 0x05, 0x33, 0x6b, 0xe5, 0x33, 0x80, 0x7d, 0x8c, 0xf4,
    0xac, 0x58, 0x17, 0x8c, 0x15, 0xcc, 0xac, 0x95, 0xcf, 0x00, 0xf6, 0x31,
    0xd2, 0xb3, 0x62, 0x5d, 0x30, 0x56, 0x30, 0xb3, 0x56, 0x3e, 0x03, 0xd8,
    0xc7, 0x48, 0xcf, 0x8a, 0x75, 0xc1, 0x58, 0xc1, 0xcc, 0x5a, 0xf9, 0x0c,
    0x60, 0x1f, 0x23, 0x3d, 0x2b, 0xd6, 0x05, 0x63, 0x05, 0x33, 0x6b, 0xe5,
    0x33, 0x80, 0x7d, 0x8c, 0xf4, 0xac, 0x58, 0x17, 0x8c, 0x15, 0xcc, 0xac,
    0x95, 0xcf, 0x00, 0xf6, 0x31, 0xd2, 0xb3, 0x62, 0x5d, 0x30, 0x56, 0x30,
    0xb3, 0x56, 0xbe, 0x03, 0x58, 0xc8, 0x48, 0xef, 0x8e, 0x6d, 0xc3, 0x58,
    0xc1, 0xcc, 0xd6, 0xf8, 0xde, 0x67, 0x1f, 0x23, 0xbd, 0x3b, 0xb6, 0x0d,
    0x63, 0x05, 0x33, 0x5b, 0xe3, 0x7b, 0x9f, 0x7d, 0x8c, 0xf4, 0xee, 0xd8,
    0x36, 0x8c, 0x15, 0xcc, 0x6c, 0x8d, 0xef, 0x7d, 0xf6, 0x31, 0xd2, 0xbb,
    0x63, 0xdb, 0x30, 0x56, 0x30, 0xb3, 0x35, 0xbe, 0xf7, 0xd9, 0xc7, 0x48,
    0xef, 0x8e, 0x6d, 0xc3, 0x58, 0xc1, 0xcc, 0xd6, 0xf8, 0xde, 0x67, 0x1f,
    0x23, 0xbd, 0x3b, 0xb6, 0x0d, 0x63, 0x05, 0x33, 0x5b, 0xe3, 0x7b, 0x9f,
    0x7d, 0x8c, 0xf4, 0xee, 0xd8, 0x36, 0x8c, 0x15, 0xcc, 0x6c, 0x8d, 0xef,
    0x7d, 0xf6, 0x31, 0xd2, 0xbb, 0x63, 0xdb, 0x30, 0x56, 0x30, 0xb3, 0x35,
    0x0e, 0xfa, 0x2c, 0x64, 0xa4, 0x81, 0x64, 0x59, 0x31, 0x56, 0x30, 0xb3,
    0x14, 0x0e, 0xea, 0xec, 0x63, 0xa4, 0x81, 0x64, 0x59, 0x31, 0x56, 0x30,
    0xb3, 0x14, 0x0e, 0xea, 0xec, 0x63, 0xa4, 0x81, 0x64, 0x59, 0x31, 0x56,
    0x30, 0xb3, 0x14, 0x0e, 0xea, 0xec, 0x63, 0xa4, 0x81, 0x64, 0x59, 0x31,
    0x56, 0x30, 0xb3, 0x14, 0x0e, 0xea, 0xec, 0x63, 0xa4, 0x81, 0x64, 0x59,
    0x31, 0x56, 0x30, 0xb3, 0x14, 0x0e, 0xea, 0xec, 0x63, 0xa4, 0x81, 0x64,
    0x59, 0x31, 0x56, 0x30, 0xb3, 0x14, 0x0e, 0xea, 0xec, 0x63, 0xa4, 0x81,
    0x64, 0x59, 0x31, 0x56, 0x30, 0xb3, 0x14, 0x0e, 0xea, 0xec, 0x63, 0xa4,
    0x81, 0x64, 0x59, 0x31, 0x56, 0x30, 0xb3, 0x14, 0x4e, 0xea, 0x2c, 0x64,
    0xa4, 0x89, 0x65, 0xd7, 0x31, 0x56, 0x30, 0xb3, 0xf3, 0x4d, 0xda, 0xec,
    0x63, 0xa4, 0x89, 0x65, 0xd7, 0x31, 0x56, 0x30, 0xb3, 0xf3, 0x4d, 0xda,
    0xec, 0x63, 0xa4, 0x89, 0x65, 0xd7, 0x31, 0x56, 0x30, 0xb3, 0xf3, 0x4d,
    0xda, 0xec, 0x63, 0xa4, 0x89, 0x65, 0xd7, 0x31, 0x56, 0x30, 0xb3, 0xf3,
    0x4d, 0xda, 0xec, 0x63, 0xa4, 0x89, 0x65, 0xd7, 0x31, 0x56, 0x30, 0xb3,
    0xf3, 0x4d, 0xda, 0xec, 0x63, 0xa4, 0x89, 0x65, 0xd7, 0x31, 0x56, 0x30,
    0xb3, 0xf3, 0x4d, 0xda, 0xec, 0x63, 0xa4, 0x89, 0x65, 0xd7, 0x31, 0x56,
    0x30, 0xb3, 0xf3, 0x4d, 0xda, 0xec, 0x63, 0xa4, 0x89, 0x65, 0xd7, 0x31,
    0x56, 0x30, 0xb3, 0xf3, 0x8d, 0xda, 0x2c, 0x64, 0xa4, 0x91, 0x66, 0x55,
    0x32, 0x56, 0x30, 0xb3, 0xd2, 0x8d, 0xca, 0xec, 0x63, 0xa4, 0x91, 0x66,
    0x55, 0x32, 0x56, 0x30, 0xb3, 0xd2, 0x8d, 0xca, 0xec, 0x63, 0xa4, 0x91,
    0x66, 0x55, 0x32, 0x56, 0x30, 0xb3, 0xd2, 0x8d, 0xca, 0xec, 0x63, 0xa4,
    0x91, 0x66, 0x55, 0x32, 0x56, 0x30, 0xb3, 0xd2, 0x8d, 0xca, 0xec, 0x63,
    0xa4, 0x91, 0x66, 0x55, 0x32, 0x56, 0x30, 0xb3, 0xd2, 0x8d, 0xca, 0xec,
    0x63, 0xa4, 0x91, 0x66, 0x55, 0x32, 0x56, 0x30, 0xb3, 0xd2, 0x8d, 0xca,
    0xec, 0x63, 0xa4, 0x91, 0x66, 0x55, 0x32, 0x56, 0x30, 0xb3, 0xd2, 0x8d,
    0xca, 0xec, 0x63, 0xa4, 0x91, 0x66, 0x55, 0x32, 0x56, 0x30, 0xb3, 0xd2,
    0xcd, 0xca, 0x2c, 0x64, 0xa4, 0x99, 0x67, 0xd3, 0x32, 0x56, 0x30, 0xb3,
    0xb1, 0xcd, 0xba, 0xec, 0x63, 0xa4, 0x99, 0x67, 0xd3, 0x32, 0x56, 0x30,
    0xb3, 0xb1, 0xcd, 0xba, 0xec, 0x63, 0xa4, 0x99, 0x67, 0xd3, 0x32, 0x56,
    0x30, 0xb3, 0xb1, 0xcd, 0xba, 0xec, 0x63, 0xa4, 0x99, 0x67, 0xd3, 0x32,
    0x56, 0x30, 0xb3, 0xb1, 0xcd, 0xba, 0xec, 0x63, 0xa4, 0x99, 0x67, 0xd3,
    0x32, 0x56, 0x30, 0xb3, 0xb1, 0xcd, 0xba, 0xec, 0x63, 0xa4, 0x99, 0x67,
    0xd3, 0x32, 0x56, 0x30, 0xb3, 0xb1, 0xcd, 0xba, 0xec, 0x63, 0xa4, 0x99,
    0x67, 0xd3, 0x32, 0x56, 0x30, 0xb3, 0xb1, 0xcd, 0xba, 0xec, 0x63, 0xa4,
    0x99, 0x67, 0xd3, 0x32, 0x56, 0x30, 0xb3, 0xb1, 0x0d, 0xbb, 0x2c, 0x64,
    0xa4, 0xa1, 0x68, 0x51, 0x33, 0x56, 0x30, 0xb3, 0x90, 0x0d, 0xab, 0xec,
    0x63, 0xa4, 0xa1, 0x68, 0x51, 0x33, 0x56, 0x30, 0xb3, 0x90, 0x0d, 0xab,
    0xec, 0x63, 0xa4, 0xa1, 0x68, 0x51, 0x33, 0x56, 0x30, 0xb3, 0x90, 0x0d,
    0xab, 0xec, 0x63, 0xa4, 0xa1, 0x68, 0x51, 0x33, 0x56, 0x30, 0xb3, 0x90,
    0x0d, 0xab, 0xec, 0x63, 0xa4, 0xa1, 0x68, 0x51, 0x33, 0x56, 0x30, 0xb3,
    0x90, 0x0d, 0xab, 0xec, 0x63, 0xa4, 0xa1, 0x68, 0x51, 0x33, 0x56, 0x30,
    0xb3, 0x90, 0x0d, 0xab, 0xec, 0x63, 0xa4, 0xa1, 0x68, 0x51, 0x33, 0x56,
    0x30, 0xb3, 0x90, 0x0d, 0xab, 0xec, 0x63, 0xa4, 0xa1, 0x68, 0x51, 0x33,
    0x56, 0x30, 0xb3, 0x90, 0x4d, 0xab, 0x2c, 0x64, 0xa4, 0xa9, 0x69, 0xde,
    0x33, 0x56, 0x30, 0x33, 0x77, 0x4d, 0x9b, 0xec, 0x63, 0xa4, 0xa9, 0x69,
    0xde, 0x33, 0x56, 0x30, 0x33, 0x77, 0x4d, 0x9b, 0xec, 0x63, 0xa4, 0xa9,
    0x69, 0xde, 0x33, 0x56, 0x30, 0x33, 0x77, 0x4d, 0x9b, 0xec, 0x63, 0xa4,
    0xa9, 0x69, 0xde, 0x33, 0x56, 0x30, 0x33, 0x77, 0x4d, 0x9b, 0xec, 0x63,
    0xa4, 0xa9, 0x69, 0xde, 0x33, 0x56, 0x30, 0x33, 0x77, 0x4d, 0x9b, 0xec,
    0x63, 0xa4, 0xa9, 0x69, 0xde, 0x33, 0x56, 0x30, 0x33, 0x77, 0x4d, 0x9b,
    0xec, 0x63, 0xa4, 0xa9, 0x69, 0xde, 0x33, 0x56, 0x30, 0x33, 0x77, 0x4d,
    0x9b, 0xec, 0x63, 0xa4, 0xa9, 0x69, 0xde, 0x33, 0x56, 0x30, 0x33, 0x77,
    0x8d, 0x9b, 0x2c, 0x64, 0xa4, 0xb1, 0x6a, 0x5c, 0x34, 0x56, 0x30, 0x33,
    0x56, 0x8d, 0x8b, 0xec, 0x63, 0xa4, 0xb1, 0x6a, 0x5c, 0x34, 0x56, 0x30,
    0x33, 0x56, 0x8d, 0x8b, 0xec, 0x63, 0xa4, 0xb1, 0x6a, 0x5c, 0x34, 0x56,
    0x30, 0x33, 0x56, 0x8d, 0x8b, 0xec, 0x63, 0xa4, 0xb1, 0x6a, 0x5c, 0x34,
    0x56, 0x30, 0x33, 0x56, 0x8d, 0x8b, 0xec, 0x63, 0xa4, 0xb1, 0x6a, 0x5c,
    0x34, 0x56, 0x30, 0x33, 0x56, 0x8d, 0x8b, 0xec, 0x63, 0xa4, 0xb1, 0x6a,
    0x5c, 0x34, 0x56, 0x30, 0x33, 0x56, 0x8d, 0x8b, 0xec, 0x63, 0xa4, 0xb1,
    0x6a, 0x5c, 0x34, 0x56, 0x30, 0x33, 0x56, 0x8d, 0x8b, 0xec, 0x63, 0xa4,
    0xb1, 0x6a, 0x5c, 0x34, 0x56, 0x30, 0x33, 0x56, 0xcd, 0x8b, 0x2c, 0x64,
    0xa4, 0xb9, 0x6b, 0xda, 0x34, 0x56, 0x30, 0x33, 0x35, 0xcd, 0x7b, 0xec,
    0x63, 0xa4, 0xb9, 0x6b, 0xda, 0x34, 0x56, 0x30, 0x33, 0x35, 0xcd, 0x7b,
    0xec, 0x63, 0xa4, 0xb9, 0x6b, 0xda, 0x34, 0x56, 0x30, 0x33, 0x35, 0xcd,
    0x7b, 0xec, 0x63, 0xa4, 0xb9, 0x6b, 0xda, 0x34, 0x56, 0x30, 0x33, 0x35,
    0xcd, 0x7b, 0xec, 0x63, 0xa4, 0xb9, 0x6b, 0xda, 0x34, 0x56, 0x30, 0x33,
    0x35, 0xcd, 0x7b, 0xec, 0x63, 0xa4, 0xb9, 0x6b, 0xda, 0x34, 0x56, 0x30,
    0x33, 0x35, 0xcd, 0x7b, 0xec, 0x63, 0xa4, 0xb9, 0x6b, 0xda, 0x34, 0x56,
    0x30, 0x33, 0x35, 0xcd, 0x7b, 0xec, 0x63, 0xa4, 0xb9, 0x6b, 0xda, 0x34,
    0x56, 0x30, 0x33, 0x35, 0x2d, 0x7a, 0x2c, 0x64, 0xa4, 0x85, 0x6c, 0x58,
    0x35, 0x56, 0x30, 0x33, 0x14, 0x2d, 0x6a, 0xec, 0x63, 0xa4, 0x85, 0x6c,
    0x58, 0x35, 0x56, 0x30, 0x33, 0x14, 0x2d, 0x6a, 0xec, 0x63, 0xa4, 0x85,
    0x6c, 0x58, 0x35, 0x56, 0x30, 0x33, 0x14, 0x2d, 0x6a, 0xec, 0x63, 0xa4,
    0x85, 0x6c, 0x58, 0x35, 0x56, 0x30, 0x33, 0x14, 0x2d, 0x6a, 0xec, 0x63,
    0xa4, 0x85, 0x6c, 0x58, 0x35, 0x56, 0x30, 0x33, 0x14, 0x2d, 0x6a, 0xec,
    0x63, 0xa4, 0x85, 0x6c, 0x58, 0x35, 0x56, 0x30, 0x33, 0x14, 0x2d, 0x6a,
    0xec, 0x63, 0xa4, 0x85, 0x6c, 0x58, 0x35, 0x56, 0x30, 0x33, 0x14, 0x2d,
    0x6a, 0xec, 0x63, 0xa4, 0x85, 0x6c, 0x58, 0x35, 0x56, 0x30, 0x33, 0x14,
    0x6d, 0x6a, 0x2c, 0x64, 0xa4, 0x8d, 0x6d, 0xd6, 0x35, 0x56, 0x30, 0x33,
    0xf3, 0x6c, 0x5a, 0xec, 0x63, 0xa4, 0x8d, 0x6d, 0xd6, 0x35, 0x56, 0x30,
    0x33, 0xf3, 0x6c, 0x5a, 0xec, 0x63, 0xa4, 0x8d, 0x6d, 0xd6, 0x35, 0x56,
    0x30, 0x33, 0xf3, 0x6c, 0x5a, 0xec, 0x63, 0xa4, 0x8d, 0x6d, 0xd6, 0x35,
    0x56, 0x30, 0x33, 0xf3, 0x6c, 0x5a, 0xec, 0x63, 0xa4, 0x8d, 0x6d, 0xd6,
    0x35, 0x56, 0x30, 0x33, 0xf3, 0x6c, 0x5a, 0xec, 0x63, 0xa4, 0x8d, 0x6d,
    0xd6, 0x35, 0x56, 0x30, 0x33, 0xf3, 0x6c, 0x5a, 0xec, 0x63, 0xa4, 0x8d,
    0x6d, 0xd6, 0x35, 0x56, 0x30, 0x33, 0xf3, 0x6c, 0x5a, 0xec, 0x63, 0xa4,
    0x8d, 0x6d, 0xd6, 0x35, 0x56, 0x30, 0x33, 0xf3, 0xac, 0x5a, 0x2c, 0x64,
    0xa4, 0x95, 0x6e, 0x54, 0x36, 0x56, 0x30, 0x33, 0xd2, 0xac, 0x4a, 0xec,
    0x63, 0xa4, 0x95, 0x6e, 0x54, 0x36, 0x56, 0x30, 0x33, 0xd2, 0xac, 0x4a,
    0xec, 0x63, 0xa4, 0x95, 0x6e, 0x54, 0x36, 0x56, 0x30, 0x33, 0xd2, 0xac,
    0x4a, 0xec, 0x63, 0xa4, 0x95, 0x6e, 0x54, 0x36, 0x56, 0x30, 0x33, 0xd2,
    0xac, 0x4a, 0xec, 0x63, 0xa4, 0x95, 0x6e, 0x54, 0x36, 0x56, 0x30, 0x33,
    0xd2, 0xac, 0x4a, 0xec, 0x63, 0xa4, 0x95, 0x6e, 0x54, 0x36, 0x56, 0x30,
    0x33, 0xd2, 0xac, 0x4a, 0xec, 0x63, 0xa4, 0x95, 0x6e, 0x54, 0x36, 0x56,
    0x30, 0x33, 0xd2, 0xac, 0x4a, 0xec, 0x63, 0xa4, 0x95, 0x6e, 0x54, 0x36,
    0x56, 0x30, 0x33, 0xd2, 0xec, 0x4a, 0x2c, 0x64, 0xa4, 0x9d, 0x6f, 0xd2,
    0x36, 0x56, 0x30, 0x33, 0xb1, 0xec, 0x3a, 0xec, 0x63, 0xa4, 0x9d, 0x6f,
    0xd2, 0x36, 0x56, 0x30, 0x33, 0xb1, 0xec, 0x3a, 0xec, 0x63, 0xa4, 0x9d,
    0x6f, 0xd2, 0x36, 0x56, 0x30, 0x33, 0xb1, 0xec, 0x3a, 0xec, 0x63, 0xa4,
    0x9d, 0x6f, 0xd2, 0x36, 0x56, 0x30, 0x33, 0xb1, 0xec, 0x3a, 0xec, 0x63,
    0xa4, 0x9d, 0x6f, 0xd2, 0x36, 0x56, 0x30, 0x33, 0xb1, 0xec, 0x3a, 0xec,
    0x63, 0xa4, 0x9d, 0x6f, 0xd2, 0x36, 0x56, 0x30, 0x33, 0xb1, 0xec, 0x3a,
    0xec, 0x63, 0xa4, 0x9d, 0x6f, 0xd2, 0x36, 0x56, 0x30, 0x33, 0xb1, 0xec,
    0x3a, 0xec, 0x63, 0xa4, 0x9d, 0x6f, 0xd2, 0x36, 0x56, 0x30, 0x33, 0xb1,
    0x2c, 0x3b, 0x2c, 0x64, 0xa4, 0xa5, 0x70, 0x50, 0x37, 0x56, 0x30, 0x33,
    0x90, 0x2c, 0x2b, 0xec, 0x63, 0xa4, 0xa5, 0x70, 0x50, 0x37, 0x56, 0x30,
    0x33, 0x90, 0x2c, 0x2b, 0xec, 0x63, 0xa4, 0xa5, 0x70, 0x50, 0x37, 0x56,
    0x30, 0x33, 0x90, 0x2c, 0x2b, 0xec, 0x63, 0xa4, 0xa5, 0x70, 0x50, 0x37,
    0x56, 0x30, 0x33, 0x90, 0x2c, 0x2b, 0xec, 0x63, 0xa4, 0xa5, 0x70, 0x50,
    0x37, 0x56, 0x30, 0x33, 0x90, 0x2c, 0x2b, 0xec, 0x63, 0xa4, 0xa5, 0x70,
    0x50, 0x37, 0x56, 0x30, 0x33, 0x90, 0x2c, 0x2b, 0xec, 0x63, 0xa4, 0xa5,
    0x70, 0x50, 0x37, 0x56, 0x30, 0x33, 0x90, 0x2c, 0x2b, 0xec, 0x63, 0xa4,
    0xa5, 0x70, 0x50, 0x37, 0x56, 0x30, 0x33, 0x90, 0x6c, 0x2b, 0x2c, 0x64,
    0xa4, 0xad, 0xf1, 0xbd, 0x6f, 0xac, 0x60, 0xe6, 0xdd, 0xb1, 0x6d, 0xb0,
    0x8f, 0x91, 0xb6, 0xc6, 0xf7, 0xbe, 0xb1, 0x82, 0x99, 0x77, 0xc7, 0xb6,
    0xc1, 0x3e, 0x46, 0xda, 0x1a, 0xdf, 0xfb, 0xc6, 0x0a, 0x66, 0xde, 0x1d,
    0xdb, 0x06, 0xfb, 0x18, 0x69, 0x6b, 0x7c, 0xef, 0x1b, 0x2b, 0x98, 0x79,
    0x77, 0x6c, 0x1b, 0xec, 0x63, 0xa4, 0xad, 0xf1, 0xbd, 0x6f, 0xac, 0x60,
    0xe6, 0xdd, 0xb1, 0x6d, 0xb0, 0x8f, 0x91, 0xb6, 0xc6, 0xf7, 0xbe, 0xb1,
    0x82, 0x99, 0x77, 0xc7, 0xb6, 0xc1, 0x3e, 0x46, 0xda, 0x1a, 0xdf, 0xfb,
    0xc6, 0x0a, 0x66, 0xde, 0x1d, 0xdb, 0x06, 0xfb, 0x18, 0x69, 0x6b, 0x7c,
    0xef, 0x1b, 0x2b, 0x98, 0x79, 0x77, 0xac, 0x1b, 0x2c, 0x64, 0xa4, 0xb5,
    0xf2, 0x19, 0x60, 0xac, 0x60, 0xe6, 0x59, 0xb1, 0x2e, 0xb0, 0x8f, 0x91,
    0xd6, 0xca, 0x67, 0x80, 0xb1, 0x82, 0x99, 0x67, 0xc5, 0xba, 0xc0, 0x3e,
    0x46, 0x5a, 0x2b, 0x9f, 0x01, 0xc6, 0x0a, 0x66, 0x9e, 0x15, 0xeb, 0x02,
    0xfb, 0x18, 0x69, 0xad, 0x7c, 0x06, 0x18, 0x2b, 0x98, 0x79, 0x56, 0xac,
    0x0b, 0xec, 0x63, 0xa4, 0xb5, 0xf2, 0x19, 0x60, 0xac, 0x60, 0xe6, 0x59,
    0xb1, 0x2e, 0xb0, 0x8f, 0x91, 0xd6, 0xca, 0x67, 0x80, 0xb1, 0x82, 0x99,
    0x67, 0xc5, 0xba, 0xc0, 0x3e, 0x46, 0x5a, 0x2b, 0x9f, 0x01, 0xc6, 0x0a,
    0x66, 0x9e, 0x15, 0xeb, 0x02, 0xfb, 0x18, 0x69, 0xad, 0x7c, 0x06, 0x18,
    0x2b, 0x98, 0x79, 0x56, 0xec, 0x0b, 0x2c, 0x64, 0xa4, 0xbd, 0xf3, 0x95,
    0x60, 0xac, 0x60, 0xe6, 0xd5, 0xb0, 0xbf, 0x67, 0x1f, 0x23, 0xed, 0x9d,
    0xaf, 0x04, 0x63, 0x05, 0x33, 0xaf, 0x86, 0xfd, 0x3d, 0xfb, 0x18, 0x69,
    0xef, 0x7c, 0x25, 0x18, 0x2b, 0x98, 0x79, 0x35, 0xec, 0xef, 0xd9, 0xc7,
    0x48, 0x7b, 0xe7, 0x2b, 0xc1, 0x58, 0xc1, 0xcc, 0xab, 0x61, 0x7f, 0xcf,
    0x3e, 0x46, 0xda, 0x3b, 0x5f, 0x09, 0xc6, 0x0a, 0x66, 0x5e, 0x0d, 0xfb,
    0x7b, 0xf6, 0x31, 0xd2, 0xde, 0xf9, 0x4a, 0x30, 0x56, 0x30, 0xf3, 0x6a,
    0xd8, 0xdf, 0xb3, 0x8f, 0x91, 0xf6, 0xce, 0x57, 0x82, 0xb1, 0x82, 0x99,
    0x57, 0xc3, 0xfe, 0x9e, 0x7d, 0x8c, 0xb4, 0x77, 0xbe, 0x12, 0x8c, 0x15,
    0xcc, 0xbc, 0x1a, 0x0e, 0xee, 0x59, 0xc8, 0x48, 0x07, 0xd2, 0x47, 0x84,
    0xb1, 0x82, 0x99, 0x47, 0xc1, 0xc1, 0x39, 0xfb, 0x18, 0xe9, 0x40, 0xfa,
    0x88, 0x30, 0x56, 0x30, 0xf3, 0x28, 0x38, 0x38, 0x67, 0x1f, 0x23, 0x1d,
    0x48, 0x1f, 0x11, 0xc6, 0x0a, 0x66, 0x1e, 0x05, 0x07, 0xe7, 0xec, 0x63,
    0xa4, 0x03, 0xe9, 0x23, 0xc2, 0x58, 0xc1, 0xcc, 0xa3, 0xe0, 0xe0, 0x9c,
    0x7d, 0x8c, 0x74, 0x20, 0x7d, 0x44, 0x18, 0x2b, 0x98, 0x79, 0x14, 0x1c,
    0x9c, 0xb3, 0x8f, 0x91, 0x0e, 0xa4, 0x8f, 0x08, 0x63, 0x05, 0x33, 0x8f,
    0x82, 0x83, 0x73, 0xf6, 0x31, 0xd2, 0x81, 0xf4, 0x11, 0x61, 0xac, 0x60,
    0xe6, 0x51, 0x70, 0x70, 0xce, 0x3e, 0x46, 0x3a, 0x90, 0x3e, 0x22, 0x8c,
    0x15, 0xcc, 0xfc, 0xe1, 0xd8, 0x48, 0x8f, 0x6f, 0x32, 0x38, 0x37, 0x56,
    0x30, 0x73, 0x20, 0x7d, 0x44, 0xb0, 0x8f, 0x91, 0x1e, 0x05, 0x07, 0xe7,
    0xc6, 0x0a, 0x66, 0x0e, 0xa4, 0x8f, 0x08, 0xf6, 0x31, 0xd2, 0xa3, 0xe0,
    0xe0, 0xdc, 0x58, 0xc1, 0xcc, 0x81, 0xf4, 0x11, 0xc1, 0x3e, 0x46, 0x7a,
    0x14, 0x1c, 0x9c, 0x1b, 0x2b, 0x98, 0x39, 0x90, 0x3e, 0x22, 0xd8, 0xc7,
    0x48, 0x8f, 0x82, 0x83, 0x73, 0x63, 0x05, 0x33, 0x07, 0xd2, 0x47, 0x04,
    0xfb, 0x18, 0xe9, 0x51, 0x70, 0x70, 0x6e, 0xac, 0x60, 0xe6, 0x40, 0xfa,
    0x88, 0x60, 0x1f, 0x23, 0x3d, 0x0a, 0x0e, 0xce, 0x8d, 0x15, 0xcc, 0x1c,
    0x48, 0x1f, 0x11, 0xec, 0x63, 0xa4, 0x47, 0xc1, 0xc1, 0xb9, 0xb1, 0x82,
    0x99, 0x03, 0xe9, 0x2b, 0x82, 0x85, 0x8c, 0xf4, 0x6a, 0xd8, 0xdf, 0x1b,
    0x2b, 0x98, 0xd9, 0x3b, 0x5f, 0x09, 0xec, 0x63, 0xa4, 0x57, 0xc3, 0xfe,
    0xde, 0x58, 0xc1, 0xcc, 0xde, 0xf9, 0x4a, 0x60, 0x1f, 0x23, 0xbd, 0x1a,
    0xf6, 0xf7, 0xc6, 0x0a, 0x66, 0xf6, 0xce, 0x57, 0x02, 0xfb, 0x18, 0xe9,
    0xd5, 0xb0, 0xbf, 0x37, 0x56, 0x30, 0xb3, 0x77, 0xbe, 0x12, 0xd8, 0xc7,
    0x48, 0xaf, 0x86, 0xfd, 0xbd, 0xb1, 0x82, 0x99, 0xbd, 0xf3, 0x95, 0xc0,
    0x3e, 0x46, 0x7a, 0x35, 0xec, 0xef, 0x8d, 0x15, 0xcc, 0xec, 0x9d, 0xaf,
    0x04, 0xf6, 0x31, 0xd2, 0xab, 0x61, 0x7f, 0x6f, 0xac, 0x60, 0x66, 0xef,
    0x7c, 0x25, 0xb0, 0x8f, 0x91, 0x5e, 0x0d, 0xfb, 0x7b, 0x63, 0x05, 0x33,
    0x7b, 0xe7, 0x33, 0x81, 0x85, 0x8c, 0xf4, 0xac, 0x58, 0x17, 0x8c, 0x15,
    0xcc, 0xac, 0x95, 0xcf, 0x00, 0xf6, 0x31, 0xd2, 0xb3, 0x62, 0x5d, 0x30,
    0x56, 0x30, 0xb3, 0x56, 0x3e, 0x03, 0xd8, 0xc7, 0x48, 0xcf, 0x8a, 0x75,
    0xc1, 0x58, 0xc1, 0xcc, 0x5a, 0xf9, 0x0c, 0x60, 0x1f, 0x23, 0x3d, 0x2b,
    0xd6, 0x05, 0x63, 0x05, 0x33, 0x6b, 0xe5, 0x33, 0x80, 0x7d, 0x8c, 0xf4,
    0xac, 0x58, 0x17, 0x8c, 0x15, 0xcc, 0xac, 0x95, 0xcf, 0x00, 0xf6, 0x31,
    0xd2, 0xb3, 0x62, 0x5d, 0x30, 0x56, 0x30, 0xb3, 0x56, 0x3e, 0x03, 0xd8,
    0xc7, 0x48, 0xcf, 0x8a, 0x75, 0xc1, 0x58, 0xc1, 0xcc, 0x5a, 0xf9, 0x0c,
    0x60, 0x1f, 0x23, 0x3d, 0x2b, 0xd6, 0x05, 0x63, 0x05, 0x33, 0x6b, 0xe5,
    0x3b, 0x80, 0x85, 0x8c, 0xf4, 0xee, 0xd8, 0x36, 0x8c, 0x15, 0xcc, 0x6c,
    0x8d, 0xef, 0x7d, 0xf6, 0x31, 0xd2, 0xbb, 0x63, 0xdb, 0x30, 0x56, 0x30,
    0xb3, 0x35, 0xbe, 0xf7, 0xd9, 0xc7, 0x48, 0xef, 0x8e, 0x6d, 0xc3, 0x58,
    0xc1, 0xcc, 0xd6, 0xf8, 0xde, 0x67, 0x1f, 0x23, 0xbd, 0x3b, 0xb6, 0x0d,
    0x63, 0x05, 0x33, 0x5b, 0xe3, 0x7b, 0x9f, 0x7d, 0x8c, 0xf4, 0xee, 0xd8,
    0x36, 0x8c, 0x15, 0xcc, 0x6c, 0x8d, 0xef, 0x7d, 0xf6, 0x31, 0xd2, 0xbb,
    0x63, 0xdb, 0x30, 0x56, 0x30, 0xb3, 0x35, 0xbe, 0xf7, 0xd9, 0xc7, 0x48,
    0xef, 0x8e, 0x6d, 0xc3, 0x58, 0xc1, 0xcc, 0xd6, 0xf8, 0xde, 0x67, 0x1f,
    0x23, 0xbd, 0x3b, 0xb6, 0x0d, 0x63, 0x05, 0x33, 0x5b, 0xe3, 0xa0, 0xcf,
    0x42, 0x46, 0x1a, 0x48, 0x96, 0x15, 0x63, 0x05, 0x33, 0x4b, 0xe1, 0xa0,
    0xce, 0x3e, 0x46, 0x1a, 0x48, 0x96, 0x15, 0x63, 0x05, 0x33, 0x4b, 0xe1,
    0xa0, 0xce, 0x3e, 0x46, 0x1a, 0x48, 0x96, 0x15, 0x63, 0x05, 0x33, 0x4b,
    0xe1, 0xa0, 0xce, 0x3e, 0x46, 0xde, 0x4d, 0xb3, 0x08, 0x00, 0x00, 0x20,
    0x00, 0x49, 0x44, 0x41, 0x54, 0x1a, 0x48, 0x96, 0x15, 0x63, 0x05, 0x33,
    0x4b, 0xe1, 0xa0, 0xce, 0x3e, 0x46, 0x1a, 0x48, 0x96, 0x15, 0x63, 0x05,
    0x33, 0x4b, 0xe1, 0xa0, 0xce, 0x3e, 0x46, 0x1a, 0x48, 0x96, 0x15, 0x63,
    0x05, 0x33, 0x4b, 0xe1, 0xa0, 0xce, 0x3e, 0x46, 0x1a, 0x48, 0x96, 0x15,
    0x63, 0x05, 0x33, 0x4b, 0xe1, 0xa0, 0xce, 0x3e, 0x46, 0x1a, 0x48, 0x96,
    0x15, 0x63, 0x05, 0x33, 0x4b, 0xe1, 0xa4, 0xce, 0x42, 0x46, 0x9a, 0x58,
    0x76, 0x1d, 0x63, 0x05, 0x33, 0x3b, 0xdf, 0xa4, 0xcd, 0x3e, 0x46, 0x9a,
    0x58, 0x76, 0x1d, 0x63, 0x05, 0x33, 0x3b, 0xdf, 0xa4, 0xcd, 0x3e, 0x46,
    0x9a, 0x58, 0x76, 0x1d, 0x63, 0x05, 0x33, 0x3b, 0xdf, 0xa4, 0xcd, 0x3e,
    0x46, 0x9a, 0x58, 0x76, 0x1d, 0x63, 0x05, 0x33, 0x3b, 0xdf, 0xa4, 0xcd,
    0x3e, 0x46, 0x9a, 0x58, 0x76, 0x1d, 0x63, 0x05, 0x33, 0x3b, 0xdf, 0xa4,
    0xcd, 0x3e, 0x46, 0x9a, 0x58, 0x76, 0x1d, 0x63, 0x05, 0x33, 0x3b, 0xdf,
    0xa4, 0xcd, 0x3e, 0x46, 0x9a, 0x58, 0x76, 0x1d, 0x63, 0x05, 0x33, 0x3b,
    0xdf, 0xa4, 0xcd, 0x3e, 0x46, 0x9a, 0x58, 0x76, 0x1d, 0x63, 0x05, 0x33,
    0x3b, 0xdf, 0xa8, 0xcd, 0x42, 0x46, 0x1a, 0x69, 0x56, 0x25, 0x63, 0x05,
    0x33, 0x2b, 0xdd, 0xa8, 0xcc, 0x3e, 0x46, 0x1a, 0x69, 0x56, 0x25, 0x63,
    0x05, 0x33, 0x2b, 0xdd, 0xa8, 0xcc, 0x3e, 0x46, 0x1a, 0x69, 0x56, 0x25,
    0x63, 0x05, 0x33, 0x2b, 0xdd, 0xa8, 0xcc, 0x3e, 0x46, 0x1a, 0x69, 0x56,
    0x25, 0x63, 0x05, 0x33, 0x2b, 0xdd, 0xa8, 0xcc, 0x3e, 0x46, 0x1a, 0x69,
    0x56, 0x25, 0x63, 0x05, 0x33, 0x2b, 0xdd, 0xa8, 0xcc, 0x3e, 0x46, 0x1a,
    0x69, 0x56, 0x25, 0x63, 0x05, 0x33, 0x2b, 0xdd, 0xa8, 0xcc, 0x3e, 0x46,
    0x1a, 0x69, 0x56, 0x25, 0x63, 0x05, 0x33, 0x2b, 0xdd, 0xa8, 0xcc, 0x3e,
    0x46, 0x1a, 0x69, 0x56, 0x25, 0x63, 0x05, 0x33, 0x2b, 0xdd, 0xac, 0xcc,
    0x42, 0x46, 0x9a, 0x79, 0x36, 0x2d, 0x63, 0x05, 0x33, 0x1b, 0xdb, 0xac,
    0xcb, 0x3e, 0x46, 0x9a, 0x79, 0x36, 0x2d, 0x63, 0x05, 0x33, 0x1b, 0xdb,
    0xac, 0xcb, 0x3e, 0x46, 0x9a, 0x79, 0x36, 0x2d, 0x63, 0x05, 0x33, 0x1b,
    0xdb, 0xac, 0xcb, 0x3e, 0x46, 0x9a, 0x79, 0x36, 0x2d, 0x63, 0x05, 0x33,
    0x1b, 0xdb, 0xac, 0xcb, 0x3e, 0x46, 0x9a, 0x79, 0x36, 0x2d, 0x63, 0x05,
    0x33, 0x1b, 0xdb, 0xac, 0xcb, 0x3e, 0x46, 0x9a, 0x79, 0x36, 0x2d, 0x63,
    0x05, 0x33, 0x1b, 0xdb, 0xac, 0xcb, 0x3e, 0x46, 0x9a, 0x79, 0x36, 0x2d,
    0x63, 0x05, 0x33, 0x1b, 0xdb, 0xac, 0xcb, 0x3e, 0x46, 0x9a, 0x79, 0x36,
    0x2d, 0x63, 0x05, 0x33, 0x1b, 0xdb, 0xb0, 0xcb, 0x42, 0x46, 0x1a, 0x8a,
    0x16, 0x35, 0x63, 0x05, 0x33, 0x0b, 0xd9, 0xb0, 0xca, 0x3e, 0x46, 0x1a,
    0x8a, 0x16, 0x35, 0x63, 0x05, 0x33, 0x0b, 0xd9, 0xb0, 0xca, 0x3e, 0x46,
    0x1a, 0x8a, 0x16, 0x35, 0x63, 0x05, 0x33, 0x0b, 0xd9, 0xb0, 0xca, 0x3e,
    0x46, 0x1a, 0x8a, 0x16, 0x35, 0x63, 0x05, 0x33, 0x0b, 0xd9, 0xb0, 0xca,
    0x3e, 0x46, 0x1a, 0x8a, 0x16, 0x35, 0x63, 0x05, 0x33, 0x0b, 0xd9, 0xb0,
    0xca, 0x3e, 0x46, 0x1a, 0x8a, 0x16, 0x35, 0x63, 0x05, 0x33, 0x0b, 0xd9,
    0xb0, 0xca, 0x3e, 0x46, 0x1a, 0x8a, 0x16, 0x35, 0x63, 0x05, 0x33, 0x0b,
    0xd9, 0xb0, 0xca, 0x3e, 0x46, 0x1a, 0x8a, 0x16, 0x35, 0x63, 0x05, 0x33,
    0x0b, 0xd9, 0xb4, 0xca, 0x42, 0x46, 0x9a, 0x9a, 0xe6, 0x3d, 0x63, 0x05,
    0x33, 0x73, 0xd7, 0xb4, 0xc9, 0x3e, 0x46, 0x9a, 0x9a, 0xe6, 0x3d, 0x63,
    0x05, 0x33, 0x73, 0xd7, 0xb4, 0xc9, 0x3e, 0x46, 0x9a, 0x9a, 0xe6, 0x3d,
    0x63, 0x05, 0x33, 0x73, 0xd7, 0xb4, 0xc9, 0x3e, 0x46, 0x9a, 0x9a, 0xe6,
    0x3d, 0x63, 0x05, 0x33, 0x73, 0xd7, 0xb4, 0xc9, 0x3e, 0x46, 0x9a, 0x9a,
    0xe6, 0x3d, 0x63, 0x05, 0x33, 0x73, 0xd7, 0xb4, 0xc9, 0x3e, 0x46, 0x9a,
    0x9a, 0xe6, 0x3d, 0x63, 0x05, 0x33, 0x73, 0xd7, 0xb4, 0xc9, 0x3e, 0x46,
    0x9a, 0x9a, 0xe6, 0x3d, 0x63, 0x05, 0x33, 0x73, 0xd7, 0xb4, 0xc9, 0x3e,
    0x46, 0x9a, 0x9a, 0xe6, 0x3d, 0x63, 0x05, 0x33, 0x73, 0xd7, 0xb8, 0xc9,
    0x42, 0x46, 0x1a, 0xab, 0xc6, 0x45, 0x63, 0x05, 0x33, 0x63, 0xd5, 0xb8,
    0xc8, 0x3e, 0x46, 0x1a, 0xab, 0xc6, 0x45, 0x63, 0x05, 0x33, 0x63, 0xd5,
    0xb8, 0xc8, 0x3e, 0x46, 0x1a, 0xab, 0xc6, 0x45, 0x63, 0x05, 0x33, 0x63,
    0xd5, 0xb8, 0xc8, 0x3e, 0x46, 0x1a, 0xab, 0xc6, 0x45, 0x63, 0x05, 0x33,
    0x63, 0xd5, 0xb8, 0xc8, 0x3e, 0x46, 0x1a, 0xab, 0xc6, 0x45, 0x63, 0x05,
    0x33, 0x63, 0xd5, 0xb8, 0xc8, 0x3e, 0x46, 0x1a, 0xab, 0xc6, 0x45, 0x63,
    0x05, 0x33, 0x63, 0xd5, 0xb8, 0xc8, 0x3e, 0x46, 0x1a, 0xab, 0xc6, 0x45,
    0x63, 0x05, 0x33, 0x63, 0xd5, 0xb8, 0xc8, 0x3e, 0x46, 0x1a, 0xab, 0xc6,
    0x45, 0x63, 0x05, 0x33, 0x63, 0xd5, 0xbc, 0xc8, 0x42, 0x46, 0x9a, 0xbb,
    0xa6, 0x4d, 0x63, 0x05, 0x33, 0x53, 0xd3, 0xbc, 0xc7, 0x3e, 0x46, 0x9a,
    0xbb, 0xa6, 0x4d, 0x63, 0x05, 0x33, 0x53, 0xd3, 0xbc, 0xc7, 0x3e, 0x46,
    0x9a, 0xbb, 0xa6, 0x4d, 0x63, 0x05, 0x33, 0x53, 0xd3, 0xbc, 0xc7, 0x3e,
    0x46, 0x9a, 0xbb, 0xa6, 0x4d, 0x63, 0x05, 0x33, 0x53, 0xd3, 0xbc, 0xc7,
    0x3e, 0x46, 0x9a, 0xbb, 0xa6, 0x4d, 0x63, 0x05, 0x33, 0x53, 0xd3, 0xbc,
    0xc7, 0x3e, 0x46, 0x9a, 0xbb, 0xa6, 0x4d, 0x63, 0x05, 0x33, 0x53, 0xd3,
    0xbc, 0xc7, 0x3e, 0x46, 0x9a, 0xbb, 0xa6, 0x4d, 0x63, 0x05, 0x33, 0x53,
    0xd3, 0xbc, 0xc7, 0x3e, 0x46, 0x9a, 0xbb, 0xa6, 0x4d, 0x63, 0x05, 0x33,
    0x53, 0xd3, 0xa2, 0xc7, 0x42, 0x46, 0x5a, 0xc8, 0x86, 0x55, 0x63, 0x05,
    0x33, 0x43, 0xd1, 0xa2, 0xc6, 0x3e, 0x46, 0x5a, 0xc8, 0x86, 0x55, 0x63,
    0x05, 0x33, 0x43, 0xd1, 0xa2, 0xc6, 0x3e, 0x46, 0x5a, 0xc8, 0x86, 0x55,
    0x63, 0x05, 0x33, 0x43, 0xd1, 0xa2, 0xc6, 0x3e, 0x46, 0x5a, 0xc8, 0x86,
    0x55, 0x63, 0x05, 0x33, 0x43, 0xd1, 0xa2, 0xc6, 0x3e, 0x46, 0x5a, 0xc8,
    0x86, 0x55, 0x63, 0x05, 0x33, 0x43, 0xd1, 0xa2, 0xc6, 0x3e, 0x46, 0x5a,
    0xc8, 0x86, 0x55, 0x63, 0x05, 0x33, 0x43, 0xd1, 0xa2, 0xc6, 0x3e, 0x46,
    0x5a, 0xc8, 0x86, 0x55, 0x63, 0x05, 0x33, 0x43, 0xd1, 0xa2, 0xc6, 0x3e,
    0x46, 0x5a, 0xc8, 0x86, 0x55, 0x63, 0x05, 0x33, 0x43, 0xd1, 0xa6, 0xc6,
    0x42, 0x46, 0xda, 0xd8, 0x66, 0x5d, 0x63, 0x05, 0x33, 0x33, 0xcf, 0xa6,
    0xc5, 0x3e, 0x46, 0xda, 0xd8, 0x66, 0x5d, 0x63, 0x05, 0x33, 0x33, 0xcf,
    0xa6, 0xc5, 0x3e, 0x46, 0xda, 0xd8, 0x66, 0x5d, 0x63, 0x05, 0x33, 0x33,
    0xcf, 0xa6, 0xc5, 0x3e, 0x46, 0xda, 0xd8, 0x66, 0x5d, 0x63, 0x05, 0x33,
    0x33, 0xcf, 0xa6, 0xc5, 0x3e, 0x46, 0xda, 0xd8, 0x66, 0x5d, 0x63, 0x05,
    0x33, 0x33, 0xcf, 0xa6, 0xc5, 0x3e, 0x46, 0xda, 0xd8, 0x66, 0x5d, 0x63,
    0x05, 0x33, 0x33, 0xcf, 0xa6, 0xc5, 0x3e, 0x46, 0xda, 0xd8, 0x66, 0x5d,
    0x63, 0x05, 0x33, 0x33, 0xcf, 0xa6, 0xc5, 0x3e, 0x46, 0xda, 0xd8, 0x66,
    0x5d, 0x63, 0x05, 0x33, 0x33, 0xcf, 0xaa, 0xc5, 0x42, 0x46, 0x5a, 0xe9,
    0x46, 0x65, 0x63, 0x05, 0x33, 0x23, 0xcd, 0xaa, 0xc4, 0x3e, 0x46, 0x5a,
    0xe9, 0x46, 0x65, 0x63, 0x05, 0x33, 0x23, 0xcd, 0xaa, 0xc4, 0x3e, 0x46,
    0x5a, 0xe9, 0x46, 0x65, 0x63, 0x05, 0x33, 0x23, 0xcd, 0xaa, 0xc4, 0x3e,
    0x46, 0x5a, 0xe9, 0x46, 0x65, 0x63, 0x05, 0x33, 0x23, 0xcd, 0xaa, 0xc4,
    0x3e, 0x46, 0x5a, 0xe9, 0x46, 0x65, 0x63, 0x05, 0x33, 0x23, 0xcd, 0xaa,
    0xc4, 0x3e, 0x46, 0x5a, 0xe9, 0x46, 0x65, 0x63, 0x05, 0x33, 0x23, 0xcd,
    0xaa, 0xc4, 0x3e, 0x46, 0x5a, 0xe9, 0x46, 0x65, 0x63, 0x05, 0x33, 0x23,
    0xcd, 0xaa, 0xc4, 0x3e, 0x46, 0x5a, 0xe9, 0x46, 0x65, 0x63, 0x05, 0x33,
    0x23, 0xcd, 0xae, 0xc4, 0x42, 0x46, 0xda, 0xf9, 0x26, 0x6d, 0x63, 0x05,
    0x33, 0x13, 0xcb, 0xae, 0xc3, 0x3e, 0x46, 0xda, 0xf9, 0x26, 0x6d, 0x63,
    0x05, 0x33, 0x13, 0xcb, 0xae, 0xc3, 0x3e, 0x46, 0xda, 0xf9, 0x26, 0x6d,
    0x63, 0x05, 0x33, 0x13, 0xcb, 0xae, 0xc3, 0x3e, 0x46, 0xda, 0xf9, 0x26,
    0x6d, 0x63, 0x05, 0x33, 0x13, 0xcb, 0xae, 0xc3, 0x3e, 0x46, 0xda, 0xf9,
    0x26, 0x6d, 0x63, 0x05, 0x33, 0x13, 0xcb, 0xae, 0xc3, 0x3e, 0x46, 0xda,
    0xf9, 0x26, 0x6d, 0x63, 0x05, 0x33, 0x13, 0xcb, 0xae, 0xc3, 0x3e, 0x46,
    0xda, 0xf9, 0x26, 0x6d, 0x63, 0x05, 0x33, 0x13, 0xcb, 0xae, 0xc3, 0x3e,
    0x46, 0xda, 0xf9, 0x26, 0x6d, 0x63, 0x05, 0x33, 0x13, 0xcb, 0xb2, 0xc3,
    0x42, 0x46, 0x5a, 0x0a, 0x07, 0x75, 0x63, 0x05, 0x33, 0x03, 0xc9, 0xb2,
    0xc2, 0x3e, 0x46, 0x5a, 0x0a, 0x07, 0x75, 0x63, 0x05, 0x33, 0x03, 0xc9,
    0xb2, 0xc2, 0x3e, 0x46, 0x5a, 0x0a, 0x07, 0x75, 0x63, 0x05, 0x33, 0x03,
    0xc9, 0xb2, 0xc2, 0x3e, 0x46, 0x5a, 0x0a, 0x07, 0x75, 0x63, 0x05, 0x33,
    0x03, 0xc9, 0xb2, 0xc2, 0x3e, 0x46, 0x5a, 0x0a, 0x07, 0x75, 0x63, 0x05,
    0x33, 0x03, 0xc9, 0xb2, 0xc2, 0x3e, 0x46, 0x5a, 0x0a, 0x07, 0x75, 0x63,
    0x05, 0x33, 0x03, 0xc9, 0xb2, 0xc2, 0x3e, 0x46, 0x5a, 0x0a, 0x07, 0x75,
    0x63, 0x05, 0x33, 0x03, 0xc9, 0xb2, 0xc2, 0x3e, 0x46, 0x5a, 0x0a, 0x07,
    0x75, 0x63, 0x05, 0x33, 0x03, 0xc9, 0xb6, 0xc2, 0x42, 0x46, 0xda, 0x1a,
    0xdf, 0xfb, 0xc6, 0x0a, 0x66, 0xde, 0x1d, 0xdb, 0x06, 0xfb, 0x18, 0x69,
    0x6b, 0x7c, 0xef, 0x1b, 0x2b, 0x98, 0x79, 0x77, 0x6c, 0x1b, 0xec, 0x63,
    0xa4, 0xad, 0xf1, 0xbd, 0x6f, 0xac, 0x60, 0xe6, 0xdd, 0xb1, 0x6d, 0xb0,
    0x8f, 0x91, 0xb6, 0xc6, 0xf7, 0xbe, 0xb1, 0x82, 0x99, 0x77, 0xc7, 0xb6,
    0xc1, 0x3e, 0x46, 0xda, 0x1a, 0xdf, 0xfb, 0xc6, 0x0a, 0x66, 0xde, 0x1d,
    0xdb, 0x06, 0xfb, 0x18, 0x69, 0x6b, 0x7c, 0xef, 0x1b, 0x2b, 0x98, 0x79,
    0x77, 0x6c, 0x1b, 0xec, 0x63, 0xa4, 0xad, 0xf1, 0xbd, 0x6f, 0xac, 0x60,
    0xe6, 0xdd, 0xb1, 0x6d, 0xb0, 0x8f, 0x91, 0xb6, 0xc6, 0xf7, 0xbe, 0xb1,
    0x82, 0x99, 0x77, 0xc7, 0xba, 0xc1, 0x42, 0x46, 0x5a, 0x2b, 0x9f, 0x01,
    0xc6, 0x0a, 0x66, 0x9e, 0x15, 0xeb, 0x02, 0xfb, 0x18, 0x69, 0xad, 0x7c,
    0x06, 0x18, 0x2b, 0x98, 0x79, 0x56, 0xac, 0x0b, 0xec, 0x63, 0xa4, 0xb5,
    0xf2, 0x19, 0x60, 0xac, 0x60, 0xe6, 0x59, 0xb1, 0x2e, 0xb0, 0x8f, 0x91,
    0xd6, 0xca, 0x67, 0x80, 0xb1, 0x82, 0x99, 0x67, 0xc5, 0xba, 0xc0, 0x3e,
    0x46, 0x5a, 0x2b, 0x9f, 0x01, 0xc6, 0x0a, 0x66, 0x9e, 0x15, 0xeb, 0x02,
    0xfb, 0x18, 0x69, 0xad, 0x7c, 0x06, 0x18, 0x2b, 0x98, 0x79, 0x56, 0xac,
    0x0b, 0xec, 0x63, 0xa4, 0xb5, 0xf2, 0x19, 0x60, 0xac, 0x60, 0xe6, 0x59,
    0xb1, 0x2e, 0xb0, 0x8f, 0x91, 0xd6, 0xca, 0x67, 0x80, 0xb1, 0x82, 0x99,
    0x67, 0xc5, 0xbe, 0xc0, 0x42, 0x46, 0xda, 0x3b, 0x5f, 0x09, 0xc6, 0x0a,
    0x66, 0x5e, 0x0d, 0xfb, 0x7b, 0xf6, 0x31, 0xd2, 0xde, 0xf9, 0x4a, 0x30,
    0x56, 0x30, 0xf3, 0x6a, 0xd8, 0xdf, 0xb3, 0x8f, 0x91, 0xf6, 0xce, 0x57,
    0x82, 0xb1, 0x82, 0x99, 0x57, 0xc3, 0xfe, 0x9e, 0x7d, 0x8c, 0xb4, 0x77,
    0xbe, 0x12, 0x8c, 0x15, 0xcc, 0xbc, 0x1a, 0xf6, 0xf7, 0xec, 0x63, 0xa4,
    0xbd, 0xf3, 0x95, 0x60, 0xac, 0x60, 0xe6, 0xd5, 0xb0, 0xbf, 0x67, 0x1f,
    0x23, 0xed, 0x9d, 0xaf, 0x04, 0x63, 0x05, 0x33, 0xaf, 0x86, 0xfd, 0x3d,
    0xfb, 0x18, 0x69, 0xef, 0x7c, 0x25, 0x18, 0x2b, 0x98, 0x79, 0x35, 0xec,
    0xef, 0xd9, 0xc7, 0x48, 0x7b, 0xe7, 0x2b, 0xc1, 0x58, 0xc1, 0xcc, 0xab,
    0xe1, 0xe0, 0x9e, 0x85, 0x8c, 0x74, 0x20, 0x7d, 0x44, 0x18, 0x2b, 0x98,
    0x79, 0x14, 0x1c, 0x9c, 0xb3, 0x8f, 0x91, 0x0e, 0xa4, 0x8f, 0x08, 0x63,
    0x05, 0x33, 0x8f, 0x82, 0x83, 0x73, 0xf6, 0x31, 0xd2, 0x81, 0xf4, 0x11,
    0x61, 0xac, 0x60, 0xe6, 0x51, 0x70, 0x70, 0xce, 0x3e, 0x46, 0x3a, 0x90,
    0x3e, 0x22, 0x8c, 0x15, 0xcc, 0x3c, 0x0a, 0x0e, 0xce, 0xd9, 0xc7, 0x48,
    0x07, 0xd2, 0x47, 0x84, 0xb1, 0x82, 0x99, 0x47, 0xc1, 0xc1, 0x39, 0xfb,
    0x18, 0xe9, 0x40, 0xfa, 0x88, 0x30, 0x56, 0x30, 0xf3, 0x28, 0x38, 0x38,
    0x67, 0x1f, 0x23, 0x1d, 0x48, 0x1f, 0x11, 0xc6, 0x0a, 0x66, 0x1e, 0x05,
    0x07, 0xe7, 0xec, 0x63, 0xa4, 0x03, 0xe9, 0x23, 0xc2, 0x58, 0xc1, 0xcc,
    0xa3, 0xe0, 0xe2, 0x9c, 0x85, 0x8c, 0x74, 0x61, 0x7d, 0x63, 0x18, 0x2b,
    0x98, 0x79, 0xf3, 0x5b, 0x5c, 0xb3, 0x8f, 0x91, 0x2e, 0xac, 0x6f, 0x0c,
    0x63, 0x05, 0x33, 0x6f, 0x7e, 0x8b, 0x6b, 0xf6, 0x31, 0xd2, 0x85, 0xf5,
    0x8d, 0x61, 0xac, 0x60, 0xe6, 0xcd, 0x6f, 0x71, 0xcd, 0x3e, 0x46, 0xba,
    0xb0, 0xbe, 0x31, 0x8c, 0x15, 0xcc, 0xbc, 0xf9, 0x2d, 0xae, 0xd9, 0xc7,
    0x48, 0x17, 0xd6, 0x37, 0x86, 0xb1, 0x82, 0x99, 0x37, 0xbf, 0xc5, 0x35,
    0xfb, 0x18, 0xe9, 0xc2, 0xfa, 0xc6, 0x30, 0x56, 0x30, 0xf3, 0xe6, 0xb7,
    0xb8, 0x66, 0x1f, 0x23, 0x5d, 0x58, 0xdf, 0x18, 0xc6, 0x0a, 0x66, 0xde,
    0xfc, 0x16, 0xd7, 0xec, 0x63, 0xa4, 0x0b, 0xeb, 0x1b, 0xc3, 0x58, 0xc1,
    0xcc, 0x9b, 0xdf, 0xe4, 0x9a, 0x85, 0x8c, 0x74, 0xa2, 0x7d, 0x82, 0x18,
    0x2b, 0x98, 0x79, 0xd2, 0x9b, 0x1c, 0xb3, 0x8f, 0x91, 0x4e, 0xb4, 0x4f,
    0x10, 0x63, 0x05, 0x33, 0x4f, 0x7a, 0x93, 0x63, 0xf6, 0x31, 0xd2, 0x89,
    0xf6, 0x09, 0x62, 0xac, 0x60, 0xe6, 0x49, 0x6f, 0x72, 0xcc, 0x3e, 0x46,
    0x3a, 0xd1, 0x3e, 0x41, 0x8c, 0x15, 0xcc, 0x3c, 0xe9, 0x4d, 0x8e, 0xd9,
    0xc7, 0x48, 0x27, 0xda, 0x27, 0x88, 0xb1, 0x82, 0x99, 0x27, 0xbd, 0xc9,
    0x31, 0xfb, 0x18, 0xe9, 0x44, 0xfb, 0x04, 0x31, 0x56, 0x30, 0xf3, 0xa4,
    0x37, 0x39, 0x66, 0x1f, 0x23, 0x9d, 0x68, 0x9f, 0x20, 0xc6, 0x0a, 0x66,
    0x9e, 0xf4, 0x26, 0xc7, 0xec, 0x63, 0xa4, 0x13, 0xed, 0x13, 0xc4, 0x58,
    0xc1, 0xcc, 0x93, 0xde, 0xe6, 0x98, 0x85, 0x8c, 0x74, 0xe3, 0x7d, 0xa1,
    0x18, 0x2b, 0x98, 0x79, 0xb1, 0xdb, 0xdc, 0xb2, 0x8f, 0x91, 0x6e, 0xbc,
    0x2f, 0x14, 0x63, 0x05, 0x33, 0x2f, 0x76, 0x9b, 0x5b, 0xf6, 0x31, 0xd2,
    0x8d, 0xf7, 0x85, 0x62, 0xac, 0x60, 0xe6, 0xc5, 0x6e, 0x73, 0xcb, 0x3e,
    0x46, 0xba, 0xf1, 0xbe, 0x50, 0x8c, 0x15, 0xcc, 0xbc, 0xd8, 0x6d, 0x6e,
    0xd9, 0xc7, 0x48, 0x37, 0xde, 0x17, 0x8a, 0xb1, 0x82, 0x99, 0x17, 0xbb,
    0xcd, 0x2d, 0xfb, 0x18, 0xe9, 0xc6, 0xfb, 0x42, 0x31, 0x56, 0x30, 0xf3,
    0x62, 0xb7, 0xb9, 0x65, 0x1f, 0x23, 0xdd, 0x78, 0x5f, 0x28, 0xc6, 0x0a,
    0x66, 0x5e, 0xec, 0x36, 0xb7, 0xec, 0x63, 0xa4, 0x1b, 0xef, 0x0b, 0xc5,
    0x58, 0xc1, 0xcc, 0x8b, 0xdd, 0xe8, 0x96, 0x85, 0x8c, 0x74, 0x24, 0x7e,
    0xc0, 0x18, 0x2b, 0x98, 0x79, 0x90, 0x1b, 0x9d, 0xb2, 0x8f, 0x91, 0x8e,
    0xc4, 0x0f, 0x18, 0x63, 0x05, 0x33, 0x0f, 0x72, 0xa3, 0x53, 0xf6, 0x31,
    0xd2, 0x91, 0xf8, 0x01, 0x63, 0xac, 0x60, 0xe6, 0x41, 0x6e, 0x74, 0xca,
    0x3e, 0x46, 0x3a, 0x12, 0x3f, 0x60, 0x8c, 0x15, 0xcc, 0x3c, 0xc8, 0x8d,
    0x4e, 0xd9, 0xc7, 0x48, 0x47, 0xe2, 0x07, 0x8c, 0xb1, 0x82, 0x99, 0x07,
    0xb9, 0xd1, 0x29, 0xfb, 0x18, 0xe9, 0x48, 0xfc, 0x80, 0x31, 0x56, 0x30,
    0xf3, 0x20, 0x37, 0x3a, 0x65, 0x1f, 0x23, 0x1d, 0x89, 0x1f, 0x30, 0xc6,
    0x0a, 0x66, 0x1e, 0xe4, 0x46, 0xa7, 0xec, 0x63, 0xa4, 0x23, 0xf1, 0x03,
    0xc6, 0x58, 0xc1, 0xcc, 0x83, 0xdc, 0xea, 0x94, 0x85, 0x8c, 0x74, 0x65,
    0xfe, 0xce, 0x31, 0x56, 0x30, 0xf3, 0xdd, 0x6d, 0x75, 0xc9, 0x3e, 0x46,
    0xba, 0x32, 0x7f, 0xe7, 0x18, 0x2b, 0x98, 0xf9, 0xee, 0xb6, 0xba, 0x64,
    0x1f, 0x23, 0x5d, 0x99, 0xbf, 0x73, 0x8c, 0x15, 0xcc, 0x7c, 0x77, 0x5b,
    0x5d, 0xb2, 0x8f, 0x91, 0xae, 0xcc, 0xdf, 0x39, 0xc6, 0x0a, 0x66, 0xbe,
    0xbb, 0xad, 0x2e, 0xd9, 0xc7, 0x48, 0x57, 0xe6, 0xef, 0x1c, 0x63, 0x05,
    0x33, 0xdf, 0xdd, 0x56, 0x97, 0xec, 0x63, 0xa4, 0x2b, 0xf3, 0x77, 0x8e,
    0xb1, 0x82, 0x99, 0xef, 0x6e, 0xab, 0x4b, 0xf6, 0x31, 0xd2, 0x95, 0xf9,
    0x3b, 0xc7, 0x58, 0xc1, 0xcc, 0x77, 0xb7, 0xd5, 0x25, 0xfb, 0x18, 0xe9,
    0xca, 0xfc, 0x9d, 0x63, 0xac, 0x60, 0xe6, 0xbb, 0xdb, 0xec, 0x92, 0x85,
    0x8c, 0x74, 0xa6, 0xfe, 0x0c, 0x32, 0x56, 0x30, 0xf3, 0x59, 0x6d, 0x76,
    0xc8, 0x3e, 0x46, 0x3a, 0x53, 0x7f, 0x06, 0x19, 0x2b, 0x98, 0xf9, 0xac,
    0x36, 0x3b, 0x64, 0x1f, 0x23, 0x9d, 0xa9, 0x3f, 0x83, 0x8c, 0x15, 0xcc,
    0x7c, 0x56, 0x9b, 0x1d, 0xb2, 0x8f, 0x91, 0xce, 0xd4, 0x9f, 0x41, 0xc6,
    0x0a, 0x66, 0x3e, 0xab, 0xcd, 0x0e, 0xd9, 0xc7, 0x48, 0x67, 0xea, 0xcf,
    0x20, 0x63, 0x05, 0x33, 0x9f, 0xd5, 0x66, 0x87, 0xec, 0x63, 0xa4, 0x33,
    0xf5, 0x67, 0x90, 0xb1, 0x82, 0x99, 0xcf, 0x6a, 0xb3, 0x43, 0xf6, 0x31,
    0xd2, 0x99, 0xfa, 0x33, 0xc8, 0x58, 0xc1, 0xcc, 0x67, 0xb5, 0xd9, 0x21,
    0xfb, 0x18, 0xe9, 0x4c, 0xfd, 0x19, 0x64, 0xac, 0x60, 0xe6, 0xb3, 0xda,
    0xee, 0x90, 0x85, 0x8c, 0x74, 0xe7, 0xfe, 0x4a, 0x32, 0x56, 0x30, 0xf3,
    0xd5, 0x6c, 0x77, 0xc7, 0x3e, 0x46, 0xba, 0x73, 0x7f, 0x25, 0x19, 0x2b,
    0x98, 0xf9, 0x6a, 0xb6, 0xbb, 0x63, 0x1f, 0x23, 0xdd, 0xb9, 0xbf, 0x92,
    0x8c, 0x15, 0xcc, 0x7c, 0x35, 0xdb, 0xdd, 0xb1, 0x8f, 0x91, 0xee, 0xdc,
    0x5f, 0x49, 0xc6, 0x0a, 0x66, 0xbe, 0x9a, 0xed, 0xee, 0xd8, 0xc7, 0x48,
    0x77, 0xee, 0xaf, 0x24, 0x63, 0x05, 0x33, 0x5f, 0xcd, 0x76, 0x77, 0xec,
    0x63, 0xa4, 0x3b, 0xf7, 0x57, 0x92, 0xb1, 0x82, 0x99, 0xaf, 0x66, 0xbb,
    0x3b, 0xf6, 0x31, 0xd2, 0x9d, 0xfb, 0x2b, 0xc9, 0x58, 0xc1, 0xcc, 0x57,
    0xb3, 0xdd, 0x1d, 0xfb, 0x18, 0xe9, 0xce, 0xfd, 0x95, 0x64, 0xac, 0x60,
    0xe6, 0xab, 0xd9, 0xf0, 0x8e, 0x85, 0x8c, 0x74, 0x28, 0xff, 0x88, 0x32,
    0x56, 0x30, 0xf3, 0x51, 0x6c, 0x78, 0xc6, 0x3e, 0x46, 0x3a, 0x94, 0x7f,
    0x44, 0x19, 0x2b, 0x98, 0xf9, 0x28, 0x36, 0x3c, 0x63, 0x1f, 0x23, 0x1d,
    0xca, 0x3f, 0xa2, 0x8c, 0x15, 0xcc, 0x7c, 0x14, 0x1b, 0x9e, 0xb1, 0x8f,
    0x91, 0x0e, 0xe5, 0x1f, 0x51, 0xc6, 0x0a, 0x66, 0x3e, 0x8a, 0x0d, 0xcf,
    0xd8, 0xc7, 0x48, 0x87, 0xf2, 0x8f, 0x28, 0x63, 0x05, 0x33, 0x1f, 0xc5,
    0x86, 0x67, 0xec, 0x63, 0xa4, 0x43, 0xf9, 0x47, 0x94, 0xb1, 0x82, 0x99,
    0x8f, 0x62, 0xc3, 0x33, 0xf6, 0x31, 0xd2, 0xa1, 0xfc, 0x23, 0xca, 0x58,
    0xc1, 0xcc, 0x47, 0xb1, 0xe1, 0x19, 0xfb, 0x18, 0xe9, 0x50, 0xfe, 0x11,
    0x65, 0xac, 0x60, 0xe6, 0xa3, 0xd8, 0xf2, 0x8c, 0x85, 0x8c, 0x74, 0x69,
    0xff, 0xc6, 0x32, 0x56, 0x30, 0xf3, 0xcd, 0x6b, 0x79, 0xc5, 0x3e, 0x46,
    0xba, 0xb4, 0x7f, 0x63, 0x19, 0x2b, 0x98, 0xf9, 0xe6, 0xb5, 0xbc, 0x62,
    0x1f, 0x23, 0x5d, 0xda, 0xbf, 0xb1, 0x8c, 0x15, 0xcc, 0x7c, 0xf3, 0x5a,
    0x5e, 0xb1, 0x8f, 0x91, 0x2e, 0xed, 0xdf, 0x58, 0xc6, 0x0a, 0x66, 0xbe,
    0x79, 0x2d, 0xaf, 0xd8, 0xc7, 0x48, 0x97, 0xf6, 0x6f, 0x2c, 0x63, 0x05,
    0x33, 0xdf, 0xbc, 0x96, 0x57, 0xec, 0x63, 0xa4, 0x4b, 0xfb, 0x37, 0x96,
    0xb1, 0x82, 0x99, 0x6f, 0x5e, 0xcb, 0x2b, 0xf6, 0x31, 0xd2, 0xa5, 0xfd,
    0x1b, 0xcb, 0x58, 0xc1, 0xcc, 0x37, 0xaf, 0xe5, 0x15, 0xfb, 0x18, 0xe9,
    0xd2, 0xfe, 0x8d, 0x65, 0xac, 0x60, 0xe6, 0x9b, 0xd7, 0xf4, 0x8a, 0x85,
    0x8c, 0x74, 0xaa, 0xff, 0x04, 0x33, 0x56, 0x30, 0xf3, 0x49, 0x6b, 0x7a,
    0xc4, 0x3e, 0x46, 0x3a, 0xd5, 0x7f, 0x82, 0x19, 0x2b, 0x98, 0xf9, 0xa4,
    0x35, 0x3d, 0x62, 0x1f, 0x23, 0x9d, 0xea, 0x3f, 0xc1, 0x8c, 0x15, 0xcc,
    0x7c, 0xd2, 0x9a, 0x1e, 0xb1, 0x8f, 0x91, 0x4e, 0xf5, 0x9f, 0x60, 0xc6,
    0x0a, 0x66, 0x3e, 0x69, 0x4d, 0x8f, 0xd8, 0xc7, 0x48, 0xa7, 0xfa, 0x4f,
    0x30, 0x63, 0x05, 0x33, 0x9f, 0xb4, 0xa6, 0x47, 0xec, 0x63, 0xa4, 0x53,
    0xfd, 0x27, 0x98, 0xb1, 0x82, 0x99, 0x4f, 0x5a, 0xd3, 0x23, 0xf6, 0x31,
    0xd2, 0xa9, 0xfe, 0x13, 0xcc, 0x58, 0xc1, 0xcc, 0x27, 0xad, 0xe9, 0x11,
    0xfb, 0x18, 0xe9, 0x54, 0xff, 0x09, 0x66, 0xac, 0x60, 0xe6, 0x93, 0xd6,
    0xf6, 0x88, 0x85, 0x8c, 0x74, 0xeb, 0xff, 0x42, 0x33, 0x56, 0x30, 0xf3,
    0xc5, 0x6a, 0x7b, 0xc3, 0x3e, 0x46, 0xba, 0xf5, 0x7f, 0xa1, 0x19, 0x2b,
    0x98, 0xf9, 0x62, 0xb5, 0xbd, 0x61, 0x1f, 0x23, 0xdd, 0xfa, 0xbf, 0xd0,
    0x8c, 0x15, 0xcc, 0x7c, 0xb1, 0xda, 0xde, 0xb0, 0x8f, 0x91, 0x6e, 0xfd,
    0x5f, 0x68, 0xc6, 0x0a, 0x66, 0xbe, 0x58, 0x6d, 0x6f, 0xd8, 0xc7, 0x48,
    0xb7, 0xfe, 0x2f, 0x34, 0x63, 0x05, 0x33, 0x5f, 0xac, 0xb6, 0x37, 0xec,
    0x63, 0xa4, 0x5b, 0xff, 0x17, 0x9a, 0xb1, 0x82, 0x99, 0x2f, 0x56, 0xdb,
    0x1b, 0xf6, 0x31, 0xd2, 0xad, 0xff, 0x0b, 0xcd, 0x58, 0xc1, 0xcc, 0x17,
    0xab, 0xed, 0x0d, 0xfb, 0x18, 0xe9, 0xd6, 0xff, 0x85, 0x66, 0xac, 0x60,
    0xe6, 0x8b, 0xd5, 0xf8, 0x86, 0x85, 0x8c, 0x74, 0x3c, 0xe0, 0x01, 0x67,
    0xac, 0x60, 0xe6, 0x83, 0xd4, 0xf8, 0x84, 0x7d, 0x8c, 0x74, 0x3c, 0xe0,
    0x01, 0x67, 0xac, 0x60, 0xe6, 0x83, 0xd4, 0xf8, 0x84, 0x7d, 0x8c, 0x74,
    0x3c, 0xe0, 0x01, 0x67, 0xac, 0x60, 0xe6, 0x83, 0xd4, 0xf8, 0x84, 0x7d,
    0x8c, 0x74, 0x3c, 0xe0, 0x01, 0x67, 0xac, 0x60, 0xe6, 0x83, 0xd4, 0xf8,
    0x84, 0x7d, 0x8c, 0x74, 0x3c, 0xe0, 0x01, 0x67, 0xac, 0x60, 0xe6, 0x83,
    0xd4, 0xf8, 0x84, 0x7d, 0x8c, 0x74, 0x3c, 0xe0, 0x01, 0x67, 0xac, 0x60,
    0xe6, 0x83, 0xd4, 0xf8, 0x84, 0x7d, 0x8c, 0x74, 0x3c, 0xe0, 0x01, 0x67,
    0xac, 0x60, 0xe6, 0x83, 0xd4, 0xf8, 0x84, 0x7d, 0x8c, 0x74, 0x3c, 0xe0,
    0x01, 0x67, 0xac, 0x60, 0xe6, 0x83, 0xd4, 0xfa, 0x84, 0x85, 0x8c, 0x74,
    0xbd, 0xe0, 0x9b, 0x67, 0xac, 0x60, 0xe6, 0xb7, 0xd3, 0xfa, 0x82, 0x7d,
    0x8c, 0x74, 0xbd, 0xe0, 0x9b, 0x67, 0xac, 0x60, 0xe6, 0xb7, 0xd3, 0xfa,
    0x82, 0x7d, 0x8c, 0x74, 0xbd, 0xe0, 0x9b, 0x67, 0xac, 0x60, 0xe6, 0xb7,
    0xd3, 0xfa, 0x82, 0x7d, 0x8c, 0x74, 0xbd, 0xe0, 0x9b, 0x67, 0xac, 0x60,
    0xe6, 0xb7, 0xd3, 0xfa, 0x82, 0x7d, 0x8c, 0x74, 0xbd, 0xe0, 0x9b, 0x67,
    0xac, 0x60, 0xe6, 0xb7, 0xd3, 0xfa, 0x82, 0x7d, 0x8c, 0x74, 0xbd, 0xe0,
    0x9b, 0x67, 0xac, 0x60, 0xe6, 0xb7, 0xd3, 0xfa, 0x82, 0x7d, 0x8c, 0x74,
    0xbd, 0xe0, 0x9b, 0x67, 0xac, 0x60, 0xe6, 0xb7, 0xd3, 0xfa, 0x82, 0x7d,
    0x8c, 0x74, 0xbd, 0xe0, 0x9b, 0x67, 0xac, 0x60, 0xe6, 0xb7, 0xd3, 0xfc,
    0x82, 0x85, 0x8c, 0x74, 0x3e, 0xe1, 0x13, 0x68, 0xac, 0x60, 0xe6, 0xa7,
    0xd2, 0xfc, 0x80, 0x7d, 0x8c, 0x74, 0x3e, 0xe1, 0x13, 0x68, 0xac, 0x60,
    0xe6, 0xa7, 0xd2, 0xfc, 0x80, 0x7d, 0x8c, 0x74, 0x3e, 0xe1, 0x13, 0x68,
    0xac, 0x60, 0xe6, 0xa7, 0xd2, 0xfc, 0x80, 0x7d, 0x8c, 0x74, 0x3e, 0xe1,
    0x13, 0x68, 0xac, 0x60, 0xe6, 0xa7, 0xd2, 0xfc, 0x80, 0x7d, 0x8c, 0x74,
    0x3e, 0xe1, 0x13, 0x68, 0xac, 0x60, 0xe6, 0xa7, 0xd2, 0xfc, 0x80, 0x7d,
    0x8c, 0x74, 0x3e, 0xe1, 0x13, 0x68, 0xac, 0x60, 0xe6, 0xa7, 0xd2, 0xfc,
    0x80, 0x7d, 0x8c, 0x74, 0x3e, 0xe1, 0x13, 0x68, 0xac, 0x60, 0xe6, 0xa7,
    0xd2, 0xfc, 0x80, 0x7d, 0x8c, 0x74, 0x3e, 0xe1, 0x13, 0x68, 0xac, 0x60,
    0xe6, 0xa7, 0xd2, 0xfe, 0x80, 0x85, 0x8c, 0x74, 0xbf, 0xe1, 0x8b, 0x68,
    0xac, 0x60, 0xe6, 0x97, 0xd1, 0x3e, 0x67, 0x1f, 0x23, 0xdd, 0x6f, 0xf8,
    0x22, 0x1a, 0x2b, 0x98, 0xf9, 0x65, 0xb4, 0xcf, 0xd9, 0xc7, 0x48, 0xf7,
    0x1b, 0xbe, 0x88, 0xc6, 0x0a, 0x66, 0x7e, 0x19, 0xed, 0x73, 0xf6, 0x31,
    0xd2, 0xfd, 0x86, 0x2f, 0xa2, 0xb1, 0x82, 0x99, 0x5f, 0x46, 0xfb, 0x9c,
    0x7d, 0x8c, 0x74, 0xbf, 0xe1, 0x8b, 0x68, 0xac, 0x60, 0xe6, 0x97, 0xd1,
    0x3e, 0x67, 0x1f, 0x23, 0xdd, 0x6f, 0xf8, 0x22, 0x1a, 0x2b, 0x98, 0xf9,
    0x65, 0xb4, 0xcf, 0xd9, 0xc7, 0x48, 0xf7, 0x1b, 0xbe, 0x88, 0xc6, 0x0a,
    0x66, 0x7e, 0x19, 0xed, 0x73, 0xf6, 0x31, 0xd2, 0xfd, 0x86, 0x2f, 0xa2,
    0xb1, 0x82, 0x99, 0x5f, 0x46, 0x42, 0xce, 0x42, 0x46, 0x2a, 0x8c, 0xf8,
    0x40, 0x1a, 0x2b, 0x98, 0xf9, 0x21, 0x24, 0xc4, 0xec, 0x63, 0xa4, 0xc2,
    0x88, 0x0f, 0xa4, 0xb1, 0x82, 0x99, 0x1f, 0x42, 0x42, 0xcc, 0x3e, 0x46,
    0x2a, 0x8c, 0xf8, 0x40, 0x1a, 0x2b, 0x98, 0xf9, 0x21, 0x24, 0xc4, 0xec,
    0x63, 0xa4, 0xc2, 0x88, 0x0f, 0xa4, 0xb1, 0x82, 0x99, 0x1f, 0x42, 0x42,
    0xcc, 0x3e, 0x46, 0x2a, 0x8c, 0xf8, 0x40, 0x1a, 0x2b, 0x98, 0xf9, 0x21,
    0x24, 0xc4, 0xec, 0x63, 0xa4, 0xc2, 0x88, 0x0f, 0xa4, 0xb1, 0x82, 0x99,
    0x1f, 0x42, 0x42, 0xcc, 0x3e, 0x46, 0x2a, 0x8c, 0xf8, 0x40, 0x1a, 0x2b,
    0x98, 0xf9, 0x21, 0x24, 0xc4, 0xec, 0x63, 0xa4, 0xc2, 0x88, 0x0f, 0xa4,
    0xb1, 0x82, 0x99, 0x1f, 0x42, 0x46, 0xcc, 0x42, 0x46, 0x6a, 0xac, 0x60,
    0xa6, 0xb1, 0x82, 0x99, 0xec, 0x63, 0xa4, 0xec, 0x63, 0xa4, 0xc6, 0x0a,
    0x66, 0x1a, 0x2b, 0x98, 0xc9, 0x3e, 0x46, 0xca, 0x3e, 0x46, 0x6a, 0xac,
    0x60, 0xa6, 0xb1, 0x82, 0x99, 0xec, 0x63, 0xa4, 0xec, 0x63, 0xa4, 0xc6,
    0x0a, 0x66, 0x1a, 0x2b, 0x98, 0xc9, 0x3e, 0x46, 0xca, 0x3e, 0x46, 0x6a,
    0xac, 0x60, 0xa6, 0xb1, 0x82, 0x99, 0xec, 0x63, 0xa4, 0xec, 0x63, 0xa4,
    0xc6, 0x0a, 0x66, 0x1a, 0x2b, 0x98, 0xc9, 0x3e, 0x46, 0xca, 0x3e, 0x46,
    0x6a, 0xac, 0x60, 0xa6, 0xb1, 0x82, 0x99, 0xec, 0x63, 0xa4, 0xec, 0x63,
    0xa4, 0xc6, 0x0a, 0x66, 0x1a, 0x2b, 0x98, 0xc9, 0x3e, 0x7f, 0x24, 0xe5,
    0x27, 0x30, 0xd2, 0xdf, 0x7f, 0x38, 0x63, 0x05, 0x33, 0xff, 0x6f, 0x34,
    0x5e, 0x80, 0xdf, 0xdc, 0x48, 0x8d, 0x15, 0xcc, 0x34, 0x56, 0x30, 0x93,
    0x7d, 0x8c, 0x94, 0x7d, 0x8c, 0xd4, 0x58, 0xc1, 0x4c, 0x63, 0x05, 0x33,
    0xd9, 0xc7, 0x48, 0xd9, 0xc7, 0x48, 0x8d, 0x15, 0xcc, 0x34, 0x56, 0x30,
    0x93, 0x7d, 0x8c, 0x94, 0x7d, 0x8c, 0xd4, 0x58, 0xc1, 0x4c, 0x63, 0x05,
    0x33, 0xd9, 0xc7, 0x48, 0xd9, 0xc7, 0x48, 0x8d, 0x15, 0xcc, 0x34, 0x56,
    0x30, 0x93, 0x7d, 0x8c, 0x94, 0x7d, 0x8c, 0xd4, 0x58, 0xc1, 0x4c, 0x63,
    0x05, 0x33, 0xd9, 0xc7, 0x48, 0xd9, 0xc7, 0x48, 0x8d, 0x15, 0x1f, 0x4c,
    0x63, 0x06, 0x33, 0x3f, 0x84, 0x84, 0x98, 0x7d, 0x8c, 0x54, 0x18, 0xf1,
    0x81, 0x34, 0x56, 0x30, 0xf3, 0x43, 0x48, 0x88, 0xd9, 0xc7, 0x48, 0x85,
    0x11, 0x1f, 0x48, 0x63, 0x05, 0x33, 0x3f, 0x84, 0x84, 0x98, 0x7d, 0x8c,
    0x54, 0x18, 0xf1, 0x81, 0x34, 0x56, 0x30, 0xf3, 0x43, 0x48, 0x88, 0xd9,
    0xc7, 0x48, 0x85, 0x11, 0x1f, 0x48, 0x63, 0x05, 0x33, 0x3f, 0x84, 0x84,
    0x98, 0x7d, 0x8c, 0x54, 0x18, 0xf1, 0x81, 0x34, 0x56, 0x30, 0xf3, 0x43,
    0x48, 0x88, 0xd9, 0xc7, 0x48, 0x85, 0x11, 0x1f, 0x48, 0x63, 0x05, 0x33,
    0x3f, 0x84, 0x84, 0x98, 0x7d, 0x8c, 0x54, 0x18, 0xf1, 0x81, 0x34, 0x56,
    0x30, 0xf3, 0x43, 0x48, 0x88, 0xd9, 0xc7, 0x48, 0x85, 0x11, 0x5f, 0x48,
    0x63, 0x06, 0x33, 0xbf, 0x8c, 0xf6, 0x39, 0xfb, 0x18, 0xe9, 0x7e, 0xc3,
    0x17, 0xd1, 0x58, 0xc1, 0xcc, 0x2f, 0xa3, 0x7d, 0xce, 0x3e, 0x46, 0xba,
    0xdf, 0xf0, 0x45, 0x34, 0x56, 0x30, 0xf3, 0xcb, 0x68, 0x9f, 0xb3, 0x8f,
    0x91, 0xee, 0x37, 0x7c, 0x11, 0x8d, 0x15, 0xcc, 0xfc, 0x32, 0xda, 0xe7,
    0xec, 0x63, 0xa4, 0xfb, 0x0d, 0x5f, 0x44, 0x63, 0x05, 0x33, 0xbf, 0x8c,
    0xf6, 0x39, 0xfb, 0x18, 0xe9, 0x7e, 0xc3, 0x17, 0xd1, 0x58, 0xc1, 0xcc,
    0x2f, 0xa3, 0x7d, 0xce, 0x3e, 0x46, 0xba, 0xdf, 0xf0, 0x45, 0x34, 0x56,
    0x30, 0xf3, 0xcb, 0x68, 0x9f, 0xb3, 0x8f, 0x91, 0xee, 0x37, 0x7c, 0x11,
    0x8d, 0x15, 0xcc, 0xfc, 0x32, 0xda, 0xe7, 0xec, 0x63, 0xa4, 0xfb, 0x0d,
    0x9f, 0x44, 0x63, 0x06, 0x33, 0x3f, 0x95, 0xe6, 0x07, 0xec, 0x63, 0xa4,
    0xf3, 0x09, 0x9f, 0x40, 0x63, 0x05, 0x33, 0x3f, 0x95, 0xe6, 0x07, 0xec,
    0x63, 0xa4, 0xf3, 0x09, 0x9f, 0x40, 0x63, 0x05, 0x33, 0x3f, 0x95, 0xe6,
    0x07, 0xec, 0x63, 0xa4, 0xf3, 0x09, 0x9f, 0x40, 0x63, 0x05, 0x33, 0x3f,
    0x95, 0xe6, 0x07, 0xec, 0x63, 0xa4, 0xf3, 0x09, 0x9f, 0x40, 0x63, 0x05,
    0x33, 0x3f, 0x95, 0xe6, 0x07, 0xec, 0x63, 0xa4, 0xf3, 0x09, 0x9f, 0x40,
    0x63, 0x05, 0x33, 0x3f, 0x95, 0xe6, 0x07, 0xec, 0x63, 0xa4, 0xf3, 0x09,
    0x9f, 0x40, 0x63, 0x05, 0x33, 0x3f, 0x95, 0xe6, 0x07, 0xec, 0x63, 0xa4,
    0xf3, 0x09, 0x9f, 0x40, 0x63, 0x05, 0x33, 0x3f, 0x95, 0xe6, 0x07, 0xec,
    0x63, 0xa4, 0xf3, 0x09, 0xdf, 0x40, 0x63, 0x06, 0x33, 0xbf, 0x9d, 0xd6,
    0x17, 0xec, 0x63, 0xa4, 0xeb, 0x05, 0xdf, 0x3c, 0x63, 0x05, 0x33, 0xbf,
    0x9d, 0xd6, 0x17, 0xec, 0x63, 0xa4, 0xeb, 0x05, 0xdf, 0x3c, 0x63, 0x05,
    0x33, 0xbf, 0x9d, 0xd6, 0x17, 0xec, 0x63, 0xa4, 0xeb, 0x05, 0xdf, 0x3c,
    0x63, 0x05, 0x33, 0xbf, 0x9d, 0xd6, 0x17, 0xec, 0x63, 0xa4, 0xeb, 0x05,
    0xdf, 0x3c, 0x63, 0x05, 0x33, 0xbf, 0x9d, 0xd6, 0x17, 0xec, 0x63, 0xa4,
    0xeb, 0x05, 0xdf, 0x3c, 0x63, 0x05, 0x33, 0xbf, 0x9d, 0xd6, 0x17, 0xec,
    0x63, 0xa4, 0xeb, 0x05, 0xdf, 0x3c, 0x63, 0x05, 0x33, 0xbf, 0x9d, 0xd6,
    0x17, 0xec, 0x63, 0xa4, 0xeb, 0x05, 0xdf, 0x3c, 0x63, 0x05, 0x33, 0xbf,
    0x9d, 0xd6, 0x17, 0xec, 0x63, 0xa4, 0xeb, 0x05, 0x0f, 0x3c, 0x63, 0x06,
    0x33, 0x1f, 0xa4, 0xc6, 0x27, 0xec, 0x63, 0xa4, 0xe3, 0x01, 0x0f, 0x38,
    0x63, 0x05, 0x33, 0x1f, 0xa4, 0xc6, 0x27, 0xec, 0x63, 0xa4, 0xe3, 0x01,
    0x0f, 0x38, 0x63, 0x05, 0x33, 0x1f, 0xa4, 0xc6, 0x27, 0xec, 0x63, 0xa4,
    0xe3, 0x01, 0x0f, 0x38, 0x63, 0x05, 0x33, 0x1f, 0xa4, 0xc6, 0x27, 0xec,
    0x63, 0xa4, 0xe3, 0x01, 0x0f, 0x38, 0x63, 0x05, 0x33, 0x1f, 0xa4, 0xc6,
    0x27, 0xec, 0x63, 0xa4, 0xe3, 0x01, 0x0f, 0x38, 0x63, 0x05, 0x33, 0x1f,
    0xa4, 0xc6, 0x27, 0xec, 0x63, 0xa4, 0xe3, 0x01, 0x0f, 0x38, 0x63, 0x05,
    0x33, 0x1f, 0xa4, 0xc6, 0x27, 0xec, 0x63, 0xa4, 0xe3, 0x01, 0x0f, 0x38,
    0x63, 0x05, 0x33, 0x1f, 0xa4, 0xc6, 0x27, 0xec, 0x63, 0xa4, 0xe3, 0x01,
    0x2f, 0x38, 0x63, 0x06, 0x33, 0x5f, 0xac, 0xb6, 0x37, 0xec, 0x63, 0xa4,
    0x5b, 0xff, 0x17, 0x9a, 0xb1, 0x82, 0x99, 0x2f, 0x56, 0xdb, 0x1b, 0xf6,
    0x31, 0xd2, 0xad, 0xff, 0x0b, 0xcd, 0x58, 0xc1, 0xcc, 0x17, 0xab, 0xed,
    0x0d, 0xfb, 0x18, 0xe9, 0xd6, 0xff, 0x85, 0x66, 0xac, 0x60, 0xe6, 0x8b,
    0xd5, 0xf6, 0x86, 0x7d, 0x8c, 0x74, 0xeb, 0xff, 0x42, 0x33, 0x56, 0x30,
    0xf3, 0xc5, 0x6a, 0x7b, 0xc3, 0x3e, 0x46, 0xba, 0xf5, 0x7f, 0xa1, 0x19,
    0x2b, 0x98, 0xf9, 0x62, 0xb5, 0xbd, 0x61, 0x1f, 0x23, 0xdd, 0xfa, 0xbf,
    0xd0, 0x8c, 0x15, 0xcc, 0x7c, 0xb1, 0xda, 0xde, 0xb0, 0x8f, 0x91, 0x6e,
    0xfd, 0x5f, 0x68, 0xc6, 0x0a, 0x66, 0xbe, 0x58, 0x6d, 0x6f, 0xd8, 0xc7,
    0x48, 0xb7, 0xfe, 0x4f, 0x34, 0x63, 0x06, 0x33, 0x9f, 0xb4, 0xa6, 0x47,
    0xec, 0x63, 0xa4, 0x53, 0xfd, 0x27, 0x98, 0xb1, 0x82, 0x99, 0x4f, 0x5a,
    0xd3, 0x23, 0xf6, 0x31, 0xd2, 0xa9, 0xfe, 0x13, 0xcc, 0x58, 0xc1, 0xcc,
    0x27, 0xad, 0xe9, 0x11, 0xfb, 0x18, 0xe9, 0x54, 0xff, 0x09, 0x66, 0xac,
    0x60, 0xe6, 0x93, 0xd6, 0xf4, 0x88, 0x7d, 0x8c, 0x74, 0xaa, 0xff, 0x04,
    0x33, 0x56, 0x30, 0xf3, 0x49, 0x6b, 0x7a, 0xc4, 0x3e, 0x46, 0x3a, 0xd5,
    0x7f, 0x82, 0x19, 0x2b, 0x98, 0xf9, 0xa4, 0x35, 0x3d, 0x62, 0x1f, 0x23,
    0x9d, 0xea, 0x3f, 0xc1, 0x8c, 0x15, 0xcc, 0x7c, 0xd2, 0x9a, 0x1e, 0xb1,
    0x8f, 0x91, 0x4e, 0xf5, 0x9f, 0x60, 0xc6, 0x0a, 0x66, 0x3e, 0x69, 0x4d,
    0x8f, 0xd8, 0xc7, 0x48, 0xa7, 0xfa, 0x6f, 0x30, 0x63, 0x06, 0x33, 0xdf,
    0xbc, 0x96, 0x57, 0xec, 0x63, 0xa4, 0x4b, 0xfb, 0x37, 0x96, 0xb1, 0x82,
    0x99, 0x6f, 0x5e, 0xcb, 0x2b, 0xf6, 0x31, 0xd2, 0xa5, 0xfd, 0x1b, 0xcb,
    0x58, 0xc1, 0xcc, 0x37, 0xaf, 0xe5, 0x15, 0xfb, 0x18, 0xe9, 0xd2, 0xfe,
    0x8d, 0x65, 0xac, 0x60, 0xe6, 0x9b, 0xd7, 0xf2, 0x8a, 0x7d, 0x8c, 0x74,
    0x69, 0xff, 0xc6, 0x32, 0x56, 0x30, 0xf3, 0xcd, 0x6b, 0x79, 0xc5, 0x3e,
    0x46, 0xba, 0xb4, 0x7f, 0x63, 0x19, 0x2b, 0x98, 0xf9, 0xe6, 0xb5, 0xbc,
    0x62, 0x1f, 0x23, 0x5d, 0xda, 0xbf, 0xb1, 0x8c, 0x15, 0xcc, 0x7c, 0xf3,
    0x5a, 0x5e, 0xb1, 0x8f, 0x91, 0x2e, 0xed, 0xdf, 0x58, 0xc6, 0x0a, 0x66,
    0xbe, 0x79, 0x2d, 0xaf, 0xd8, 0xc7, 0x48, 0x97, 0xf6, 0x8f, 0x2c, 0x63,
    0x06, 0x33, 0x1f, 0xc5, 0x86, 0x67, 0xec, 0x63, 0xa4, 0x43, 0xf9, 0x47,
    0x94, 0xb1, 0x82, 0x99, 0x8f, 0x62, 0xc3, 0x33, 0xf6, 0x31, 0xd2, 0xa1,
    0xfc, 0x23, 0xca, 0x58, 0xc1, 0xcc, 0x47, 0xb1, 0xe1, 0x19, 0xfb, 0x18,
    0xe9, 0x50, 0xfe, 0x11, 0x65, 0xac, 0x60, 0xe6, 0xa3, 0xd8, 0xf0, 0x8c,
    0x7d, 0x8c, 0x74, 0x28, 0xff, 0x88, 0x32, 0x56, 0x30, 0xf3, 0x51, 0x6c,
    0x78, 0xc6, 0x3e, 0x46, 0x3a, 0x94, 0x7f, 0x44, 0x19, 0x2b, 0x98, 0xf9,
    0x28, 0x36, 0x3c, 0x63, 0x1f, 0x23, 0x1d, 0xca, 0x3f, 0xa2, 0x8c, 0x15,
    0xcc, 0x7c, 0x14, 0x1b, 0x9e, 0xb1, 0x8f, 0x91, 0x0e, 0xe5, 0x1f, 0x51,
    0xc6, 0x0a, 0x66, 0x3e, 0x8a, 0x0d, 0xcf, 0xd8, 0xc7, 0x48, 0x87, 0xf2,
    0xaf, 0x28, 0x63, 0x06, 0x33, 0x5f, 0xcd, 0x76, 0x77, 0xec, 0x63, 0xa4,
    0x3b, 0xf7, 0x57, 0x92, 0xb1, 0x82, 0x99, 0xaf, 0x66, 0xbb, 0x3b, 0xf6,
    0x31, 0xd2, 0x9d, 0xfb, 0x2b, 0xc9, 0x58, 0xc1, 0xcc, 0x57, 0xb3, 0xdd,
    0x1d, 0xfb, 0x18, 0xe9, 0xce, 0xfd, 0x95, 0x64, 0xac, 0x60, 0xe6, 0xab,
    0xd9, 0xee, 0x8e, 0x7d, 0x8c, 0x74, 0xe7, 0xfe, 0x4a, 0x32, 0x56, 0x30,
    0xf3, 0xd5, 0x6c, 0x77, 0xc7, 0x3e, 0x46, 0xba, 0x73, 0x7f, 0x25, 0x19,
    0x2b, 0x98, 0xf9, 0x6a, 0xb6, 0xbb, 0x63, 0x1f, 0x23, 0xdd, 0xb9, 0xbf,
    0x92, 0x8c, 0x15, 0xcc, 0x7c, 0x35, 0xdb, 0xdd, 0xb1, 0x8f, 0x91, 0xee,
    0xdc, 0x5f, 0x49, 0xc6, 0x0a, 0x66, 0xbe, 0x9a, 0xed, 0xee, 0xd8, 0xc7,
    0x48, 0x77, 0xee, 0xcf, 0x24, 0x63, 0x06, 0x33, 0x9f, 0xd5, 0x66, 0x87,
    0xec, 0x63, 0xa4, 0x33, 0xf5, 0x67, 0x90, 0xb1, 0x82, 0x99, 0xcf, 0x6a,
    0xb3, 0x43, 0xf6, 0x31, 0xd2, 0x99, 0xfa, 0x33, 0xc8, 0x58, 0xc1, 0xcc,
    0x67, 0xb5, 0xd9, 0x21, 0xfb, 0x18, 0xe9, 0x4c, 0xfd, 0x19, 0x64, 0xac,
    0x60, 0xe6, 0xb3, 0xda, 0xec, 0x90, 0x7d, 0x8c, 0x74, 0xa6, 0xfe, 0x0c,
    0x32, 0x56, 0x30, 0xf3, 0x59, 0x6d, 0x76, 0xc8, 0x3e, 0x46, 0x3a, 0x53,
    0x7f, 0x06, 0x19, 0x2b, 0x98, 0xf9, 0xac, 0x36, 0x3b, 0x64, 0x1f, 0x23,
    0x9d, 0xa9, 0x3f, 0x83, 0x8c, 0x15, 0xcc, 0x7c, 0x56, 0x9b, 0x1d, 0xb2,
    0x8f, 0x91, 0xce, 0xd4, 0x9f, 0x41, 0xc6, 0x0a, 0x66, 0x3e, 0xab, 0xcd,
    0x0e, 0xd9, 0xc7, 0x48, 0x67, 0xea, 0xef, 0x20, 0x63, 0x06, 0x33, 0xdf,
    0xdd, 0x56, 0x97, 0xec, 0x63, 0xa4, 0x2b, 0xf3, 0x77, 0x8e, 0xb1, 0x82,
    0x99, 0xef, 0x6e, 0xab, 0x4b, 0xf6, 0x31, 0xd2, 0x95, 0xf9, 0x3b, 0xc7,
    0x58, 0xc1, 0xcc, 0x77, 0xb7, 0xd5, 0x25, 0xfb, 0x18, 0xe9, 0xca, 0xfc,
    0x9d, 0x63, 0xac, 0x60, 0xe6, 0xbb, 0xdb, 0xea, 0x92, 0x7d, 0x8c, 0x74,
    0x65, 0xfe, 0xce, 0x31, 0x56, 0x30, 0xf3, 0xdd, 0x6d, 0x75, 0xc9, 0x3e,
    0x46, 0xba, 0x32, 0x7f, 0xe7, 0x18, 0x2b, 0x98, 0xf9, 0xee, 0xb6, 0xba,
    0x64, 0x1f, 0x23, 0x5d, 0x99, 0xbf, 0x73, 0x8c, 0x15, 0xcc, 0x7c, 0x77,
    0x5b, 0x5d, 0xb2, 0x8f, 0x91, 0xae, 0xcc, 0xdf, 0x39, 0xc6, 0x0a, 0x66,
    0xbe, 0xbb, 0xad, 0x2e, 0xd9, 0xc7, 0x48, 0x57, 0xe6, 0x07, 0x8e, 0x31,
    0x83, 0x99, 0x07, 0xb9, 0xd1, 0x29, 0xfb, 0x18, 0xe9, 0x48, 0xfc, 0x80,
    0x31, 0x56, 0x30, 0xf3, 0x20, 0x37, 0x3a, 0x65, 0x1f, 0x23, 0x1d, 0x89,
    0x1f, 0x30, 0xc6, 0x0a, 0x66, 0x1e, 0xe4, 0x46, 0xa7, 0xec, 0x63, 0xa4,
    0x23, 0xf1, 0x03, 0xc6, 0x58, 0xc1, 0xcc, 0x83, 0xdc, 0xe8, 0x94, 0x7d,
    0x8c, 0x74, 0x24, 0x7e, 0xc0, 0x18, 0x2b, 0x98, 0x79, 0x90, 0x1b, 0x9d,
    0xb2, 0x8f, 0x91, 0x8e, 0xc4, 0x0f, 0x18, 0x63, 0x05, 0x33, 0x0f, 0x72,
    0xa3, 0x53, 0xf6, 0x31, 0xd2, 0x91, 0xf8, 0x01, 0x63, 0xac, 0x60, 0xe6,
    0x41, 0x6e, 0x74, 0xca, 0x3e, 0x46, 0x3a, 0x12, 0x3f, 0x60, 0x8c, 0x15,
    0xcc, 0x3c, 0xc8, 0x8d, 0x4e, 0xd9, 0xc7, 0x48, 0x47, 0xe2, 0x17, 0x8c,
    0x31, 0x83, 0x99, 0x17, 0xbb, 0xcd, 0x2d, 0xfb, 0x18, 0xe9, 0xc6, 0xfb,
    0x42, 0x31, 0x56, 0x30, 0xf3, 0x62, 0xb7, 0xb9, 0x65, 0x1f, 0x23, 0xdd,
    0x78, 0x5f, 0x28, 0xc6, 0x0a, 0x66, 0x5e, 0xec, 0x36, 0xb7, 0xec, 0x63,
    0xa4, 0x1b, 0xef, 0x0b, 0xc5, 0x58, 0xc1, 0xcc, 0x8b, 0xdd, 0xe6, 0x96,
    0x7d, 0x8c, 0x74, 0xe3, 0x7d, 0xa1, 0x18, 0x2b, 0x98, 0x79, 0xb1, 0xdb,
    0xdc, 0xb2, 0x8f, 0x91, 0x6e, 0xbc, 0x2f, 0x14, 0x63, 0x05, 0x33, 0x2f,
    0x76, 0x9b, 0x5b, 0xf6, 0x31, 0xd2, 0x8d, 0xf7, 0x85, 0x62, 0xac, 0x60,
    0xe6, 0xc5, 0x6e, 0x73, 0xcb, 0x3e, 0x46, 0xba, 0xf1, 0xbe, 0x50, 0x8c,
    0x15, 0xcc, 0xbc, 0xd8, 0x6d, 0x6e, 0xd9, 0xc7, 0x48, 0x37, 0xde, 0x27,
    0x8a, 0x31, 0x83, 0x99, 0x27, 0xbd, 0xc9, 0x31, 0xfb, 0x18, 0xe9, 0x44,
    0xfb, 0x04, 0x31, 0x56, 0x30, 0xf3, 0xa4, 0x37, 0x39, 0x66, 0x1f, 0x23,
    0x9d, 0x68, 0x9f, 0x20, 0xc6, 0x0a, 0x66, 0x9e, 0xf4, 0x26, 0xc7, 0xec,
    0x63, 0xa4, 0x13, 0xed, 0x13, 0xc4, 0x58, 0xc1, 0xcc, 0x93, 0xde, 0xe4,
    0x98, 0x7d, 0x8c, 0x74, 0xa2, 0x7d, 0x82, 0x18, 0x2b, 0x98, 0x79, 0xd2,
    0x9b, 0x1c, 0xb3, 0x8f, 0x91, 0x4e, 0xb4, 0x4f, 0x10, 0x63, 0x05, 0x33,
    0x4f, 0x7a, 0x93, 0x63, 0xf6, 0x31, 0xd2, 0x89, 0xf6, 0x09, 0x62, 0xac,
    0x60, 0xe6, 0x49, 0x6f, 0x72, 0xcc, 0x3e, 0x46, 0x3a, 0xd1, 0x3e, 0x41,
    0x8c, 0x15, 0xcc, 0x3c, 0xe9, 0x4d, 0x8e, 0xd9, 0xc7, 0x48, 0x27, 0xda,
    0x37, 0x88, 0x31, 0x83, 0x99, 0x37, 0xbf, 0xc5, 0x35, 0xfb, 0x18, 0xe9,
    0xc2, 0xfa, 0xc6, 0x30, 0x56, 0x30, 0xf3, 0xe6, 0xb7, 0xb8, 0x66, 0x1f,
    0x23, 0x5d, 0x58, 0xdf, 0x18, 0xc6, 0x0a, 0x66, 0xde, 0xfc, 0x16, 0xd7,
    0xec, 0x63, 0xa4, 0x0b, 0xeb, 0x1b, 0xc3, 0x58, 0xc1, 0xcc, 0x9b, 0xdf,
    0xe2, 0x9a, 0x7d, 0x8c, 0x74, 0x61, 0x7d, 0x63, 0x18, 0x2b, 0x98, 0x79,
    0xf3, 0x5b, 0x5c, 0xb3, 0x8f, 0x91, 0x2e, 0xac, 0x6f, 0x0c, 0x63, 0x05,
    0x33, 0x6f, 0x7e, 0x8b, 0x6b, 0xf6, 0x31, 0xd2, 0x85, 0xf5, 0x8d, 0x61,
    0xac, 0x60, 0xe6, 0xcd, 0x6f, 0x71, 0xcd, 0x3e, 0x46, 0xba, 0xb0, 0xbe,
    0x31, 0x8c, 0x15, 0xcc, 0xbc, 0xf9, 0x2d, 0xae, 0xd9, 0xc7, 0x48, 0x17,
    0xd6, 0x47, 0x86, 0x31, 0x83, 0x99, 0x47, 0xc1, 0xc1, 0x39, 0xfb, 0x18,
    0xe9, 0x40, 0xfa, 0x88, 0x30, 0x56, 0x30, 0xf3, 0x28, 0x38, 0x38, 0x67,
    0x1f, 0x23, 0x1d, 0x48, 0x1f, 0x11, 0xc6, 0x0a, 0x66, 0x1e, 0x05, 0x07,
    0xe7, 0xec, 0x63, 0xa4, 0x03, 0xe9, 0x23, 0xc2, 0x58, 0xc1, 0xcc, 0xa3,
    0xe0, 0xe0, 0x9c, 0x7d, 0x8c, 0x74, 0x20, 0x7d, 0x44, 0x18, 0x2b, 0x98,
    0x79, 0x14, 0x1c, 0x9c, 0xb3, 0x8f, 0x91, 0x0e, 0xa4, 0x8f, 0x08, 0x63,
    0x05, 0x33, 0x8f, 0x82, 0x83, 0x73, 0xf6, 0x31, 0xd2, 0x81, 0xf4, 0x11,
    0x61, 0xac, 0x60, 0xe6, 0x51, 0x70, 0x70, 0xce, 0x3e, 0x46, 0x3a, 0x90,
    0x3e, 0x22, 0x8c, 0x15, 0xcc, 0x3c, 0x0a, 0x0e, 0xce, 0xd9, 0xc7, 0x48,
    0x07, 0xd2, 0x57, 0x84, 0x31, 0x83, 0x99, 0x57, 0xc3, 0xfe, 0x9e, 0x7d,
    0x8c, 0xb4, 0x77, 0xbe, 0x12, 0x8c, 0x15, 0xcc, 0xbc, 0x1a, 0xf6, 0xf7,
    0xec, 0x63, 0xa4, 0xbd, 0xf3, 0x95, 0x60, 0xac, 0x60, 0xe6, 0xd5, 0xb0,
    0xbf, 0x67, 0x1f, 0x23, 0xed, 0x9d, 0xaf, 0x04, 0x63, 0x05, 0x33, 0xaf,
    0x86, 0xfd, 0x3d, 0xfb, 0x18, 0x69, 0xef, 0x7c, 0x25, 0x18, 0x2b, 0x98,
    0x79, 0x35, 0xec, 0xef, 0xd9, 0xc7, 0x48, 0x7b, 0xe7, 0x2b, 0xc1, 0x58,
    0xc1, 0xcc, 0xab, 0x61, 0x7f, 0xcf, 0x3e, 0x46, 0xda, 0x3b, 0x5f, 0x09,
    0xc6, 0x0a, 0x66, 0x5e, 0x0d, 0xfb, 0x7b, 0xf6, 0x31, 0xd2, 0xde, 0xf9,
    0x4a, 0x30, 0x56, 0x30, 0xf3, 0x6a, 0xd8, 0xdf, 0xb3, 0x8f, 0x91, 0xf6,
    0xce, 0x67, 0x82, 0x31, 0x83, 0x99, 0x67, 0xc5, 0xba, 0xc0, 0x3e, 0x46,
    0x5a, 0x2b, 0x9f, 0x01, 0xc6, 0x0a, 0x66, 0x9e, 0x15, 0xeb, 0x02, 0xfb,
    0x18, 0x69, 0xad, 0x7c, 0x06, 0x18, 0x2b, 0x98, 0x79, 0x56, 0xac, 0x0b,
    0xec, 0x63, 0xa4, 0xb5, 0xf2, 0x19, 0x60, 0xac, 0x60, 0xe6, 0x59, 0xb1,
    0x2e, 0xb0, 0x8f, 0x91, 0xd6, 0xca, 0x67, 0x80, 0xb1, 0x82, 0x99, 0x67,
    0xc5, 0xba, 0xc0, 0x3e, 0x46, 0x5a, 0x2b, 0x9f, 0x01, 0xc6, 0x0a, 0x66,
    0x9e, 0x15, 0xeb, 0x02, 0xfb, 0x18, 0x69, 0xad, 0x7c, 0x06, 0x18, 0x2b,
    0x98, 0x79, 0x56, 0xac, 0x0b, 0xec, 0x63, 0xa4, 0xb5, 0xf2, 0x19, 0x60,
    0xac, 0x60, 0xe6, 0x59, 0xb1, 0x2e, 0xb0, 0x8f, 0x91, 0xd6, 0xca, 0x77,
    0x80, 0x31, 0x83, 0x99, 0x77, 0xc7, 0xb6, 0xc1, 0x3e, 0x46, 0xda, 0x1a,
    0xdf, 0xfb, 0xc6, 0x0a, 0x66, 0xde, 0x1d, 0xdb, 0x06, 0xfb, 0x18, 0x69,
    0x6b, 0x7c, 0xef, 0x1b, 0x2b, 0x98, 0x79, 0x77, 0x6c, 0x1b, 0xec, 0x63,
    0xa4, 0xad, 0xf1, 0xbd, 0x6f, 0xac, 0x60, 0xe6, 0xdd, 0xb1, 0x6d, 0xb0,
    0x8f, 0x91, 0xb6, 0xc6, 0xf7, 0xbe, 0xb1, 0x82, 0x99, 0x77, 0xc7, 0xb6,
    0xc1, 0x3e, 0x46, 0xda, 0x1a, 0xdf, 0xfb, 0xc6, 0x0a, 0x66, 0xde, 0x1d,
    0xdb, 0x06, 0xfb, 0x18, 0x69, 0x6b, 0x7c, 0xef, 0x1b, 0x2b, 0x98, 0x79,
    0x77, 0x6c, 0x1b, 0xec, 0x63, 0xa4, 0xad, 0xf1, 0xbd, 0x6f, 0xac, 0x60,
    0xe6, 0xdd, 0xb1, 0x6d, 0xb0, 0x8f, 0x91, 0xb6, 0xc6, 0x41, 0xdf, 0x98,
    0xc1, 0xcc, 0x40, 0xb2, 0xac, 0xb0, 0x8f, 0x91, 0x96, 0xc2, 0x41, 0xdd,
    0x58, 0xc1, 0xcc, 0x40, 0xb2, 0xac, 0xb0, 0x8f, 0x91, 0x96, 0xc2, 0x41,
    0xdd, 0x58, 0xc1, 0xcc, 0x40, 0xb2, 0xac, 0xb0, 0x8f, 0x91, 0x96, 0xc2,
    0x41, 0xdd, 0x58, 0xc1, 0xcc, 0x40, 0xb2, 0xac, 0xb0, 0x8f, 0x91, 0x96,
    0xc2, 0x41, 0xdd, 0x58, 0xc1, 0xcc, 0x40, 0xb2, 0xac, 0xb0, 0x8f, 0x91,
    0x96, 0xc2, 0x41, 0xdd, 0x58, 0xc1, 0xcc, 0x40, 0xb2, 0xac, 0xb0, 0x8f,
    0x91, 0x96, 0xc2, 0x41, 0xdd, 0x58, 0xc1, 0xcc, 0x40, 0xb2, 0xac, 0xb0,
    0x8f, 0x91, 0x96, 0xc2, 0x41, 0xdd, 0x58, 0xc1, 0xcc, 0x40, 0xb2, 0xac,
    0xb0, 0x8f, 0x91, 0x96, 0xc2, 0x49, 0xdd, 0x98, 0xc1, 0xcc, 0xc4, 0xb2,
    0xeb, 0xb0, 0x8f, 0x91, 0x76, 0xbe, 0x49, 0xdb, 0x58, 0xc1, 0xcc, 0xc4,
    0xb2, 0xeb, 0xb0, 0x8f, 0x91, 0x76, 0xbe, 0x49, 0xdb, 0x58, 0xc1, 0xcc,
    0xc4, 0xb2, 0xeb, 0xb0, 0x8f, 0x91, 0x76, 0xbe, 0x49, 0xdb, 0x58, 0xc1,
    0xcc, 0xc4, 0xb2, 0xeb, 0xb0, 0x8f, 0x91, 0x76, 0xbe, 0x49, 0xdb, 0x58,
    0xc1, 0xcc, 0xc4, 0xb2, 0xeb, 0xb0, 0x8f, 0x91, 0x76, 0xbe, 0x49, 0xdb,
    0x58, 0xc1, 0xcc, 0xc4, 0xb2, 0xeb, 0xb0, 0x8f, 0x91, 0x76, 0xbe, 0x49,
    0xdb, 0x58, 0xc1, 0xcc, 0xc4, 0xb2, 0xeb, 0xb0, 0x8f, 0x91, 0x76, 0xbe,
    0x49, 0xdb, 0x58, 0xc1, 0xcc, 0xc4, 0xb2, 0xeb, 0xb0, 0x8f, 0x91, 0x76,
    0xbe, 0x51, 0xdb, 0x98, 0xc1, 0xcc, 0x48, 0xb3, 0x2a, 0xb1, 0x8f, 0x91,
    0x56, 0xba, 0x51, 0xd9, 0x58, 0xc1, 0xcc, 0x48, 0xb3, 0x2a, 0xb1, 0x8f,
    0x91, 0x56, 0xba, 0x51, 0xd9, 0x58, 0xc1, 0xcc, 0x48, 0xb3, 0x2a, 0xb1,
    0x8f, 0x91, 0x56, 0xba, 0x51, 0xd9, 0x58, 0xc1, 0xcc, 0x48, 0xb3, 0x2a,
    0xb1, 0x8f, 0x91, 0x56, 0xba, 0x51, 0xd9, 0x58, 0xc1, 0xcc, 0x48, 0xb3,
    0x2a, 0xb1, 0x8f, 0x91, 0x56, 0xba, 0x51, 0xd9, 0x58, 0xc1, 0xcc, 0x48,
    0xb3, 0x2a, 0xb1, 0x8f, 0x91, 0x56, 0xba, 0x51, 0xd9, 0x58, 0xc1, 0xcc,
    0x48, 0xb3, 0x2a, 0xb1, 0x8f, 0x91, 0x56, 0xba, 0x51, 0xd9, 0x58, 0xc1,
    0xcc, 0x48, 0xb3, 0x2a, 0xb1, 0x8f, 0x91, 0x56, 0xba, 0x59, 0xd9, 0x98,
    0xc1, 0xcc, 0xcc, 0xb3, 0x69, 0xb1, 0x8f, 0x91, 0x36, 0xb6, 0x59, 0xd7,
    0x58, 0xc1, 0xcc, 0xcc, 0xb3, 0x69, 0xb1, 0x8f, 0x91, 0x36, 0xb6, 0x59,
    0xd7, 0x58, 0xc1, 0xcc, 0xcc, 0xb3, 0x69, 0xb1, 0x8f, 0x91, 0x36, 0xb6,
    0x59, 0xd7, 0x58, 0xc1, 0xcc, 0xcc, 0xb3, 0x69, 0xb1, 0x8f, 0x91, 0x36,
    0xb6, 0x59, 0xd7, 0x58, 0xc1, 0xcc, 0xcc, 0xb3, 0x69, 0xb1, 0x8f, 0x91,
    0x36, 0xb6, 0x59, 0xd7, 0x58, 0xc1, 0xcc, 0xcc, 0xb3, 0x69, 0xb1, 0x8f,
    0x91, 0x36, 0xb6, 0x59, 0xd7, 0x58, 0xc1, 0xcc, 0xcc, 0xb3, 0x69, 0xb1,
    0x8f, 0x91, 0x36, 0xb6, 0x59, 0xd7, 0x58, 0xc1, 0xcc, 0xcc, 0xb3, 0x69,
    0xb1, 0x8f, 0x91, 0x36, 0xb6, 0x61, 0xd7, 0x98, 0xc1, 0xcc, 0x50, 0xb4,
    0xa8, 0xb1, 0x8f, 0x91, 0x16, 0xb2, 0x61, 0xd5, 0x58, 0xc1, 0xcc, 0x50,
    0xb4, 0xa8, 0xb1, 0x8f, 0x91, 0x16, 0xb2, 0x61, 0xd5, 0x58, 0xc1, 0xcc,
    0x50, 0xb4, 0xa8, 0xb1, 0x8f, 0x91, 0x16, 0xb2, 0x61, 0xd5, 0x58, 0xc1,
    0xcc, 0x50, 0xb4, 0xa8, 0xb1, 0x8f, 0x91, 0x16, 0xb2, 0x61, 0xd5, 0x58,
    0xc1, 0xcc, 0x50, 0xb4, 0xa8, 0xb1, 0x8f, 0x91, 0x16, 0xb2, 0x61, 0xd5,
    0x58, 0xc1, 0xcc, 0x50, 0xb4, 0xa8, 0xb1, 0x8f, 0x91, 0x16, 0xb2, 0x61,
    0xd5, 0x58, 0xc1, 0xcc, 0x50, 0xb4, 0xa8, 0xb1, 0x8f, 0x91, 0x16, 0xb2,
    0x61, 0xd5, 0x58, 0xc1, 0xcc, 0x50, 0xb4, 0xa8, 0xb1, 0x8f, 0x91, 0x16,
    0xb2, 0x69, 0xd5, 0x98, 0xc1, 0xcc, 0xd4, 0x34, 0xef, 0xb1, 0x8f, 0x91,
    0xe6, 0xae, 0x69, 0xd3, 0x58, 0xc1, 0xcc, 0xd4, 0x34, 0xef, 0xb1, 0x8f,
    0x91, 0xe6, 0xae, 0x69, 0xd3, 0x58, 0xc1, 0xcc, 0xd4, 0x34, 0xef, 0xb1,
    0x8f, 0x91, 0xe6, 0xae, 0x69, 0xd3, 0x58, 0xc1, 0xcc, 0xd4, 0x34, 0xef,
    0xb1, 0x8f, 0x91, 0xe6, 0xae, 0x69, 0xd3, 0x58, 0xc1, 0xcc, 0xd4, 0x34,
    0xef, 0xb1, 0x8f, 0x91, 0xe6, 0xae, 0x69, 0xd3, 0x58, 0xc1, 0xcc, 0xd4,
    0x34, 0xef, 0xb1, 0x8f, 0x91, 0xe6, 0xae, 0x69, 0xd3, 0x58, 0xc1, 0xcc,
    0xd4, 0x34, 0xef, 0xb1, 0x8f, 0x91, 0xe6, 0xae, 0x69, 0xd3, 0x58, 0xc1,
    0xcc, 0xd4, 0x34, 0xef, 0xb1, 0x8f, 0x91, 0xe6, 0xae, 0x71, 0xd3, 0x98,
    0xc1, 0xcc, 0x58, 0x35, 0x2e, 0xb2, 0x8f, 0x91, 0xc6, 0xaa, 0x71, 0xd1,
    0x58, 0xc1, 0xcc, 0x58, 0x35, 0x2e, 0xb2, 0x8f, 0x91, 0xc6, 0xaa, 0x71,
    0xd1, 0x58, 0xc1, 0xcc, 0x58, 0x35, 0x2e, 0xb2, 0x8f, 0x91, 0xc6, 0xaa,
    0x71, 0xd1, 0x58, 0xc1, 0xcc, 0x58, 0x35, 0x2e, 0xb2, 0x8f, 0x91, 0xc6,
    0xaa, 0x71, 0xd1, 0x58, 0xc1, 0xcc, 0x58, 0x35, 0x2e, 0xb2, 0x8f, 0x91,
    0xc6, 0xaa, 0x71, 0xd1, 0x58, 0xc1, 0xcc, 0x58, 0x35, 0x2e, 0xb2, 0x8f,
    0x91, 0xc6, 0xaa, 0x71, 0xd1, 0x58, 0xc1, 0xcc, 0x58, 0x35, 0x2e, 0xb2,
    0x8f, 0x91, 0xc6, 0xaa, 0x71, 0xd1, 0x58, 0xc1, 0xcc, 0x58, 0x35, 0x2e,
    0xb2, 0x8f, 0x91, 0xc6, 0xaa, 0x79, 0xd1, 0x98, 0xc1, 0xcc, 0xdc, 0x35,
    0x6d, 0xb2, 0x8f, 0x91, 0xa6, 0xa6, 0x79, 0xcf, 0x58, 0xc1, 0xcc, 0xdc,
    0x35, 0x6d, 0xb2, 0x8f, 0x91, 0xa6, 0xa6, 0x79, 0xcf, 0x58, 0xc1, 0xcc,
    0xdc, 0x35, 0x6d, 0xb2, 0x8f, 0x91, 0xa6, 0xa6, 0x79, 0xcf, 0x58, 0xc1,
    0xcc, 0xdc, 0x35, 0x6d, 0xb2, 0x8f, 0x91, 0xa6, 0xa6, 0x79, 0xcf, 0x58,
    0xc1, 0xcc, 0xdc, 0x35, 0x6d, 0xb2, 0x8f, 0x91, 0xa6, 0xa6, 0x79, 0xcf,
    0x58, 0xc1, 0xcc, 0xdc, 0x35, 0x6d, 0xb2, 0x8f, 0x91, 0xa6, 0xa6, 0x79,
    0xcf, 0x58, 0xc1, 0xcc, 0xdc, 0x35, 0x6d, 0xb2, 0x8f, 0x91, 0xa6, 0xa6,
    0x79, 0xcf, 0x58, 0xc1, 0xcc, 0xdc, 0x35, 0x6d, 0xb2, 0x8f, 0x91, 0xa6,
    0xa6, 0x45, 0xcf, 0x98, 0xc1, 0xcc, 0x42, 0x36, 0xac, 0xb2, 0x8f, 0x91,
    0x86, 0xa2, 0x45, 0xcd, 0x58, 0xc1, 0xcc, 0x42, 0x36, 0xac, 0xb2, 0x8f,
    0x91, 0x86, 0xa2, 0x45, 0xcd, 0x58, 0xc1, 0xcc, 0x42, 0x36, 0xac, 0xb2,
    0x8f, 0x91, 0x86, 0xa2, 0x45, 0xcd, 0x58, 0xc1, 0xcc, 0x42, 0x36, 0xac,
    0xb2, 0x8f, 0x91, 0x86, 0xa2, 0x45, 0xcd, 0x58, 0xc1, 0xcc, 0x42, 0x36,
    0xac, 0xb2, 0x8f, 0x91, 0x86, 0xa2, 0x45, 0xcd, 0x58, 0xc1, 0xcc, 0x42,
    0x36, 0xac, 0xb2, 0x8f, 0x91, 0x86, 0xa2, 0x45, 0xcd, 0x58, 0xc1, 0xcc,
    0x42, 0x36, 0xac, 0xb2, 0x8f, 0x91, 0x86, 0xa2, 0x45, 0xcd, 0x58, 0xc1,
    0xcc, 0x42, 0x36, 0xac, 0xb2, 0x8f, 0x91, 0x86, 0xa2, 0x4d, 0xcd, 0x98,
    0xc1, 0xcc, 0xc6, 0x36, 0xeb, 0xb2, 0x8f, 0x91, 0x66, 0x9e, 0x4d, 0xcb,
    0x58, 0xc1, 0xcc, 0xc6, 0x36, 0xeb, 0xb2, 0x8f, 0x91, 0x66, 0x9e, 0x4d,
    0xcb, 0x58, 0xc1, 0xcc, 0xc6, 0x36, 0xeb, 0xb2, 0x8f, 0x91, 0x66, 0x9e,
    0x4d, 0xcb, 0x58, 0xc1, 0xcc, 0xc6, 0x36, 0xeb, 0xb2, 0x8f, 0x91, 0x66,
    0x9e, 0x4d, 0xcb, 0x58, 0xc1, 0xcc, 0xc6, 0x36, 0xeb, 0xb2, 0x8f, 0x91,
    0x66, 0x9e, 0x4d, 0xcb, 0x58, 0xc1, 0xcc, 0xc6, 0x36, 0xeb, 0xb2, 0x8f,
    0x91, 0x66, 0x9e, 0x4d, 0xcb, 0x58, 0xc1, 0xcc, 0xc6, 0x36, 0xeb, 0xb2,
    0x8f, 0x91, 0x66, 0x9e, 0x4d, 0xcb, 0x58, 0xc1, 0xcc, 0xc6, 0x36, 0xeb,
    0xb2, 0x8f, 0x91, 0x66, 0x9e, 0x55, 0xcb, 0x98, 0xc1, 0xcc, 0x4a, 0x37,
    0x2a, 0xb3, 0x8f, 0x91, 0x46, 0x9a, 0x55, 0xc9, 0x58, 0xc1, 0xcc, 0x4a,
    0x37, 0x2a, 0xb3, 0x8f, 0x91, 0x46, 0x9a, 0x55, 0xc9, 0x58, 0xc1, 0xcc,
    0x4a, 0x37, 0x2a, 0xb3, 0x8f, 0x91, 0x46, 0x9a, 0x55, 0xc9, 0x58, 0xc1,
    0xcc, 0x4a, 0x37, 0x2a, 0xb3, 0x8f, 0x91, 0x46, 0x9a, 0x55, 0xc9, 0x58,
    0xc1, 0xcc, 0x4a, 0x37, 0x2a, 0xb3, 0x8f, 0x91, 0x46, 0x9a, 0x55, 0xc9,
    0x58, 0xc1, 0xcc, 0x4a, 0x37, 0x2a, 0xb3, 0x8f, 0x91, 0x46, 0x9a, 0x55,
    0xc9, 0x58, 0xc1, 0xcc, 0x4a, 0x37, 0x2a, 0xb3, 0x8f, 0x91, 0x46, 0x9a,
    0x55, 0xc9, 0x58, 0xc1, 0xcc, 0x4a, 0x37, 0x2a, 0xb3, 0x8f, 0x91, 0x46,
    0x9a, 0x5d, 0xc9, 0x98, 0xc1, 0xcc, 0xce, 0x37, 0x69, 0xb3, 0x8f, 0x91,
    0x26, 0x96, 0x5d, 0xc7, 0x58, 0xc1, 0xcc, 0xce, 0x37, 0x69, 0xb3, 0x8f,
    0x91, 0x26, 0x96, 0x5d, 0xc7, 0x58, 0xc1, 0xcc, 0xce, 0x37, 0x69, 0xb3,
    0x8f, 0x91, 0x26, 0x96, 0x5d, 0xc7, 0x58, 0xc1, 0xcc, 0xce, 0x37, 0x69,
    0xb3, 0x8f, 0x91, 0x26, 0x96, 0x5d, 0xc7, 0x58, 0xc1, 0xcc, 0xce, 0x37,
    0x69, 0xb3, 0x8f, 0x91, 0x26, 0x96, 0x5d, 0xc7, 0x58, 0xc1, 0xcc, 0xce,
    0x37, 0x69, 0xb3, 0x8f, 0x91, 0x26, 0x96, 0x5d, 0xc7, 0x58, 0xc1, 0xcc,
    0xce, 0x37, 0x69, 0xb3, 0x8f, 0x91, 0x26, 0x96, 0x5d, 0xc7, 0x58, 0xc1,
    0xcc, 0xce, 0x37, 0x69, 0xb3, 0x8f, 0x91, 0x26, 0x96, 0x65, 0xc7, 0x98,
    0xc1, 0xcc, 0x52, 0x38, 0xa8, 0xb3, 0x8f, 0x91, 0x06, 0x92, 0x65, 0xc5,
    0x58, 0xc1, 0xcc, 0x52, 0x38, 0xa8, 0xb3, 0x8f, 0x91, 0x06, 0x92, 0x65,
    0xc5, 0x58, 0xc1, 0xcc, 0x52, 0x38, 0xa8, 0xb3, 0x8f, 0x91, 0x06, 0x92,
    0x65, 0xc5, 0x58, 0xc1, 0xcc, 0x52, 0x38, 0xa8, 0xb3, 0x8f, 0x91, 0x06,
    0x92, 0x65, 0xc5, 0x58, 0xc1, 0xcc, 0x52, 0x38, 0xa8, 0xb3, 0x8f, 0x91,
    0x06, 0x92, 0x65, 0xc5, 0x58, 0xc1, 0xcc, 0x52, 0x38, 0xa8, 0xb3, 0x8f,
    0x91, 0x06, 0x92, 0x65, 0xc5, 0x58, 0xc1, 0xcc, 0x52, 0x38, 0xa8, 0xb3,
    0x8f, 0x91, 0x06, 0x92, 0x65, 0xc5, 0x58, 0xc1, 0xcc, 0x52, 0x38, 0xa8,
    0xb3, 0x8f, 0x91, 0x06, 0x92, 0x6d, 0xc5, 0x98, 0xc1, 0xcc, 0xd6, 0xf8,
    0xde, 0x67, 0x1f, 0x23, 0xbd, 0x3b, 0xb6, 0x0d, 0x63, 0x05, 0x33, 0x5b,
    0xe3, 0x7b, 0x9f, 0x7d, 0x8c, 0xf4, 0xee, 0xd8, 0x36, 0x8c, 0x15, 0xcc,
    0x6c, 0x8d, 0xef, 0x7d, 0xf6, 0x31, 0xd2, 0xbb, 0x63, 0xdb, 0x30, 0x56,
    0x30, 0xb3, 0x35, 0xbe, 0xf7, 0xd9, 0xc7, 0x48, 0xef, 0x8e, 0x6d, 0xc3,
    0x58, 0xc1, 0xcc, 0xd6, 0xf8, 0xde, 0x67, 0x1f, 0x23, 0xbd, 0x3b, 0xb6,
    0x0d, 0x63, 0x05, 0x33, 0x5b, 0xe3, 0x7b, 0x9f, 0x7d, 0x8c, 0xf4, 0xee,
    0xd8, 0x36, 0x8c, 0x15, 0xcc, 0x6c, 0x8d, 0xef, 0x7d, 0xf6, 0x31, 0xd2,
    0xbb, 0x63, 0xdb, 0x30, 0x56, 0x30, 0xb3, 0x35, 0xbe, 0xf7, 0xd9, 0xc7,
    0x48, 0xef, 0x8e, 0x75, 0xc3, 0x98, 0xc1, 0xcc, 0x5a, 0xf9, 0x0c, 0x60,
    0x1f, 0x23, 0x3d, 0x2b, 0xd6, 0x05, 0x63, 0x05, 0x33, 0x6b, 0xe5, 0x33,
    0x80, 0x7d, 0x8c, 0xf4, 0xac, 0x58, 0x17, 0x8c, 0x15, 0xcc, 0xac, 0x95,
    0xcf, 0x00, 0xf6, 0x31, 0xd2, 0xb3, 0x62, 0x5d, 0x30, 0x56, 0x30, 0xb3,
    0x56, 0x3e, 0x03, 0xd8, 0xc7, 0x48, 0xcf, 0x8a, 0x75, 0xc1, 0x58, 0xc1,
    0xcc, 0x5a, 0xf9, 0x0c, 0x60, 0x1f, 0x23, 0x3d, 0x2b, 0xd6, 0x05, 0x63,
    0x05, 0x33, 0x6b, 0xe5, 0x33, 0x80, 0x7d, 0x8c, 0xf4, 0xac, 0x58, 0x17,
    0x8c, 0x15, 0xcc, 0xac, 0x95, 0xcf, 0x00, 0xf6, 0x31, 0xd2, 0xb3, 0x62,
    0x5d, 0x30, 0x56, 0x30, 0xb3, 0x56, 0x3e, 0x03, 0xd8, 0xc7, 0x48, 0xcf,
    0x8a, 0x7d, 0xc1, 0x98, 0xc1, 0xcc, 0xde, 0xf9, 0x4a, 0x60, 0x1f, 0x23,
    0xbd, 0x1a, 0xf6, 0xf7, 0xc6, 0x0a, 0x66, 0xf6, 0xce, 0x57, 0x02, 0xfb,
    0x18, 0xe9, 0xd5, 0xb0, 0xbf, 0x37, 0x56, 0x30, 0xb3, 0x77, 0xbe, 0x12,
    0xd8, 0xc7, 0x48, 0xaf, 0x86, 0xfd, 0xbd, 0xb1, 0x82, 0x99, 0xbd, 0xf3,
    0x95, 0xc0, 0x3e, 0x46, 0x7a, 0x35, 0xec, 0xef, 0x8d, 0x15, 0xcc, 0xec,
    0x9d, 0xaf, 0x04, 0xf6, 0x31, 0xd2, 0xab, 0x61, 0x7f, 0x6f, 0xac, 0x60,
    0x66, 0xef, 0x7c, 0x25, 0xb0, 0x8f, 0x91, 0x5e, 0x0d, 0xfb, 0x7b, 0x63,
    0x05, 0x33, 0x7b, 0xe7, 0x2b, 0x81, 0x7d, 0x8c, 0xf4, 0x6a, 0xd8, 0xdf,
    0x1b, 0x2b, 0x98, 0xd9, 0x3b, 0x5f, 0x09, 0xec, 0x63, 0xa4, 0x57, 0xc3,
    0xc1, 0xbd, 0x31, 0x83, 0x99, 0x03, 0xe9, 0x23, 0x82, 0x7d, 0x8c, 0xf4,
    0x28, 0x38, 0x38, 0x37, 0x56, 0x30, 0x73, 0x20, 0x7d, 0x44, 0xb0, 0x8f,
    0x91, 0x1e, 0x05, 0x07, 0xe7, 0xc6, 0x0a, 0x66, 0x0e, 0xa4, 0x8f, 0x08,
    0xf6, 0x31, 0xd2, 0xa3, 0xe0, 0xe0, 0xdc, 0x58, 0xc1, 0xcc, 0x81, 0xf4,
    0x11, 0xc1, 0x3e, 0x46, 0x7a, 0x14, 0x1c, 0x9c, 0x1b, 0x2b, 0x98, 0x39,
    0x90, 0x3e, 0x22, 0xd8, 0xc7, 0x48, 0x8f, 0x82, 0x83, 0x73, 0x63, 0x05,
    0x33, 0x07, 0xd2, 0x47, 0x04, 0xfb, 0x18, 0xe9, 0x51, 0x70, 0x70, 0x6e,
    0xac, 0x60, 0xe6, 0x40, 0xfa, 0x88, 0x60, 0x1f, 0x23, 0x3d, 0x0a, 0x0e,
    0xce, 0x8d, 0x15, 0xcc, 0x1c, 0x48, 0x1f, 0x11, 0xec, 0x63, 0xa4, 0x3f,
    0x06, 0x94, 0x99, 0xc7, 0x37, 0x19, 0x9c, 0xb3, 0x8f, 0x91, 0x0e, 0xa4,
    0x8f, 0x08, 0x63, 0x05, 0x33, 0x8f, 0x82, 0x83, 0x73, 0xf6, 0x31, 0xd2,
    0x81, 0xf4, 0x11, 0x61, 0xac, 0x60, 0xe6, 0x51, 0x70, 0x70, 0xce, 0x3e,
    0x46, 0x3a, 0x90, 0x3e, 0x22, 0x8c, 0x15, 0xcc, 0x3c, 0x0a, 0x0e, 0xce,
    0xd9, 0xc7, 0x48, 0x07, 0xd2, 0x47, 0x84, 0xb1, 0x82, 0x99, 0x47, 0xc1,
    0xc1, 0x39, 0xfb, 0x18, 0xe9, 0x40, 0xfa, 0x88, 0x30, 0x56, 0x30, 0xf3,
    0x28, 0x38, 0x38, 0x67, 0x1f, 0x23, 0x1d, 0x48, 0x1f, 0x11, 0xc6, 0x0a,
    0x66, 0x1e, 0x05, 0x07, 0xe7, 0xec, 0x63, 0xa4, 0x03, 0xe9, 0x23, 0xc2,
    0x58, 0xc1, 0xcc, 0xa3, 0xe0, 0xe0, 0x9c, 0x7d, 0x8c, 0x74, 0x20, 0x7d,
    0x45, 0x18, 0x33, 0x98, 0x79, 0x35, 0xec, 0xef, 0xd9, 0xc7, 0x48, 0x7b,
    0xe7, 0x2b, 0xc1, 0x58, 0xc1, 0xcc, 0xab, 0x61, 0x7f, 0xcf, 0x3e, 0x46,
    0xda, 0x3b, 0x5f, 0x09, 0xc6, 0x0a, 0x66, 0x5e, 0x0d, 0xfb, 0x7b, 0xf6,
    0x31, 0xd2, 0xde, 0xf9, 0x4a, 0x30, 0x56, 0x30, 0xf3, 0x6a, 0xd8, 0xdf,
    0xb3, 0x8f, 0x91, 0xf6, 0xce, 0x57, 0x82, 0xb1, 0x82, 0x99, 0x57, 0xc3,
    0xfe, 0x9e, 0x7d, 0x8c, 0xb4, 0x77, 0xbe, 0x12, 0x8c, 0x15, 0xcc, 0xbc,
    0x1a, 0xf6, 0xf7, 0xec, 0x63, 0xa4, 0xbd, 0xf3, 0x95, 0x60, 0xac, 0x60,
    0xe6, 0xd5, 0xb0, 0xbf, 0x67, 0x1f, 0x23, 0xed, 0x9d, 0xaf, 0x04, 0x63,
    0x05, 0x33, 0xaf, 0x86, 0xfd, 0x3d, 0xfb, 0x18, 0x69, 0xef, 0x7c, 0x26,
    0x18, 0x33, 0x98, 0x79, 0x56, 0xac, 0x0b, 0xec, 0x63, 0xa4, 0xb5, 0xf2,
    0x19, 0x60, 0xac, 0x60, 0xe6, 0x59, 0xb1, 0x2e, 0xb0, 0x8f, 0x91, 0xd6,
    0xca, 0x67, 0x80, 0xb1, 0x82, 0x99, 0x67, 0xc5, 0xba, 0xc0, 0x3e, 0x46,
    0x5a, 0x2b, 0x9f, 0x01, 0xc6, 0x0a, 0x66, 0x9e, 0x15, 0xeb, 0x02, 0xfb,
    0x18, 0x69, 0xad, 0x7c, 0x06, 0x18, 0x2b, 0x98, 0x79, 0x56, 0xac, 0x0b,
    0xec, 0x63, 0xa4, 0xb5, 0xf2, 0x19, 0x60, 0xac, 0x60, 0xe6, 0x59, 0xb1,
    0x2e, 0xb0, 0x8f, 0x91, 0xd6, 0xca, 0x67, 0x80, 0xb1, 0x82, 0x99, 0x67,
    0xc5, 0xba, 0xc0, 0x3e, 0x46, 0x5a, 0x2b, 0x9f, 0x01, 0xc6, 0x0a, 0x66,
    0x9e, 0x15, 0xeb, 0x02, 0xfb, 0x18, 0x69, 0xad, 0x7c, 0x07, 0x18, 0x33,
    0x98, 0x79, 0x77, 0x6c, 0x1b, 0xec, 0x63, 0xa4, 0xad, 0xf1, 0xbd, 0x6f,
    0xac, 0x60, 0xe6, 0xdd, 0xb1, 0x6d, 0xb0, 0x8f, 0x91, 0xb6, 0xc6, 0xf7,
    0xbe, 0xb1, 0x82, 0x99, 0x77, 0xc7, 0xb6, 0xc1, 0x3e, 0x46, 0xda, 0x1a,
    0xdf, 0xfb, 0xc6, 0x0a, 0x66, 0xde, 0x1d, 0xdb, 0x06, 0xfb, 0x18, 0x69,
    0x6b, 0x7c, 0xef, 0x1b, 0x2b, 0x98, 0x79, 0x77, 0x6c, 0x1b, 0xec, 0x63,
    0xa4, 0xad, 0xf1, 0xbd, 0x6f, 0xac, 0x60, 0xe6, 0xdd, 0xb1, 0x6d, 0xb0,
    0x8f, 0x91, 0xb6, 0xc6, 0xf7, 0xbe, 0xb1, 0x82, 0x99, 0x77, 0xc7, 0xb6,
    0xc1, 0x3e, 0x46, 0xda, 0x1a, 0xdf, 0xfb, 0xc6, 0x0a, 0x66, 0xde, 0x1d,
    0xdb, 0x06, 0xfb, 0x18, 0x69, 0x6b, 0x1c, 0xf4, 0x8d, 0x19, 0xcc, 0x0c,
    0x24, 0xcb, 0x0a, 0xfb, 0x18, 0x69, 0x29, 0x1c, 0xd4, 0x8d, 0x15, 0xcc,
    0x0c, 0x24, 0xcb, 0x0a, 0xfb, 0x18, 0x69, 0x29, 0x1c, 0xd4, 0x8d, 0x15,
    0xcc, 0x0c, 0x24, 0xcb, 0x0a, 0xfb, 0x18, 0x69, 0x29, 0x1c, 0xd4, 0x8d,
    0x15, 0xcc, 0x0c, 0x24, 0xcb, 0x0a, 0xfb, 0x18, 0x69, 0x29, 0x1c, 0xd4,
    0x8d, 0x15, 0xcc, 0x0c, 0x24, 0xcb, 0x0a, 0xfb, 0x18, 0x69, 0x29, 0x1c,
    0xd4, 0x8d, 0x15, 0xcc, 0x0c, 0x24, 0xcb, 0x0a, 0xfb, 0x18, 0x69, 0x29,
    0x1c, 0xd4, 0x8d, 0x15, 0xcc, 0x0c, 0x24, 0xcb, 0x0a, 0xfb, 0x18, 0x69,
    0x29, 0x9c, 0x96, 0x26, 0x5e, 0x00, 0x00, 0x20, 0x00, 0x49, 0x44, 0x41,
    0x54, 0x1c, 0xd4, 0x8d, 0x15, 0xcc, 0x0c, 0x24, 0xcb, 0x0a, 0xfb, 0x18,
    0x69, 0x29, 0x9c, 0xd4, 0x8d, 0x19, 0xcc, 0x4c, 0x2c, 0xbb, 0x0e, 0xfb,
    0x18, 0x69, 0xe7, 0x9b, 0xb4, 0x8d, 0x15, 0xcc, 0x4c, 0x2c, 0xbb, 0x0e,
    0xfb, 0x18, 0x69, 0xe7, 0x9b, 0xb4, 0x8d, 0x15, 0xcc, 0x4c, 0x2c, 0xbb,
    0x0e, 0xfb, 0x18, 0x69, 0xe7, 0x9b, 0xb4, 0x8d, 0x15, 0xcc, 0x4c, 0x2c,
    0xbb, 0x0e, 0xfb, 0x18, 0x69, 0xe7, 0x9b, 0xb4, 0x8d, 0x15, 0xcc, 0x4c,
    0x2c, 0xbb, 0x0e, 0xfb, 0x18, 0x69, 0xe7, 0x9b, 0xb4, 0x8d, 0x15, 0xcc,
    0x4c, 0x2c, 0xbb, 0x0e, 0xfb, 0x18, 0x69, 0xe7, 0x9b, 0xb4, 0x8d, 0x15,
    0xcc, 0x4c, 0x2c, 0xbb, 0x0e, 0xfb, 0x18, 0x69, 0xe7, 0x9b, 0xb4, 0x8d,
    0x15, 0xcc, 0x4c, 0x2c, 0xbb, 0x0e, 0xfb, 0x18, 0x69, 0xe7, 0x1b, 0xb5,
    0x8d, 0x19, 0xcc, 0x8c, 0x34, 0xab, 0x12, 0xfb, 0x18, 0x69, 0xa5, 0x1b,
    0x95, 0x8d, 0x15, 0xcc, 0x8c, 0x34, 0xab, 0x12, 0xfb, 0x18, 0x69, 0xa5,
    0x1b, 0x95, 0x8d, 0x15, 0xcc, 0x8c, 0x34, 0xab, 0x12, 0xfb, 0x18, 0x69,
    0xa5, 0x1b, 0x95, 0x8d, 0x15, 0xcc, 0x8c, 0x34, 0xab, 0x12, 0xfb, 0x18,
    0x69, 0xa5, 0x1b, 0x95, 0x8d, 0x15, 0xcc, 0x8c, 0x34, 0xab, 0x12, 0xfb,
    0x18, 0x69, 0xa5, 0x1b, 0x95, 0x8d, 0x15, 0xcc, 0x8c, 0x34, 0xab, 0x12,
    0xfb, 0x18, 0x69, 0xa5, 0x1b, 0x95, 0x8d, 0x15, 0xcc, 0x8c, 0x34, 0xab,
    0x12, 0xfb, 0x18, 0x69, 0xa5, 0x1b, 0x95, 0x8d, 0x15, 0xcc, 0x8c, 0x34,
    0xab, 0x12, 0xfb, 0x18, 0x69, 0xa5, 0x9b, 0x95, 0x8d, 0x19, 0xcc, 0xcc,
    0x3c, 0x9b, 0x16, 0xfb, 0x18, 0x69, 0x63, 0x9b, 0x75, 0x8d, 0x15, 0xcc,
    0xcc, 0x3c, 0x9b, 0x16, 0xfb, 0x18, 0x69, 0x63, 0x9b, 0x75, 0x8d, 0x15,
    0xcc, 0xcc, 0x3c, 0x9b, 0x16, 0xfb, 0x18, 0x69, 0x63, 0x9b, 0x75, 0x8d,
    0x15, 0xcc, 0xcc, 0x3c, 0x9b, 0x16, 0xfb, 0x18, 0x69, 0x63, 0x9b, 0x75,
    0x8d, 0x15, 0xcc, 0xcc, 0x3c, 0x9b, 0x16, 0xfb, 0x18, 0x69, 0x63, 0x9b,
    0x75, 0x8d, 0x15, 0xcc, 0xcc, 0x3c, 0x9b, 0x16, 0xfb, 0x18, 0x69, 0x63,
    0x9b, 0x75, 0x8d, 0x15, 0xcc, 0xcc, 0x3c, 0x9b, 0x16, 0xfb, 0x18, 0x69,
    0x63, 0x9b, 0x75, 0x8d, 0x15, 0xcc, 0xcc, 0x3c, 0x9b, 0x16, 0xfb, 0x18,
    0x69, 0x63, 0x1b, 0x76, 0x8d, 0x19, 0xcc, 0x0c, 0x45, 0x8b, 0x1a, 0xfb,
    0x18, 0x69, 0x21, 0x1b, 0x56, 0x8d, 0x15, 0xcc, 0x0c, 0x45, 0x8b, 0x1a,
    0xfb, 0x18, 0x69, 0x21, 0x1b, 0x56, 0x8d, 0x15, 0xcc, 0x0c, 0x45, 0x8b,
    0x1a, 0xfb, 0x18, 0x69, 0x21, 0x1b, 0x56, 0x8d, 0x15, 0xcc, 0x0c, 0x45,
    0x8b, 0x1a, 0xfb, 0x18, 0x69, 0x21, 0x1b, 0x56, 0x8d, 0x15, 0xcc, 0x0c,
    0x45, 0x8b, 0x1a, 0xfb, 0x18, 0x69, 0x21, 0x1b, 0x56, 0x8d, 0x15, 0xcc,
    0x0c, 0x45, 0x8b, 0x1a, 0xfb, 0x18, 0x69, 0x21, 0x1b, 0x56, 0x8d, 0x15,
    0xcc, 0x0c, 0x45, 0x8b, 0x1a, 0xfb, 0x18, 0x69, 0x21, 0x1b, 0x56, 0x8d,
    0x15, 0xcc, 0x0c, 0x45, 0x8b, 0x1a, 0xfb, 0x18, 0x69, 0x21, 0x9b, 0x56,
    0x8d, 0x19, 0xcc, 0x4c, 0x4d, 0xf3, 0x1e, 0xfb, 0x18, 0x69, 0xee, 0x9a,
    0x36, 0x8d, 0x15, 0xcc, 0x4c, 0x4d, 0xf3, 0x1e, 0xfb, 0x18, 0x69, 0xee,
    0x9a, 0x36, 0x8d, 0x15, 0xcc, 0x4c, 0x4d, 0xf3, 0x1e, 0xfb, 0x18, 0x69,
    0xee, 0x9a, 0x36, 0x8d, 0x15, 0xcc, 0x4c, 0x4d, 0xf3, 0x1e, 0xfb, 0x18,
    0x69, 0xee, 0x9a, 0x36, 0x8d, 0x15, 0xcc, 0x4c, 0x4d, 0xf3, 0x1e, 0xfb,
    0x18, 0x69, 0xee, 0x9a, 0x36, 0x8d, 0x15, 0xcc, 0x4c, 0x4d, 0xf3, 0x1e,
    0xfb, 0x18, 0x69, 0xee, 0x9a, 0x36, 0x8d, 0x15, 0xcc, 0x4c, 0x4d, 0xf3,
    0x1e, 0xfb, 0x18, 0x69, 0xee, 0x9a, 0x36, 0x8d, 0x15, 0xcc, 0x4c, 0x4d,
    0xf3, 0x1e, 0xfb, 0x18, 0x69, 0xee, 0x1a, 0x37, 0x8d, 0x19, 0xcc, 0x8c,
    0x55, 0xe3, 0x22, 0xfb, 0x18, 0x69, 0xac, 0x1a, 0x17, 0x8d, 0x15, 0xcc,
    0x8c, 0x55, 0xe3, 0x22, 0xfb, 0x18, 0x69, 0xac, 0x1a, 0x17, 0x8d, 0x15,
    0xcc, 0x8c, 0x55, 0xe3, 0x22, 0xfb, 0x18, 0x69, 0xac, 0x1a, 0x17, 0x8d,
    0x15, 0xcc, 0x8c, 0x55, 0xe3, 0x22, 0xfb, 0x18, 0x69, 0xac, 0x1a, 0x17,
    0x8d, 0x15, 0xcc, 0x8c, 0x55, 0xe3, 0x22, 0xfb, 0x18, 0x69, 0xac, 0x1a,
    0x17, 0x8d, 0x15, 0xcc, 0x8c, 0x55, 0xe3, 0x22, 0xfb, 0x18, 0x69, 0xac,
    0x1a, 0x17, 0x8d, 0x15, 0xcc, 0x8c, 0x55, 0xe3, 0x22, 0xfb, 0x18, 0x69,
    0xac, 0x1a, 0x17, 0x8d, 0x15, 0xcc, 0x8c, 0x55, 0xe3, 0x22, 0xfb, 0x18,
    0x69, 0xac, 0x9a, 0x17, 0x8d, 0x19, 0xcc, 0xcc, 0x5d, 0xd3, 0x26, 0xfb,
    0x18, 0x69, 0x6a, 0x9a, 0xf7, 0x8c, 0x15, 0xcc, 0xcc, 0x5d, 0xd3, 0x26,
    0xfb, 0x18, 0x69, 0x6a, 0x9a, 0xf7, 0x8c, 0x15, 0xcc, 0xcc, 0x5d, 0xd3,
    0x26, 0xfb, 0x18, 0x69, 0x6a, 0x9a, 0xf7, 0x8c, 0x15, 0xcc, 0xcc, 0x5d,
    0xd3, 0x26, 0xfb, 0x18, 0x69, 0x6a, 0x9a, 0xf7, 0x8c, 0x15, 0xcc, 0xcc,
    0x5d, 0xd3, 0x26, 0xfb, 0x18, 0x69, 0x6a, 0x9a, 0xf7, 0x8c, 0x15, 0xcc,
    0xcc, 0x5d, 0xd3, 0x26, 0xfb, 0x18, 0x69, 0x6a, 0x9a, 0xf7, 0x8c, 0x15,
    0xcc, 0xcc, 0x5d, 0xd3, 0x26, 0xfb, 0x18, 0x69, 0x6a, 0x9a, 0xf7, 0x8c,
    0x15, 0xcc, 0xcc, 0x5d, 0xd3, 0x26, 0xfb, 0x18, 0x69, 0x6a, 0x5a, 0xf4,
    0x8c, 0x19, 0xcc, 0x2c, 0x64, 0xc3, 0x2a, 0xfb, 0x18, 0x69, 0x28, 0x5a,
    0xd4, 0x8c, 0x15, 0xcc, 0x2c, 0x64, 0xc3, 0x2a, 0xfb, 0x18, 0x69, 0x28,
    0x5a, 0xd4, 0x8c, 0x15, 0xcc, 0x2c, 0x64, 0xc3, 0x2a, 0xfb, 0x18, 0x69,
    0x28, 0x5a, 0xd4, 0x8c, 0x15, 0xcc, 0x2c, 0x64, 0xc3, 0x2a, 0xfb, 0x18,
    0x69, 0x28, 0x5a, 0xd4, 0x8c, 0x15, 0xcc, 0x2c, 0x64, 0xc3, 0x2a, 0xfb,
    0x18, 0x69, 0x28, 0x5a, 0xd4, 0x8c, 0x15, 0xcc, 0x2c, 0x64, 0xc3, 0x2a,
    0xfb, 0x18, 0x69, 0x28, 0x5a, 0xd4, 0x8c, 0x15, 0xcc, 0x2c, 0x64, 0xc3,
    0x2a, 0xfb, 0x18, 0x69, 0x28, 0x5a, 0xd4, 0x8c, 0x15, 0xcc, 0x2c, 0x64,
    0xc3, 0x2a, 0xfb, 0x18, 0x69, 0x28, 0xda, 0xd4, 0x8c, 0x19, 0xcc, 0x6c,
    0x6c, 0xb3, 0x2e, 0xfb, 0x18, 0x69, 0xe6, 0xd9, 0xb4, 0x8c, 0x15, 0xcc,
    0x6c, 0x6c, 0xb3, 0x2e, 0xfb, 0x18, 0x69, 0xe6, 0xd9, 0xb4, 0x8c, 0x15,
    0xcc, 0x6c, 0x6c, 0xb3, 0x2e, 0xfb, 0x18, 0x69, 0xe6, 0xd9, 0xb4, 0x8c,
    0x15, 0xcc, 0x6c, 0x6c, 0xb3, 0x2e, 0xfb, 0x18, 0x69, 0xe6, 0xd9, 0xb4,
    0x8c, 0x15, 0xcc, 0x6c, 0x6c, 0xb3, 0x2e, 0xfb, 0x18, 0x69, 0xe6, 0xd9,
    0xb4, 0x8c, 0x15, 0xcc, 0x6c, 0x6c, 0xb3, 0x2e, 0xfb, 0x18, 0x69, 0xe6,
    0xd9, 0xb4, 0x8c, 0x15, 0xcc, 0x6c, 0x6c, 0xb3, 0x2e, 0xfb, 0x18, 0x69,
    0xe6, 0xd9, 0xb4, 0x8c, 0x15, 0xcc, 0x6c, 0x6c, 0xb3, 0x2e, 0xfb, 0x18,
    0x69, 0xe6, 0x59, 0xb5, 0x8c, 0x19, 0xcc, 0xac, 0x74, 0xa3, 0x32, 0xfb,
    0x18, 0x69, 0xa4, 0x59, 0x95, 0x8c, 0x15, 0xcc, 0xac, 0x74, 0xa3, 0x32,
    0xfb, 0x18, 0x69, 0xa4, 0x59, 0x95, 0x8c, 0x15, 0xcc, 0xac, 0x74, 0xa3,
    0x32, 0xfb, 0x18, 0x69, 0xa4, 0x59, 0x95, 0x8c, 0x15, 0xcc, 0xac, 0x74,
    0xa3, 0x32, 0xfb, 0x18, 0x69, 0xa4, 0x59, 0x95, 0x8c, 0x15, 0xcc, 0xac,
    0x74, 0xa3, 0x32, 0xfb, 0x18, 0x69, 0xa4, 0x59, 0x95, 0x8c, 0x15, 0xcc,
    0xac, 0x74, 0xa3, 0x32, 0xfb, 0x18, 0x69, 0xa4, 0x59, 0x95, 0x8c, 0x15,
    0xcc, 0xac, 0x74, 0xa3, 0x32, 0xfb, 0x18, 0x69, 0xa4, 0x59, 0x95, 0x8c,
    0x15, 0xcc, 0xac, 0x74, 0xa3, 0x32, 0xfb, 0x18, 0x69, 0xa4, 0xd9, 0x95,
    0x8c, 0x19, 0xcc, 0xec, 0x7c, 0x93, 0x36, 0xfb, 0x18, 0x69, 0x62, 0xd9,
    0x75, 0x8c, 0x15, 0xcc, 0xec, 0x7c, 0x93, 0x36, 0xfb, 0x18, 0x69, 0x62,
    0xd9, 0x75, 0x8c, 0x15, 0xcc, 0xec, 0x7c, 0x93, 0x36, 0xfb, 0x18, 0x69,
    0x62, 0xd9, 0x75, 0x8c, 0x15, 0xcc, 0xec, 0x7c, 0x93, 0x36, 0xfb, 0x18,
    0x69, 0x62, 0xd9, 0x75, 0x8c, 0x15, 0xcc, 0xec, 0x7c, 0x93, 0x36, 0xfb,
    0x18, 0x69, 0x62, 0xd9, 0x75, 0x8c, 0x15, 0xcc, 0xec, 0x7c, 0x93, 0x36,
    0xfb, 0x18, 0x69, 0x62, 0xd9, 0x75, 0x8c, 0x15, 0xcc, 0xec, 0x7c, 0x93,
    0x36, 0xfb, 0x18, 0x69, 0x62, 0xd9, 0x75, 0x8c, 0x15, 0xcc, 0xec, 0x7c,
    0x93, 0x36, 0xfb, 0x18, 0x69, 0x62, 0x59, 0x76, 0x8c, 0x19, 0xcc, 0x2c,
    0x85, 0x83, 0x3a, 0xfb, 0x18, 0x69, 0x20, 0x59, 0x56, 0x8c, 0x15, 0xcc,
    0x2c, 0x85, 0x83, 0x3a, 0xfb, 0x18, 0x69, 0x20, 0x59, 0x56, 0x8c, 0x15,
    0xcc, 0x2c, 0x85, 0x83, 0x3a, 0xfb, 0x18, 0x69, 0x20, 0x59, 0x56, 0x8c,
    0x15, 0xcc, 0x2c, 0x85, 0x83, 0x3a, 0xfb, 0x18, 0x69, 0x20, 0x59, 0x56,
    0x8c, 0x15, 0xcc, 0x2c, 0x85, 0x83, 0x3a, 0xfb, 0x18, 0x69, 0x20, 0x59,
    0x56, 0x8c, 0x15, 0xcc, 0x2c, 0x85, 0x83, 0x3a, 0xfb, 0x18, 0x69, 0x20,
    0x59, 0x56, 0x8c, 0x15, 0xcc, 0x2c, 0x85, 0x83, 0x3a, 0xfb, 0x18, 0x69,
    0x20, 0x59, 0x56, 0x8c, 0x15, 0xcc, 0x2c, 0x85, 0x83, 0x3a, 0xfb, 0x18,
    0x69, 0x20, 0xd9, 0x56, 0x8c, 0x19, 0xcc, 0x6c, 0x8d, 0xef, 0x7d, 0xf6,
    0x31, 0xd2, 0xbb, 0x63, 0xdb, 0x30, 0x56, 0x30, 0xb3, 0x35, 0xbe, 0xf7,
    0xd9, 0xc7, 0x48, 0xef, 0x8e, 0x6d, 0xc3, 0x58, 0xc1, 0xcc, 0xd6, 0xf8,
    0xde, 0x67, 0x1f, 0x23, 0xbd, 0x3b, 0xb6, 0x0d, 0x63, 0x05, 0x33, 0x5b,
    0xe3, 0x7b, 0x9f, 0x7d, 0x8c, 0xf4, 0xee, 0xd8, 0x36, 0x8c, 0x15, 0xcc,
    0x6c, 0x8d, 0xef, 0x7d, 0xf6, 0x31, 0xd2, 0xbb, 0x63, 0xdb, 0x30, 0x56,
    0x30, 0xb3, 0x35, 0xbe, 0xf7, 0xd9, 0xc7, 0x48, 0xef, 0x8e, 0x6d, 0xc3,
    0x58, 0xc1, 0xcc, 0xd6, 0xf8, 0xde, 0x67, 0x1f, 0x23, 0xbd, 0x3b, 0xb6,
    0x0d, 0x63, 0x05, 0x33, 0x5b, 0xe3, 0x7b, 0x9f, 0x7d, 0x8c, 0xf4, 0xee,
    0x58, 0x37, 0x8c, 0x19, 0xcc, 0xac, 0x95, 0xcf, 0x00, 0xf6, 0x31, 0xd2,
    0xb3, 0x62, 0x5d, 0x30, 0x56, 0x30, 0xb3, 0x56, 0x3e, 0x03, 0xd8, 0xc7,
    0x48, 0xcf, 0x8a, 0x75, 0xc1, 0x58, 0xc1, 0xcc, 0x5a, 0xf9, 0x0c, 0x60,
    0x1f, 0x23, 0x3d, 0x2b, 0xd6, 0x05, 0x63, 0x05, 0x33, 0x6b, 0xe5, 0x33,
    0x80, 0x7d, 0x8c, 0xf4, 0xac, 0x58, 0x17, 0x8c, 0x15, 0xcc, 0xac, 0x95,
    0xcf, 0x00, 0xf6, 0x31, 0xd2, 0xb3, 0x62, 0x5d, 0x30, 0x56, 0x30, 0xb3,
    0x56, 0x3e, 0x03, 0xd8, 0xc7, 0x48, 0xcf, 0x8a, 0x75, 0xc1, 0x58, 0xc1,
    0xcc, 0x5a, 0xf9, 0x0c, 0x60, 0x1f, 0x23, 0x3d, 0x2b, 0xd6, 0x05, 0x63,
    0x05, 0x33, 0x6b, 0xe5, 0x33, 0x80, 0x7d, 0x8c, 0xf4, 0xac, 0xd8, 0x17,
    0x8c, 0x19, 0xcc, 0xec, 0x9d, 0xaf, 0x04, 0xf6, 0x31, 0xd2, 0xab, 0x61,
    0x7f, 0x6f, 0xac, 0x60, 0x66, 0xef, 0x7c, 0x25, 0xb0, 0x8f, 0x91, 0x5e,
    0x0d, 0xfb, 0x7b, 0x63, 0x05, 0x33, 0x7b, 0xe7, 0x2b, 0x81, 0x7d, 0x8c,
    0xf4, 0x6a, 0xd8, 0xdf, 0x1b, 0x2b, 0x98, 0xd9, 0x3b, 0x5f, 0x09, 0xec,
    0x63, 0xa4, 0x57, 0xc3, 0xfe, 0xde, 0x58, 0xc1, 0xcc, 0xde, 0xf9, 0x4a,
    0x60, 0x1f, 0x23, 0xbd, 0x1a, 0xf6, 0xf7, 0xc6, 0x0a, 0x66, 0xf6, 0xce,
    0x57, 0x02, 0xfb, 0x18, 0xe9, 0xd5, 0xb0, 0xbf, 0x37, 0x56, 0x30, 0xb3,
    0x77, 0xbe, 0x12, 0xd8, 0xc7, 0x48, 0xaf, 0x86, 0xfd, 0xbd, 0xb1, 0x82,
    0x99, 0xbd, 0xf3, 0x95, 0xc0, 0x3e, 0x46, 0x7a, 0x35, 0x1c, 0xdc, 0x1b,
    0x33, 0x98, 0x39, 0x90, 0x3e, 0x22, 0xd8, 0xc7, 0x48, 0x8f, 0x82, 0x83,
    0x73, 0x63, 0x05, 0x33, 0x07, 0xd2, 0x47, 0x04, 0xfb, 0x18, 0xe9, 0x51,
    0x70, 0x70, 0x6e, 0xac, 0x60, 0xe6, 0x40, 0xfa, 0x88, 0x60, 0x1f, 0x23,
    0x3d, 0x0a, 0x0e, 0xce, 0x8d, 0x15, 0xcc, 0x1c, 0x48, 0x1f, 0x11, 0xec,
    0x63, 0xa4, 0x47, 0xc1, 0xc1, 0xb9, 0xb1, 0x82, 0x99, 0x03, 0xe9, 0x23,
    0x82, 0x7d, 0x8c, 0xf4, 0x28, 0x38, 0x38, 0x37, 0x56, 0x30, 0x73, 0x20,
    0x7d, 0x44, 0xb0, 0x8f, 0x91, 0x1e, 0x05, 0x07, 0xe7, 0xc6, 0x0a, 0x66,
    0x0e, 0xa4, 0x8f, 0x08, 0xf6, 0x31, 0xd2, 0xa3, 0xe0, 0xe0, 0xdc, 0x58,
    0xc1, 0xcc, 0x81, 0xf4, 0x11, 0xc1, 0x3e, 0x46, 0x7a, 0x14, 0x5c, 0x9c,
    0x1b, 0x33, 0x98, 0xb9, 0xb0, 0xbe, 0x31, 0xd8, 0xc7, 0x48, 0x6f, 0x7e,
    0x8b, 0x6b, 0x63, 0x05, 0x33, 0x17, 0xd6, 0x37, 0x06, 0xfb, 0x18, 0xe9,
    0xcd, 0x6f, 0x71, 0x6d, 0xac, 0x60, 0xe6, 0xc2, 0xfa, 0xc6, 0x60, 0x1f,
    0x23, 0xbd, 0xf9, 0x2d, 0xae, 0x8d, 0x15, 0xcc, 0x5c, 0x58, 0xdf, 0x18,
    0xec, 0x63, 0xa4, 0x37, 0xbf, 0xc5, 0xb5, 0xb1, 0x82, 0x99, 0x0b, 0xeb,
    0x1b, 0x83, 0x7d, 0x8c, 0xf4, 0xe6, 0xb7, 0xb8, 0x36, 0x56, 0x30, 0x73,
    0x61, 0x7d, 0x63, 0xb0, 0x8f, 0x91, 0xde, 0xfc, 0x16, 0xd7, 0xc6, 0x0a,
    0x66, 0x2e, 0xac, 0x6f, 0x0c, 0xf6, 0x31, 0xd2, 0x9b, 0xdf, 0xe2, 0xda,
    0x58, 0xc1, 0xcc, 0x85, 0xf5, 0x8d, 0xc1, 0x3e, 0x46, 0x7a, 0xf3, 0x9b,
    0x5c, 0x1b, 0x33, 0x98, 0x39, 0xd1, 0x3e, 0x41, 0xd8, 0xc7, 0x48, 0x4f,
    0x7a, 0x93, 0x63, 0x63, 0x05, 0x33, 0x27, 0xda, 0x27, 0x08, 0xfb, 0x18,
    0xe9, 0x49, 0x6f, 0x72, 0x6c, 0xac, 0x60, 0xe6, 0x44, 0xfb, 0x04, 0x61,
    0x1f, 0x23, 0x3d, 0xe9, 0x4d, 0x8e, 0x8d, 0x15, 0xcc, 0x9c, 0x68, 0x9f,
    0x20, 0xec, 0x63, 0xa4, 0x27, 0xbd, 0xc9, 0xb1, 0xb1, 0x82, 0x99, 0x13,
    0xed, 0x13, 0x84, 0x7d, 0x8c, 0xf4, 0xa4, 0x37, 0x39, 0x36, 0x56, 0x30,
    0x73, 0xa2, 0x7d, 0x82, 0xb0, 0x8f, 0x91, 0x9e, 0xf4, 0x26, 0xc7, 0xc6,
    0x0a, 0x66, 0x4e, 0xb4, 0x4f, 0x10, 0xf6, 0x31, 0xd2, 0x93, 0xde, 0xe4,
    0xd8, 0x58, 0xc1, 0xcc, 0x89, 0xf6, 0x09, 0xc2, 0x3e, 0x46, 0x7a, 0xd2,
    0xdb, 0x1c, 0x1b, 0x33, 0x98, 0xb9, 0xf1, 0xbe, 0x50, 0xd8, 0xc7, 0x48,
    0x2f, 0x76, 0x9b, 0x5b, 0x63, 0x05, 0x33, 0x37, 0xde, 0x17, 0x0a, 0xfb,
    0x18, 0xe9, 0xc5, 0x6e, 0x73, 0x6b, 0xac, 0x60, 0xe6, 0xc6, 0xfb, 0x42,
    0x61, 0x1f, 0x23, 0xbd, 0xd8, 0x6d, 0x6e, 0x8d, 0x15, 0xcc, 0xdc, 0x78,
    0x5f, 0x28, 0xec, 0x63, 0xa4, 0x17, 0xbb, 0xcd, 0xad, 0xb1, 0x82, 0x99,
    0x1b, 0xef, 0x0b, 0x85, 0x7d, 0x8c, 0xf4, 0x62, 0xb7, 0xb9, 0x35, 0x56,
    0x30, 0x73, 0xe3, 0x7d, 0xa1, 0xb0, 0x8f, 0x91, 0x5e, 0xec, 0x36, 0xb7,
    0xc6, 0x0a, 0x66, 0x6e, 0xbc, 0x2f, 0x14, 0xf6, 0x31, 0xd2, 0x8b, 0xdd,
    0xe6, 0xd6, 0x58, 0xc1, 0xcc, 0x8d, 0xf7, 0x85, 0xc2, 0x3e, 0x46, 0x7a,
    0xb1, 0x1b, 0xdd, 0x1a, 0x33, 0x98, 0x39, 0x12, 0x3f, 0x60, 0xd8, 0xc7,
    0x48, 0x0f, 0x72, 0xa3, 0x53, 0x63, 0x05, 0x33, 0x47, 0xe2, 0x07, 0x0c,
    0xfb, 0x18, 0xe9, 0x41, 0x6e, 0x74, 0x6a, 0xac, 0x60, 0xe6, 0x48, 0xfc,
    0x80, 0x61, 0x1f, 0x23, 0x3d, 0xc8, 0x8d, 0x4e, 0x8d, 0x15, 0xcc, 0x1c,
    0x89, 0x1f, 0x30, 0xec, 0x63, 0xa4, 0x07, 0xb9, 0xd1, 0xa9, 0xb1, 0x82,
    0x99, 0x23, 0xf1, 0x03, 0x86, 0x7d, 0x8c, 0xf4, 0x20, 0x37, 0x3a, 0x35,
    0x56, 0x30, 0x73, 0x24, 0x7e, 0xc0, 0xb0, 0x8f, 0x91, 0x1e, 0xe4, 0x46,
    0xa7, 0xc6, 0x0a, 0x66, 0x8e, 0xc4, 0x0f, 0x18, 0xf6, 0x31, 0xd2, 0x83,
    0xdc, 0xe8, 0xd4, 0x58, 0xc1, 0xcc, 0x91, 0xf8, 0x01, 0xc3, 0x3e, 0x46,
    0x7a, 0x90, 0x5b, 0x9d, 0x1a, 0x33, 0x98, 0xb9, 0x32, 0x7f, 0xe7, 0xb0,
    0x8f, 0x91, 0xbe, 0xbb, 0xad, 0x2e, 0x8d, 0x15, 0xcc, 0x5c, 0x99, 0xbf,
    0x73, 0xd8, 0xc7, 0x48, 0xdf, 0xdd, 0x56, 0x97, 0xc6, 0x0a, 0x66, 0xae,
    0xcc, 0xdf, 0x39, 0xec, 0x63, 0xa4, 0xef, 0x6e, 0xab, 0x4b, 0x63, 0x05,
    0x33, 0x57, 0xe6, 0xef, 0x1c, 0xf6, 0x31, 0xd2, 0x77, 0xb7, 0xd5, 0xa5,
    0xb1, 0x82, 0x99, 0x2b, 0xf3, 0x77, 0x0e, 0xfb, 0x18, 0xe9, 0xbb, 0xdb,
    0xea, 0xd2, 0x58, 0xc1, 0xcc, 0x95, 0xf9, 0x3b, 0x87, 0x7d, 0x8c, 0xf4,
    0xdd, 0x6d, 0x75, 0x69, 0xac, 0x60, 0xe6, 0xca, 0xfc, 0x9d, 0xc3, 0x3e,
    0x46, 0xfa, 0xee, 0xb6, 0xba, 0x34, 0x56, 0x30, 0x73, 0x65, 0xfe, 0xce,
    0x61, 0x1f, 0x23, 0x7d, 0x77, 0x9b, 0x5d, 0x1a, 0x33, 0x98, 0x39, 0x53,
    0x7f, 0x06, 0xb1, 0x8f, 0x91, 0x3e, 0xab, 0xcd, 0x0e, 0x8d, 0x15, 0xcc,
    0x9c, 0xa9, 0x3f, 0x83, 0xd8, 0xc7, 0x48, 0x9f, 0xd5, 0x66, 0x87, 0xc6,
    0x0a, 0x66, 0xce, 0xd4, 0x9f, 0x41, 0xec, 0x63, 0xa4, 0xcf, 0x6a, 0xb3,
    0x43, 0x63, 0x05, 0x33, 0x67, 0xea, 0xcf, 0x20, 0xf6, 0x31, 0xd2, 0x67,
    0xb5, 0xd9, 0xa1, 0xb1, 0x82, 0x99, 0x33, 0xf5, 0x67, 0x10, 0xfb, 0x18,
    0xe9, 0xb3, 0xda, 0xec, 0xd0, 0x58, 0xc1, 0xcc, 0x99, 0xfa, 0x33, 0x88,
    0x7d, 0x8c, 0xf4, 0x59, 0x6d, 0x76, 0x68, 0xac, 0x60, 0xe6, 0x4c, 0xfd,
    0x19, 0xc4, 0x3e, 0x46, 0xfa, 0xac, 0x36, 0x3b, 0x34, 0x56, 0x30, 0x73,
    0xa6, 0xfe, 0x0c, 0x62, 0x1f, 0x23, 0x7d, 0x56, 0xdb, 0x1d, 0x1a, 0x33,
    0x98, 0xb9, 0x73, 0x7f, 0x25, 0xb1, 0x8f, 0x91, 0xbe, 0x9a, 0xed, 0xee,
    0x8c, 0x15, 0xcc, 0xdc, 0xb9, 0xbf, 0x92, 0xd8, 0xc7, 0x48, 0x5f, 0xcd,
    0x76, 0x77, 0xc6, 0x0a, 0x66, 0xee, 0xdc, 0x5f, 0x49, 0xec, 0x63, 0xa4,
    0xaf, 0x66, 0xbb, 0x3b, 0x63, 0x05, 0x33, 0x77, 0xee, 0xaf, 0x24, 0xf6,
    0x31, 0xd2, 0x57, 0xb3, 0xdd, 0x9d, 0xb1, 0x82, 0x99, 0x3b, 0xf7, 0x57,
    0x12, 0xfb, 0x18, 0xe9, 0xab, 0xd9, 0xee, 0xce, 0x58, 0xc1, 0xcc, 0x9d,
    0xfb, 0x2b, 0x89, 0x7d, 0x8c, 0xf4, 0xd5, 0x6c, 0x77, 0x67, 0xac, 0x60,
    0xe6, 0xce, 0xfd, 0x95, 0xc4, 0x3e, 0x46, 0xfa, 0x6a, 0xb6, 0xbb, 0x33,
    0x56, 0x30, 0x73, 0xe7, 0xfe, 0x4a, 0x62, 0x1f, 0x23, 0x7d, 0x35, 0x1b,
    0xde, 0x19, 0x33, 0x98, 0x39, 0x94, 0x7f, 0x44, 0xb1, 0x8f, 0x91, 0x3e,
    0x8a, 0x0d, 0xcf, 0x8c, 0x15, 0xcc, 0x1c, 0xca, 0x3f, 0xa2, 0xd8, 0xc7,
    0x48, 0x1f, 0xc5, 0x86, 0x67, 0xc6, 0x0a, 0x66, 0x0e, 0xe5, 0x1f, 0x51,
    0xec, 0x63, 0xa4, 0x8f, 0x62, 0xc3, 0x33, 0x63, 0x05, 0x33, 0x87, 0xf2,
    0x8f, 0x28, 0xf6, 0x31, 0xd2, 0x47, 0xb1, 0xe1, 0x99, 0xb1, 0x82, 0x99,
    0x43, 0xf9, 0x47, 0x14, 0xfb, 0x18, 0xe9, 0xa3, 0xd8, 0xf0, 0xcc, 0x58,
    0xc1, 0xcc, 0xa1, 0xfc, 0x23, 0x8a, 0x7d, 0x8c, 0xf4, 0x51, 0x6c, 0x78,
    0x66, 0xac, 0x60, 0xe6, 0x50, 0xfe, 0x11, 0xc5, 0x3e, 0x46, 0xfa, 0x28,
    0x36, 0x3c, 0x33, 0x56, 0x30, 0x73, 0x28, 0xff, 0x88, 0x62, 0x1f, 0x23,
    0x7d, 0x14, 0x5b, 0x9e, 0x19, 0x33, 0x98, 0xb9, 0xb4, 0x7f, 0x63, 0xb1,
    0x8f, 0x91, 0xbe, 0x79, 0x2d, 0xaf, 0x8c, 0x15, 0xcc, 0x5c, 0xda, 0xbf,
    0xb1, 0xd8, 0xc7, 0x48, 0xdf, 0xbc, 0x96, 0x57, 0xc6, 0x0a, 0x66, 0x2e,
    0xed, 0xdf, 0x58, 0xec, 0x63, 0xa4, 0x6f, 0x5e, 0xcb, 0x2b, 0x63, 0x05,
    0x33, 0x97, 0xf6, 0x6f, 0x2c, 0xf6, 0x31, 0xd2, 0x37, 0xaf, 0xe5, 0x95,
    0xb1, 0x82, 0x99, 0x4b, 0xfb, 0x37, 0x16, 0xfb, 0x18, 0xe9, 0x9b, 0xd7,
    0xf2, 0xca, 0x58, 0xc1, 0xcc, 0xa5, 0xfd, 0x1b, 0x8b, 0x7d, 0x8c, 0xf4,
    0xcd, 0x6b, 0x79, 0x65, 0xac, 0x60, 0xe6, 0xd2, 0xfe, 0x8d, 0xc5, 0x3e,
    0x46, 0xfa, 0xe6, 0xb5, 0xbc, 0x32, 0x56, 0x30, 0x73, 0x69, 0xff, 0xc6,
    0x62, 0x1f, 0x23, 0x7d, 0xf3, 0x9a, 0x5e, 0x19, 0x33, 0x98, 0x39, 0xd5,
    0x7f, 0x82, 0xb1, 0x8f, 0x91, 0x3e, 0x69, 0x4d, 0x8f, 0x8c, 0x15, 0xcc,
    0x9c, 0xea, 0x3f, 0xc1, 0xd8, 0xc7, 0x48, 0x9f, 0xb4, 0xa6, 0x47, 0xc6,
    0x0a, 0x66, 0x4e, 0xf5, 0x9f, 0x60, 0xec, 0x63, 0xa4, 0x4f, 0x5a, 0xd3,
    0x23, 0x63, 0x05, 0x33, 0xa7, 0xfa, 0x4f, 0x30, 0xf6, 0x31, 0xd2, 0x27,
    0xad, 0xe9, 0x91, 0xb1, 0x82, 0x99, 0x53, 0xfd, 0x27, 0x18, 0xfb, 0x18,
    0xe9, 0x93, 0xd6, 0xf4, 0xc8, 0x58, 0xc1, 0xcc, 0xa9, 0xfe, 0x13, 0x8c,
    0x7d, 0x8c, 0xf4, 0x49, 0x6b, 0x7a, 0x64, 0xac, 0x60, 0xe6, 0x54, 0xff,
    0x09, 0xc6, 0x3e, 0x46, 0xfa, 0xa4, 0x35, 0x3d, 0x32, 0x56, 0x30, 0x73,
    0xaa, 0xff, 0x04, 0x63, 0x1f, 0x23, 0x7d, 0xd2, 0xda, 0x1e, 0x19, 0x33,
    0x98, 0xb9, 0xf5, 0x7f, 0xa1, 0xb1, 0x8f, 0x91, 0xbe, 0x58, 0x6d, 0x6f,
    0x8c, 0x15, 0xcc, 0xdc, 0xfa, 0xbf, 0xd0, 0xd8, 0xc7, 0x48, 0x5f, 0xac,
    0xb6, 0x37, 0xc6, 0x0a, 0x66, 0x6e, 0xfd, 0x5f, 0x68, 0xec, 0x63, 0xa4,
    0x2f, 0x56, 0xdb, 0x1b, 0x63, 0x05, 0x33, 0xb7, 0xfe, 0x2f, 0x34, 0xf6,
    0x31, 0xd2, 0x17, 0xab, 0xed, 0x8d, 0xb1, 0x82, 0x99, 0x5b, 0xff, 0x17,
    0x1a, 0xfb, 0x18, 0xe9, 0x8b, 0xd5, 0xf6, 0xc6, 0x58, 0xc1, 0xcc, 0xad,
    0xff, 0x0b, 0x8d, 0x7d, 0x8c, 0xf4, 0xc5, 0x6a, 0x7b, 0x63, 0xac, 0x60,
    0xe6, 0xd6, 0xff, 0x85, 0xc6, 0x3e, 0x46, 0xfa, 0x62, 0xb5, 0xbd, 0x31,
    0x56, 0x30, 0x73, 0xeb, 0xff, 0x42, 0x63, 0x1f, 0x23, 0x7d, 0xb1, 0x1a,
    0xdf, 0x18, 0x33, 0x98, 0x39, 0x1e, 0xf0, 0x80, 0x63, 0x1f, 0x23, 0x7d,
    0x90, 0x1a, 0x9f, 0x18, 0x2b, 0x98, 0x39, 0x1e, 0xf0, 0x80, 0x63, 0x1f,
    0x23, 0x7d, 0x90, 0x1a, 0x9f, 0x18, 0x2b, 0x98, 0x39, 0x1e, 0xf0, 0x80,
    0x63, 0x1f, 0x23, 0x7d, 0x90, 0x1a, 0x9f, 0x18, 0x2b, 0x98, 0x39, 0x1e,
    0xf0, 0x80, 0x63, 0x1f, 0x23, 0x7d, 0x90, 0x1a, 0x9f, 0x18, 0x2b, 0x98,
    0x39, 0x1e, 0xf0, 0x80, 0x63, 0x1f, 0x23, 0x7d, 0x90, 0x1a, 0x9f, 0x18,
    0x2b, 0x98, 0x39, 0x1e, 0xf0, 0x80, 0x63, 0x1f, 0x23, 0x7d, 0x90, 0x1a,
    0x9f, 0x18, 0x2b, 0x98, 0x39, 0x1e, 0xf0, 0x80, 0x63, 0x1f, 0x23, 0x7d,
    0x90, 0x1a, 0x9f, 0x18, 0x2b, 0x98, 0x39, 0x1e, 0xf0, 0x80, 0x63, 0x1f,
    0x23, 0x7d, 0x90, 0x5a, 0x9f, 0x18, 0x33, 0x98, 0xb9, 0x5e, 0xf0, 0xcd,
    0x63, 0x1f, 0x23, 0xfd, 0x76, 0x5a, 0x5f, 0x18, 0x2b, 0x98, 0xb9, 0x5e,
    0xf0, 0xcd, 0x63, 0x1f, 0x23, 0xfd, 0x76, 0x5a, 0x5f, 0x18, 0x2b, 0x98,
    0xb9, 0x5e, 0xf0, 0xcd, 0x63, 0x1f, 0x23, 0xfd, 0x76, 0x5a, 0x5f, 0x18,
    0x2b, 0x98, 0xb9, 0x5e, 0xf0, 0xcd, 0x63, 0x1f, 0x23, 0xfd, 0x76, 0x5a,
    0x5f, 0x18, 0x2b, 0x98, 0xb9, 0x5e, 0xf0, 0xcd, 0x63, 0x1f, 0x23, 0xfd,
    0x76, 0x5a, 0x5f, 0x18, 0x2b, 0x98, 0xb9, 0x5e, 0xf0, 0xcd, 0x63, 0x1f,
    0x23, 0xfd, 0x76, 0x5a, 0x5f, 0x18, 0x2b, 0x98, 0xb9, 0x5e, 0xf0, 0xcd,
    0x63, 0x1f, 0x23, 0xfd, 0x76, 0x5a, 0x5f, 0x18, 0x2b, 0x98, 0xb9, 0x5e,
    0xf0, 0xcd, 0x63, 0x1f, 0x23, 0xfd, 0x76, 0x9a, 0x5f, 0x18, 0x33, 0x98,
    0x39, 0x9f, 0xf0, 0x09, 0x64, 0x1f, 0x23, 0xfd, 0x54, 0x9a, 0x1f, 0x18,
    0x2b, 0x98, 0x39, 0x9f, 0xf0, 0x09, 0x64, 0x1f, 0x23, 0xfd, 0x54, 0x9a,
    0x1f, 0x18, 0x2b, 0x98, 0x39, 0x9f, 0xf0, 0x09, 0x64, 0x1f, 0x23, 0xfd,
    0x54, 0x9a, 0x1f, 0x18, 0x2b, 0x98, 0x39, 0x9f, 0xf0, 0x09, 0x64, 0x1f,
    0x23, 0xfd, 0x54, 0x9a, 0x1f, 0x18, 0x2b, 0x98, 0x39, 0x9f, 0xf0, 0x09,
    0x64, 0x1f, 0x23, 0xfd, 0x54, 0x9a, 0x1f, 0x18, 0x2b, 0x98, 0x39, 0x9f,
    0xf0, 0x09, 0x64, 0x1f, 0x23, 0xfd, 0x54, 0x9a, 0x1f, 0x18, 0x2b, 0x98,
    0x39, 0x9f, 0xf0, 0x09, 0x64, 0x1f, 0x23, 0xfd, 0x54, 0x9a, 0x1f, 0x18,
    0x2b, 0x98, 0x39, 0x9f, 0xf0, 0x09, 0x64, 0x1f, 0x23, 0xfd, 0x54, 0xda,
    0x1f, 0x18, 0x33, 0x98, 0xb9, 0xdf, 0xf0, 0x45, 0x64, 0x1f, 0x23, 0xfd,
    0x32, 0xda, 0xe7, 0xc6, 0x0a, 0x66, 0xee, 0x37, 0x7c, 0x11, 0xd9, 0xc7,
    0x48, 0xbf, 0x8c, 0xf6, 0xb9, 0xb1, 0x82, 0x99, 0xfb, 0x0d, 0x5f, 0x44,
    0xf6, 0x31, 0xd2, 0x2f, 0xa3, 0x7d, 0x6e, 0xac, 0x60, 0xe6, 0x7e, 0xc3,
    0x17, 0x91, 0x7d, 0x8c, 0xf4, 0xcb, 0x68, 0x9f, 0x1b, 0x2b, 0x98, 0xb9,
    0xdf, 0xf0, 0x45, 0x64, 0x1f, 0x23, 0xfd, 0x32, 0xda, 0xe7, 0xc6, 0x0a,
    0x66, 0xee, 0x37, 0x7c, 0x11, 0xd9, 0xc7, 0x48, 0xbf, 0x8c, 0xf6, 0xb9,
    0xb1, 0x82, 0x99, 0xfb, 0x0d, 0x5f, 0x44, 0xf6, 0x31, 0xd2, 0x2f, 0xa3,
    0x7d, 0x6e, 0xac, 0x60, 0xe6, 0x7e, 0xc3, 0x17, 0x91, 0x7d, 0x8c, 0xf4,
    0xcb, 0x48, 0xc8, 0x8d, 0x19, 0xcc, 0x14, 0x46, 0x7c, 0x20, 0xd9, 0xc7,
    0x48, 0x3f, 0x84, 0x84, 0xd8, 0x58, 0xc1, 0x4c, 0x61, 0xc4, 0x07, 0x92,
    0x7d, 0x8c, 0xf4, 0x43, 0x48, 0x88, 0x8d, 0x15, 0xcc, 0x14, 0x46, 0x7c,
    0x20, 0xd9, 0xc7, 0x48, 0x3f, 0x84, 0x84, 0xd8, 0x58, 0xc1, 0x4c, 0x61,
    0xc4, 0x07, 0x92, 0x7d, 0x8c, 0xf4, 0x43, 0x48, 0x88, 0x8d, 0x15, 0xcc,
    0x14, 0x46, 0x7c, 0x20, 0xd9, 0xc7, 0x48, 0x3f, 0x84, 0x84, 0xd8, 0x58,
    0xc1, 0x4c, 0x61, 0xc4, 0x07, 0x92, 0x7d, 0x8c, 0xf4, 0x43, 0x48, 0x88,
    0x8d, 0x15, 0xcc, 0x14, 0x46, 0x7c, 0x20, 0xd9, 0xc7, 0x48, 0x3f, 0x84,
    0x84, 0xd8, 0x58, 0xc1, 0x4c, 0x61, 0xc4, 0x07, 0x92, 0x7d, 0x8c, 0xf4,
    0x43, 0xc8, 0x88, 0x8d, 0x19, 0xcc, 0x34, 0x56, 0x30, 0x93, 0x7d, 0x8c,
    0x94, 0x7d, 0x8c, 0xd4, 0x58, 0xc1, 0x4c, 0x63, 0x05, 0x33, 0xd9, 0xe7,
    0x5f, 0x7b, 0x64, 0x90, 0x1c, 0x48, 0x0c, 0x84, 0xb0, 0xfd, 0xff, 0xab,
    0xf7, 0x07, 0x1a, 0x37, 0xa0, 0x1c, 0x52, 0x39, 0xd3, 0xa8, 0x84, 0x6d,
    0xa4, 0xec, 0x63, 0xa4, 0xc6, 0x0a, 0x66, 0x1a, 0x2b, 0x98, 0xc9, 0x3e,
    0x46, 0xca, 0x3e, 0x46, 0x6a, 0xac, 0x60, 0xa6, 0xb1, 0x82, 0x99, 0xec,
    0x63, 0xa4, 0xec, 0x63, 0xa4, 0xc6, 0x0a, 0x66, 0x1a, 0x2b, 0x98, 0xc9,
    0x3e, 0x46, 0xca, 0x3e, 0x46, 0x6a, 0xac, 0x60, 0xa6, 0xb1, 0x82, 0x99,
    0xec, 0x63, 0xa4, 0xec, 0x63, 0xa4, 0xc6, 0x0a, 0x66, 0x1a, 0x2b, 0x98,
    0xc9, 0x3e, 0x46, 0xca, 0x3e, 0x46, 0x6a, 0xac, 0x60, 0xa6, 0xb1, 0x82,
    0x99, 0xec, 0x63, 0xa4, 0xec, 0xf3, 0x4b, 0x52, 0xe3, 0xe1, 0x98, 0xf9,
    0xf3, 0x0f, 0xc7, 0x3e, 0x46, 0xfa, 0xb7, 0xd1, 0x78, 0x01, 0xe3, 0xa7,
    0x98, 0x69, 0xac, 0x60, 0x26, 0xfb, 0x18, 0x29, 0xfb, 0x18, 0xa9, 0xb1,
    0x82, 0x99, 0xc6, 0x0a, 0x66, 0xb2, 0x8f, 0x91, 0xb2, 0x8f, 0x91, 0x1a,
    0x2b, 0x98, 0x69, 0xac, 0x60, 0x26, 0xfb, 0x18, 0x29, 0xfb, 0x18, 0xa9,
    0xb1, 0x82, 0x99, 0xc6, 0x0a, 0x66, 0xb2, 0x8f, 0x91, 0xb2, 0x8f, 0x91,
    0x1a, 0x2b, 0x98, 0x69, 0xac, 0x60, 0x26, 0xfb, 0x18, 0x29, 0xfb, 0x18,
    0xa9, 0xb1, 0x82, 0x99, 0xc6, 0x0a, 0x66, 0xb2, 0x8f, 0x91, 0xb2, 0x8f,
    0x91, 0x1a, 0x2b, 0x98, 0x69, 0xac, 0xf8, 0x60, 0xb2, 0x90, 0x91, 0x7e,
    0x08, 0x09, 0xb1, 0xb1, 0x82, 0x99, 0xc2, 0x88, 0x0f, 0x24, 0xfb, 0x18,
    0xe9, 0x87, 0x90, 0x10, 0x1b, 0x2b, 0x98, 0x29, 0x8c, 0xf8, 0x40, 0xb2,
    0x8f, 0x91, 0x7e, 0x08, 0x09, 0xb1, 0xb1, 0x82, 0x99, 0xc2, 0x88, 0x0f,
    0x24, 0xfb, 0x18, 0xe9, 0x87, 0x90, 0x10, 0x1b, 0x2b, 0x98, 0x29, 0x8c,
    0xf8, 0x40, 0xb2, 0x8f, 0x91, 0x7e, 0x08, 0x09, 0xb1, 0xb1, 0x82, 0x99,
    0xc2, 0x88, 0x0f, 0x24, 0xfb, 0x18, 0xe9, 0x87, 0x90, 0x10, 0x1b, 0x2b,
    0x98, 0x29, 0x8c, 0xf8, 0x40, 0xb2, 0x8f, 0x91, 0x7e, 0x08, 0x09, 0xb1,
    0xb1, 0x82, 0x99, 0xc2, 0x88, 0x0f, 0x24, 0xfb, 0x18, 0xe9, 0x87, 0x90,
    0x10, 0x1b, 0x2b, 0x98, 0x29, 0x8c, 0xf8, 0x42, 0xb2, 0x90, 0x91, 0x7e,
    0x19, 0xed, 0x73, 0x63, 0x05, 0x33, 0xf7, 0x1b, 0xbe, 0x88, 0xec, 0x63,
    0xa4, 0x5f, 0x46, 0xfb, 0xdc, 0x58, 0xc1, 0xcc, 0xfd, 0x86, 0x2f, 0x22,
    0xfb, 0x18, 0xe9, 0x97, 0xd1, 0x3e, 0x37, 0x56, 0x30, 0x73, 0xbf, 0xe1,
    0x8b, 0xc8, 0x3e, 0x46, 0xfa, 0x65, 0xb4, 0xcf, 0x8d, 0x15, 0xcc, 0xdc,
    0x6f, 0xf8, 0x22, 0xb2, 0x8f, 0x91, 0x7e, 0x19, 0xed, 0x73, 0x63, 0x05,
    0x33, 0xf7, 0x1b, 0xbe, 0x88, 0xec, 0x63, 0xa4, 0x5f, 0x46, 0xfb, 0xdc,
    0x58, 0xc1, 0xcc, 0xfd, 0x86, 0x2f, 0x22, 0xfb, 0x18, 0xe9, 0x97, 0xd1,
    0x3e, 0x37, 0x56, 0x30, 0x73, 0xbf, 0xe1, 0x8b, 0xc8, 0x3e, 0x46, 0xfa,
    0x65, 0xb4, 0xcf, 0x8d, 0x15, 0xcc, 0xdc, 0x6f, 0xf8, 0x24, 0xb2, 0x90,
    0x91, 0x7e, 0x2a, 0xcd, 0x0f, 0x8c, 0x15, 0xcc, 0x9c, 0x4f, 0xf8, 0x04,
    0xb2, 0x8f, 0x91, 0x7e, 0x2a, 0xcd, 0x0f, 0x8c, 0x15, 0xcc, 0x9c, 0x4f,
    0xf8, 0x04, 0xb2, 0x8f, 0x91, 0x7e, 0x2a, 0xcd, 0x0f, 0x8c, 0x15, 0xcc,
    0x9c, 0x4f, 0xf8, 0x04, 0xb2, 0x8f, 0x91, 0x7e, 0x2a, 0xcd, 0x0f, 0x8c,
    0x15, 0xcc, 0x9c, 0x4f, 0xf8, 0x04, 0xb2, 0x8f, 0x91, 0x7e, 0x2a, 0xcd,
    0x0f, 0x8c, 0x15, 0xcc, 0x9c, 0x4f, 0xf8, 0x04, 0xb2, 0x8f, 0x91, 0x7e,
    0x2a, 0xcd, 0x0f, 0x8c, 0x15, 0xcc, 0x9c, 0x4f, 0xf8, 0x04, 0xb2, 0x8f,
    0x91, 0x7e, 0x2a, 0xcd, 0x0f, 0x8c, 0x15, 0xcc, 0x9c, 0x4f, 0xf8, 0x04,
    0xb2, 0x8f, 0x91, 0x7e, 0x2a, 0xcd, 0x0f, 0x8c, 0x15, 0xcc, 0x9c, 0x4f,
    0xf8, 0x06, 0xb2, 0x90, 0x91, 0x7e, 0x3b, 0xad, 0x2f, 0x8c, 0x15, 0xcc,
    0x5c, 0x2f, 0xf8, 0xe6, 0xb1, 0x8f, 0x91, 0x7e, 0x3b, 0xad, 0x2f, 0x8c,
    0x15, 0xcc, 0x5c, 0x2f, 0xf8, 0xe6, 0xb1, 0x8f, 0x91, 0x7e, 0x3b, 0xad,
    0x2f, 0x8c, 0x15, 0xcc, 0x5c, 0x2f, 0xf8, 0xe6, 0xb1, 0x8f, 0x91, 0x7e,
    0x3b, 0xad, 0x2f, 0x8c, 0x15, 0xcc, 0x5c, 0x2f, 0xf8, 0xe6, 0xb1, 0x8f,
    0x91, 0x7e, 0x3b, 0xad, 0x2f, 0x8c, 0x15, 0xcc, 0x5c, 0x2f, 0xf8, 0xe6,
    0xb1, 0x8f, 0x91, 0x7e, 0x3b, 0xad, 0x2f, 0x8c, 0x15, 0xcc, 0x5c, 0x2f,
    0xf8, 0xe6, 0xb1, 0x8f, 0x91, 0x7e, 0x3b, 0xad, 0x2f, 0x8c, 0x15, 0xcc,
    0x5c, 0x2f, 0xf8, 0xe6, 0xb1, 0x8f, 0x91, 0x7e, 0x3b, 0xad, 0x2f, 0x8c,
    0x15, 0xcc, 0x5c, 0x2f, 0x78, 0xe0, 0xb1, 0x90, 0x91, 0x3e, 0x48, 0x8d,
    0x4f, 0x8c, 0x15, 0xcc, 0x1c, 0x0f, 0x78, 0xc0, 0xb1, 0x8f, 0x91, 0x3e,
    0x48, 0x8d, 0x4f, 0x8c, 0x15, 0xcc, 0x1c, 0x0f, 0x78, 0xc0, 0xb1, 0x8f,
    0x91, 0x3e, 0x48, 0x8d, 0x4f, 0x8c, 0x15, 0xcc, 0x1c, 0x0f, 0x78, 0xc0,
    0xb1, 0x8f, 0x91, 0x3e, 0x48, 0x8d, 0x4f, 0x8c, 0x15, 0xcc, 0x1c, 0x0f,
    0x78, 0xc0, 0xb1, 0x8f, 0x91, 0x3e, 0x48, 0x8d, 0x4f, 0x8c, 0x15, 0xcc,
    0x1c, 0x0f, 0x78, 0xc0, 0xb1, 0x8f, 0x91, 0x3e, 0x48, 0x8d, 0x4f, 0x8c,
    0x15, 0xcc, 0x1c, 0x0f, 0x78, 0xc0, 0xb1, 0x8f, 0x91, 0x3e, 0x48, 0x8d,
    0x4f, 0x8c, 0x15, 0xcc, 0x1c, 0x0f, 0x78, 0xc0, 0xb1, 0x8f, 0x91, 0x3e,
    0x48, 0x8d, 0x4f, 0x8c, 0x15, 0xcc, 0x1c, 0x0f, 0x78, 0xc1, 0xb1, 0x90,
    0x91, 0xbe, 0x58, 0x6d, 0x6f, 0x8c, 0x15, 0xcc, 0xdc, 0xfa, 0xbf, 0xd0,
    0xd8, 0xc7, 0x48, 0x5f, 0xac, 0xb6, 0x37, 0xc6, 0x0a, 0x66, 0x6e, 0xfd,
    0x5f, 0x68, 0xec, 0x63, 0xa4, 0x2f, 0x56, 0xdb, 0x1b, 0x63, 0x05, 0x33,
    0xb7, 0xfe, 0x2f, 0x34, 0xf6, 0x31, 0xd2, 0x17, 0xab, 0xed, 0x8d, 0xb1,
    0x82, 0x99, 0x5b, 0xff, 0x17, 0x1a, 0xfb, 0x18, 0xe9, 0x8b, 0xd5, 0xf6,
    0xc6, 0x58, 0xc1, 0xcc, 0xad, 0xff, 0x0b, 0x8d, 0x7d, 0x8c, 0xf4, 0xc5,
    0x6a, 0x7b, 0x63, 0xac, 0x60, 0xe6, 0xd6, 0xff, 0x85, 0xc6, 0x3e, 0x46,
    0xfa, 0x62, 0xb5, 0xbd, 0x31, 0x56, 0x30, 0x73, 0xeb, 0xff, 0x42, 0x63,
    0x1f, 0x23, 0x7d, 0xb1, 0xda, 0xde, 0x18, 0x2b, 0x98, 0xb9, 0xf5, 0x7f,
    0xa2, 0xb1, 0x90, 0x91, 0x3e, 0x69, 0x4d, 0x8f, 0x8c, 0x15, 0xcc, 0x9c,
    0xea, 0x3f, 0xc1, 0xd8, 0xc7, 0x48, 0x9f, 0xb4, 0xa6, 0x47, 0xc6, 0x0a,
    0x66, 0x4e, 0xf5, 0x9f, 0x60, 0xec, 0x63, 0xa4, 0x4f, 0x5a, 0xd3, 0x23,
    0x63, 0x05, 0x33, 0xa7, 0xfa, 0x4f, 0x30, 0xf6, 0x31, 0xd2, 0x27, 0xad,
    0xe9, 0x91, 0xb1, 0x82, 0x99, 0x53, 0xfd, 0x27, 0x18, 0xfb, 0x18, 0xe9,
    0x93, 0xd6, 0xf4, 0xc8, 0x58, 0xc1, 0xcc, 0xa9, 0xfe, 0x13, 0x8c, 0x7d,
    0x8c, 0xf4, 0x49, 0x6b, 0x7a, 0x64, 0xac, 0x60, 0xe6, 0x54, 0xff, 0x09,
    0xc6, 0x3e, 0x46, 0xfa, 0xa4, 0x35, 0x3d, 0x32, 0x56, 0x30, 0x73, 0xaa,
    0xff, 0x04, 0x63, 0x1f, 0x23, 0x7d, 0xd2, 0x9a, 0x1e, 0x19, 0x2b, 0x98,
    0x39, 0xd5, 0x7f, 0x83, 0xb1, 0x90, 0x91, 0xbe, 0x79, 0x2d, 0xaf, 0x8c,
    0x15, 0xcc, 0x5c, 0xda, 0xbf, 0xb1, 0xd8, 0xc7, 0x48, 0xdf, 0xbc, 0x96,
    0x57, 0xc6, 0x0a, 0x66, 0x2e, 0xed, 0xdf, 0x58, 0xec, 0x63, 0xa4, 0x6f,
    0x5e, 0xcb, 0x2b, 0x63, 0x05, 0x33, 0x97, 0xf6, 0x6f, 0x2c, 0xf6, 0x31,
    0xd2, 0x37, 0xaf, 0xe5, 0x95, 0xb1, 0x82, 0x99, 0x4b, 0xfb, 0x37, 0x16,
    0xfb, 0x18, 0xe9, 0x9b, 0xd7, 0xf2, 0xca, 0x58, 0xc1, 0xcc, 0xa5, 0xfd,
    0x1b, 0x8b, 0x7d, 0x8c, 0xf4, 0xcd, 0x6b, 0x79, 0x65, 0xac, 0x60, 0xe6,
    0xd2, 0xfe, 0x8d, 0xc5, 0x3e, 0x46, 0xfa, 0xe6, 0xb5, 0xbc, 0x32, 0x56,
    0x30, 0x73, 0x69, 0xff, 0xc6, 0x62, 0x1f, 0x23, 0x7d, 0xf3, 0x5a, 0x5e,
    0x19, 0x2b, 0x98, 0xb9, 0xb4, 0x7f, 0x64, 0xb1, 0x90, 0x91, 0x3e, 0x8a,
    0x0d, 0xcf, 0x8c, 0x15, 0xcc, 0x1c, 0xca, 0x3f, 0xa2, 0xd8, 0xc7, 0x48,
    0x1f, 0xc5, 0x86, 0x67, 0xc6, 0x0a, 0x66, 0x0e, 0xe5, 0x1f, 0x51, 0xec,
    0x63, 0xa4, 0x8f, 0x62, 0xc3, 0x33, 0x63, 0x05, 0x33, 0x87, 0xf2, 0x8f,
    0x28, 0xf6, 0x31, 0xd2, 0x47, 0xb1, 0xe1, 0x99, 0xb1, 0x82, 0x99, 0x43,
    0xf9, 0x47, 0x14, 0xfb, 0x18, 0xe9, 0xa3, 0xd8, 0xf0, 0xcc, 0x58, 0xc1,
    0xcc, 0xa1, 0xfc, 0x23, 0x8a, 0x7d, 0x8c, 0xf4, 0x51, 0x6c, 0x78, 0x66,
    0xac, 0x60, 0xe6, 0x50, 0xfe, 0x11, 0xc5, 0x3e, 0x46, 0xfa, 0x28, 0x36,
    0x3c, 0x33, 0x56, 0x30, 0x73, 0x28, 0xff, 0x88, 0x62, 0x1f, 0x23, 0x7d,
    0x14, 0x1b, 0x9e, 0x19, 0x2b, 0x98, 0x39, 0x94, 0x7f, 0x45, 0xb1, 0x90,
    0x91, 0xbe, 0x9a, 0xed, 0xee, 0x8c, 0x15, 0xcc, 0xdc, 0xb9, 0xbf, 0x92,
    0xd8, 0xc7, 0x48, 0x5f, 0xcd, 0x76, 0x77, 0xc6, 0x0a, 0x66, 0xee, 0xdc,
    0x5f, 0x49, 0xec, 0x63, 0xa4, 0xaf, 0x66, 0xbb, 0x3b, 0x63, 0x05, 0x33,
    0x77, 0xee, 0xaf, 0x24, 0xf6, 0x31, 0xd2, 0x57, 0xb3, 0xdd, 0x9d, 0xb1,
    0x82, 0x99, 0x3b, 0xf7, 0x57, 0x12, 0xfb, 0x18, 0xe9, 0xab, 0xd9, 0xee,
    0xce, 0x58, 0xc1, 0xcc, 0x9d, 0xfb, 0x2b, 0x89, 0x7d, 0x8c, 0xf4, 0xd5,
    0x6c, 0x77, 0x67, 0xac, 0x60, 0xe6, 0xce, 0xfd, 0x95, 0xc4, 0x3e, 0x46,
    0xfa, 0x6a, 0xb6, 0xbb, 0x33, 0x56, 0x30, 0x73, 0xe7, 0xfe, 0x4a, 0x62,
    0x1f, 0x23, 0x7d, 0x35, 0xdb, 0xdd, 0x19, 0x2b, 0x98, 0xb9, 0x73, 0x7f,
    0x26, 0xb1, 0x90, 0x91, 0x3e, 0xab, 0xcd, 0x0e, 0x8d, 0x15, 0xcc, 0x9c,
    0xa9, 0x3f, 0x83, 0xd8, 0xc7, 0x48, 0x9f, 0xd5, 0x66, 0x87, 0xc6, 0x0a,
    0x66, 0xce, 0xd4, 0x9f, 0x41, 0xec, 0x63, 0xa4, 0xcf, 0x6a, 0xb3, 0x43,
    0x63, 0x05, 0x33, 0x67, 0xea, 0xcf, 0x20, 0xf6, 0x31, 0xd2, 0x67, 0xb5,
    0xd9, 0xa1, 0xb1, 0x82, 0x99, 0x33, 0xf5, 0x67, 0x10, 0xfb, 0x18, 0xe9,
    0xb3, 0xda, 0xec, 0xd0, 0x58, 0xc1, 0xcc, 0x99, 0xfa, 0x33, 0x88, 0x7d,
    0x8c, 0xf4, 0x59, 0x6d, 0x76, 0x68, 0xac, 0x60, 0xe6, 0x4c, 0xfd, 0x19,
    0xc4, 0x3e, 0x46, 0xfa, 0xac, 0x36, 0x3b, 0x34, 0x56, 0x30, 0x73, 0xa6,
    0xfe, 0x0c, 0x62, 0x1f, 0x23, 0x7d, 0x56, 0x9b, 0x1d, 0x1a, 0x2b, 0x98,
    0x39, 0x53, 0x7f, 0x07, 0xb1, 0x90, 0x91, 0xbe, 0xbb, 0xad, 0x2e, 0x8d,
    0x15, 0xcc, 0x5c, 0x99, 0xbf, 0x73, 0xd8, 0xc7, 0x48, 0xdf, 0xdd, 0x56,
    0x97, 0xc6, 0x0a, 0x66, 0xae, 0xcc, 0xdf, 0x39, 0xec, 0x63, 0xa4, 0xef,
    0x6e, 0xab, 0x4b, 0x63, 0x05, 0x33, 0x57, 0xe6, 0xef, 0x1c, 0xf6, 0x31,
    0xd2, 0x77, 0xb7, 0xd5, 0xa5, 0xb1, 0x82, 0x99, 0x2b, 0xf3, 0x77, 0x0e,
    0xfb, 0x18, 0xe9, 0xbb, 0xdb, 0xea, 0xd2, 0x58, 0xc1, 0xcc, 0x95, 0xf9,
    0x3b, 0x87, 0x7d, 0x8c, 0xf4, 0xdd, 0x6d, 0x75, 0x69, 0xac, 0x60, 0xe6,
    0xca, 0xfc, 0x9d, 0xc3, 0x3e, 0x46, 0xfa, 0xee, 0xb6, 0xba, 0x34, 0x56,
    0x30, 0x73, 0x65, 0xfe, 0xce, 0x61, 0x1f, 0x23, 0x7d, 0x77, 0x5b, 0x5d,
    0x1a, 0x2b, 0x98, 0xb9, 0x32, 0x3f, 0x70, 0x58, 0xc8, 0x48, 0x0f, 0x72,
    0xa3, 0x53, 0x63, 0x05, 0x33, 0x47, 0xe2, 0x07, 0x0c, 0xfb, 0x18, 0xe9,
    0x41, 0x6e, 0x74, 0x6a, 0xac, 0x60, 0xe6, 0x48, 0xfc, 0x80, 0x61, 0x1f,
    0x23, 0x3d, 0xc8, 0x8d, 0x4e, 0x8d, 0x15, 0xcc, 0x1c, 0x89, 0x1f, 0x30,
    0xec, 0x63, 0xa4, 0x07, 0xb9, 0xd1, 0xa9, 0xb1, 0x82, 0x99, 0x23, 0xf1,
    0x03, 0x86, 0x7d, 0x8c, 0xf4, 0x20, 0x37, 0x3a, 0x35, 0x56, 0x30, 0x73,
    0x24, 0x7e, 0xc0, 0xb0, 0x8f, 0x91, 0x1e, 0xe4, 0x46, 0xa7, 0xc6, 0x0a,
    0x66, 0x8e, 0xc4, 0x0f, 0x18, 0xf6, 0x31, 0xd2, 0x83, 0xdc, 0xe8, 0xd4,
    0x58, 0xc1, 0xcc, 0x91, 0xf8, 0x01, 0xc3, 0x3e, 0x46, 0x7a, 0x90, 0x1b,
    0x9d, 0x1a, 0x2b, 0x98, 0x39, 0x12, 0xbf, 0x60, 0x58, 0xc8, 0x48, 0x2f,
    0x76, 0x9b, 0x5b, 0x63, 0x05, 0x33, 0x37, 0xde, 0x17, 0x0a, 0xfb, 0x18,
    0xe9, 0xc5, 0x6e, 0x73, 0x6b, 0xac, 0x60, 0xe6, 0xc6, 0xfb, 0x42, 0x61,
    0x1f, 0x23, 0xbd, 0xd8, 0x6d, 0x6e, 0x8d, 0x15, 0xcc, 0xdc, 0x78, 0x5f,
    0x28, 0xec, 0x63, 0xa4, 0x17, 0xbb, 0xcd, 0xad, 0xb1, 0x82, 0x99, 0x1b,
    0xef, 0x0b, 0x85, 0x7d, 0x8c, 0xf4, 0x62, 0xb7, 0xb9, 0x35, 0x56, 0x30,
    0x73, 0xe3, 0x7d, 0xa1, 0xb0, 0x8f, 0x91, 0x5e, 0xec, 0x36, 0xb7, 0xc6,
    0x0a, 0x66, 0x6e, 0xbc, 0x2f, 0x14, 0xf6, 0x31, 0xd2, 0x8b, 0xdd, 0xe6,
    0xd6, 0x58, 0xc1, 0xcc, 0x8d, 0xf7, 0x85, 0xc2, 0x3e, 0x46, 0x7a, 0xb1,
    0xdb, 0xdc, 0x1a, 0x2b, 0x98, 0xb9, 0xf1, 0x3e, 0x51, 0x58, 0xc8, 0x48,
    0x4f, 0x7a, 0x93, 0x63, 0x63, 0x05, 0x33, 0x27, 0xda, 0x27, 0x08, 0xfb,
    0x18, 0xe9, 0x49, 0x6f, 0x72, 0x6c, 0xac, 0x60, 0xe6, 0x44, 0xfb, 0x04,
    0x61, 0x1f, 0x23, 0x3d, 0xe9, 0x4d, 0x8e, 0x8d, 0x15, 0xcc, 0x9c, 0x68,
    0x9f, 0x20, 0xec, 0x63, 0xa4, 0x27, 0xbd, 0xc9, 0xb1, 0xb1, 0x82, 0x99,
    0x13, 0xed, 0x13, 0x84, 0x7d, 0x8c, 0xf4, 0xa4, 0x37, 0x39, 0x36, 0x56,
    0x30, 0x73, 0xa2, 0x7d, 0x82, 0xb0, 0x8f, 0x91, 0x9e, 0xf4, 0x26, 0xc7,
    0xc6, 0x0a, 0x66, 0x4e, 0xb4, 0x4f, 0x10, 0xf6, 0x31, 0xd2, 0x93, 0xde,
    0xe4, 0xd8, 0x58, 0xc1, 0xcc, 0x89, 0xf6, 0x09, 0xc2, 0x3e, 0x46, 0x7a,
    0xd2, 0x9b, 0x1c, 0x1b, 0x2b, 0x98, 0x39, 0xd1, 0xbe, 0x41, 0x58, 0xc8,
    0x48, 0x6f, 0x7e, 0x8b, 0x6b, 0x63, 0x05, 0x33, 0x17, 0xd6, 0x37, 0x06,
    0xfb, 0x18, 0xe9, 0xcd, 0x6f, 0x71, 0x6d, 0xac, 0x60, 0xe6, 0xc2, 0xfa,
    0xc6, 0x60, 0x1f, 0x23, 0xbd, 0xf9, 0x2d, 0xae, 0x8d, 0x15, 0xcc, 0x5c,
    0x58, 0xdf, 0x18, 0xec, 0x63, 0xa4, 0x37, 0xbf, 0xc5, 0xb5, 0xb1, 0x82,
    0x99, 0x0b, 0xeb, 0x1b, 0x83, 0x7d, 0x8c, 0xf4, 0xe6, 0xb7, 0xb8, 0x36,
    0x56, 0x30, 0x73, 0x61, 0x7d, 0x63, 0xb0, 0x8f, 0x91, 0xde, 0xfc, 0x16,
    0xd7, 0xc6, 0x0a, 0x66, 0x2e, 0xac, 0x6f, 0x0c, 0xf6, 0x31, 0xd2, 0x9b,
    0xdf, 0xe2, 0xda, 0x58, 0xc1, 0xcc, 0x85, 0xf5, 0x8d, 0xc1, 0x3e, 0x46,
    0x7a, 0xf3, 0x5b, 0x5c, 0x1b, 0x2b, 0x98, 0xb9, 0xb0, 0x3e, 0x32, 0x58,
    0xc8, 0x48, 0x8f, 0x82, 0x83, 0x73, 0x63, 0x05, 0x33, 0x07, 0xd2, 0x47,
    0x04, 0xfb, 0x18, 0xe9, 0x51, 0x70, 0x70, 0x6e, 0xac, 0x60, 0xe6, 0x40,
    0xfa, 0x88, 0x60, 0x1f, 0x23, 0x3d, 0x0a, 0x0e, 0xce, 0x8d, 0x15, 0xcc,
    0x1c, 0x48, 0x1f, 0x11, 0xec, 0x63, 0xa4, 0x47, 0xc1, 0xc1, 0xb9, 0xb1,
    0x82, 0x99, 0x03, 0xe9, 0x23, 0x82, 0x7d, 0x8c, 0xf4, 0x28, 0x38, 0x38,
    0x37, 0x56, 0x30, 0x73, 0x20, 0x7d, 0x44, 0xb0, 0x8f, 0x91, 0x1e, 0x05,
    0x07, 0xe7, 0xc6, 0x0a, 0x66, 0x0e, 0xa4, 0x8f, 0x08, 0xf6, 0x31, 0xd2,
    0xa3, 0xe0, 0xe0, 0xdc, 0x58, 0xc1, 0xcc, 0x81, 0xf4, 0x11, 0xc1, 0x3e,
    0x46, 0x7a, 0x14, 0x1c, 0x9c, 0x1b, 0x2b, 0x98, 0x39, 0x90, 0xbe, 0x22,
    0x58, 0xc8, 0x48, 0xaf, 0x86, 0xfd, 0xbd, 0xb1, 0x82, 0x99, 0xbd, 0xf3,
    0x95, 0xc0, 0x3e, 0x46, 0x7a, 0x35, 0xec, 0xef, 0x8d, 0x15, 0xcc, 0xec,
    0x9d, 0xaf, 0x04, 0xf6, 0x31, 0xd2, 0xab, 0x61, 0x7f, 0x6f, 0xac, 0x60,
    0x66, 0xef, 0x7c, 0x25, 0xb0, 0x8f, 0x91, 0x5e, 0x0d, 0xfb, 0x7b, 0x63,
    0x05, 0x33, 0x7b, 0xe7, 0x2b, 0x81, 0x7d, 0x8c, 0xf4, 0x6a, 0xd8, 0xdf,
    0x1b, 0x2b, 0x98, 0xd9, 0x3b, 0x5f, 0x09, 0xec, 0x63, 0xa4, 0x57, 0xc3,
    0xfe, 0xde, 0x58, 0xc1, 0xcc, 0xde, 0xf9, 0x4a, 0x60, 0x1f, 0x23, 0xbd,
    0x1a, 0xf6, 0xf7, 0xc6, 0x0a, 0x66, 0xf6, 0xce, 0x57, 0x02, 0xfb, 0x18,
    0xe9, 0xd5, 0xb0, 0xbf, 0x37, 0x56, 0x30, 0xb3, 0x77, 0x3e, 0x13, 0x58,
    0xc8, 0x48, 0xcf, 0x8a, 0x75, 0xc1, 0x58, 0xc1, 0xcc, 0x5a, 0xf9, 0x0c,
    0x60, 0x1f, 0x23, 0x3d, 0x2b, 0xd6, 0x05, 0x63, 0x05, 0x33, 0x6b, 0xe5,
    0x33, 0x80, 0x7d, 0x8c, 0xf4, 0xac, 0x58, 0x17, 0x8c, 0x15, 0xcc, 0xac,
    0x95, 0xcf, 0x00, 0xf6, 0x31, 0xd2, 0xb3, 0x62, 0x5d, 0x30, 0x56, 0x30,
    0xb3, 0x56, 0x3e, 0x03, 0xd8, 0xc7, 0x48, 0xcf, 0x8a, 0x75, 0xc1, 0x58,
    0xc1, 0xcc, 0x5a, 0xf9, 0x0c, 0x60, 0x1f, 0x23, 0x3d, 0x2b, 0xd6, 0x05,
    0x63, 0x05, 0x33, 0x6b, 0xe5, 0x33, 0x80, 0x7d, 0x8c, 0xf4, 0xac, 0x58,
    0x17, 0x8c, 0x15, 0xcc, 0xac, 0x95, 0xcf, 0x00, 0xf6, 0x31, 0xd2, 0xb3,
    0x62, 0x5d, 0x30, 0x56, 0x30, 0xb3, 0x56, 0xbe, 0x03, 0x58, 0xc8, 0x48,
    0xef, 0x8e, 0x6d, 0xc3, 0x58, 0xc1, 0xcc, 0xd6, 0xf8, 0xde, 0x67, 0x1f,
    0x23, 0xbd, 0x3b, 0xb6, 0x0d, 0x63, 0x05, 0x33, 0x5b, 0xe3, 0x7b, 0x9f,
    0x7d, 0x8c, 0xf4, 0xee, 0xd8, 0x36, 0x8c, 0x15, 0xcc, 0x6c, 0x8d, 0xef,
    0x7d, 0xf6, 0x31, 0xd2, 0xbb, 0x63, 0xdb, 0x30, 0x56, 0x30, 0xb3, 0x35,
    0xbe, 0xf7, 0xd9, 0xc7, 0x48, 0xef, 0x8e, 0x6d, 0xc3, 0x58, 0xc1, 0xcc,
    0xd6, 0xf8, 0xde, 0x67, 0x1f, 0x23, 0xbd, 0x3b, 0xb6, 0x0d, 0x63, 0x05,
    0x33, 0x5b, 0xe3, 0x7b, 0x9f, 0x7d, 0x8c, 0xf4, 0xee, 0xd8, 0x36, 0x8c,
    0x15, 0xcc, 0x6c, 0x8d, 0xef, 0x7d, 0xf6, 0x31, 0xd2, 0xbb, 0x63, 0xdb,
    0x30, 0x56, 0x30, 0xb3, 0x35, 0x0e, 0xfa, 0x2c, 0x64, 0xa4, 0x81, 0x64,
    0x59, 0x31, 0x56, 0x30, 0xb3, 0x14, 0x0e, 0xea, 0xec, 0x63, 0xa4, 0x81,
    0x64, 0x59, 0x31, 0x56, 0x30, 0xb3, 0x14, 0x0e, 0xea, 0xec, 0x63, 0xa4,
    0x81, 0x64, 0x59, 0x31, 0x56, 0x30, 0xb3, 0x14, 0x0e, 0xea, 0xec, 0x63,
    0xa4, 0x81, 0x64, 0x59, 0x31, 0x56, 0x30, 0xb3, 0x14, 0x0e, 0xea, 0xec,
    0x63, 0xa4, 0x81, 0x64, 0x59, 0x31, 0x56, 0x30, 0xb3, 0x14, 0x0e, 0xea,
    0xec, 0x63, 0xa4, 0x81, 0x64, 0x59, 0x31, 0x56, 0x30, 0xb3, 0x14, 0x0e,
    0xea, 0xec, 0x63, 0xa4, 0x81, 0x64, 0x59, 0x31, 0x56, 0x30, 0xb3, 0x14,
    0x0e, 0xea, 0xec, 0x63, 0xa4, 0x81, 0x64, 0x59, 0x31, 0x56, 0x30, 0xb3,
    0x14, 0x4e, 0xea, 0x2c, 0x64, 0xa4, 0x89, 0x65, 0xd7, 0x31, 0x56, 0x30,
    0xb3, 0xf3, 0x4d, 0xda, 0xec, 0x63, 0xa4, 0x89, 0x65, 0xd7, 0x31, 0x56,
    0x30, 0xb3, 0xf3, 0x4d, 0xda, 0xec, 0x63, 0xa4, 0x89, 0x65, 0xd7, 0x31,
    0x56, 0x30, 0xb3, 0xf3, 0x4d, 0xda, 0xec, 0x63, 0xa4, 0x89, 0x65, 0xd7,
    0x31, 0x56, 0x30, 0xb3, 0xf3, 0x4d, 0xda, 0xec, 0x63, 0xa4, 0x89, 0x65,
    0xd7, 0x31, 0x56, 0x30, 0xb3, 0xf3, 0x4d, 0xda, 0xec, 0x63, 0xa4, 0x89,
    0x65, 0xd7, 0x31, 0x56, 0x30, 0xb3, 0xf3, 0x4d, 0xda, 0xec, 0x63, 0xa4,
    0x89, 0x65, 0xd7, 0x31, 0x56, 0x30, 0xb3, 0xf3, 0x4d, 0xda, 0xec, 0x63,
    0xa4, 0x89, 0x65, 0xd7, 0x31, 0x56, 0x30, 0xb3, 0xf3, 0x8d, 0xda, 0x2c,
    0x64, 0xa4, 0x91, 0x66, 0x55, 0x32, 0x56, 0x30, 0xb3, 0xd2, 0x8d, 0xca,
    0xec, 0x63, 0xa4, 0x91, 0x66, 0x55, 0x32, 0x56, 0x30, 0xb3, 0xd2, 0x8d,
    0xca, 0xec, 0x63, 0xa4, 0x91, 0x66, 0x55, 0x32, 0x56, 0x30, 0xb3, 0xd2,
    0x8d, 0xca, 0xec, 0x63, 0xa4, 0x91, 0x66, 0x55, 0x32, 0x56, 0x30, 0xb3,
    0xd2, 0x8d, 0xca, 0xec, 0x63, 0xa4, 0x91, 0x66, 0x55, 0x32, 0x56, 0x30,
    0xb3, 0xd2, 0x8d, 0xca, 0xec, 0x63, 0xa4, 0x91, 0x66, 0x55, 0x32, 0x56,
    0x30, 0xb3, 0xd2, 0x8d, 0xca, 0xec, 0x63, 0xa4, 0x91, 0x66, 0x55, 0x32,
    0x56, 0x30, 0xb3, 0xd2, 0x8d, 0xca, 0xec, 0x63, 0xa4, 0x91, 0x66, 0x55,
    0x32, 0x56, 0x30, 0xb3, 0xd2, 0xcd, 0xca, 0x2c, 0x64, 0xa4, 0x99, 0x67,
    0xd3, 0x32, 0x56, 0x30, 0xb3, 0xb1, 0xcd, 0xba, 0xec, 0x63, 0xa4, 0x99,
    0x67, 0xd3, 0x32, 0x56, 0x30, 0xb3, 0xb1, 0xcd, 0xba, 0xec, 0x63, 0xa4,
    0x99, 0x67, 0xd3, 0x32, 0x56, 0x30, 0xb3, 0xb1, 0xcd, 0xba, 0xec, 0x63,
    0xa4, 0x99, 0x67, 0xd3, 0x32, 0x56, 0x30, 0xb3, 0xb1, 0xcd, 0xba, 0xec,
    0x63, 0xa4, 0x99, 0x67, 0xd3, 0x32, 0x56, 0x30, 0xb3, 0xb1, 0xcd, 0xba,
    0xec, 0x63, 0xa4, 0x99, 0x67, 0xd3, 0x32, 0x56, 0x30, 0xb3, 0xb1, 0xcd,
    0xba, 0xec, 0x63, 0xa4, 0x99, 0x67, 0xd3, 0x32, 0x56, 0x30, 0xb3, 0xb1,
    0xcd, 0xba, 0xec, 0x63, 0xa4, 0x99, 0x67, 0xd3, 0x32, 0x56, 0x30, 0xb3,
    0xb1, 0x0d, 0xbb, 0x2c, 0x64, 0xa4, 0xa1, 0x68, 0x51, 0x33, 0x56, 0x30,
    0xb3, 0x90, 0x0d, 0xab, 0xec, 0x63, 0xa4, 0xa1, 0x68, 0x51, 0x33, 0x56,
    0x30, 0xb3, 0x90, 0x0d, 0xab, 0xec, 0x63, 0xa4, 0xa1, 0x68, 0x51, 0x33,
    0x56, 0x30, 0xb3, 0x90, 0x0d, 0xab, 0xec, 0x63, 0xa4, 0xa1, 0x68, 0x51,
    0x33, 0x56, 0x30, 0xb3, 0x90, 0x0d, 0xab, 0xec, 0x63, 0xa4, 0xa1, 0x68,
    0x51, 0x33, 0x56, 0x30, 0xb3, 0x90, 0x0d, 0xab, 0xec, 0x63, 0xa4, 0xa1,
    0x68, 0x51, 0x33, 0x56, 0x30, 0xb3, 0x90, 0x0d, 0xab, 0xec, 0x63, 0xa4,
    0xa1, 0x68, 0x51, 0x33, 0x56, 0x30, 0xb3, 0x90, 0x0d, 0xab, 0xec, 0x63,
    0xa4, 0xa1, 0x68, 0x51, 0x33, 0x56, 0x30, 0xb3, 0x90, 0x4d, 0xab, 0x2c,
    0x64, 0xa4, 0xa9, 0x69, 0xde, 0x33, 0x56, 0x30, 0x33, 0x77, 0x4d, 0x9b,
    0xec, 0x63, 0xa4, 0xa9, 0x69, 0xde, 0x33, 0x56, 0x30, 0x33, 0x77, 0x4d,
    0x9b, 0xec, 0x63, 0xa4, 0xa9, 0x69, 0xde, 0x33, 0x56, 0x30, 0x33, 0x77,
    0x4d, 0x9b, 0xec, 0x63, 0xa4, 0xa9, 0x69, 0xde, 0x33, 0x56, 0x30, 0x33,
    0x77, 0x4d, 0x9b, 0xec, 0x63, 0xa4, 0xa9, 0x69, 0xde, 0x33, 0x56, 0x30,
    0x33, 0x77, 0x4d, 0x9b, 0xec, 0x63, 0xa4, 0xa9, 0x69, 0xde, 0x33, 0x56,
    0x30, 0x33, 0x77, 0x4d, 0x9b, 0xec, 0x63, 0xa4, 0xa9, 0x69, 0xde, 0x33,
    0x56, 0x30, 0x33, 0x77, 0x4d, 0x9b, 0xec, 0x63, 0xa4, 0xa9, 0x69, 0xde,
    0x33, 0x56, 0x30, 0x33, 0x77, 0x8d, 0x9b, 0x2c, 0x64, 0xa4, 0xb1, 0x6a,
    0x5c, 0x34, 0x56, 0x30, 0x33, 0x56, 0x8d, 0x8b, 0xec, 0x63, 0xa4, 0xb1,
    0x6a, 0x5c, 0x34, 0x56, 0x30, 0x33, 0x56, 0x8d, 0x8b, 0xec, 0x63, 0xa4,
    0xb1, 0x6a, 0x5c, 0x34, 0x56, 0x30, 0x33, 0x56, 0x8d, 0x8b, 0xec, 0x63,
    0xa4, 0xb1, 0x6a, 0x5c, 0x34, 0x56, 0x30, 0x33, 0x56, 0x8d, 0x8b, 0xec,
    0x63, 0xa4, 0xb1, 0x6a, 0x5c, 0x34, 0x56, 0x30, 0x33, 0x56, 0x8d, 0x8b,
    0xec, 0x63, 0xa4, 0xb1, 0x6a, 0x5c, 0x34, 0x56, 0x30, 0x33, 0x56, 0x8d,
    0x8b, 0xec, 0x63, 0xa4, 0xb1, 0x6a, 0x5c, 0x34, 0x56, 0x30, 0x33, 0x56,
    0x8d, 0x8b, 0xec, 0x63, 0xa4, 0xb1, 0x6a, 0x5c, 0x34, 0x56, 0x30, 0x33,
    0x56, 0xcd, 0x8b, 0x2c, 0x64, 0xa4, 0xb9, 0x6b, 0xda, 0x34, 0x56, 0x30,
    0x33, 0x35, 0xcd, 0x7b, 0xec, 0x63, 0xa4, 0xb9, 0x6b, 0xda, 0x34, 0x56,
    0x30, 0x33, 0x35, 0xcd, 0x7b, 0xec, 0x63, 0xa4, 0xb9, 0x6b, 0xda, 0x34,
    0x56, 0x30, 0x33, 0x35, 0xcd, 0x7b, 0xec, 0x63, 0xa4, 0xb9, 0x6b, 0xda,
    0x34, 0x56, 0x30, 0x33, 0x35, 0xcd, 0x7b, 0xec, 0x63, 0xa4, 0xb9, 0x6b,
    0xda, 0x34, 0x56, 0x30, 0x33, 0x35, 0xcd, 0x7b, 0xec, 0x63, 0xa4, 0xb9,
    0x6b, 0xda, 0x34, 0x56, 0x30, 0x33, 0x35, 0xcd, 0x7b, 0xec, 0x63, 0xa4,
    0xb9, 0x6b, 0xda, 0x34, 0x56, 0x30, 0x33, 0x35, 0xcd, 0x7b, 0xec, 0x63,
    0xa4, 0xb9, 0x6b, 0xda, 0x34, 0x56, 0x30, 0x33, 0x35, 0x2d, 0x7a, 0x2c,
    0x64, 0xa4, 0x85, 0x6c, 0x58, 0x35, 0x56, 0x30, 0x33, 0x14, 0x2d, 0x6a,
    0xec, 0x63, 0xa4, 0x85, 0x6c, 0x58, 0x35, 0x56, 0x30, 0x33, 0x14, 0x2d,
    0x6a, 0xec, 0x63, 0xa4, 0x85, 0x6c, 0x58, 0x35, 0x56, 0x30, 0x33, 0x14,
    0x2d, 0x6a, 0xec, 0x63, 0xa4, 0x85, 0x6c, 0x58, 0x35, 0x56, 0x30, 0x33,
    0x14, 0x2d, 0x6a, 0xec, 0x63, 0xa4, 0x85, 0x6c, 0x58, 0x35, 0x56, 0x30,
    0x33, 0x14, 0x2d, 0x6a, 0xec, 0x63, 0xa4, 0x85, 0x6c, 0x58, 0x35, 0x56,
    0x30, 0x33, 0x14, 0x2d, 0x6a, 0xec, 0x63, 0xa4, 0x85, 0x6c, 0x58, 0x35,
    0x56, 0x30, 0x33, 0x14, 0x2d, 0x6a, 0xec, 0x63, 0xa4, 0x85, 0x6c, 0x58,
    0x35, 0x56, 0x30, 0x33, 0x14, 0x6d, 0x6a, 0x2c, 0x64, 0xa4, 0x8d, 0x6d,
    0xd6, 0x35, 0x56, 0x30, 0x33, 0xf3, 0x6c, 0x5a, 0xec, 0x63, 0xa4, 0x8d,
    0x6d, 0xd6, 0x35, 0x56, 0x30, 0x33, 0xf3, 0x6c, 0x5a, 0xec, 0x63, 0xa4,
    0x8d, 0x6d, 0xd6, 0x35, 0x56, 0x30, 0x33, 0xf3, 0x6c, 0x5a, 0xec, 0x63,
    0xa4, 0x8d, 0x6d, 0xd6, 0x35, 0x56, 0x30, 0x33, 0xf3, 0x6c, 0x5a, 0xec,
    0x63, 0xa4, 0x8d, 0x6d, 0xd6, 0x35, 0x56, 0x30, 0x33, 0xf3, 0x6c, 0x5a,
    0xec, 0x63, 0xa4, 0x8d, 0x6d, 0xd6, 0x35, 0x56, 0x30, 0x33, 0xf3, 0x6c,
    0x5a, 0xec, 0x63, 0xa4, 0x8d, 0x6d, 0xd6, 0x35, 0x56, 0x30, 0x33, 0xf3,
    0x6c, 0x5a, 0xec, 0x63, 0xa4, 0x8d, 0x6d, 0xd6, 0x35, 0x56, 0x30, 0x33,
    0xf3, 0xac, 0x5a, 0x2c, 0x64, 0xa4, 0x95, 0x6e, 0x54, 0x36, 0x56, 0x30,
    0x33, 0xd2, 0xac, 0x4a, 0xec, 0x63, 0xa4, 0x95, 0x6e, 0x54, 0x36, 0x56,
    0x30, 0x33, 0xd2, 0xac, 0x4a, 0xec, 0x63, 0xa4, 0x95, 0x6e, 0x54, 0x36,
    0x56, 0x30, 0x33, 0xd2, 0xac, 0x4a, 0xec, 0x63, 0xa4, 0x95, 0x6e, 0x54,
    0x36, 0x56, 0x30, 0x33, 0xd2, 0xac, 0x4a, 0xec, 0x63, 0xa4, 0x95, 0x6e,
    0x54, 0x36, 0x56, 0x30, 0x33, 0xd2, 0xac, 0x4a, 0xec, 0x63, 0xa4, 0x95,
    0x6e, 0x54, 0x36, 0x56, 0x30, 0x33, 0xd2, 0xac, 0x4a, 0xec, 0x63, 0xa4,
    0x95, 0x6e, 0x54, 0x36, 0x56, 0x30, 0x33, 0xd2, 0xac, 0x4a, 0xec, 0x63,
    0xa4, 0x95, 0x6e, 0x54, 0x36, 0x56, 0x30, 0x33, 0xd2, 0xec, 0x4a, 0x2c,
    0x64, 0xa4, 0x9d, 0x6f, 0xd2, 0x36, 0x56, 0x30, 0x33, 0xb1, 0xec, 0x3a,
    0xec, 0x63, 0xa4, 0x9d, 0x6f, 0xd2, 0x36, 0x56, 0x30, 0x33, 0xb1, 0xec,
    0x3a, 0xec, 0x63, 0xa4, 0x9d, 0x6f, 0xd2, 0x36, 0x56, 0x30, 0x33, 0xb1,
    0xec, 0x3a, 0xec, 0x63, 0xa4, 0x9d, 0x6f, 0xd2, 0x36, 0x56, 0x30, 0x33,
    0xb1, 0xec, 0x3a, 0xec, 0x63, 0xa4, 0x9d, 0x6f, 0xd2, 0x36, 0x56, 0x30,
    0x33, 0xb1, 0xec, 0x3a, 0xec, 0x63, 0xa4, 0x9d, 0x6f, 0xd2, 0x36, 0x56,
    0x30, 0x33, 0xb1, 0xec, 0x3a, 0xec, 0x63, 0xa4, 0x9d, 0x6f, 0xd2, 0x36,
    0x56, 0x30, 0x33, 0xb1, 0xec, 0x3a, 0xec, 0x63, 0xa4, 0x9d, 0x6f, 0xd2,
    0x36, 0x56, 0x30, 0x33, 0xb1, 0x2c, 0x3b, 0x2c, 0x64, 0xa4, 0xa5, 0x70,
    0x50, 0x37, 0x56, 0x30, 0x33, 0x90, 0x2c, 0x2b, 0xec, 0x63, 0xa4, 0xa5,
    0x70, 0x50, 0x37, 0x56, 0x30, 0x33, 0x90, 0x2c, 0x2b, 0xec, 0x63, 0xa4,
    0xa5, 0x70, 0x50, 0x37, 0x56, 0x30, 0x33, 0x90, 0x2c, 0x2b, 0xec, 0x63,
    0xa4, 0xa5, 0x70, 0x50, 0x37, 0x56, 0x30, 0x33, 0x90, 0x2c, 0x2b, 0xec,
    0x63, 0xa4, 0xa5, 0x70, 0x50, 0x37, 0x56, 0x30, 0x33, 0x90, 0x2c, 0x2b,
    0xec, 0x63, 0xa4, 0xa5, 0x70, 0x50, 0x37, 0x56, 0x30, 0x33, 0x90, 0x2c,
    0x2b, 0xec, 0x63, 0xa4, 0xa5, 0x70, 0x50, 0x37, 0x56, 0x30, 0x33, 0x90,
    0x2c, 0x2b, 0xec, 0x63, 0xa4, 0xa5, 0x70, 0x50, 0x37, 0x56, 0x30, 0x33,
    0x90, 0x6c, 0x2b, 0x2c, 0x64, 0xa4, 0xad, 0xf1, 0xbd, 0x6f, 0xac, 0x60,
    0xe6, 0xdd, 0xb1, 0x6d, 0xb0, 0x8f, 0x91, 0xb6, 0xc6, 0xf7, 0xbe, 0xb1,
    0x82, 0x99, 0x77, 0xc7, 0xb6, 0xc1, 0x3e, 0x46, 0xda, 0x1a, 0xdf, 0xfb,
    0xc6, 0x0a, 0x66, 0xde, 0x1d, 0xdb, 0x06, 0xfb, 0x18, 0x69, 0x6b, 0x7c,
    0xef, 0x1b, 0x2b, 0x98, 0x79, 0x77, 0x6c, 0x1b, 0xec, 0x63, 0xa4, 0xad,
    0xf1, 0xbd, 0x6f, 0xac, 0x60, 0xe6, 0xdd, 0xb1, 0x6d, 0xb0, 0x8f, 0x91,
    0xb6, 0xc6, 0xf7, 0xbe, 0xb1, 0x82, 0x99, 0x77, 0xc7, 0xb6, 0xc1, 0x3e,
    0x46, 0xda, 0x1a, 0xdf, 0xfb, 0xc6, 0x0a, 0x66, 0xde, 0x1d, 0xdb, 0x06,
    0xfb, 0x18, 0x69, 0x6b, 0x7c, 0xef, 0x1b, 0x2b, 0x98, 0x79, 0x77, 0xac,
    0x1b, 0x2c, 0x64, 0xa4, 0xb5, 0xf2, 0x19, 0x60, 0xac, 0x60, 0xe6, 0x59,
    0xb1, 0x2e, 0xb0, 0x8f, 0x91, 0xd6, 0xca, 0x67, 0x80, 0xb1, 0x82, 0x99,
    0x67, 0xc5, 0xba, 0xc0, 0x3e, 0x46, 0x5a, 0x2b, 0x9f, 0x01, 0xc6, 0x0a,
    0x66, 0x9e, 0x15, 0xeb, 0x02, 0xfb, 0x18, 0x69, 0xad, 0x7c, 0x06, 0x18,
    0x2b, 0x98, 0x79, 0x56, 0xac, 0x0b, 0xec, 0x63, 0xa4, 0xb5, 0xf2, 0x19,
    0x60, 0xac, 0x60, 0xe6, 0x59, 0xb1, 0x2e, 0xb0, 0x8f, 0x91, 0xd6, 0xca,
    0x67, 0x80, 0xb1, 0x82, 0x99, 0x67, 0xc5, 0xba, 0xc0, 0x3e, 0x46, 0x5a,
    0x2b, 0x9f, 0x01, 0xc6, 0x0a, 0x66, 0x9e, 0x15, 0xeb, 0x02, 0xfb, 0x18,
    0x69, 0xad, 0x7c, 0x06, 0x18, 0x2b, 0x98, 0x79, 0x56, 0xec, 0x0b, 0x2c,
    0x64, 0xa4, 0xbd, 0xf3, 0x95, 0x60, 0xac, 0x60, 0xe6, 0xd5, 0xb0, 0xbf,
    0x67, 0x1f, 0x23, 0xed, 0x9d, 0xaf, 0x04, 0x63, 0x05, 0x33, 0xaf, 0x86,
    0xfd, 0x3d, 0xfb, 0x18, 0x69, 0xef, 0x7c, 0x25, 0x18, 0x2b, 0x98, 0x79,
    0x35, 0xec, 0xef, 0xd9, 0xc7, 0x48, 0x7b, 0xe7, 0x2b, 0xc1, 0x58, 0xc1,
    0xcc, 0xab, 0x61, 0x7f, 0xcf, 0x3e, 0x46, 0xda, 0x3b, 0x5f, 0x09, 0xc6,
    0x0a, 0x66, 0x5e, 0x0d, 0xfb, 0x7b, 0xf6, 0x31, 0xd2, 0xde, 0xf9, 0x4a,
    0x30, 0x56, 0x30, 0xf3, 0x6a, 0xd8, 0xdf, 0xb3, 0x8f, 0x91, 0xf6, 0xce,
    0x57, 0x82, 0xb1, 0x82, 0x99, 0x57, 0xc3, 0xfe, 0x9e, 0x7d, 0x8c, 0xb4,
    0x77, 0xbe, 0x12, 0x8c, 0x15, 0xcc, 0xbc, 0x1a, 0x0e, 0xee, 0x59, 0xc8,
    0x48, 0x07, 0xd2, 0x47, 0x84, 0xb1, 0x82, 0x99, 0x47, 0xc1, 0xc1, 0x39,
    0xfb, 0x18, 0xe9, 0x40, 0xfa, 0x88, 0x30, 0x56, 0x30, 0xf3, 0x28, 0x38,
    0x38, 0x67, 0x1f, 0x23, 0x1d, 0x48, 0x1f, 0x11, 0xc6, 0x0a, 0x66, 0x1e,
    0x05, 0x07, 0xe7, 0xec, 0x63, 0xa4, 0x03, 0xe9, 0x23, 0xc2, 0x58, 0xc1,
    0xcc, 0xa3, 0xe0, 0xe0, 0x9c, 0x7d, 0x8c, 0x74, 0x20, 0x7d, 0x44, 0x18,
    0x2b, 0x98, 0x79, 0x14, 0x1c, 0x9c, 0xb3, 0x8f, 0x91, 0x0e, 0xa4, 0x8f,
    0x08, 0x63, 0x05, 0x33, 0x8f, 0x82, 0x83, 0x73, 0xf6, 0x31, 0xd2, 0x81,
    0xf4, 0x11, 0x61, 0xac, 0x60, 0xe6, 0x51, 0x70, 0x70, 0xce, 0x3e, 0x46,
    0x3a, 0x90, 0x3e, 0x22, 0x8c, 0x15, 0xcc, 0xfc, 0xc7, 0xb1, 0x91, 0x1e,
    0xdf, 0x64, 0x70, 0x6e, 0xac, 0x60, 0xe6, 0x40, 0xfa, 0x88, 0x60, 0x1f,
    0x23, 0x3d, 0x0a, 0x0e, 0xce, 0x8d, 0x15, 0xcc, 0x1c, 0x48, 0x1f, 0x11,
    0xec, 0x63, 0xa4, 0x47, 0xc1, 0xc1, 0xb9, 0xb1, 0x82, 0x99, 0x03, 0xe9,
    0x23, 0x82, 0x7d, 0x8c, 0xf4, 0x28, 0x38, 0x38, 0x37, 0x56, 0x30, 0x73,
    0x20, 0x7d, 0x44, 0xb0, 0x8f, 0x91, 0x1e, 0x05, 0x07, 0xe7, 0xc6, 0x0a,
    0x66, 0x0e, 0xa4, 0x8f, 0x08, 0xf6, 0x31, 0xd2, 0xa3, 0xe0, 0xe0, 0xdc,
    0x58, 0xc1, 0xcc, 0x81, 0xf4, 0x11, 0xc1, 0x3e, 0x46, 0x7a, 0x14, 0x1c,
    0x9c, 0x1b, 0x2b, 0x98, 0x39, 0x90, 0x3e, 0x22, 0xd8, 0xc7, 0x48, 0x8f,
    0x82, 0x83, 0x73, 0x63, 0x05, 0x33, 0x07, 0xd2, 0x57, 0x04, 0x0b, 0x19,
    0xe9, 0xd5, 0xb0, 0xbf, 0x37, 0x56, 0x30, 0xb3, 0x77, 0xbe, 0x12, 0xd8,
    0xc7, 0x48, 0xaf, 0x86, 0xfd, 0xbd, 0xb1, 0x82, 0x99, 0xbd, 0xf3, 0x95,
    0xc0, 0x3e, 0x46, 0x7a, 0x35, 0xec, 0xef, 0x8d, 0x15, 0xcc, 0xec, 0x9d,
    0xaf, 0x04, 0xf6, 0x31, 0xd2, 0xab, 0x61, 0x7f, 0x6f, 0xac, 0x60, 0x66,
    0xef, 0x7c, 0x25, 0xb0, 0x8f, 0x91, 0x5e, 0x0d, 0xfb, 0x7b, 0x63, 0x05,
    0x33, 0x7b, 0xe7, 0x2b, 0x81, 0x7d, 0x8c, 0xf4, 0x6a, 0xd8, 0xdf, 0x1b,
    0x2b, 0x98, 0xd9, 0x3b, 0x5f, 0x09, 0xec, 0x63, 0xa4, 0x57, 0xc3, 0xfe,
    0xde, 0x58, 0xc1, 0xcc, 0xde, 0xf9, 0x4a, 0x60, 0x1f, 0x23, 0xbd, 0x1a,
    0xf6, 0xf7, 0xc6, 0x0a, 0x66, 0xf6, 0xce, 0x67, 0x02, 0x0b, 0x19, 0xe9,
    0x59, 0xb1, 0x2e, 0x18, 0x2b, 0x98, 0x59, 0x2b, 0x9f, 0x01, 0xec, 0x63,
    0xa4, 0x67, 0xc5, 0xba, 0x60, 0xac, 0x60, 0x66, 0xad, 0x7c, 0x06, 0xb0,
    0x8f, 0x91, 0x9e, 0x15, 0xeb, 0x82, 0xb1, 0x82, 0x99, 0xb5, 0xf2, 0x19,
    0xc0, 0x3e, 0x46, 0x7a, 0x56, 0xac, 0x0b, 0xc6, 0x0a, 0x66, 0xd6, 0xca,
    0x67, 0x00, 0xfb, 0x18, 0xe9, 0x59, 0xb1, 0x2e, 0x18, 0x2b, 0x98, 0x59,
    0x2b, 0x9f, 0x01, 0xec, 0x63, 0xa4, 0x67, 0xc5, 0xba, 0x60, 0xac, 0x60,
    0x66, 0xad, 0x7c, 0x06, 0xb0, 0x8f, 0x91, 0x9e, 0x15, 0xeb, 0x82, 0xb1,
    0x82, 0x99, 0xb5, 0xf2, 0x19, 0xc0, 0x3e, 0x46, 0x7a, 0x56, 0xac, 0x0b,
    0xc6, 0x0a, 0x66, 0xd6, 0xca, 0x77, 0x00, 0x0b, 0x19, 0xe9, 0xdd, 0xb1,
    0x6d, 0x18, 0x2b, 0x98, 0xd9, 0x1a, 0xdf, 0xfb, 0xec, 0x63, 0xa4, 0x77,
    0xc7, 0xb6, 0x61, 0xac, 0x60, 0x66, 0x6b, 0x7c, 0xef, 0xb3, 0x8f, 0x91,
    0xde, 0x1d, 0xdb, 0x86, 0xb1, 0x82, 0x99, 0xad, 0xf1, 0xbd, 0xcf, 0x3e,
    0x46, 0x7a, 0x77, 0x6c, 0x1b, 0xc6, 0x0a, 0x66, 0xb6, 0xc6, 0xf7, 0x3e,
    0xfb, 0x18, 0xe9, 0xdd, 0xb1, 0x6d, 0x18, 0x2b, 0x98, 0xd9, 0x1a, 0xdf,
    0xfb, 0xec, 0x63, 0xa4, 0x77, 0xc7, 0xb6, 0x61, 0xac, 0x60, 0x66, 0x6b,
    0x7c, 0xef, 0xb3, 0x8f, 0x91, 0xde, 0x1d, 0xdb, 0x86, 0xb1, 0x82, 0x99,
    0xad, 0xf1, 0xbd, 0xcf, 0x3e, 0x46, 0x7a, 0x77, 0x6c, 0x1b, 0xc6, 0x0a,
    0x66, 0xb6, 0xc6, 0x41, 0x9f, 0x85, 0x8c, 0x34, 0x90, 0x2c, 0x2b, 0xc6,
    0x0a, 0x66, 0x96, 0xc2, 0x41, 0x9d, 0x7d, 0x8c, 0x34, 0x90, 0x2c, 0x2b,
    0xc6, 0x0a, 0x66, 0x96, 0xc2, 0x41, 0x9d, 0x7d, 0x8c, 0x34, 0x90, 0x2c,
    0x2b, 0xc6, 0x0a, 0x66, 0x96, 0xc2, 0x41, 0x9d, 0x7d, 0x8c, 0x34, 0x90,
    0x2c, 0x2b, 0xc6, 0x0a, 0x66, 0x96, 0xc2, 0x41, 0x9d, 0x7d, 0x8c, 0x34,
    0x90, 0x2c, 0x2b, 0xc6, 0x0a, 0x66, 0x96, 0xc2, 0x41, 0x9d, 0x7d, 0x8c,
    0x34, 0x90, 0x2c, 0x2b, 0xc6, 0x0a, 0x66, 0x96, 0xc2, 0x41, 0x9d, 0x7d,
    0x8c, 0x34, 0x90, 0x2c, 0x2b, 0xc6, 0x0a, 0x66, 0x96, 0xc2, 0x41, 0x9d,
    0x7d, 0x8c, 0x34, 0x90, 0x2c, 0x2b, 0xc6, 0x0a, 0x66, 0x96, 0xc2, 0x49,
    0x9d, 0x85, 0x8c, 0x34, 0xb1, 0xec, 0x3a, 0xc6, 0x0a, 0xa3, 0x07, 0x68,
    0x71, 0x00, 0x00, 0x20, 0x00, 0x49, 0x44, 0x41, 0x54, 0x66, 0x76, 0xbe,
    0x49, 0x9b, 0x7d, 0x8c, 0x34, 0xb1, 0xec, 0x3a, 0xc6, 0x0a, 0x66, 0x76,
    0xbe, 0x49, 0x9b, 0x7d, 0x8c, 0x34, 0xb1, 0xec, 0x3a, 0xc6, 0x0a, 0x66,
    0x76, 0xbe, 0x49, 0x9b, 0x7d, 0x8c, 0x34, 0xb1, 0xec, 0x3a, 0xc6, 0x0a,
    0x66, 0x76, 0xbe, 0x49, 0x9b, 0x7d, 0x8c, 0x34, 0xb1, 0xec, 0x3a, 0xc6,
    0x0a, 0x66, 0x76, 0xbe, 0x49, 0x9b, 0x7d, 0x8c, 0x34, 0xb1, 0xec, 0x3a,
    0xc6, 0x0a, 0x66, 0x76, 0xbe, 0x49, 0x9b, 0x7d, 0x8c, 0x34, 0xb1, 0xec,
    0x3a, 0xc6, 0x0a, 0x66, 0x76, 0xbe, 0x49, 0x9b, 0x7d, 0x8c, 0x34, 0xb1,
    0xec, 0x3a, 0xc6, 0x0a, 0x66, 0x76, 0xbe, 0x51, 0x9b, 0x85, 0x8c, 0x34,
    0xd2, 0xac, 0x4a, 0xc6, 0x0a, 0x66, 0x56, 0xba, 0x51, 0x99, 0x7d, 0x8c,
    0x34, 0xd2, 0xac, 0x4a, 0xc6, 0x0a, 0x66, 0x56, 0xba, 0x51, 0x99, 0x7d,
    0x8c, 0x34, 0xd2, 0xac, 0x4a, 0xc6, 0x0a, 0x66, 0x56, 0xba, 0x51, 0x99,
    0x7d, 0x8c, 0x34, 0xd2, 0xac, 0x4a, 0xc6, 0x0a, 0x66, 0x56, 0xba, 0x51,
    0x99, 0x7d, 0x8c, 0x34, 0xd2, 0xac, 0x4a, 0xc6, 0x0a, 0x66, 0x56, 0xba,
    0x51, 0x99, 0x7d, 0x8c, 0x34, 0xd2, 0xac, 0x4a, 0xc6, 0x0a, 0x66, 0x56,
    0xba, 0x51, 0x99, 0x7d, 0x8c, 0x34, 0xd2, 0xac, 0x4a, 0xc6, 0x0a, 0x66,
    0x56, 0xba, 0x51, 0x99, 0x7d, 0x8c, 0x34, 0xd2, 0xac, 0x4a, 0xc6, 0x0a,
    0x66, 0x56, 0xba, 0x59, 0x99, 0x85, 0x8c, 0x34, 0xf3, 0x6c, 0x5a, 0xc6,
    0x0a, 0x66, 0x36, 0xb6, 0x59, 0x97, 0x7d, 0x8c, 0x34, 0xf3, 0x6c, 0x5a,
    0xc6, 0x0a, 0x66, 0x36, 0xb6, 0x59, 0x97, 0x7d, 0x8c, 0x34, 0xf3, 0x6c,
    0x5a, 0xc6, 0x0a, 0x66, 0x36, 0xb6, 0x59, 0x97, 0x7d, 0x8c, 0x34, 0xf3,
    0x6c, 0x5a, 0xc6, 0x0a, 0x66, 0x36, 0xb6, 0x59, 0x97, 0x7d, 0x8c, 0x34,
    0xf3, 0x6c, 0x5a, 0xc6, 0x0a, 0x66, 0x36, 0xb6, 0x59, 0x97, 0x7d, 0x8c,
    0x34, 0xf3, 0x6c, 0x5a, 0xc6, 0x0a, 0x66, 0x36, 0xb6, 0x59, 0x97, 0x7d,
    0x8c, 0x34, 0xf3, 0x6c, 0x5a, 0xc6, 0x0a, 0x66, 0x36, 0xb6, 0x59, 0x97,
    0x7d, 0x8c, 0x34, 0xf3, 0x6c, 0x5a, 0xc6, 0x0a, 0x66, 0x36, 0xb6, 0x61,
    0x97, 0x85, 0x8c, 0x34, 0x14, 0x2d, 0x6a, 0xc6, 0x0a, 0x66, 0x16, 0xb2,
    0x61, 0x95, 0x7d, 0x8c, 0x34, 0x14, 0x2d, 0x6a, 0xc6, 0x0a, 0x66, 0x16,
    0xb2, 0x61, 0x95, 0x7d, 0x8c, 0x34, 0x14, 0x2d, 0x6a, 0xc6, 0x0a, 0x66,
    0x16, 0xb2, 0x61, 0x95, 0x7d, 0x8c, 0x34, 0x14, 0x2d, 0x6a, 0xc6, 0x0a,
    0x66, 0x16, 0xb2, 0x61, 0x95, 0x7d, 0x8c, 0x34, 0x14, 0x2d, 0x6a, 0xc6,
    0x0a, 0x66, 0x16, 0xb2, 0x61, 0x95, 0x7d, 0x8c, 0x34, 0x14, 0x2d, 0x6a,
    0xc6, 0x0a, 0x66, 0x16, 0xb2, 0x61, 0x95, 0x7d, 0x8c, 0x34, 0x14, 0x2d,
    0x6a, 0xc6, 0x0a, 0x66, 0x16, 0xb2, 0x61, 0x95, 0x7d, 0x8c, 0x34, 0x14,
    0x2d, 0x6a, 0xc6, 0x0a, 0x66, 0x16, 0xb2, 0x69, 0x95, 0x85, 0x8c, 0x34,
    0x35, 0xcd, 0x7b, 0xc6, 0x0a, 0x66, 0xe6, 0xae, 0x69, 0x93, 0x7d, 0x8c,
    0x34, 0x35, 0xcd, 0x7b, 0xc6, 0x0a, 0x66, 0xe6, 0xae, 0x69, 0x93, 0x7d,
    0x8c, 0x34, 0x35, 0xcd, 0x7b, 0xc6, 0x0a, 0x66, 0xe6, 0xae, 0x69, 0x93,
    0x7d, 0x8c, 0x34, 0x35, 0xcd, 0x7b, 0xc6, 0x0a, 0x66, 0xe6, 0xae, 0x69,
    0x93, 0x7d, 0x8c, 0x34, 0x35, 0xcd, 0x7b, 0xc6, 0x0a, 0x66, 0xe6, 0xae,
    0x69, 0x93, 0x7d, 0x8c, 0x34, 0x35, 0xcd, 0x7b, 0xc6, 0x0a, 0x66, 0xe6,
    0xae, 0x69, 0x93, 0x7d, 0x8c, 0x34, 0x35, 0xcd, 0x7b, 0xc6, 0x0a, 0x66,
    0xe6, 0xae, 0x69, 0x93, 0x7d, 0x8c, 0x34, 0x35, 0xcd, 0x7b, 0xc6, 0x0a,
    0x66, 0xe6, 0xae, 0x71, 0x93, 0x85, 0x8c, 0x34, 0x56, 0x8d, 0x8b, 0xc6,
    0x0a, 0x66, 0xc6, 0xaa, 0x71, 0x91, 0x7d, 0x8c, 0x34, 0x56, 0x8d, 0x8b,
    0xc6, 0x0a, 0x66, 0xc6, 0xaa, 0x71, 0x91, 0x7d, 0x8c, 0x34, 0x56, 0x8d,
    0x8b, 0xc6, 0x0a, 0x66, 0xc6, 0xaa, 0x71, 0x91, 0x7d, 0x8c, 0x34, 0x56,
    0x8d, 0x8b, 0xc6, 0x0a, 0x66, 0xc6, 0xaa, 0x71, 0x91, 0x7d, 0x8c, 0x34,
    0x56, 0x8d, 0x8b, 0xc6, 0x0a, 0x66, 0xc6, 0xaa, 0x71, 0x91, 0x7d, 0x8c,
    0x34, 0x56, 0x8d, 0x8b, 0xc6, 0x0a, 0x66, 0xc6, 0xaa, 0x71, 0x91, 0x7d,
    0x8c, 0x34, 0x56, 0x8d, 0x8b, 0xc6, 0x0a, 0x66, 0xc6, 0xaa, 0x71, 0x91,
    0x7d, 0x8c, 0x34, 0x56, 0x8d, 0x8b, 0xc6, 0x0a, 0x66, 0xc6, 0xaa, 0x79,
    0x91, 0x85, 0x8c, 0x34, 0x77, 0x4d, 0x9b, 0xc6, 0x0a, 0x66, 0xa6, 0xa6,
    0x79, 0x8f, 0x7d, 0x8c, 0x34, 0x77, 0x4d, 0x9b, 0xc6, 0x0a, 0x66, 0xa6,
    0xa6, 0x79, 0x8f, 0x7d, 0x8c, 0x34, 0x77, 0x4d, 0x9b, 0xc6, 0x0a, 0x66,
    0xa6, 0xa6, 0x79, 0x8f, 0x7d, 0x8c, 0x34, 0x77, 0x4d, 0x9b, 0xc6, 0x0a,
    0x66, 0xa6, 0xa6, 0x79, 0x8f, 0x7d, 0x8c, 0x34, 0x77, 0x4d, 0x9b, 0xc6,
    0x0a, 0x66, 0xa6, 0xa6, 0x79, 0x8f, 0x7d, 0x8c, 0x34, 0x77, 0x4d, 0x9b,
    0xc6, 0x0a, 0x66, 0xa6, 0xa6, 0x79, 0x8f, 0x7d, 0x8c, 0x34, 0x77, 0x4d,
    0x9b, 0xc6, 0x0a, 0x66, 0xa6, 0xa6, 0x79, 0x8f, 0x7d, 0x8c, 0x34, 0x77,
    0x4d, 0x9b, 0xc6, 0x0a, 0x66, 0xa6, 0xa6, 0x45, 0x8f, 0x85, 0x8c, 0xb4,
    0x90, 0x0d, 0xab, 0xc6, 0x0a, 0x66, 0x86, 0xa2, 0x45, 0x8d, 0x7d, 0x8c,
    0xb4, 0x90, 0x0d, 0xab, 0xc6, 0x0a, 0x66, 0x86, 0xa2, 0x45, 0x8d, 0x7d,
    0x8c, 0xb4, 0x90, 0x0d, 0xab, 0xc6, 0x0a, 0x66, 0x86, 0xa2, 0x45, 0x8d,
    0x7d, 0x8c, 0xb4, 0x90, 0x0d, 0xab, 0xc6, 0x0a, 0x66, 0x86, 0xa2, 0x45,
    0x8d, 0x7d, 0x8c, 0xb4, 0x90, 0x0d, 0xab, 0xc6, 0x0a, 0x66, 0x86, 0xa2,
    0x45, 0x8d, 0x7d, 0x8c, 0xb4, 0x90, 0x0d, 0xab, 0xc6, 0x0a, 0x66, 0x86,
    0xa2, 0x45, 0x8d, 0x7d, 0x8c, 0xb4, 0x90, 0x0d, 0xab, 0xc6, 0x0a, 0x66,
    0x86, 0xa2, 0x45, 0x8d, 0x7d, 0x8c, 0xb4, 0x90, 0x0d, 0xab, 0xc6, 0x0a,
    0x66, 0x86, 0xa2, 0x4d, 0x8d, 0x85, 0x8c, 0xb4, 0xb1, 0xcd, 0xba, 0xc6,
    0x0a, 0x66, 0x66, 0x9e, 0x4d, 0x8b, 0x7d, 0x8c, 0xb4, 0xb1, 0xcd, 0xba,
    0xc6, 0x0a, 0x66, 0x66, 0x9e, 0x4d, 0x8b, 0x7d, 0x8c, 0xb4, 0xb1, 0xcd,
    0xba, 0xc6, 0x0a, 0x66, 0x66, 0x9e, 0x4d, 0x8b, 0x7d, 0x8c, 0xb4, 0xb1,
    0xcd, 0xba, 0xc6, 0x0a, 0x66, 0x66, 0x9e, 0x4d, 0x8b, 0x7d, 0x8c, 0xb4,
    0xb1, 0xcd, 0xba, 0xc6, 0x0a, 0x66, 0x66, 0x9e, 0x4d, 0x8b, 0x7d, 0x8c,
    0xb4, 0xb1, 0xcd, 0xba, 0xc6, 0x0a, 0x66, 0x66, 0x9e, 0x4d, 0x8b, 0x7d,
    0x8c, 0xb4, 0xb1, 0xcd, 0xba, 0xc6, 0x0a, 0x66, 0x66, 0x9e, 0x4d, 0x8b,
    0x7d, 0x8c, 0xb4, 0xb1, 0xcd, 0xba, 0xc6, 0x0a, 0x66, 0x66, 0x9e, 0x55,
    0x8b, 0x85, 0x8c, 0xb4, 0xd2, 0x8d, 0xca, 0xc6, 0x0a, 0x66, 0x46, 0x9a,
    0x55, 0x89, 0x7d, 0x8c, 0xb4, 0xd2, 0x8d, 0xca, 0xc6, 0x0a, 0x66, 0x46,
    0x9a, 0x55, 0x89, 0x7d, 0x8c, 0xb4, 0xd2, 0x8d, 0xca, 0xc6, 0x0a, 0x66,
    0x46, 0x9a, 0x55, 0x89, 0x7d, 0x8c, 0xb4, 0xd2, 0x8d, 0xca, 0xc6, 0x0a,
    0x66, 0x46, 0x9a, 0x55, 0x89, 0x7d, 0x8c, 0xb4, 0xd2, 0x8d, 0xca, 0xc6,
    0x0a, 0x66, 0x46, 0x9a, 0x55, 0x89, 0x7d, 0x8c, 0xb4, 0xd2, 0x8d, 0xca,
    0xc6, 0x0a, 0x66, 0x46, 0x9a, 0x55, 0x89, 0x7d, 0x8c, 0xb4, 0xd2, 0x8d,
    0xca, 0xc6, 0x0a, 0x66, 0x46, 0x9a, 0x55, 0x89, 0x7d, 0x8c, 0xb4, 0xd2,
    0x8d, 0xca, 0xc6, 0x0a, 0x66, 0x46, 0x9a, 0x5d, 0x89, 0x85, 0x8c, 0xb4,
    0xf3, 0x4d, 0xda, 0xc6, 0x0a, 0x66, 0x26, 0x96, 0x5d, 0x87, 0x7d, 0x8c,
    0xb4, 0xf3, 0x4d, 0xda, 0xc6, 0x0a, 0x66, 0x26, 0x96, 0x5d, 0x87, 0x7d,
    0x8c, 0xb4, 0xf3, 0x4d, 0xda, 0xc6, 0x0a, 0x66, 0x26, 0x96, 0x5d, 0x87,
    0x7d, 0x8c, 0xb4, 0xf3, 0x4d, 0xda, 0xc6, 0x0a, 0x66, 0x26, 0x96, 0x5d,
    0x87, 0x7d, 0x8c, 0xb4, 0xf3, 0x4d, 0xda, 0xc6, 0x0a, 0x66, 0x26, 0x96,
    0x5d, 0x87, 0x7d, 0x8c, 0xb4, 0xf3, 0x4d, 0xda, 0xc6, 0x0a, 0x66, 0x26,
    0x96, 0x5d, 0x87, 0x7d, 0x8c, 0xb4, 0xf3, 0x4d, 0xda, 0xc6, 0x0a, 0x66,
    0x26, 0x96, 0x5d, 0x87, 0x7d, 0x8c, 0xb4, 0xf3, 0x4d, 0xda, 0xc6, 0x0a,
    0x66, 0x26, 0x96, 0x65, 0x87, 0x85, 0x8c, 0xb4, 0x14, 0x0e, 0xea, 0xc6,
    0x0a, 0x66, 0x06, 0x92, 0x65, 0x85, 0x7d, 0x8c, 0xb4, 0x14, 0x0e, 0xea,
    0xc6, 0x0a, 0x66, 0x06, 0x92, 0x65, 0x85, 0x7d, 0x8c, 0xb4, 0x14, 0x0e,
    0xea, 0xc6, 0x0a, 0x66, 0x06, 0x92, 0x65, 0x85, 0x7d, 0x8c, 0xb4, 0x14,
    0x0e, 0xea, 0xc6, 0x0a, 0x66, 0x06, 0x92, 0x65, 0x85, 0x7d, 0x8c, 0xb4,
    0x14, 0x0e, 0xea, 0xc6, 0x0a, 0x66, 0x06, 0x92, 0x65, 0x85, 0x7d, 0x8c,
    0xb4, 0x14, 0x0e, 0xea, 0xc6, 0x0a, 0x66, 0x06, 0x92, 0x65, 0x85, 0x7d,
    0x8c, 0xb4, 0x14, 0x0e, 0xea, 0xc6, 0x0a, 0x66, 0x06, 0x92, 0x65, 0x85,
    0x7d, 0x8c, 0xb4, 0x14, 0x0e, 0xea, 0xc6, 0x0a, 0x66, 0x06, 0x92, 0x6d,
    0x85, 0x85, 0x8c, 0xb4, 0x35, 0xbe, 0xf7, 0x8d, 0x15, 0xcc, 0xbc, 0x3b,
    0xb6, 0x0d, 0xf6, 0x31, 0xd2, 0xd6, 0xf8, 0xde, 0x37, 0x56, 0x30, 0xf3,
    0xee, 0xd8, 0x36, 0xd8, 0xc7, 0x48, 0x5b, 0xe3, 0x7b, 0xdf, 0x58, 0xc1,
    0xcc, 0xbb, 0x63, 0xdb, 0x60, 0x1f, 0x23, 0x6d, 0x8d, 0xef, 0x7d, 0x63,
    0x05, 0x33, 0xef, 0x8e, 0x6d, 0x83, 0x7d, 0x8c, 0xb4, 0x35, 0xbe, 0xf7,
    0x8d, 0x15, 0xcc, 0xbc, 0x3b, 0xb6, 0x0d, 0xf6, 0x31, 0xd2, 0xd6, 0xf8,
    0xde, 0x37, 0x56, 0x30, 0xf3, 0xee, 0xd8, 0x36, 0xd8, 0xc7, 0x48, 0x5b,
    0xe3, 0x7b, 0xdf, 0x58, 0xc1, 0xcc, 0xbb, 0x63, 0xdb, 0x60, 0x1f, 0x23,
    0x6d, 0x8d, 0xef, 0x7d, 0x63, 0x05, 0x33, 0xef, 0x8e, 0x75, 0x83, 0x85,
    0x8c, 0xb4, 0x56, 0x3e, 0x03, 0x8c, 0x15, 0xcc, 0x3c, 0x2b, 0xd6, 0x05,
    0xf6, 0x31, 0xd2, 0x5a, 0xf9, 0x0c, 0x30, 0x56, 0x30, 0xf3, 0xac, 0x58,
    0x17, 0xd8, 0xc7, 0x48, 0x6b, 0xe5, 0x33, 0xc0, 0x58, 0xc1, 0xcc, 0xb3,
    0x62, 0x5d, 0x60, 0x1f, 0x23, 0xad, 0x95, 0xcf, 0x00, 0x63, 0x05, 0x33,
    0xcf, 0x8a, 0x75, 0x81, 0x7d, 0x8c, 0xb4, 0x56, 0x3e, 0x03, 0x8c, 0x15,
    0xcc, 0x3c, 0x2b, 0xd6, 0x05, 0xf6, 0x31, 0xd2, 0x5a, 0xf9, 0x0c, 0x30,
    0x56, 0x30, 0xf3, 0xac, 0x58, 0x17, 0xd8, 0xc7, 0x48, 0x6b, 0xe5, 0x33,
    0xc0, 0x58, 0xc1, 0xcc, 0xb3, 0x62, 0x5d, 0x60, 0x1f, 0x23, 0xad, 0x95,
    0xcf, 0x00, 0x63, 0x05, 0x33, 0xcf, 0x8a, 0x7d, 0x81, 0x85, 0x8c, 0xb4,
    0x77, 0xbe, 0x12, 0x8c, 0x15, 0xcc, 0xbc, 0x1a, 0xf6, 0xf7, 0xec, 0x63,
    0xa4, 0xbd, 0xf3, 0x95, 0x60, 0xac, 0x60, 0xe6, 0xd5, 0xb0, 0xbf, 0x67,
    0x1f, 0x23, 0xed, 0x9d, 0xaf, 0x04, 0x63, 0x05, 0x33, 0xaf, 0x86, 0xfd,
    0x3d, 0xfb, 0x18, 0x69, 0xef, 0x7c, 0x25, 0x18, 0x2b, 0x98, 0x79, 0x35,
    0xec, 0xef, 0xd9, 0xc7, 0x48, 0x7b, 0xe7, 0x2b, 0xc1, 0x58, 0xc1, 0xcc,
    0xab, 0x61, 0x7f, 0xcf, 0x3e, 0x46, 0xda, 0x3b, 0x5f, 0x09, 0xc6, 0x0a,
    0x66, 0x5e, 0x0d, 0xfb, 0x7b, 0xf6, 0x31, 0xd2, 0xde, 0xf9, 0x4a, 0x30,
    0x56, 0x30, 0xf3, 0x6a, 0xd8, 0xdf, 0xb3, 0x8f, 0x91, 0xf6, 0xce, 0x57,
    0x82, 0xb1, 0x82, 0x99, 0x57, 0xc3, 0xc1, 0x3d, 0x0b, 0x19, 0xe9, 0x40,
    0xfa, 0x88, 0x30, 0x56, 0x30, 0xf3, 0x28, 0x38, 0x38, 0x67, 0x1f, 0x23,
    0x1d, 0x48, 0x1f, 0x11, 0xc6, 0x0a, 0x66, 0x1e, 0x05, 0x07, 0xe7, 0xec,
    0x63, 0xa4, 0x03, 0xe9, 0x23, 0xc2, 0x58, 0xc1, 0xcc, 0xa3, 0xe0, 0xe0,
    0x9c, 0x7d, 0x8c, 0x74, 0x20, 0x7d, 0x44, 0x18, 0x2b, 0x98, 0x79, 0x14,
    0x1c, 0x9c, 0xb3, 0x8f, 0x91, 0x0e, 0xa4, 0x8f, 0x08, 0x63, 0x05, 0x33,
    0x8f, 0x82, 0x83, 0x73, 0xf6, 0x31, 0xd2, 0x81, 0xf4, 0x11, 0x61, 0xac,
    0x60, 0xe6, 0x51, 0x70, 0x70, 0xce, 0x3e, 0x46, 0x3a, 0x90, 0x3e, 0x22,
    0x8c, 0x15, 0xcc, 0x3c, 0x0a, 0x0e, 0xce, 0xd9, 0xc7, 0x48, 0x07, 0xd2,
    0x47, 0x84, 0xb1, 0x82, 0x99, 0x47, 0xc1, 0xc5, 0x39, 0x0b, 0x19, 0xe9,
    0xc2, 0xfa, 0xc6, 0x30, 0x56, 0x30, 0xf3, 0xe6, 0xb7, 0xb8, 0x66, 0x1f,
    0x23, 0x5d, 0x58, 0xdf, 0x18, 0xc6, 0x0a, 0x66, 0xde, 0xfc, 0x16, 0xd7,
    0xec, 0x63, 0xa4, 0x0b, 0xeb, 0x1b, 0xc3, 0x58, 0xc1, 0xcc, 0x9b, 0xdf,
    0xe2, 0x9a, 0x7d, 0x8c, 0x74, 0x61, 0x7d, 0x63, 0x18, 0x2b, 0x98, 0x79,
    0xf3, 0x5b, 0x5c, 0xb3, 0x8f, 0x91, 0x2e, 0xac, 0x6f, 0x0c, 0x63, 0x05,
    0x33, 0x6f, 0x7e, 0x8b, 0x6b, 0xf6, 0x31, 0xd2, 0x85, 0xf5, 0x8d, 0x61,
    0xac, 0x60, 0xe6, 0xcd, 0x6f, 0x71, 0xcd, 0x3e, 0x46, 0xba, 0xb0, 0xbe,
    0x31, 0x8c, 0x15, 0xcc, 0xbc, 0xf9, 0x2d, 0xae, 0xd9, 0xc7, 0x48, 0x17,
    0xd6, 0x37, 0x86, 0xb1, 0x82, 0x99, 0x37, 0xbf, 0xc9, 0x35, 0x0b, 0x19,
    0xe9, 0x44, 0xfb, 0x04, 0x31, 0x56, 0x30, 0xf3, 0xa4, 0x37, 0x39, 0x66,
    0x1f, 0x23, 0x9d, 0x68, 0x9f, 0x20, 0xc6, 0x0a, 0x66, 0x9e, 0xf4, 0x26,
    0xc7, 0xec, 0x63, 0xa4, 0x13, 0xed, 0x13, 0xc4, 0x58, 0xc1, 0xcc, 0x93,
    0xde, 0xe4, 0x98, 0x7d, 0x8c, 0x74, 0xa2, 0x7d, 0x82, 0x18, 0x2b, 0x98,
    0x79, 0xd2, 0x9b, 0x1c, 0xb3, 0x8f, 0x91, 0x4e, 0xb4, 0x4f, 0x10, 0x63,
    0x05, 0x33, 0x4f, 0x7a, 0x93, 0x63, 0xf6, 0x31, 0xd2, 0x89, 0xf6, 0x09,
    0x62, 0xac, 0x60, 0xe6, 0x49, 0x6f, 0x72, 0xcc, 0x3e, 0x46, 0x3a, 0xd1,
    0x3e, 0x41, 0x8c, 0x15, 0xcc, 0x3c, 0xe9, 0x4d, 0x8e, 0xd9, 0xc7, 0x48,
    0x27, 0xda, 0x27, 0x88, 0xb1, 0x82, 0x99, 0x27, 0xbd, 0xcd, 0x31, 0x0b,
    0x19, 0xe9, 0xc6, 0xfb, 0x42, 0x31, 0x56, 0x30, 0xf3, 0x62, 0xb7, 0xb9,
    0x65, 0x1f, 0x23, 0xdd, 0x78, 0x5f, 0x28, 0xc6, 0x0a, 0x66, 0x5e, 0xec,
    0x36, 0xb7, 0xec, 0x63, 0xa4, 0x1b, 0xef, 0x0b, 0xc5, 0x58, 0xc1, 0xcc,
    0x8b, 0xdd, 0xe6, 0x96, 0x7d, 0x8c, 0x74, 0xe3, 0x7d, 0xa1, 0x18, 0x2b,
    0x98, 0x79, 0xb1, 0xdb, 0xdc, 0xb2, 0x8f, 0x91, 0x6e, 0xbc, 0x2f, 0x14,
    0x63, 0x05, 0x33, 0x2f, 0x76, 0x9b, 0x5b, 0xf6, 0x31, 0xd2, 0x8d, 0xf7,
    0x85, 0x62, 0xac, 0x60, 0xe6, 0xc5, 0x6e, 0x73, 0xcb, 0x3e, 0x46, 0xba,
    0xf1, 0xbe, 0x50, 0x8c, 0x15, 0xcc, 0xbc, 0xd8, 0x6d, 0x6e, 0xd9, 0xc7,
    0x48, 0x37, 0xde, 0x17, 0x8a, 0xb1, 0x82, 0x99, 0x17, 0xbb, 0xd1, 0x2d,
    0x0b, 0x19, 0xe9, 0x48, 0xfc, 0x80, 0x31, 0x56, 0x30, 0xf3, 0x20, 0x37,
    0x3a, 0x65, 0x1f, 0x23, 0x1d, 0x89, 0x1f, 0x30, 0xc6, 0x0a, 0x66, 0x1e,
    0xe4, 0x46, 0xa7, 0xec, 0x63, 0xa4, 0x23, 0xf1, 0x03, 0xc6, 0x58, 0xc1,
    0xcc, 0x83, 0xdc, 0xe8, 0x94, 0x7d, 0x8c, 0x74, 0x24, 0x7e, 0xc0, 0x18,
    0x2b, 0x98, 0x79, 0x90, 0x1b, 0x9d, 0xb2, 0x8f, 0x91, 0x8e, 0xc4, 0x0f,
    0x18, 0x63, 0x05, 0x33, 0x0f, 0x72, 0xa3, 0x53, 0xf6, 0x31, 0xd2, 0x91,
    0xf8, 0x01, 0x63, 0xac, 0x60, 0xe6, 0x41, 0x6e, 0x74, 0xca, 0x3e, 0x46,
    0x3a, 0x12, 0x3f, 0x60, 0x8c, 0x15, 0xcc, 0x3c, 0xc8, 0x8d, 0x4e, 0xd9,
    0xc7, 0x48, 0x47, 0xe2, 0x07, 0x8c, 0xb1, 0x82, 0x99, 0x07, 0xb9, 0xd5,
    0x29, 0x0b, 0x19, 0xe9, 0xca, 0xfc, 0x9d, 0x63, 0xac, 0x60, 0xe6, 0xbb,
    0xdb, 0xea, 0x92, 0x7d, 0x8c, 0x74, 0x65, 0xfe, 0xce, 0x31, 0x56, 0x30,
    0xf3, 0xdd, 0x6d, 0x75, 0xc9, 0x3e, 0x46, 0xba, 0x32, 0x7f, 0xe7, 0x18,
    0x2b, 0x98, 0xf9, 0xee, 0xb6, 0xba, 0x64, 0x1f, 0x23, 0x5d, 0x99, 0xbf,
    0x73, 0x8c, 0x15, 0xcc, 0x7c, 0x77, 0x5b, 0x5d, 0xb2, 0x8f, 0x91, 0xae,
    0xcc, 0xdf, 0x39, 0xc6, 0x0a, 0x66, 0xbe, 0xbb, 0xad, 0x2e, 0xd9, 0xc7,
    0x48, 0x57, 0xe6, 0xef, 0x1c, 0x63, 0x05, 0x33, 0xdf, 0xdd, 0x56, 0x97,
    0xec, 0x63, 0xa4, 0x2b, 0xf3, 0x77, 0x8e, 0xb1, 0x82, 0x99, 0xef, 0x6e,
    0xab, 0x4b, 0xf6, 0x31, 0xd2, 0x95, 0xf9, 0x3b, 0xc7, 0x58, 0xc1, 0xcc,
    0x77, 0xb7, 0xd9, 0x25, 0x0b, 0x19, 0xe9, 0x4c, 0xfd, 0x19, 0x64, 0xac,
    0x60, 0xe6, 0xb3, 0xda, 0xec, 0x90, 0x7d, 0x8c, 0x74, 0xa6, 0xfe, 0x0c,
    0x32, 0x56, 0x30, 0xf3, 0x59, 0x6d, 0x76, 0xc8, 0x3e, 0x46, 0x3a, 0x53,
    0x7f, 0x06, 0x19, 0x2b, 0x98, 0xf9, 0xac, 0x36, 0x3b, 0x64, 0x1f, 0x23,
    0x9d, 0xa9, 0x3f, 0x83, 0x8c, 0x15, 0xcc, 0x7c, 0x56, 0x9b, 0x1d, 0xb2,
    0x8f, 0x91, 0xce, 0xd4, 0x9f, 0x41, 0xc6, 0x0a, 0x66, 0x3e, 0xab, 0xcd,
    0x0e, 0xd9, 0xc7, 0x48, 0x67, 0xea, 0xcf, 0x20, 0x63, 0x05, 0x33, 0x9f,
    0xd5, 0x66, 0x87, 0xec, 0x63, 0xa4, 0x33, 0xf5, 0x67, 0x90, 0xb1, 0x82,
    0x99, 0xcf, 0x6a, 0xb3, 0x43, 0xf6, 0x31, 0xd2, 0x99, 0xfa, 0x33, 0xc8,
    0x58, 0xc1, 0xcc, 0x67, 0xb5, 0xdd, 0x21, 0x0b, 0x19, 0xe9, 0xce, 0xfd,
    0x95, 0x64, 0xac, 0x60, 0xe6, 0xab, 0xd9, 0xee, 0x8e, 0x7d, 0x8c, 0x74,
    0xe7, 0xfe, 0x4a, 0x32, 0x56, 0x30, 0xf3, 0xd5, 0x6c, 0x77, 0xc7, 0x3e,
    0x46, 0xba, 0x73, 0x7f, 0x25, 0x19, 0x2b, 0x98, 0xf9, 0x6a, 0xb6, 0xbb,
    0x63, 0x1f, 0x23, 0xdd, 0xb9, 0xbf, 0x92, 0x8c, 0x15, 0xcc, 0x7c, 0x35,
    0xdb, 0xdd, 0xb1, 0x8f, 0x91, 0xee, 0xdc, 0x5f, 0x49, 0xc6, 0x0a, 0x66,
    0xbe, 0x9a, 0xed, 0xee, 0xd8, 0xc7, 0x48, 0x77, 0xee, 0xaf, 0x24, 0x63,
    0x05, 0x33, 0x5f, 0xcd, 0x76, 0x77, 0xec, 0x63, 0xa4, 0x3b, 0xf7, 0x57,
    0x92, 0xb1, 0x82, 0x99, 0xaf, 0x66, 0xbb, 0x3b, 0xf6, 0x31, 0xd2, 0x9d,
    0xfb, 0x2b, 0xc9, 0x58, 0xc1, 0xcc, 0x57, 0xb3, 0xe1, 0x1d, 0x0b, 0x19,
    0xe9, 0x50, 0xfe, 0x11, 0x65, 0xac, 0x60, 0xe6, 0xa3, 0xd8, 0xf0, 0x8c,
    0x7d, 0x8c, 0x74, 0x28, 0xff, 0x88, 0x32, 0x56, 0x30, 0xf3, 0x51, 0x6c,
    0x78, 0xc6, 0x3e, 0x46, 0x3a, 0x94, 0x7f, 0x44, 0x19, 0x2b, 0x98, 0xf9,
    0x28, 0x36, 0x3c, 0x63, 0x1f, 0x23, 0x1d, 0xca, 0x3f, 0xa2, 0x8c, 0x15,
    0xcc, 0x7c, 0x14, 0x1b, 0x9e, 0xb1, 0x8f, 0x91, 0x0e, 0xe5, 0x1f, 0x51,
    0xc6, 0x0a, 0x66, 0x3e, 0x8a, 0x0d, 0xcf, 0xd8, 0xc7, 0x48, 0x87, 0xf2,
    0x8f, 0x28, 0x63, 0x05, 0x33, 0x1f, 0xc5, 0x86, 0x67, 0xec, 0x63, 0xa4,
    0x43, 0xf9, 0x47, 0x94, 0xb1, 0x82, 0x99, 0x8f, 0x62, 0xc3, 0x33, 0xf6,
    0x31, 0xd2, 0xa1, 0xfc, 0x23, 0xca, 0x58, 0xc1, 0xcc, 0x47, 0xb1, 0xe5,
    0x19, 0x0b, 0x19, 0xe9, 0xd2, 0xfe, 0x8d, 0x65, 0xac, 0x60, 0xe6, 0x9b,
    0xd7, 0xf2, 0x8a, 0x7d, 0x8c, 0x74, 0x69, 0xff, 0xc6, 0x32, 0x56, 0x30,
    0xf3, 0xcd, 0x6b, 0x79, 0xc5, 0x3e, 0x46, 0xba, 0xb4, 0x7f, 0x63, 0x19,
    0x2b, 0x98, 0xf9, 0xe6, 0xb5, 0xbc, 0x62, 0x1f, 0x23, 0x5d, 0xda, 0xbf,
    0xb1, 0x8c, 0x15, 0xcc, 0x7c, 0xf3, 0x5a, 0x5e, 0xb1, 0x8f, 0x91, 0x2e,
    0xed, 0xdf, 0x58, 0xc6, 0x0a, 0x66, 0xbe, 0x79, 0x2d, 0xaf, 0xd8, 0xc7,
    0x48, 0x97, 0xf6, 0x6f, 0x2c, 0x63, 0x05, 0x33, 0xdf, 0xbc, 0x96, 0x57,
    0xec, 0x63, 0xa4, 0x4b, 0xfb, 0x37, 0x96, 0xb1, 0x82, 0x99, 0x6f, 0x5e,
    0xcb, 0x2b, 0xf6, 0x31, 0xd2, 0xa5, 0xfd, 0x1b, 0xcb, 0x58, 0xc1, 0xcc,
    0x37, 0xaf, 0xe9, 0x15, 0x0b, 0x19, 0xe9, 0x54, 0xff, 0x09, 0x66, 0xac,
    0x60, 0xe6, 0x93, 0xd6, 0xf4, 0x88, 0x7d, 0x8c, 0x74, 0xaa, 0xff, 0x04,
    0x33, 0x56, 0x30, 0xf3, 0x49, 0x6b, 0x7a, 0xc4, 0x3e, 0x46, 0x3a, 0xd5,
    0x7f, 0x82, 0x19, 0x2b, 0x98, 0xf9, 0xa4, 0x35, 0x3d, 0x62, 0x1f, 0x23,
    0x9d, 0xea, 0x3f, 0xc1, 0x8c, 0x15, 0xcc, 0x7c, 0xd2, 0x9a, 0x1e, 0xb1,
    0x8f, 0x91, 0x4e, 0xf5, 0x9f, 0x60, 0xc6, 0x0a, 0x66, 0x3e, 0x69, 0x4d,
    0x8f, 0xd8, 0xc7, 0x48, 0xa7, 0xfa, 0x4f, 0x30, 0x63, 0x05, 0x33, 0x9f,
    0xb4, 0xa6, 0x47, 0xec, 0x63, 0xa4, 0x53, 0xfd, 0x27, 0x98, 0xb1, 0x82,
    0x99, 0x4f, 0x5a, 0xd3, 0x23, 0xf6, 0x31, 0xd2, 0xa9, 0xfe, 0x13, 0xcc,
    0x58, 0xc1, 0xcc, 0x27, 0xad, 0xed, 0x11, 0x0b, 0x19, 0xe9, 0xd6, 0xff,
    0x85, 0x66, 0xac, 0x60, 0xe6, 0x8b, 0xd5, 0xf6, 0x86, 0x7d, 0x8c, 0x74,
    0xeb, 0xff, 0x42, 0x33, 0x56, 0x30, 0xf3, 0xc5, 0x6a, 0x7b, 0xc3, 0x3e,
    0x46, 0xba, 0xf5, 0x7f, 0xa1, 0x19, 0x2b, 0x98, 0xf9, 0x62, 0xb5, 0xbd,
    0x61, 0x1f, 0x23, 0xdd, 0xfa, 0xbf, 0xd0, 0x8c, 0x15, 0xcc, 0x7c, 0xb1,
    0xda, 0xde, 0xb0, 0x8f, 0x91, 0x6e, 0xfd, 0x5f, 0x68, 0xc6, 0x0a, 0x66,
    0xbe, 0x58, 0x6d, 0x6f, 0xd8, 0xc7, 0x48, 0xb7, 0xfe, 0x2f, 0x34, 0x63,
    0x05, 0x33, 0x5f, 0xac, 0xb6, 0x37, 0xec, 0x63, 0xa4, 0x5b, 0xff, 0x17,
    0x9a, 0xb1, 0x82, 0x99, 0x2f, 0x56, 0xdb, 0x1b, 0xf6, 0x31, 0xd2, 0xad,
    0xff, 0x0b, 0xcd, 0x58, 0xc1, 0xcc, 0x17, 0xab, 0xf1, 0x0d, 0x0b, 0x19,
    0xe9, 0x78, 0xc0, 0x03, 0xce, 0x58, 0xc1, 0xcc, 0x07, 0xa9, 0xf1, 0x09,
    0xfb, 0x18, 0xe9, 0x78, 0xc0, 0x03, 0xce, 0x58, 0xc1, 0xcc, 0x07, 0xa9,
    0xf1, 0x09, 0xfb, 0x18, 0xe9, 0x78, 0xc0, 0x03, 0xce, 0x58, 0xc1, 0xcc,
    0x07, 0xa9, 0xf1, 0x09, 0xfb, 0x18, 0xe9, 0x78, 0xc0, 0x03, 0xce, 0x58,
    0xc1, 0xcc, 0x07, 0xa9, 0xf1, 0x09, 0xfb, 0x18, 0xe9, 0x78, 0xc0, 0x03,
    0xce, 0x58, 0xc1, 0xcc, 0x07, 0xa9, 0xf1, 0x09, 0xfb, 0x18, 0xe9, 0x78,
    0xc0, 0x03, 0xce, 0x58, 0xc1, 0xcc, 0x07, 0xa9, 0xf1, 0x09, 0xfb, 0x18,
    0xe9, 0x78, 0xc0, 0x03, 0xce, 0x58, 0xc1, 0xcc, 0x07, 0xa9, 0xf1, 0x09,
    0xfb, 0x18, 0xe9, 0x78, 0xc0, 0x03, 0xce, 0x58, 0xc1, 0xcc, 0x07, 0xa9,
    0xf5, 0x09, 0x0b, 0x19, 0xe9, 0x7a, 0xc1, 0x37, 0xcf, 0x58, 0xc1, 0xcc,
    0x6f, 0xa7, 0xf5, 0x05, 0xfb, 0x18, 0xe9, 0x7a, 0xc1, 0x37, 0xcf, 0x58,
    0xc1, 0xcc, 0x6f, 0xa7, 0xf5, 0x05, 0xfb, 0x18, 0xe9, 0x7a, 0xc1, 0x37,
    0xcf, 0x58, 0xc1, 0xcc, 0x6f, 0xa7, 0xf5, 0x05, 0xfb, 0x18, 0xe9, 0x7a,
    0xc1, 0x37, 0xcf, 0x58, 0xc1, 0xcc, 0x6f, 0xa7, 0xf5, 0x05, 0xfb, 0x18,
    0xe9, 0x7a, 0xc1, 0x37, 0xcf, 0x58, 0xc1, 0xcc, 0x6f, 0xa7, 0xf5, 0x05,
    0xfb, 0x18, 0xe9, 0x7a, 0xc1, 0x37, 0xcf, 0x58, 0xc1, 0xcc, 0x6f, 0xa7,
    0xf5, 0x05, 0xfb, 0x18, 0xe9, 0x7a, 0xc1, 0x37, 0xcf, 0x58, 0xc1, 0xcc,
    0x6f, 0xa7, 0xf5, 0x05, 0xfb, 0x18, 0xe9, 0x7a, 0xc1, 0x37, 0xcf, 0x58,
    0xc1, 0xcc, 0x6f, 0xa7, 0xf9, 0x05, 0x0b, 0x19, 0xe9, 0x7c, 0xc2, 0x27,
    0xd0, 0x58, 0xc1, 0xcc, 0x4f, 0xa5, 0xf9, 0x01, 0xfb, 0x18, 0xe9, 0x7c,
    0xc2, 0x27, 0xd0, 0x58, 0xc1, 0xcc, 0x4f, 0xa5, 0xf9, 0x01, 0xfb, 0x18,
    0xe9, 0x7c, 0xc2, 0x27, 0xd0, 0x58, 0xc1, 0xcc, 0x4f, 0xa5, 0xf9, 0x01,
    0xfb, 0x18, 0xe9, 0x7c, 0xc2, 0x27, 0xd0, 0x58, 0xc1, 0xcc, 0x4f, 0xa5,
    0xf9, 0x01, 0xfb, 0x18, 0xe9, 0x7c, 0xc2, 0x27, 0xd0, 0x58, 0xc1, 0xcc,
    0x4f, 0xa5, 0xf9, 0x01, 0xfb, 0x18, 0xe9, 0x7c, 0xc2, 0x27, 0xd0, 0x58,
    0xc1, 0xcc, 0x4f, 0xa5, 0xf9, 0x01, 0xfb, 0x18, 0xe9, 0x7c, 0xc2, 0x27,
    0xd0, 0x58, 0xc1, 0xcc, 0x4f, 0xa5, 0xf9, 0x01, 0xfb, 0x18, 0xe9, 0x7c,
    0xc2, 0x27, 0xd0, 0x58, 0xc1, 0xcc, 0x4f, 0xa5, 0xfd, 0x01, 0x0b, 0x19,
    0xe9, 0x7e, 0xc3, 0x17, 0xd1, 0x58, 0xc1, 0xcc, 0x2f, 0xa3, 0x7d, 0xce,
    0x3e, 0x46, 0xba, 0xdf, 0xf0, 0x45, 0x34, 0x56, 0x30, 0xf3, 0xcb, 0x68,
    0x9f, 0xb3, 0x8f, 0x91, 0xee, 0x37, 0x7c, 0x11, 0x8d, 0x15, 0xcc, 0xfc,
    0x32, 0xda, 0xe7, 0xec, 0x63, 0xa4, 0xfb, 0x0d, 0x5f, 0x44, 0x63, 0x05,
    0x33, 0xbf, 0x8c, 0xf6, 0x39, 0xfb, 0x18, 0xe9, 0x7e, 0xc3, 0x17, 0xd1,
    0x58, 0xc1, 0xcc, 0x2f, 0xa3, 0x7d, 0xce, 0x3e, 0x46, 0xba, 0xdf, 0xf0,
    0x45, 0x34, 0x56, 0x30, 0xf3, 0xcb, 0x68, 0x9f, 0xb3, 0x8f, 0x91, 0xee,
    0x37, 0x7c, 0x11, 0x8d, 0x15, 0xcc, 0xfc, 0x32, 0xda, 0xe7, 0xec, 0x63,
    0xa4, 0xfb, 0x0d, 0x5f, 0x44, 0x63, 0x05, 0x33, 0xbf, 0x8c, 0x84, 0x9c,
    0x85, 0x8c, 0x54, 0x18, 0xf1, 0x81, 0x34, 0x56, 0x30, 0xf3, 0x43, 0x48,
    0x88, 0xd9, 0xc7, 0x48, 0x85, 0x11, 0x1f, 0x48, 0x63, 0x05, 0x33, 0x3f,
    0x84, 0x84, 0x98, 0x7d, 0x8c, 0x54, 0x18, 0xf1, 0x81, 0x34, 0x56, 0x30,
    0xf3, 0x43, 0x48, 0x88, 0xd9, 0xc7, 0x48, 0x85, 0x11, 0x1f, 0x48, 0x63,
    0x05, 0x33, 0x3f, 0x84, 0x84, 0x98, 0x7d, 0x8c, 0x54, 0x18, 0xf1, 0x81,
    0x34, 0x56, 0x30, 0xf3, 0x43, 0x48, 0x88, 0xd9, 0xc7, 0x48, 0x85, 0x11,
    0x1f, 0x48, 0x63, 0x05, 0x33, 0x3f, 0x84, 0x84, 0x98, 0x7d, 0x8c, 0x54,
    0x18, 0xf1, 0x81, 0x34, 0x56, 0x30, 0xf3, 0x43, 0x48, 0x88, 0xd9, 0xc7,
    0x48, 0x85, 0x11, 0x1f, 0x48, 0x63, 0x05, 0x33, 0x3f, 0x84, 0x8c, 0x98,
    0x85, 0x8c, 0xd4, 0x58, 0xc1, 0x4c, 0x63, 0x05, 0x33, 0xd9, 0xc7, 0x48,
    0xd9, 0xc7, 0x48, 0x8d, 0x15, 0xcc, 0x34, 0x56, 0x30, 0x93, 0x7d, 0x8c,
    0x94, 0x7d, 0x8c, 0xd4, 0x58, 0xc1, 0x4c, 0x63, 0x05, 0x33, 0xd9, 0xc7,
    0x48, 0xd9, 0xc7, 0x48, 0x8d, 0x15, 0xcc, 0x34, 0x56, 0x30, 0x93, 0x7d,
    0x8c, 0x94, 0x7d, 0x8c, 0xd4, 0x58, 0xc1, 0x4c, 0x63, 0x05, 0x33, 0xd9,
    0xc7, 0x48, 0xd9, 0xc7, 0x48, 0x8d, 0x15, 0xcc, 0x34, 0x56, 0x30, 0x93,
    0x7d, 0x8c, 0x94, 0x7d, 0x8c, 0xd4, 0x58, 0xc1, 0x4c, 0x63, 0x05, 0x33,
    0xd9, 0xc7, 0x48, 0xd9, 0xc7, 0x48, 0x8d, 0x15, 0xcc, 0x34, 0x56, 0x30,
    0x93, 0x7d, 0x7e, 0x49, 0xca, 0x4f, 0x60, 0xa4, 0x3f, 0xff, 0x70, 0xc6,
    0x0a, 0x66, 0xfe, 0x6d, 0x34, 0x5e, 0x80, 0xdf, 0xdc, 0x48, 0x8d, 0x15,
    0xcc, 0x34, 0x56, 0x30, 0x93, 0x7d, 0x8c, 0x94, 0x7d, 0x8c, 0xd4, 0x58,
    0xc1, 0x4c, 0x63, 0x05, 0x33, 0xd9, 0xc7, 0x48, 0xd9, 0xc7, 0x48, 0x8d,
    0x15, 0xcc, 0x34, 0x56, 0x30, 0x93, 0x7d, 0x8c, 0x94, 0x7d, 0x8c, 0xd4,
    0x58, 0xc1, 0x4c, 0x63, 0x05, 0x33, 0xd9, 0xc7, 0x48, 0xd9, 0xc7, 0x48,
    0x8d, 0x15, 0xcc, 0x34, 0x56, 0x30, 0x93, 0x7d, 0x8c, 0x94, 0x7d, 0x8c,
    0xd4, 0x58, 0xc1, 0x4c, 0x63, 0x05, 0x33, 0xd9, 0xc7, 0x48, 0xd9, 0xc7,
    0x48, 0x8d, 0x15, 0x1f, 0x4c, 0x63, 0x06, 0x33, 0x3f, 0x84, 0x84, 0x98,
    0x7d, 0x8c, 0x54, 0x18, 0xf1, 0x81, 0x34, 0x56, 0x30, 0xf3, 0x43, 0x48,
    0x88, 0xd9, 0xc7, 0x48, 0x85, 0x11, 0x1f, 0x48, 0x63, 0x05, 0x33, 0x3f,
    0x84, 0x84, 0x98, 0x7d, 0x8c, 0x54, 0x18, 0xf1, 0x81, 0x34, 0x56, 0x30,
    0xf3, 0x43, 0x48, 0x88, 0xd9, 0xc7, 0x48, 0x85, 0x11, 0x1f, 0x48, 0x63,
    0x05, 0x33, 0x3f, 0x84, 0x84, 0x98, 0x7d, 0x8c, 0x54, 0x18, 0xf1, 0x81,
    0x34, 0x56, 0x30, 0xf3, 0x43, 0x48, 0x88, 0xd9, 0xc7, 0x48, 0x85, 0x11,
    0x1f, 0x48, 0x63, 0x05, 0x33, 0x3f, 0x84, 0x84, 0x98, 0x7d, 0x8c, 0x54,
    0x18, 0xf1, 0x81, 0x34, 0x56, 0x30, 0xf3, 0x43, 0x48, 0x88, 0xd9, 0xc7,
    0x48, 0x85, 0x11, 0x5f, 0x48, 0x63, 0x06, 0x33, 0xbf, 0x8c, 0xf6, 0x39,
    0xfb, 0x18, 0xe9, 0x7e, 0xc3, 0x17, 0xd1, 0x58, 0xc1, 0xcc, 0x2f, 0xa3,
    0x7d, 0xce, 0x3e, 0x46, 0xba, 0xdf, 0xf0, 0x45, 0x34, 0x56, 0x30, 0xf3,
    0xcb, 0x68, 0x9f, 0xb3, 0x8f, 0x91, 0xee, 0x37, 0x7c, 0x11, 0x8d, 0x15,
    0xcc, 0xfc, 0x32, 0xda, 0xe7, 0xec, 0x63, 0xa4, 0xfb, 0x0d, 0x5f, 0x44,
    0x63, 0x05, 0x33, 0xbf, 0x8c, 0xf6, 0x39, 0xfb, 0x18, 0xe9, 0x7e, 0xc3,
    0x17, 0xd1, 0x58, 0xc1, 0xcc, 0x2f, 0xa3, 0x7d, 0xce, 0x3e, 0x46, 0xba,
    0xdf, 0xf0, 0x45, 0x34, 0x56, 0x30, 0xf3, 0xcb, 0x68, 0x9f, 0xb3, 0x8f,
    0x91, 0xee, 0x37, 0x7c, 0x11, 0x8d, 0x15, 0xcc, 0xfc, 0x32, 0xda, 0xe7,
    0xec, 0x63, 0xa4, 0xfb, 0x0d, 0x9f, 0x44, 0x63, 0x06, 0x33, 0x3f, 0x95,
    0xe6, 0x07, 0xec, 0x63, 0xa4, 0xf3, 0x09, 0x9f, 0x40, 0x63, 0x05, 0x33,
    0x3f, 0x95, 0xe6, 0x07, 0xec, 0x63, 0xa4, 0xf3, 0x09, 0x9f, 0x40, 0x63,
    0x05, 0x33, 0x3f, 0x95, 0xe6, 0x07, 0xec, 0x63, 0xa4, 0xf3, 0x09, 0x9f,
    0x40, 0x63, 0x05, 0x33, 0x3f, 0x95, 0xe6, 0x07, 0xec, 0x63, 0xa4, 0xf3,
    0x09, 0x9f, 0x40, 0x63, 0x05, 0x33, 0x3f, 0x95, 0xe6, 0x07, 0xec, 0x63,
    0xa4, 0xf3, 0x09, 0x9f, 0x40, 0x63, 0x05, 0x33, 0x3f, 0x95, 0xe6, 0x07,
    0xec, 0x63, 0xa4, 0xf3, 0x09, 0x9f, 0x40, 0x63, 0x05, 0x33, 0x3f, 0x95,
    0xe6, 0x07, 0xec, 0x63, 0xa4, 0xf3, 0x09, 0x9f, 0x40, 0x63, 0x05, 0x33,
    0x3f, 0x95, 0xe6, 0x07, 0xec, 0x63, 0xa4, 0xf3, 0x09, 0xdf, 0x40, 0x63,
    0x06, 0x33, 0xbf, 0x9d, 0xd6, 0x17, 0xec, 0x63, 0xa4, 0xeb, 0x05, 0xdf,
    0x3c, 0x63, 0x05, 0x33, 0xbf, 0x9d, 0xd6, 0x17, 0xec, 0x63, 0xa4, 0xeb,
    0x05, 0xdf, 0x3c, 0x63, 0x05, 0x33, 0xbf, 0x9d, 0xd6, 0x17, 0xec, 0x63,
    0xa4, 0xeb, 0x05, 0xdf, 0x3c, 0x63, 0x05, 0x33, 0xbf, 0x9d, 0xd6, 0x17,
    0xec, 0x63, 0xa4, 0xeb, 0x05, 0xdf, 0x3c, 0x63, 0x05, 0x33, 0xbf, 0x9d,
    0xd6, 0x17, 0xec, 0x63, 0xa4, 0xeb, 0x05, 0xdf, 0x3c, 0x63, 0x05, 0x33,
    0xbf, 0x9d, 0xd6, 0x17, 0xec, 0x63, 0xa4, 0xeb, 0x05, 0xdf, 0x3c, 0x63,
    0x05, 0x33, 0xbf, 0x9d, 0xd6, 0x17, 0xec, 0x63, 0xa4, 0xeb, 0x05, 0xdf,
    0x3c, 0x63, 0x05, 0x33, 0xbf, 0x9d, 0xd6, 0x17, 0xec, 0x63, 0xa4, 0xeb,
    0x05, 0x0f, 0x3c, 0x63, 0x06, 0x33, 0x1f, 0xa4, 0xc6, 0x27, 0xec, 0x63,
    0xa4, 0xe3, 0x01, 0x0f, 0x38, 0x63, 0x05, 0x33, 0x1f, 0xa4, 0xc6, 0x27,
    0xec, 0x63, 0xa4, 0xe3, 0x01, 0x0f, 0x38, 0x63, 0x05, 0x33, 0x1f, 0xa4,
    0xc6, 0x27, 0xec, 0x63, 0xa4, 0xe3, 0x01, 0x0f, 0x38, 0x63, 0x05, 0x33,
    0x1f, 0xa4, 0xc6, 0x27, 0xec, 0x63, 0xa4, 0xe3, 0x01, 0x0f, 0x38, 0x63,
    0x05, 0x33, 0x1f, 0xa4, 0xc6, 0x27, 0xec, 0x63, 0xa4, 0xe3, 0x01, 0x0f,
    0x38, 0x63, 0x05, 0x33, 0x1f, 0xa4, 0xc6, 0x27, 0xec, 0x63, 0xa4, 0xe3,
    0x01, 0x0f, 0x38, 0x63, 0x05, 0x33, 0x1f, 0xa4, 0xc6, 0x27, 0xec, 0x63,
    0xa4, 0xe3, 0x01, 0x0f, 0x38, 0x63, 0x05, 0x33, 0x1f, 0xa4, 0xc6, 0x27,
    0xec, 0x63, 0xa4, 0xe3, 0x01, 0x2f, 0x38, 0x63, 0x06, 0x33, 0x5f, 0xac,
    0xb6, 0x37, 0xec, 0x63, 0xa4, 0x5b, 0xff, 0x17, 0x9a, 0xb1, 0x82, 0x99,
    0x2f, 0x56, 0xdb, 0x1b, 0xf6, 0x31, 0xd2, 0xad, 0xff, 0x0b, 0xcd, 0x58,
    0xc1, 0xcc, 0x17, 0xab, 0xed, 0x0d, 0xfb, 0x18, 0xe9, 0xd6, 0xff, 0x85,
    0x66, 0xac, 0x60, 0xe6, 0x8b, 0xd5, 0xf6, 0x86, 0x7d, 0x8c, 0x74, 0xeb,
    0xff, 0x42, 0x33, 0x56, 0x30, 0xf3, 0xc5, 0x6a, 0x7b, 0xc3, 0x3e, 0x46,
    0xba, 0xf5, 0x7f, 0xa1, 0x19, 0x2b, 0x98, 0xf9, 0x62, 0xb5, 0xbd, 0x61,
    0x1f, 0x23, 0xdd, 0xfa, 0xbf, 0xd0, 0x8c, 0x15, 0xcc, 0x7c, 0xb1, 0xda,
    0xde, 0xb0, 0x8f, 0x91, 0x6e, 0xfd, 0x5f, 0x68, 0xc6, 0x0a, 0x66, 0xbe,
    0x58, 0x6d, 0x6f, 0xd8, 0xc7, 0x48, 0xb7, 0xfe, 0x4f, 0x34, 0x63, 0x06,
    0x33, 0x9f, 0xb4, 0xa6, 0x47, 0xec, 0x63, 0xa4, 0x53, 0xfd, 0x27, 0x98,
    0xb1, 0x82, 0x99, 0x4f, 0x5a, 0xd3, 0x23, 0xf6, 0x31, 0xd2, 0xa9, 0xfe,
    0x13, 0xcc, 0x58, 0xc1, 0xcc, 0x27, 0xad, 0xe9, 0x11, 0xfb, 0x18, 0xe9,
    0x54, 0xff, 0x09, 0x66, 0xac, 0x60, 0xe6, 0x93, 0xd6, 0xf4, 0x88, 0x7d,
    0x8c, 0x74, 0xaa, 0xff, 0x04, 0x33, 0x56, 0x30, 0xf3, 0x49, 0x6b, 0x7a,
    0xc4, 0x3e, 0x46, 0x3a, 0xd5, 0x7f, 0x82, 0x19, 0x2b, 0x98, 0xf9, 0xa4,
    0x35, 0x3d, 0x62, 0x1f, 0x23, 0x9d, 0xea, 0x3f, 0xc1, 0x8c, 0x15, 0xcc,
    0x7c, 0xd2, 0x9a, 0x1e, 0xb1, 0x8f, 0x91, 0x4e, 0xf5, 0x9f, 0x60, 0xc6,
    0x0a, 0x66, 0x3e, 0x69, 0x4d, 0x8f, 0xd8, 0xc7, 0x48, 0xa7, 0xfa, 0x6f,
    0x30, 0x63, 0x06, 0x33, 0xdf, 0xbc, 0x96, 0x57, 0xec, 0x63, 0xa4, 0x4b,
    0xfb, 0x37, 0x96, 0xb1, 0x82, 0x99, 0x6f, 0x5e, 0xcb, 0x2b, 0xf6, 0x31,
    0xd2, 0xa5, 0xfd, 0x1b, 0xcb, 0x58, 0xc1, 0xcc, 0x37, 0xaf, 0xe5, 0x15,
    0xfb, 0x18, 0xe9, 0xd2, 0xfe, 0x8d, 0x65, 0xac, 0x60, 0xe6, 0x9b, 0xd7,
    0xf2, 0x8a, 0x7d, 0x8c, 0x74, 0x69, 0xff, 0xc6, 0x32, 0x56, 0x30, 0xf3,
    0xcd, 0x6b, 0x79, 0xc5, 0x3e, 0x46, 0xba, 0xb4, 0x7f, 0x63, 0x19, 0x2b,
    0x98, 0xf9, 0xe6, 0xb5, 0xbc, 0x62, 0x1f, 0x23, 0x5d, 0xda, 0xbf, 0xb1,
    0x8c, 0x15, 0xcc, 0x7c, 0xf3, 0x5a, 0x5e, 0xb1, 0x8f, 0x91, 0x2e, 0xed,
    0xdf, 0x58, 0xc6, 0x0a, 0x66, 0xbe, 0x79, 0x2d, 0xaf, 0xd8, 0xc7, 0x48,
    0x97, 0xf6, 0x8f, 0x2c, 0x63, 0x06, 0x33, 0x1f, 0xc5, 0x86, 0x67, 0xec,
    0x63, 0xa4, 0x43, 0xf9, 0x47, 0x94, 0xb1, 0x82, 0x99, 0x8f, 0x62, 0xc3,
    0x33, 0xf6, 0x31, 0xd2, 0xa1, 0xfc, 0x23, 0xca, 0x58, 0xc1, 0xcc, 0x47,
    0xb1, 0xe1, 0x19, 0xfb, 0x18, 0xe9, 0x50, 0xfe, 0x11, 0x65, 0xac, 0x60,
    0xe6, 0xa3, 0xd8, 0xf0, 0x8c, 0x7d, 0x8c, 0x74, 0x28, 0xff, 0x88, 0x32,
    0x56, 0x30, 0xf3, 0x51, 0x6c, 0x78, 0xc6, 0x3e, 0x46, 0x3a, 0x94, 0x7f,
    0x44, 0x19, 0x2b, 0x98, 0xf9, 0x28, 0x36, 0x3c, 0x63, 0x1f, 0x23, 0x1d,
    0xca, 0x3f, 0xa2, 0x8c, 0x15, 0xcc, 0x7c, 0x14, 0x1b, 0x9e, 0xb1, 0x8f,
    0x91, 0x0e, 0xe5, 0x1f, 0x51, 0xc6, 0x0a, 0x66, 0x3e, 0x8a, 0x0d, 0xcf,
    0xd8, 0xc7, 0x48, 0x87, 0xf2, 0xaf, 0x28, 0x63, 0x06, 0x33, 0x5f, 0xcd,
    0x76, 0x77, 0xec, 0x63, 0xa4, 0x3b, 0xf7, 0x57, 0x92, 0xb1, 0x82, 0x99,
    0xaf, 0x66, 0xbb, 0x3b, 0xf6, 0x31, 0xd2, 0x9d, 0xfb, 0x2b, 0xc9, 0x58,
    0xc1, 0xcc, 0x57, 0xb3, 0xdd, 0x1d, 0xfb, 0x18, 0xe9, 0xce, 0xfd, 0x95,
    0x64, 0xac, 0x60, 0xe6, 0xab, 0xd9, 0xee, 0x8e, 0x7d, 0x8c, 0x74, 0xe7,
    0xfe, 0x4a, 0x32, 0x56, 0x30, 0xf3, 0xd5, 0x6c, 0x77, 0xc7, 0x3e, 0x46,
    0xba, 0x73, 0x7f, 0x25, 0x19, 0x2b, 0x98, 0xf9, 0x6a, 0xb6, 0xbb, 0x63,
    0x1f, 0x23, 0xdd, 0xb9, 0xbf, 0x92, 0x8c, 0x15, 0xcc, 0x7c, 0x35, 0xdb,
    0xdd, 0xb1, 0x8f, 0x91, 0xee, 0xdc, 0x5f, 0x49, 0xc6, 0x0a, 0x66, 0xbe,
    0x9a, 0xed, 0xee, 0xd8, 0xc7, 0x48, 0x77, 0xee, 0xcf, 0x24, 0x63, 0x06,
    0x33, 0x9f, 0xd5, 0x66, 0x87, 0xec, 0x63, 0xa4, 0x33, 0xf5, 0x67, 0x90,
    0xb1, 0x82, 0x99, 0xcf, 0x6a, 0xb3, 0x43, 0xf6, 0x31, 0xd2, 0x99, 0xfa,
    0x33, 0xc8, 0x58, 0xc1, 0xcc, 0x67, 0xb5, 0xd9, 0x21, 0xfb, 0x18, 0xe9,
    0x4c, 0xfd, 0x19, 0x64, 0xac, 0x60, 0xe6, 0xb3, 0xda, 0xec, 0x90, 0x7d,
    0x8c, 0x74, 0xa6, 0xfe, 0x0c, 0x32, 0x56, 0x30, 0xf3, 0x59, 0x6d, 0x76,
    0xc8, 0x3e, 0x46, 0x3a, 0x53, 0x7f, 0x06, 0x19, 0x2b, 0x98, 0xf9, 0xac,
    0x36, 0x3b, 0x64, 0x1f, 0x23, 0x9d, 0xa9, 0x3f, 0x83, 0x8c, 0x15, 0xcc,
    0x7c, 0x56, 0x9b, 0x1d, 0xb2, 0x8f, 0x91, 0xce, 0xd4, 0x9f, 0x41, 0xc6,
    0x0a, 0x66, 0x3e, 0xab, 0xcd, 0x0e, 0xd9, 0xc7, 0x48, 0x67, 0xea, 0xef,
    0x20, 0x63, 0x06, 0x33, 0xdf, 0xdd, 0x56, 0x97, 0xec, 0x63, 0xa4, 0x2b,
    0xf3, 0x77, 0x8e, 0xb1, 0x82, 0x99, 0xef, 0x6e, 0xab, 0x4b, 0xf6, 0x31,
    0xd2, 0x95, 0xf9, 0x3b, 0xc7, 0x58, 0xc1, 0xcc, 0x77, 0xb7, 0xd5, 0x25,
    0xfb, 0x18, 0xe9, 0xca, 0xfc, 0x9d, 0x63, 0xac, 0x60, 0xe6, 0xbb, 0xdb,
    0xea, 0x92, 0x7d, 0x8c, 0x74, 0x65, 0xfe, 0xce, 0x31, 0x56, 0x30, 0xf3,
    0xdd, 0x6d, 0x75, 0xc9, 0x3e, 0x46, 0xba, 0x32, 0x7f, 0xe7, 0x18, 0x2b,
    0x98, 0xf9, 0xee, 0xb6, 0xba, 0x64, 0x1f, 0x23, 0x5d, 0x99, 0xbf, 0x73,
    0x8c, 0x15, 0xcc, 0x7c, 0x77, 0x5b, 0x5d, 0xb2, 0x8f, 0x91, 0xae, 0xcc,
    0xdf, 0x39, 0xc6, 0x0a, 0x66, 0xbe, 0xbb, 0xad, 0x2e, 0xd9, 0xc7, 0x48,
    0x57, 0xe6, 0x07, 0x8e, 0x31, 0x83, 0x99, 0x07, 0xb9, 0xd1, 0x29, 0xfb,
    0x18, 0xe9, 0x48, 0xfc, 0x80, 0x31, 0x56, 0x30, 0xf3, 0x20, 0x37, 0x3a,
    0x65, 0x1f, 0x23, 0x1d, 0x89, 0x1f, 0x30, 0xc6, 0x0a, 0x66, 0x1e, 0xe4,
    0x46, 0xa7, 0xec, 0x63, 0xa4, 0x23, 0xf1, 0x03, 0xc6, 0x58, 0xc1, 0xcc,
    0x83, 0xdc, 0xe8, 0x94, 0x7d, 0x8c, 0x74, 0x24, 0x7e, 0xc0, 0x18, 0x2b,
    0x98, 0x79, 0x90, 0x1b, 0x9d, 0xb2, 0x8f, 0x91, 0x8e, 0xc4, 0x0f, 0x18,
    0x63, 0x05, 0x33, 0x0f, 0x72, 0xa3, 0x53, 0xf6, 0x31, 0xd2, 0x91, 0xf8,
    0x01, 0x63, 0xac, 0x60, 0xe6, 0x41, 0x6e, 0x74, 0xca, 0x3e, 0x46, 0x3a,
    0x12, 0x3f, 0x60, 0x8c, 0x15, 0xcc, 0x3c, 0xc8, 0x8d, 0x4e, 0xd9, 0xc7,
    0x48, 0x47, 0xe2, 0x17, 0x8c, 0x31, 0x83, 0x99, 0x17, 0xbb, 0xcd, 0x2d,
    0xfb, 0x18, 0xe9, 0xc6, 0xfb, 0x42, 0x31, 0x56, 0x30, 0xf3, 0x62, 0xb7,
    0xb9, 0x65, 0x1f, 0x23, 0xdd, 0x78, 0x5f, 0x28, 0xc6, 0x0a, 0x66, 0x5e,
    0xec, 0x36, 0xb7, 0xec, 0x63, 0xa4, 0x1b, 0xef, 0x0b, 0xc5, 0x58, 0xc1,
    0xcc, 0x8b, 0xdd, 0xe6, 0x96, 0x7d, 0x8c, 0x74, 0xe3, 0x7d, 0xa1, 0x18,
    0x2b, 0x98, 0x79, 0xb1, 0xdb, 0xdc, 0xb2, 0x8f, 0x91, 0x6e, 0xbc, 0x2f,
    0x14, 0x63, 0x05, 0x33, 0x2f, 0x76, 0x9b, 0x5b, 0xf6, 0x31, 0xd2, 0x8d,
    0xf7, 0x85, 0x62, 0xac, 0x60, 0xe6, 0xc5, 0x6e, 0x73, 0xcb, 0x3e, 0x46,
    0xba, 0xf1, 0xbe, 0x50, 0x8c, 0x15, 0xcc, 0xbc, 0xd8, 0x6d, 0x6e, 0xd9,
    0xc7, 0x48, 0x37, 0xde, 0x27, 0x8a, 0x31, 0x83, 0x99, 0x27, 0xbd, 0xc9,
    0x31, 0xfb, 0x18, 0xe9, 0x44, 0xfb, 0x04, 0x31, 0x56, 0x30, 0xf3, 0xa4,
    0x37, 0x39, 0x66, 0x1f, 0x23, 0x9d, 0x68, 0x9f, 0x20, 0xc6, 0x0a, 0x66,
    0x9e, 0xf4, 0x26, 0xc7, 0xec, 0x63, 0xa4, 0x13, 0xed, 0x13, 0xc4, 0x58,
    0xc1, 0xcc, 0x93, 0xde, 0xe4, 0x98, 0x7d, 0x8c, 0x74, 0xa2, 0x7d, 0x82,
    0x18, 0x2b, 0x98, 0x79, 0xd2, 0x9b, 0x1c, 0xb3, 0x8f, 0x91, 0x4e, 0xb4,
    0x4f, 0x10, 0x63, 0x05, 0x33, 0x4f, 0x7a, 0x93, 0x63, 0xf6, 0x31, 0xd2,
    0x89, 0xf6, 0x09, 0x62, 0xac, 0x60, 0xe6, 0x49, 0x6f, 0x72, 0xcc, 0x3e,
    0x46, 0x3a, 0xd1, 0x3e, 0x41, 0x8c, 0x15, 0xcc, 0x3c, 0xe9, 0x4d, 0x8e,
    0xd9, 0xc7, 0x48, 0x27, 0xda, 0x37, 0x88, 0x31, 0x83, 0x99, 0x37, 0xbf,
    0xc5, 0x35, 0xfb, 0x18, 0xe9, 0xc2, 0xfa, 0xc6, 0x30, 0x56, 0x30, 0xf3,
    0xe6, 0xb7, 0xb8, 0x66, 0x1f, 0x23, 0x5d, 0x58, 0xdf, 0x18, 0xc6, 0x0a,
    0x66, 0xde, 0xfc, 0x16, 0xd7, 0xec, 0x63, 0xa4, 0x0b, 0xeb, 0x1b, 0xc3,
    0x58, 0xc1, 0xcc, 0x9b, 0xdf, 0xe2, 0x9a, 0x7d, 0x8c, 0x74, 0x61, 0x7d,
    0x63, 0x18, 0x2b, 0x98, 0x79, 0xf3, 0x5b, 0x5c, 0xb3, 0x8f, 0x91, 0x2e,
    0xac, 0x6f, 0x0c, 0x63, 0x05, 0x33, 0x6f, 0x7e, 0x8b, 0x6b, 0xf6, 0x31,
    0xd2, 0x85, 0xf5, 0x8d, 0x61, 0xac, 0x60, 0xe6, 0xcd, 0x6f, 0x71, 0xcd,
    0x3e, 0x46, 0xba, 0xb0, 0xbe, 0x31, 0x8c, 0x15, 0xcc, 0xbc, 0xf9, 0x2d,
    0xae, 0xd9, 0xc7, 0x48, 0x17, 0xd6, 0x47, 0x86, 0x31, 0x83, 0x99, 0x47,
    0xc1, 0xc1, 0x39, 0xfb, 0x18, 0xe9, 0x40, 0xfa, 0x88, 0x30, 0x56, 0x30,
    0xf3, 0x28, 0x38, 0x38, 0x67, 0x1f, 0x23, 0x1d, 0x48, 0x1f, 0x11, 0xc6,
    0x0a, 0x66, 0x1e, 0x05, 0x07, 0xe7, 0xec, 0x63, 0xa4, 0x03, 0xe9, 0x23,
    0xc2, 0x58, 0xc1, 0xcc, 0xa3, 0xe0, 0xe0, 0x9c, 0x7d, 0x8c, 0x74, 0x20,
    0x7d, 0x44, 0x18, 0x2b, 0x98, 0x79, 0x14, 0x1c, 0x9c, 0xb3, 0x8f, 0x91,
    0x0e, 0xa4, 0x8f, 0x08, 0x63, 0x05, 0x33, 0x8f, 0x82, 0x83, 0x73, 0xf6,
    0x31, 0xd2, 0x81, 0xf4, 0x11, 0x61, 0xac, 0x60, 0xe6, 0x51, 0x70, 0x70,
    0xce, 0x3e, 0x46, 0x3a, 0x90, 0x3e, 0x22, 0x8c, 0x15, 0xcc, 0x3c, 0x0a,
    0x0e, 0xce, 0xd9, 0xc7, 0x48, 0x07, 0xd2, 0x57, 0x84, 0x31, 0x83, 0x99,
    0x57, 0xc3, 0xfe, 0x9e, 0x7d, 0x8c, 0xb4, 0x77, 0xbe, 0x12, 0x8c, 0x15,
    0xcc, 0xbc, 0x1a, 0xf6, 0xf7, 0xec, 0x63, 0xa4, 0xbd, 0xf3, 0x95, 0x60,
    0xac, 0x60, 0xe6, 0xd5, 0xb0, 0xbf, 0x67, 0x1f, 0x23, 0xed, 0x9d, 0xaf,
    0x04, 0x63, 0x05, 0x33, 0xaf, 0x86, 0xfd, 0x3d, 0xfb, 0x18, 0x69, 0xef,
    0x7c, 0x25, 0x18, 0x2b, 0x98, 0x79, 0x35, 0xec, 0xef, 0xd9, 0xc7, 0x48,
    0x7b, 0xe7, 0x2b, 0xc1, 0x58, 0xc1, 0xcc, 0xab, 0x61, 0x7f, 0xcf, 0x3e,
    0x46, 0xda, 0x3b, 0x5f, 0x09, 0xc6, 0x0a, 0x66, 0x5e, 0x0d, 0xfb, 0x7b,
    0xf6, 0x31, 0xd2, 0xde, 0xf9, 0x4a, 0x30, 0x56, 0x30, 0xf3, 0x6a, 0xd8,
    0xdf, 0xb3, 0x8f, 0x91, 0xf6, 0xce, 0x67, 0x82, 0x31, 0x83, 0x99, 0x67,
    0xc5, 0xba, 0xc0, 0x3e, 0x46, 0x5a, 0x2b, 0x9f, 0x01, 0xc6, 0x0a, 0x66,
    0x9e, 0x15, 0xeb, 0x02, 0xfb, 0x18, 0x69, 0xad, 0x7c, 0x06, 0x18, 0x2b,
    0x98, 0x79, 0x56, 0xac, 0x0b, 0xec, 0x63, 0xa4, 0xb5, 0xf2, 0x19, 0x60,
    0xac, 0x60, 0xe6, 0x59, 0xb1, 0x2e, 0xb0, 0x8f, 0x91, 0xd6, 0xca, 0x67,
    0x80, 0xb1, 0x82, 0x99, 0x67, 0xc5, 0xba, 0xc0, 0x3e, 0x46, 0x5a, 0x2b,
    0x9f, 0x01, 0xc6, 0x0a, 0x66, 0x9e, 0x15, 0xeb, 0x02, 0xfb, 0x18, 0x69,
    0xad, 0x7c, 0x06, 0x18, 0x2b, 0x98, 0x79, 0x56, 0xac, 0x0b, 0xec, 0x63,
    0xa4, 0xb5, 0xf2, 0x19, 0x60, 0xac, 0x60, 0xe6, 0x59, 0xb1, 0x2e, 0xb0,
    0x8f, 0x91, 0xd6, 0xca, 0x77, 0x80, 0x31, 0x83, 0x99, 0x77, 0xc7, 0xb6,
    0xc1, 0x3e, 0x46, 0xda, 0x1a, 0xdf, 0xfb, 0xc6, 0x0a, 0x66, 0xde, 0x1d,
    0xdb, 0x06, 0xfb, 0x18, 0x69, 0x6b, 0x7c, 0xef, 0x1b, 0x2b, 0x98, 0x79,
    0x77, 0x6c, 0x1b, 0xec, 0x63, 0xa4, 0xad, 0xf1, 0xbd, 0x6f, 0xac, 0x60,
    0xe6, 0xdd, 0xb1, 0x6d, 0xb0, 0x8f, 0x91, 0xb6, 0xc6, 0xf7, 0xbe, 0xb1,
    0x82, 0x99, 0x77, 0xc7, 0xb6, 0xc1, 0x3e, 0x46, 0xda, 0x1a, 0xdf, 0xfb,
    0xc6, 0x0a, 0x66, 0xde, 0x1d, 0xdb, 0x06, 0xfb, 0x18, 0x69, 0x6b, 0x7c,
    0xef, 0x1b, 0x2b, 0x98, 0x79, 0x77, 0x6c, 0x1b, 0xec, 0x63, 0xa4, 0xad,
    0xf1, 0xbd, 0x6f, 0xac, 0x60, 0xe6, 0xdd, 0xb1, 0x6d, 0xb0, 0x8f, 0x91,
    0xb6, 0xc6, 0x41, 0xdf, 0x98, 0xc1, 0xcc, 0x40, 0xb2, 0xac, 0xb0, 0x8f,
    0x91, 0x96, 0xc2, 0x41, 0xdd, 0x58, 0xc1, 0xcc, 0x40, 0xb2, 0xac, 0xb0,
    0x8f, 0x91, 0x96, 0xc2, 0x41, 0xdd, 0x58, 0xc1, 0xcc, 0x40, 0xb2, 0xac,
    0xb0, 0x8f, 0x91, 0x96, 0xc2, 0x41, 0xdd, 0x58, 0xc1, 0xcc, 0x40, 0xb2,
    0xac, 0xb0, 0x8f, 0x91, 0x96, 0xc2, 0x41, 0xdd, 0x58, 0xc1, 0xcc, 0x40,
    0xb2, 0xac, 0xb0, 0x8f, 0x91, 0x96, 0xc2, 0x41, 0xdd, 0x58, 0xc1, 0xcc,
    0x40, 0xb2, 0xac, 0xb0, 0x8f, 0x91, 0x96, 0xc2, 0x41, 0xdd, 0x58, 0xc1,
    0xcc, 0x40, 0xb2, 0xac, 0xb0, 0x8f, 0x91, 0x96, 0xc2, 0x41, 0xdd, 0x58,
    0xc1, 0xcc, 0x40, 0xb2, 0xac, 0xb0, 0x8f, 0x91, 0x96, 0xc2, 0x49, 0xdd,
    0x98, 0xc1, 0xcc, 0xc4, 0xb2, 0xeb, 0xb0, 0x8f, 0x91, 0x76, 0xbe, 0x49,
    0xdb, 0x58, 0xc1, 0xcc, 0xc4, 0xb2, 0xeb, 0xb0, 0x8f, 0x91, 0x76, 0xbe,
    0x49, 0xdb, 0x58, 0xc1, 0xcc, 0xc4, 0xb2, 0xeb, 0xb0, 0x8f, 0x91, 0x76,
    0xbe, 0x49, 0xdb, 0x58, 0xc1, 0xcc, 0xc4, 0xb2, 0xeb, 0xb0, 0x8f, 0x91,
    0x76, 0xbe, 0x49, 0xdb, 0x58, 0xc1, 0xcc, 0xc4, 0xb2, 0xeb, 0xb0, 0x8f,
    0x91, 0x76, 0xbe, 0x49, 0xdb, 0x58, 0xc1, 0xcc, 0xc4, 0xb2, 0xeb, 0xb0,
    0x8f, 0x91, 0x76, 0xbe, 0x49, 0xdb, 0x58, 0xc1, 0xcc, 0xc4, 0xb2, 0xeb,
    0xb0, 0x8f, 0x91, 0x76, 0xbe, 0x49, 0xdb, 0x58, 0xc1, 0xcc, 0xc4, 0xb2,
    0xeb, 0xb0, 0x8f, 0x91, 0x76, 0xbe, 0x51, 0xdb, 0x98, 0xc1, 0xcc, 0x48,
    0xb3, 0x2a, 0xb1, 0x8f, 0x91, 0x56, 0xba, 0x51, 0xd9, 0x58, 0xc1, 0xcc,
    0x48, 0xb3, 0x2a, 0xb1, 0x8f, 0x91, 0x56, 0xba, 0x51, 0xd9, 0x58, 0xc1,
    0xcc, 0x48, 0xb3, 0x2a, 0xb1, 0x8f, 0x91, 0x56, 0xba, 0x51, 0xd9, 0x58,
    0xc1, 0xcc, 0x48, 0xb3, 0x2a, 0xb1, 0x8f, 0x91, 0x56, 0xba, 0x51, 0xd9,
    0x58, 0xc1, 0xcc, 0x48, 0xb3, 0x2a, 0xb1, 0x8f, 0x91, 0x56, 0xba, 0x51,
    0xd9, 0x58, 0xc1, 0xcc, 0x48, 0xb3, 0x2a, 0xb1, 0x8f, 0x91, 0x56, 0xba,
    0x51, 0xd9, 0x58, 0xc1, 0xcc, 0x48, 0xb3, 0x2a, 0xb1, 0x8f, 0x91, 0x56,
    0xba, 0x51, 0xd9, 0x58, 0xc1, 0xcc, 0x48, 0xb3, 0x2a, 0xb1, 0x8f, 0x91,
    0x56, 0xba, 0x59, 0xd9, 0x98, 0xc1, 0xcc, 0xcc, 0xb3, 0x69, 0xb1, 0x8f,
    0x91, 0x36, 0xb6, 0x59, 0xd7, 0x58, 0xc1, 0xcc, 0xcc, 0xb3, 0x69, 0xb1,
    0x8f, 0x91, 0x36, 0xb6, 0x59, 0xd7, 0x58, 0xc1, 0xcc, 0xcc, 0xb3, 0x69,
    0xb1, 0x8f, 0x91, 0x36, 0xb6, 0x59, 0xd7, 0x58, 0xc1, 0xcc, 0xcc, 0xb3,
    0x69, 0xb1, 0x8f, 0x91, 0x36, 0xb6, 0x59, 0xd7, 0x58, 0xc1, 0xcc, 0xcc,
    0xb3, 0x69, 0xb1, 0x8f, 0x91, 0x36, 0xb6, 0x59, 0xd7, 0x58, 0xc1, 0xcc,
    0xcc, 0xb3, 0x69, 0xb1, 0x8f, 0x91, 0x36, 0xb6, 0x59, 0xd7, 0x58, 0xc1,
    0xcc, 0xcc, 0xb3, 0x69, 0xb1, 0x8f, 0x91, 0x36, 0xb6, 0x59, 0xd7, 0x58,
    0xc1, 0xcc, 0xcc, 0xb3, 0x69, 0xb1, 0x8f, 0x91, 0x36, 0xb6, 0x61, 0xd7,
    0x98, 0xc1, 0xcc, 0x50, 0xb4, 0xa8, 0xb1, 0x8f, 0x91, 0x16, 0xb2, 0x61,
    0xd5, 0x58, 0xc1, 0xcc, 0x50, 0xb4, 0xa8, 0xb1, 0x8f, 0x91, 0x16, 0xb2,
    0x61, 0xd5, 0x58, 0xc1, 0xcc, 0x50, 0xb4, 0xa8, 0xb1, 0x8f, 0x91, 0x16,
    0xb2, 0x61, 0xd5, 0x58, 0xc1, 0xcc, 0x50, 0xb4, 0xa8, 0xb1, 0x8f, 0x91,
    0x16, 0xb2, 0x61, 0xd5, 0x58, 0xc1, 0xcc, 0x50, 0xb4, 0xa8, 0xb1, 0x8f,
    0x91, 0x16, 0xb2, 0x61, 0xd5, 0x58, 0xc1, 0xcc, 0x50, 0xb4, 0xa8, 0xb1,
    0x8f, 0x91, 0x16, 0xb2, 0x61, 0xd5, 0x58, 0xc1, 0xcc, 0x50, 0xb4, 0xa8,
    0xb1, 0x8f, 0x91, 0x16, 0xb2, 0x61, 0xd5, 0x58, 0xc1, 0xcc, 0x50, 0xb4,
    0xa8, 0xb1, 0x8f, 0x91, 0x16, 0xb2, 0x69, 0xd5, 0x98, 0xc1, 0xcc, 0xd4,
    0x34, 0xef, 0xb1, 0x8f, 0x91, 0xe6, 0xae, 0x69, 0xd3, 0x58, 0xc1, 0xcc,
    0xd4, 0x34, 0xef, 0xb1, 0x8f, 0x91, 0xe6, 0xae, 0x69, 0xd3, 0x58, 0xc1,
    0xcc, 0xd4, 0x34, 0xef, 0xb1, 0x8f, 0x91, 0xe6, 0xae, 0x69, 0xd3, 0x58,
    0xc1, 0xcc, 0xd4, 0x34, 0xef, 0xb1, 0x8f, 0x91, 0xe6, 0xae, 0x69, 0xd3,
    0x58, 0xc1, 0xcc, 0xd4, 0x34, 0xef, 0xb1, 0x8f, 0x91, 0xe6, 0xae, 0x69,
    0xd3, 0x58, 0xc1, 0xcc, 0xd4, 0x34, 0xef, 0xb1, 0x8f, 0x91, 0xe6, 0xae,
    0x69, 0xd3, 0x58, 0xc1, 0xcc, 0xd4, 0x34, 0xef, 0xb1, 0x8f, 0x91, 0xe6,
    0xae, 0x69, 0xd3, 0x58, 0xc1, 0xcc, 0xd4, 0x34, 0xef, 0xb1, 0x8f, 0x91,
    0xe6, 0xae, 0x71, 0xd3, 0x98, 0xc1, 0xcc, 0x58, 0x35, 0x2e, 0xb2, 0x8f,
    0x91, 0xc6, 0xaa, 0x71, 0xd1, 0x58, 0xc1, 0xcc, 0x58, 0x35, 0x2e, 0xb2,
    0x8f, 0x91, 0xc6, 0xaa, 0x71, 0xd1, 0x58, 0xc1, 0xcc, 0x58, 0x35, 0x2e,
    0xb2, 0x8f, 0x91, 0xc6, 0xaa, 0x71, 0xd1, 0x58, 0xc1, 0xcc, 0x58, 0x35,
    0x2e, 0xb2, 0x8f, 0x91, 0xc6, 0xaa, 0x71, 0xd1, 0x58, 0xc1, 0xcc, 0x58,
    0x35, 0x2e, 0xb2, 0x8f, 0x91, 0xc6, 0xaa, 0x71, 0xd1, 0x58, 0xc1, 0xcc,
    0x58, 0x35, 0x2e, 0xb2, 0x8f, 0x91, 0xc6, 0xaa, 0x71, 0xd1, 0x58, 0xc1,
    0xcc, 0x58, 0x35, 0x2e, 0xb2, 0x8f, 0x91, 0xc6, 0xaa, 0x71, 0xd1, 0x58,
    0xc1, 0xcc, 0x58, 0x35, 0x2e, 0xb2, 0x8f, 0x91, 0xc6, 0xaa, 0x79, 0xd1,
    0x98, 0xc1, 0xcc, 0xdc, 0x35, 0x6d, 0xb2, 0x8f, 0x91, 0xa6, 0xa6, 0x79,
    0xcf, 0x58, 0xc1, 0xcc, 0xdc, 0x35, 0x6d, 0xb2, 0x8f, 0x91, 0xa6, 0xa6,
    0x79, 0xcf, 0x58, 0xc1, 0xcc, 0xdc, 0x35, 0x6d, 0xb2, 0x8f, 0x91, 0xa6,
    0xa6, 0x79, 0xcf, 0x58, 0xc1, 0xcc, 0xdc, 0x35, 0x6d, 0xb2, 0x8f, 0x91,
    0xa6, 0xa6, 0x79, 0xcf, 0x58, 0xc1, 0xcc, 0xdc, 0x35, 0x6d, 0xb2, 0x8f,
    0x91, 0xa6, 0xa6, 0x79, 0xcf, 0x58, 0xc1, 0xcc, 0xdc, 0x35, 0x6d, 0xb2,
    0x8f, 0x91, 0xa6, 0xa6, 0x79, 0xcf, 0x58, 0xc1, 0xcc, 0xdc, 0x35, 0x6d,
    0xb2, 0x8f, 0x91, 0xa6, 0xa6, 0x79, 0xcf, 0x58, 0xc1, 0xcc, 0xdc, 0x35,
    0x6d, 0xb2, 0x8f, 0x91, 0xa6, 0xa6, 0x45, 0xcf, 0x98, 0xc1, 0xcc, 0x42,
    0x36, 0xac, 0xb2, 0x8f, 0x91, 0x86, 0xa2, 0x45, 0xcd, 0x58, 0xc1, 0xcc,
    0x42, 0x36, 0xac, 0xb2, 0x8f, 0x91, 0x86, 0xa2, 0x45, 0xcd, 0x58, 0xc1,
    0xcc, 0x42, 0x36, 0xac, 0xb2, 0x8f, 0x91, 0x86, 0xa2, 0x45, 0xcd, 0x58,
    0xc1, 0xcc, 0x42, 0x36, 0xac, 0xb2, 0x8f, 0x91, 0x86, 0xa2, 0x45, 0xcd,
    0x58, 0xc1, 0xcc, 0x42, 0x36, 0xac, 0xb2, 0x8f, 0x91, 0x86, 0xa2, 0x45,
    0xcd, 0x58, 0xc1, 0xcc, 0x42, 0x36, 0xac, 0xb2, 0x8f, 0x91, 0x86, 0xa2,
    0x45, 0xcd, 0x58, 0xc1, 0xcc, 0x42, 0x36, 0xac, 0xb2, 0x8f, 0x91, 0x86,
    0xa2, 0x45, 0xcd, 0x58, 0xc1, 0xcc, 0x42, 0x36, 0xac, 0xb2, 0x8f, 0x91,
    0x86, 0xa2, 0x4d, 0xcd, 0x98, 0xc1, 0xcc, 0xc6, 0x36, 0xeb, 0xb2, 0x8f,
    0x91, 0x66, 0x9e, 0x4d, 0xcb, 0x58, 0xc1, 0xcc, 0xc6, 0x36, 0xeb, 0xb2,
    0x8f, 0x91, 0x66, 0x9e, 0x4d, 0xcb, 0x58, 0xc1, 0xcc, 0xc6, 0x36, 0xeb,
    0xb2, 0x8f, 0x91, 0x66, 0x9e, 0x4d, 0xcb, 0x58, 0xc1, 0xcc, 0xc6, 0x36,
    0xeb, 0xb2, 0x8f, 0x91, 0x66, 0x9e, 0x4d, 0xcb, 0x58, 0xc1, 0xcc, 0xc6,
    0x36, 0xeb, 0xb2, 0x8f, 0x91, 0x66, 0x9e, 0x4d, 0xcb, 0x58, 0xc1, 0xcc,
    0xc6, 0x36, 0xeb, 0xb2, 0x8f, 0x91, 0x66, 0x9e, 0x4d, 0xcb, 0x58, 0xc1,
    0xcc, 0xc6, 0x36, 0xeb, 0xb2, 0x8f, 0x91, 0x66, 0x9e, 0x4d, 0xcb, 0x58,
    0xc1, 0xcc, 0xc6, 0x36, 0xeb, 0xb2, 0x8f, 0x91, 0x66, 0x9e, 0x55, 0xcb,
    0x98, 0xc1, 0xcc, 0x4a, 0x37, 0x2a, 0xb3, 0x8f, 0x91, 0x46, 0x9a, 0x55,
    0xc9, 0x58, 0xc1, 0xcc, 0x4a, 0x37, 0x2a, 0xb3, 0x8f, 0x91, 0x46, 0x9a,
    0x55, 0xc9, 0x58, 0xc1, 0xcc, 0x4a, 0x37, 0x2a, 0xb3, 0x8f, 0x91, 0x46,
    0x9a, 0x55, 0xc9, 0x58, 0xc1, 0xcc, 0x4a, 0x37, 0x2a, 0xb3, 0x8f, 0x91,
    0x46, 0x9a, 0x55, 0xc9, 0x58, 0xc1, 0xcc, 0x4a, 0x37, 0x2a, 0xb3, 0x8f,
    0x91, 0x46, 0x9a, 0x55, 0xc9, 0x58, 0xc1, 0xcc, 0x4a, 0x37, 0x2a, 0xb3,
    0x8f, 0x91, 0x46, 0x9a, 0x55, 0xc9, 0x58, 0xc1, 0xcc, 0x4a, 0x37, 0x2a,
    0xb3, 0x8f, 0x91, 0x46, 0x9a, 0x55, 0xc9, 0x58, 0xc1, 0xcc, 0x4a, 0x37,
    0x2a, 0xb3, 0x8f, 0x91, 0x46, 0x9a, 0x5d, 0xc9, 0x98, 0xc1, 0xcc, 0xce,
    0x37, 0x69, 0xb3, 0x8f, 0x91, 0x26, 0x96, 0x5d, 0xc7, 0x58, 0xc1, 0xcc,
    0xce, 0x37, 0x69, 0xb3, 0x8f, 0x91, 0x26, 0x96, 0x5d, 0xc7, 0x58, 0xc1,
    0xcc, 0xce, 0x37, 0x69, 0xb3, 0x8f, 0x91, 0x26, 0x96, 0x5d, 0xc7, 0x58,
    0xc1, 0xcc, 0xce, 0x37, 0x69, 0xb3, 0x8f, 0x91, 0x26, 0x96, 0x5d, 0xc7,
    0x58, 0xc1, 0xcc, 0xce, 0x37, 0x69, 0xb3, 0x8f, 0x91, 0x26, 0x96, 0x5d,
    0xc7, 0x58, 0xc1, 0xcc, 0xce, 0x37, 0x69, 0xb3, 0x8f, 0x91, 0x26, 0x96,
    0x5d, 0xc7, 0x58, 0xc1, 0xcc, 0xce, 0x37, 0x69, 0xb3, 0x8f, 0x91, 0x26,
    0x96, 0x5d, 0xc7, 0x58, 0xc1, 0xcc, 0xce, 0x37, 0x69, 0xb3, 0x8f, 0x91,
    0x26, 0x96, 0x65, 0xc7, 0x98, 0xc1, 0xcc, 0x52, 0x38, 0xa8, 0xb3, 0x8f,
    0x91, 0x06, 0x92, 0x65, 0xc5, 0x58, 0xc1, 0xcc, 0x52, 0x38, 0xa8, 0xb3,
    0x8f, 0x91, 0x06, 0x92, 0x65, 0xc5, 0x58, 0xc1, 0xcc, 0x52, 0x38, 0xa8,
    0xb3, 0x8f, 0x91, 0x06, 0x92, 0x65, 0xc5, 0x58, 0xc1, 0xcc, 0x52, 0x38,
    0xa8, 0xb3, 0x8f, 0x91, 0x06, 0x92, 0x65, 0xc5, 0x58, 0xc1, 0xcc, 0x52,
    0x38, 0xa8, 0xb3, 0x8f, 0x91, 0x06, 0x92, 0x65, 0xc5, 0x58, 0xc1, 0xcc,
    0x52, 0x38, 0xa8, 0xb3, 0x8f, 0x91, 0x06, 0x92, 0x65, 0xc5, 0x58, 0xc1,
    0xcc, 0x52, 0x38, 0xa8, 0xb3, 0x8f, 0x91, 0x06, 0x92, 0x65, 0xc5, 0x58,
    0xc1, 0xcc, 0x52, 0x38, 0xa8, 0xb3, 0x8f, 0x91, 0x06, 0x92, 0x6d, 0xc5,
    0x98, 0xc1, 0xcc, 0xd6, 0xf8, 0xde, 0x67, 0x1f, 0x23, 0xbd, 0x3b, 0xb6,
    0x0d, 0x63, 0x05, 0x33, 0x5b, 0xe3, 0x7b, 0x9f, 0x7d, 0x8c, 0xf4, 0xee,
    0xd8, 0x36, 0x8c, 0x15, 0xcc, 0x6c, 0x8d, 0xef, 0x7d, 0xf6, 0x31, 0xd2,
    0xbb, 0x63, 0xdb, 0x30, 0x56, 0x30, 0xb3, 0x35, 0xbe, 0xf7, 0xd9, 0xc7,
    0x48, 0xef, 0x8e, 0x6d, 0xc3, 0x58, 0xc1, 0xcc, 0xd6, 0xf8, 0xde, 0x67,
    0x1f, 0x23, 0xbd, 0x3b, 0xb6, 0x0d, 0x63, 0x05, 0x33, 0x5b, 0xe3, 0x7b,
    0x9f, 0x7d, 0x8c, 0xf4, 0xee, 0xd8, 0x36, 0x8c, 0x15, 0xcc, 0x6c, 0x8d,
    0xef, 0x7d, 0xf6, 0x31, 0xd2, 0xbb, 0x63, 0xdb, 0x30, 0x56, 0x30, 0xb3,
    0x35, 0xbe, 0xf7, 0xd9, 0xc7, 0x48, 0xef, 0x8e, 0x75, 0xc3, 0x98, 0xc1,
    0xcc, 0x5a, 0xf9, 0x0c, 0x60, 0x1f, 0x23, 0x3d, 0x2b, 0xd6, 0x05, 0x63,
    0x05, 0x33, 0x6b, 0xe5, 0x33, 0x80, 0x7d, 0x8c, 0xf4, 0xac, 0x58, 0x17,
    0x8c, 0x15, 0xcc, 0xac, 0x95, 0xcf, 0x00, 0xf6, 0x31, 0xd2, 0xb3, 0x62,
    0x5d, 0x30, 0x56, 0x30, 0xb3, 0x56, 0x3e, 0x03, 0xd8, 0xc7, 0x48, 0xcf,
    0x8a, 0x75, 0xc1, 0x58, 0xc1, 0xcc, 0x5a, 0xf9, 0x0c, 0x60, 0x1f, 0x23,
    0x3d, 0x2b, 0xd6, 0x05, 0x63, 0x05, 0x33, 0x6b, 0xe5, 0x33, 0x80, 0x7d,
    0x8c, 0xf4, 0xac, 0x58, 0x17, 0x8c, 0x15, 0xcc, 0xac, 0x95, 0xcf, 0x00,
    0xf6, 0x31, 0xd2, 0xb3, 0x62, 0x5d, 0x30, 0x56, 0x30, 0xb3, 0x56, 0x3e,
    0x03, 0xd8, 0xc7, 0x48, 0xcf, 0x8a, 0x7d, 0xc1, 0x98, 0xc1, 0xcc, 0xde,
    0xf9, 0x4a, 0x60, 0x1f, 0x23, 0xbd, 0x1a, 0xf6, 0xf7, 0xc6, 0x0a, 0x66,
    0xf6, 0xce, 0x57, 0x02, 0xfb, 0x18, 0xe9, 0xd5, 0xb0, 0xbf, 0x37, 0x56,
    0x30, 0xb3, 0x77, 0xbe, 0x12, 0xd8, 0xc7, 0x48, 0xaf, 0x86, 0xfd, 0xbd,
    0xb1, 0x82, 0x99, 0xbd, 0xf3, 0x95, 0xc0, 0x3e, 0x46, 0x7a, 0x35, 0xec,
    0xef, 0x8d, 0x15, 0xcc, 0xec, 0x9d, 0xaf, 0x04, 0xf6, 0x31, 0xd2, 0xab,
    0x61, 0x7f, 0x6f, 0xac, 0x60, 0x66, 0xef, 0x7c, 0x25, 0xb0, 0x8f, 0x91,
    0x5e, 0x0d, 0xfb, 0x7b, 0x63, 0x05, 0x33, 0x7b, 0xe7, 0x2b, 0x81, 0x7d,
    0x8c, 0xf4, 0x6a, 0xd8, 0xdf, 0x1b, 0x2b, 0x98, 0xd9, 0x3b, 0x5f, 0x09,
    0xec, 0x63, 0xa4, 0x57, 0xc3, 0xc1, 0xbd, 0x31, 0x83, 0x99, 0x03, 0xe9,
    0x23, 0x82, 0x7d, 0x8c, 0xf4, 0x28, 0x38, 0x38, 0x37, 0x56, 0x30, 0x73,
    0x20, 0x7d, 0x44, 0xb0, 0x8f, 0x91, 0x1e, 0x05, 0x07, 0xe7, 0xc6, 0x0a,
    0x66, 0x0e, 0xa4, 0x8f, 0x08, 0xf6, 0x31, 0xd2, 0xa3, 0xe0, 0xe0, 0xdc,
    0x58, 0xc1, 0xcc, 0x81, 0xf4, 0x11, 0xc1, 0x3e, 0x46, 0x7a, 0x14, 0x1c,
    0x9c, 0x1b, 0x2b, 0x98, 0x39, 0x90, 0x3e, 0x22, 0xd8, 0xc7, 0x48, 0x8f,
    0x82, 0x83, 0x73, 0x63, 0x05, 0x33, 0x07, 0xd2, 0x47, 0x04, 0xfb, 0x18,
    0xe9, 0x51, 0x70, 0x70, 0x6e, 0xac, 0x60, 0xe6, 0x40, 0xfa, 0x88, 0x60,
    0x1f, 0x23, 0x3d, 0x0a, 0x0e, 0xce, 0x8d, 0x15, 0xcc, 0x1c, 0x48, 0x1f,
    0x11, 0xec, 0x63, 0xa4, 0xff, 0x0c, 0x28, 0x33, 0x8f, 0x6f, 0x32, 0x38,
    0x67, 0x1f, 0x23, 0x1d, 0x48, 0x1f, 0x11, 0xc6, 0x0a, 0x66, 0x1e, 0x05,
    0x07, 0xe7, 0xec, 0x63, 0xa4, 0x03, 0xe9, 0x23, 0xc2, 0x58, 0xc1, 0xcc,
    0xa3, 0xe0, 0xe0, 0x9c, 0x7d, 0x8c, 0x74, 0x20, 0x7d, 0x44, 0x18, 0x2b,
    0x98, 0x79, 0x14, 0x1c, 0x9c, 0xb3, 0x8f, 0x91, 0x0e, 0xa4, 0x8f, 0x08,
    0x63, 0x05, 0x33, 0x8f, 0x82, 0x83, 0x73, 0xf6, 0x31, 0xd2, 0x81, 0xf4,
    0x11, 0x61, 0xac, 0x60, 0xe6, 0x51, 0x70, 0x70, 0xce, 0x3e, 0x46, 0x3a,
    0x90, 0x3e, 0x22, 0x8c, 0x15, 0xcc, 0x3c, 0x0a, 0x0e, 0xce, 0xd9, 0xc7,
    0x48, 0x07, 0xd2, 0x47, 0x84, 0xb1, 0x82, 0x99, 0x47, 0xc1, 0xc1, 0x39,
    0xfb, 0x18, 0xe9, 0x40, 0xfa, 0x8a, 0x30, 0x66, 0x30, 0xf3, 0x6a, 0xd8,
    0xdf, 0xb3, 0x8f, 0x91, 0xf6, 0xce, 0x57, 0x82, 0xb1, 0x82, 0x99, 0x57,
    0xc3, 0xfe, 0x9e, 0x7d, 0x8c, 0xb4, 0x77, 0xbe, 0x12, 0x8c, 0x15, 0xcc,
    0xbc, 0x1a, 0xf6, 0xf7, 0xec, 0x63, 0xa4, 0xbd, 0xf3, 0x95, 0x60, 0xac,
    0x60, 0xe6, 0xd5, 0xb0, 0xbf, 0x67, 0x1f, 0x23, 0xed, 0x9d, 0xaf, 0x04,
    0x63, 0x05, 0x33, 0xaf, 0x86, 0xfd, 0x3d, 0xfb, 0x18, 0x69, 0xef, 0x7c,
    0x25, 0x18, 0x2b, 0x98, 0x79, 0x35, 0xec, 0xef, 0xd9, 0xc7, 0x48, 0x7b,
    0xe7, 0x2b, 0xc1, 0x58, 0xc1, 0xcc, 0xab, 0x61, 0x7f, 0xcf, 0x3e, 0x46,
    0xda, 0x3b, 0x5f, 0x09, 0xc6, 0x0a, 0x66, 0x5e, 0x0d, 0xfb, 0x7b, 0xf6,
    0x31, 0xd2, 0xde, 0xf9, 0x4c, 0x30, 0x66, 0x30, 0xf3, 0xac, 0x58, 0x17,
    0xd8, 0xc7, 0x48, 0x6b, 0xe5, 0x33, 0xc0, 0x58, 0xc1, 0xcc, 0xb3, 0x62,
    0x5d, 0x60, 0x1f, 0x23, 0xad, 0x95, 0xcf, 0x00, 0x63, 0x05, 0x33, 0xcf,
    0x8a, 0x75, 0x81, 0x7d, 0x8c, 0xb4, 0x56, 0x3e, 0x03, 0x8c, 0x15, 0xcc,
    0x3c, 0x2b, 0xd6, 0x05, 0xf6, 0x31, 0xd2, 0x5a, 0xf9, 0x0c, 0x30, 0x56,
    0x30, 0xf3, 0xac, 0x58, 0x17, 0xd8, 0xc7, 0x48, 0x6b, 0xe5, 0x33, 0xc0,
    0x58, 0xc1, 0xcc, 0xb3, 0x62, 0x5d, 0x60, 0x1f, 0x23, 0xad, 0x95, 0xcf,
    0x00, 0x63, 0x05, 0x33, 0xcf, 0x8a, 0x75, 0x81, 0x7d, 0x8c, 0xb4, 0x56,
    0x3e, 0x03, 0x8c, 0x15, 0xcc, 0x3c, 0x2b, 0xd6, 0x05, 0xf6, 0x31, 0xd2,
    0x5a, 0xf9, 0x0e, 0x30, 0x66, 0x30, 0xf3, 0xee, 0xd8, 0x36, 0xd8, 0xc7,
    0x48, 0x5b, 0xe3, 0x7b, 0xdf, 0x58, 0xc1, 0xcc, 0xbb, 0x63, 0xdb, 0x60,
    0x1f, 0x23, 0x6d, 0x8d, 0xef, 0x7d, 0x63, 0x05, 0x33, 0xef, 0x8e, 0x6d,
    0x83, 0x7d, 0x8c, 0xb4, 0x35, 0xbe, 0xf7, 0x8d, 0x15, 0xcc, 0xbc, 0x3b,
    0xb6, 0x0d, 0xf6, 0x31, 0xd2, 0xd6, 0xf8, 0xde, 0x37, 0x56, 0x30, 0xf3,
    0xee, 0xd8, 0x36, 0xd8, 0xc7, 0x48, 0x5b, 0xe3, 0x7b, 0xdf, 0x58, 0xc1,
    0xcc, 0xbb, 0x63, 0xdb, 0x60, 0x1f, 0x23, 0x6d, 0x8d, 0xef, 0x7d, 0x63,
    0x05, 0x33, 0xef, 0x8e, 0x6d, 0x83, 0x7d, 0x8c, 0xb4, 0x35, 0xbe, 0xf7,
    0x8d, 0x15, 0xcc, 0xbc, 0x3b, 0xb6, 0x0d, 0xf6, 0x31, 0xd2, 0xd6, 0x38,
    0xe8, 0x1b, 0x33, 0x98, 0x19, 0x48, 0x96, 0x15, 0xf6, 0x31, 0xd2, 0x52,
    0x38, 0xa8, 0x1b, 0x2b, 0x98, 0x19, 0x48, 0x96, 0x15, 0xf6, 0x31, 0xd2,
    0x52, 0x38, 0xa8, 0x1b, 0x2b, 0x98, 0x19, 0x48, 0x96, 0x15, 0xf6, 0x31,
    0xd2, 0x52, 0x38, 0xa8, 0x1b, 0x2b, 0x98, 0x19, 0x48, 0x96, 0x15, 0xf6,
    0x31, 0xd2, 0x52, 0x38, 0xa8, 0x1b, 0x2b, 0x98, 0x19, 0x48, 0x96, 0x15,
    0xf6, 0x31, 0xd2, 0x52, 0x38, 0xa8, 0x1b, 0x2b, 0x98, 0x19, 0x48, 0x96,
    0x15, 0xf6, 0x31, 0xd2, 0x52, 0x38, 0xa8, 0x1b, 0x2b, 0x98, 0x19, 0x48,
    0x96, 0x15, 0xf6, 0x31, 0xd2, 0x52, 0x38, 0xa8, 0x1b, 0x2b, 0x98, 0x19,
    0x48, 0x96, 0x15, 0xf6, 0x31, 0xd2, 0x52, 0x38, 0xa9, 0x1b, 0x33, 0x98,
    0x99, 0x58, 0x76, 0x1d, 0xf6, 0x31, 0xd2, 0xce, 0x37, 0x69, 0x1b, 0x2b,
    0x98, 0x99, 0x58, 0x76, 0x1d, 0xf6, 0x31, 0xd2, 0xce, 0x37, 0x69, 0x1b,
    0x2b, 0x98, 0x99, 0x58, 0x76, 0x1d, 0xf6, 0x31, 0xd2, 0xce, 0x37, 0x69,
    0x1b, 0x2b, 0x98, 0x99, 0x58, 0x76, 0x1d, 0xf6, 0x31, 0xd2, 0xce, 0x37,
    0x69, 0x1b, 0x2b, 0x98, 0x99, 0x06, 0x86, 0x57, 0xea, 0x00, 0x00, 0x1d,
    0x89, 0x49, 0x44, 0x41, 0x54, 0x58, 0x76, 0x1d, 0xf6, 0x31, 0xd2, 0xce,
    0x37, 0x69, 0x1b, 0x2b, 0x98, 0x99, 0x58, 0x76, 0x1d, 0xf6, 0x31, 0xd2,
    0xce, 0x37, 0x69, 0x1b, 0x2b, 0x98, 0x99, 0x58, 0x76, 0x1d, 0xf6, 0x31,
    0xd2, 0xce, 0x37, 0x69, 0x1b, 0x2b, 0x98, 0x99, 0x58, 0x76, 0x1d, 0xf6,
    0x31, 0xd2, 0xce, 0x37, 0x6a, 0x1b, 0x33, 0x98, 0x19, 0x69, 0x56, 0x25,
    0xf6, 0x31, 0xd2, 0x4a, 0x37, 0x2a, 0x1b, 0x2b, 0x98, 0x19, 0x69, 0x56,
    0x25, 0xf6, 0x31, 0xd2, 0x4a, 0x37, 0x2a, 0x1b, 0x2b, 0x98, 0x19, 0x69,
    0x56, 0x25, 0xf6, 0x31, 0xd2, 0x4a, 0x37, 0x2a, 0x1b, 0x2b, 0x98, 0x19,
    0x69, 0x56, 0x25, 0xf6, 0x31, 0xd2, 0x4a, 0x37, 0x2a, 0x1b, 0x2b, 0x98,
    0x19, 0x69, 0x56, 0x25, 0xf6, 0x31, 0xd2, 0x4a, 0x37, 0x2a, 0x1b, 0x2b,
    0x98, 0x19, 0x69, 0x56, 0x25, 0xf6, 0x31, 0xd2, 0x4a, 0x37, 0x2a, 0x1b,
    0x2b, 0x98, 0x19, 0x69, 0x56, 0x25, 0xf6, 0x31, 0xd2, 0x4a, 0x37, 0x2a,
    0x1b, 0x2b, 0x98, 0x19, 0x69, 0x56, 0x25, 0xf6, 0x31, 0xd2, 0x4a, 0x37,
    0x2b, 0x1b, 0x33, 0x98, 0x99, 0x79, 0x36, 0x2d, 0xf6, 0x31, 0xd2, 0xc6,
    0x36, 0xeb, 0x1a, 0x2b, 0x98, 0x99, 0x79, 0x36, 0x2d, 0xf6, 0x31, 0xd2,
    0xc6, 0x36, 0xeb, 0x1a, 0x2b, 0x98, 0x99, 0x79, 0x36, 0x2d, 0xf6, 0x31,
    0xd2, 0xc6, 0x36, 0xeb, 0x1a, 0x2b, 0x98, 0x99, 0x79, 0x36, 0x2d, 0xf6,
    0x31, 0xd2, 0xc6, 0x36, 0xeb, 0x1a, 0x2b, 0x98, 0x99, 0x79, 0x36, 0x2d,
    0xf6, 0x31, 0xd2, 0xc6, 0x36, 0xeb, 0x1a, 0x2b, 0x98, 0x99, 0x79, 0x36,
    0x2d, 0xf6, 0x31, 0xd2, 0xc6, 0x36, 0xeb, 0x1a, 0x2b, 0x98, 0x99, 0x79,
    0x36, 0x2d, 0xf6, 0x31, 0xd2, 0xc6, 0x36, 0xeb, 0x1a, 0x2b, 0x98, 0x99,
    0x79, 0x36, 0x2d, 0xf6, 0x31, 0xd2, 0xc6, 0x36, 0xec, 0x1a, 0x33, 0x98,
    0x19, 0x8a, 0x16, 0x35, 0xf6, 0x31, 0xd2, 0x42, 0x36, 0xac, 0x1a, 0x2b,
    0x98, 0x19, 0x8a, 0x16, 0x35, 0xf6, 0x31, 0xd2, 0x42, 0x36, 0xac, 0x1a,
    0x2b, 0x98, 0x19, 0x8a, 0x16, 0x35, 0xf6, 0x31, 0xd2, 0x42, 0x36, 0xac,
    0x1a, 0x2b, 0x98, 0x19, 0x8a, 0x16, 0x35, 0xf6, 0x31, 0xd2, 0x42, 0x36,
    0xac, 0x1a, 0x2b, 0x98, 0x19, 0x8a, 0x16, 0x35, 0xf6, 0x31, 0xd2, 0x42,
    0x36, 0xac, 0x1a, 0x2b, 0x98, 0x19, 0x8a, 0x16, 0x35, 0xf6, 0x31, 0xd2,
    0x42, 0x36, 0xac, 0x1a, 0x2b, 0x98, 0x19, 0x8a, 0x16, 0x35, 0xf6, 0x31,
    0xd2, 0x42, 0x36, 0xac, 0x1a, 0x2b, 0x98, 0x19, 0x8a, 0x16, 0x35, 0xf6,
    0x31, 0xd2, 0x42, 0x36, 0xad, 0x1a, 0x33, 0x98, 0x99, 0x9a, 0xe6, 0x3d,
    0xf6, 0x31, 0xd2, 0xdc, 0x35, 0x6d, 0x1a, 0x2b, 0x98, 0x99, 0x9a, 0xe6,
    0x3d, 0xf6, 0x31, 0xd2, 0xdc, 0x35, 0x6d, 0x1a, 0x2b, 0x98, 0x99, 0x9a,
    0xe6, 0x3d, 0xf6, 0x31, 0xd2, 0xdc, 0x35, 0x6d, 0x1a, 0x2b, 0x98, 0x99,
    0x9a, 0xe6, 0x3d, 0xf6, 0x31, 0xd2, 0xdc, 0x35, 0x6d, 0x1a, 0x2b, 0x98,
    0x99, 0x9a, 0xe6, 0x3d, 0xf6, 0x31, 0xd2, 0xdc, 0x35, 0x6d, 0x1a, 0x2b,
    0x98, 0x99, 0x9a, 0xe6, 0x3d, 0xf6, 0x31, 0xd2, 0xdc, 0x35, 0x6d, 0x1a,
    0x2b, 0x98, 0x99, 0x9a, 0xe6, 0x3d, 0xf6, 0x31, 0xd2, 0xdc, 0x35, 0x6d,
    0x1a, 0x2b, 0x98, 0x99, 0x9a, 0xe6, 0x3d, 0xf6, 0x31, 0xd2, 0xdc, 0x35,
    0x6e, 0x1a, 0x33, 0x98, 0x19, 0xab, 0xc6, 0x45, 0xf6, 0x31, 0xd2, 0x58,
    0x35, 0x2e, 0x1a, 0x2b, 0x98, 0x19, 0xab, 0xc6, 0x45, 0xf6, 0x31, 0xd2,
    0x58, 0x35, 0x2e, 0x1a, 0x2b, 0x98, 0x19, 0xab, 0xc6, 0x45, 0xf6, 0x31,
    0xd2, 0x58, 0x35, 0x2e, 0x1a, 0x2b, 0x98, 0x19, 0xab, 0xc6, 0x45, 0xf6,
    0x31, 0xd2, 0x58, 0x35, 0x2e, 0x1a, 0x2b, 0x98, 0x19, 0xab, 0xc6, 0x45,
    0xf6, 0x31, 0xd2, 0x58, 0x35, 0x2e, 0x1a, 0x2b, 0x98, 0x19, 0xab, 0xc6,
    0x45, 0xf6, 0x31, 0xd2, 0x58, 0x35, 0x2e, 0x1a, 0x2b, 0x98, 0x19, 0xab,
    0xc6, 0x45, 0xf6, 0x31, 0xd2, 0x58, 0x35, 0x2e, 0x1a, 0x2b, 0x98, 0x19,
    0xab, 0xc6, 0x45, 0xf6, 0x31, 0xd2, 0x58, 0x35, 0x2f, 0x1a, 0x33, 0x98,
    0x99, 0xbb, 0xa6, 0x4d, 0xf6, 0x31, 0xd2, 0xd4, 0x34, 0xef, 0x19, 0x2b,
    0x98, 0x99, 0xbb, 0xa6, 0x4d, 0xf6, 0x31, 0xd2, 0xd4, 0x34, 0xef, 0x19,
    0x2b, 0x98, 0x99, 0xbb, 0xa6, 0x4d, 0xf6, 0x31, 0xd2, 0xd4, 0x34, 0xef,
    0x19, 0x2b, 0x98, 0x99, 0xbb, 0xa6, 0x4d, 0xf6, 0x31, 0xd2, 0xd4, 0x34,
    0xef, 0x19, 0x2b, 0x98, 0x99, 0xbb, 0xa6, 0x4d, 0xf6, 0x31, 0xd2, 0xd4,
    0x34, 0xef, 0x19, 0x2b, 0x98, 0x99, 0xbb, 0xa6, 0x4d, 0xf6, 0x31, 0xd2,
    0xd4, 0x34, 0xef, 0x19, 0x2b, 0x98, 0x99, 0xbb, 0xa6, 0x4d, 0xf6, 0x31,
    0xd2, 0xd4, 0x34, 0xef, 0x19, 0x2b, 0x98, 0x99, 0xbb, 0xa6, 0x4d, 0xf6,
    0x31, 0xd2, 0xd4, 0xb4, 0xe8, 0x19, 0x33, 0x98, 0x59, 0xc8, 0x86, 0x55,
    0xf6, 0x31, 0xd2, 0x50, 0xb4, 0xa8, 0x19, 0x2b, 0x98, 0x59, 0xc8, 0x86,
    0x55, 0xf6, 0x31, 0xd2, 0x50, 0xb4, 0xa8, 0x19, 0x2b, 0x98, 0x59, 0xc8,
    0x86, 0x55, 0xf6, 0x31, 0xd2, 0x50, 0xb4, 0xa8, 0x19, 0x2b, 0x98, 0x59,
    0xc8, 0x86, 0x55, 0xf6, 0x31, 0xd2, 0x50, 0xb4, 0xa8, 0x19, 0x2b, 0x98,
    0x59, 0xc8, 0x86, 0x55, 0xf6, 0x31, 0xd2, 0x50, 0xb4, 0xa8, 0x19, 0x2b,
    0x98, 0x59, 0xc8, 0x86, 0x55, 0xf6, 0x31, 0xd2, 0x50, 0xb4, 0xa8, 0x19,
    0x2b, 0x98, 0x59, 0xc8, 0x86, 0x55, 0xf6, 0x31, 0xd2, 0x50, 0xb4, 0xa8,
    0x19, 0x2b, 0x98, 0x59, 0xc8, 0x86, 0x55, 0xf6, 0x31, 0xd2, 0x50, 0xb4,
    0xa9, 0x19, 0x33, 0x98, 0xd9, 0xd8, 0x66, 0x5d, 0xf6, 0x31, 0xd2, 0xcc,
    0xb3, 0x69, 0x19, 0x2b, 0x98, 0xd9, 0xd8, 0x66, 0x5d, 0xf6, 0x31, 0xd2,
    0xcc, 0xb3, 0x69, 0x19, 0x2b, 0x98, 0xd9, 0xd8, 0x66, 0x5d, 0xf6, 0x31,
    0xd2, 0xcc, 0xb3, 0x69, 0x19, 0x2b, 0x98, 0xd9, 0xd8, 0x66, 0x5d, 0xf6,
    0x31, 0xd2, 0xcc, 0xb3, 0x69, 0x19, 0x2b, 0x98, 0xd9, 0xd8, 0x66, 0x5d,
    0xf6, 0x31, 0xd2, 0xcc, 0xb3, 0x69, 0x19, 0x2b, 0x98, 0xd9, 0xd8, 0x66,
    0x5d, 0xf6, 0x31, 0xd2, 0xcc, 0xb3, 0x69, 0x19, 0x2b, 0x98, 0xd9, 0xd8,
    0x66, 0x5d, 0xf6, 0x31, 0xd2, 0xcc, 0xb3, 0x69, 0x19, 0x2b, 0x98, 0xd9,
    0xd8, 0x66, 0x5d, 0xf6, 0x31, 0xd2, 0xcc, 0xb3, 0x6a, 0x19, 0x33, 0x98,
    0x59, 0xe9, 0x46, 0x65, 0xf6, 0x31, 0xd2, 0x48, 0xb3, 0x2a, 0x19, 0x2b,
    0x98, 0x59, 0xe9, 0x46, 0x65, 0xf6, 0x31, 0xd2, 0x48, 0xb3, 0x2a, 0x19,
    0x2b, 0x98, 0x59, 0xe9, 0x46, 0x65, 0xf6, 0x31, 0xd2, 0x48, 0xb3, 0x2a,
    0x19, 0x2b, 0x98, 0x59, 0xe9, 0x46, 0x65, 0xf6, 0x31, 0xd2, 0x48, 0xb3,
    0x2a, 0x19, 0x2b, 0x98, 0x59, 0xe9, 0x46, 0x65, 0xf6, 0x31, 0xd2, 0x48,
    0xb3, 0x2a, 0x19, 0x2b, 0x98, 0x59, 0xe9, 0x46, 0x65, 0xf6, 0x31, 0xd2,
    0x48, 0xb3, 0x2a, 0x19, 0x2b, 0x98, 0x59, 0xe9, 0x46, 0x65, 0xf6, 0x31,
    0xd2, 0x48, 0xb3, 0x2a, 0x19, 0x2b, 0x98, 0x59, 0xe9, 0x46, 0x65, 0xf6,
    0x31, 0xd2, 0x48, 0xb3, 0x2b, 0x19, 0x33, 0x98, 0xd9, 0xf9, 0x26, 0x6d,
    0xf6, 0x31, 0xd2, 0xc4, 0xb2, 0xeb, 0x18, 0x2b, 0x98, 0xd9, 0xf9, 0x26,
    0x6d, 0xf6, 0x31, 0xd2, 0xc4, 0xb2, 0xeb, 0x18, 0x2b, 0x98, 0xd9, 0xf9,
    0x26, 0x6d, 0xf6, 0x31, 0xd2, 0xc4, 0xb2, 0xeb, 0x18, 0x2b, 0x98, 0xd9,
    0xf9, 0x26, 0x6d, 0xf6, 0x31, 0xd2, 0xc4, 0xb2, 0xeb, 0x18, 0x2b, 0x98,
    0xd9, 0xf9, 0x26, 0x6d, 0xf6, 0x31, 0xd2, 0xc4, 0xb2, 0xeb, 0x18, 0x2b,
    0x98, 0xd9, 0xf9, 0x26, 0x6d, 0xf6, 0x31, 0xd2, 0xc4, 0xb2, 0xeb, 0x18,
    0x2b, 0x98, 0xd9, 0xf9, 0x26, 0x6d, 0xf6, 0x31, 0xd2, 0xc4, 0xb2, 0xeb,
    0x18, 0x2b, 0x98, 0xd9, 0xf9, 0x26, 0x6d, 0xf6, 0x31, 0xd2, 0xc4, 0xb2,
    0xec, 0x18, 0x33, 0x98, 0x59, 0x0a, 0x07, 0x75, 0xf6, 0x31, 0xd2, 0x40,
    0xb2, 0xac, 0x18, 0x2b, 0x98, 0x59, 0x0a, 0x07, 0x75, 0xf6, 0x31, 0xd2,
    0x40, 0xb2, 0xac, 0x18, 0x2b, 0x98, 0x59, 0x0a, 0x07, 0x75, 0xf6, 0x31,
    0xd2, 0x40, 0xb2, 0xac, 0x18, 0x2b, 0x98, 0x59, 0x0a, 0x07, 0x75, 0xf6,
    0x31, 0xd2, 0x40, 0xb2, 0xac, 0x18, 0x2b, 0x98, 0x59, 0x0a, 0x07, 0x75,
    0xf6, 0x31, 0xd2, 0x40, 0xb2, 0xac, 0x18, 0x2b, 0x98, 0x59, 0x0a, 0x07,
    0x75, 0xf6, 0x31, 0xd2, 0x40, 0xb2, 0xac, 0x18, 0x2b, 0x98, 0x59, 0x0a,
    0x07, 0x75, 0xf6, 0x31, 0xd2, 0x40, 0xb2, 0xac, 0x18, 0x2b, 0x98, 0x59,
    0x0a, 0x07, 0x75, 0xf6, 0x31, 0xd2, 0x40, 0xb2, 0xad, 0x18, 0x33, 0x98,
    0xd9, 0x1a, 0xdf, 0xfb, 0xec, 0x63, 0xa4, 0x77, 0xc7, 0xb6, 0x61, 0xac,
    0x60, 0x66, 0x6b, 0x7c, 0xef, 0xb3, 0x8f, 0x91, 0xde, 0x1d, 0xdb, 0x86,
    0xb1, 0x82, 0x99, 0xad, 0xf1, 0xbd, 0xcf, 0x3e, 0x46, 0x7a, 0x77, 0x6c,
    0x1b, 0xc6, 0x0a, 0x66, 0xb6, 0xc6, 0xf7, 0x3e, 0xfb, 0x18, 0xe9, 0xdd,
    0xb1, 0x6d, 0x18, 0x2b, 0x98, 0xd9, 0x1a, 0xdf, 0xfb, 0xec, 0x63, 0xa4,
    0x77, 0xc7, 0xb6, 0x61, 0xac, 0x60, 0x66, 0x6b, 0x7c, 0xef, 0xb3, 0x8f,
    0x91, 0xde, 0x1d, 0xdb, 0x86, 0xb1, 0x82, 0x99, 0xad, 0xf1, 0xbd, 0xcf,
    0x3e, 0x46, 0x7a, 0x77, 0x6c, 0x1b, 0xc6, 0x0a, 0x66, 0xb6, 0xc6, 0xf7,
    0x3e, 0xfb, 0x18, 0xe9, 0xdd, 0xb1, 0x6e, 0x18, 0x33, 0x98, 0x59, 0x2b,
    0x9f, 0x01, 0xec, 0x63, 0xa4, 0x67, 0xc5, 0xba, 0x60, 0xac, 0x60, 0x66,
    0xad, 0x7c, 0x06, 0xb0, 0x8f, 0x91, 0x9e, 0x15, 0xeb, 0x82, 0xb1, 0x82,
    0x99, 0xb5, 0xf2, 0x19, 0xc0, 0x3e, 0x46, 0x7a, 0x56, 0xac, 0x0b, 0xc6,
    0x0a, 0x66, 0xd6, 0xca, 0x67, 0x00, 0xfb, 0x18, 0xe9, 0x59, 0xb1, 0x2e,
    0x18, 0x2b, 0x98, 0x59, 0x2b, 0x9f, 0x01, 0xec, 0x63, 0xa4, 0x67, 0xc5,
    0xba, 0x60, 0xac, 0x60, 0x66, 0xad, 0x7c, 0x06, 0xb0, 0x8f, 0x91, 0x9e,
    0x15, 0xeb, 0x82, 0xb1, 0x82, 0x99, 0xb5, 0xf2, 0x19, 0xc0, 0x3e, 0x46,
    0x7a, 0x56, 0xac, 0x0b, 0xc6, 0x0a, 0x66, 0xd6, 0xca, 0x67, 0x00, 0xfb,
    0x18, 0xe9, 0x59, 0xb1, 0x2f, 0x18, 0x33, 0x98, 0xd9, 0x3b, 0x5f, 0x09,
    0xec, 0x63, 0xa4, 0x57, 0xc3, 0xfe, 0xde, 0x58, 0xc1, 0xcc, 0xde, 0xf9,
    0x4a, 0x60, 0x1f, 0x23, 0xbd, 0x1a, 0xf6, 0xf7, 0xc6, 0x0a, 0x66, 0xf6,
    0xce, 0x57, 0x02, 0xfb, 0x18, 0xe9, 0xd5, 0xb0, 0xbf, 0x37, 0x56, 0x30,
    0xb3, 0x77, 0xbe, 0x12, 0xd8, 0xc7, 0x48, 0xaf, 0x86, 0xfd, 0xbd, 0xb1,
    0x82, 0x99, 0xbd, 0xf3, 0x95, 0xc0, 0x3e, 0x46, 0x7a, 0x35, 0xec, 0xef,
    0x8d, 0x15, 0xcc, 0xec, 0x9d, 0xaf, 0x04, 0xf6, 0x31, 0xd2, 0xab, 0x61,
    0x7f, 0x6f, 0xac, 0x60, 0x66, 0xef, 0x7c, 0x25, 0xb0, 0x8f, 0x91, 0x5e,
    0x0d, 0xfb, 0x7b, 0x63, 0x05, 0x33, 0x7b, 0xe7, 0x2b, 0x81, 0x7d, 0x8c,
    0xf4, 0x6a, 0x38, 0xb8, 0x37, 0x66, 0x30, 0x73, 0x20, 0x7d, 0x44, 0xb0,
    0x8f, 0x91, 0x1e, 0x05, 0x07, 0xe7, 0xc6, 0x0a, 0x66, 0x0e, 0xa4, 0x8f,
    0x08, 0xf6, 0x31, 0xd2, 0xa3, 0xe0, 0xe0, 0xdc, 0x58, 0xc1, 0xcc, 0x81,
    0xf4, 0x11, 0xc1, 0x3e, 0x46, 0x7a, 0x14, 0x1c, 0x9c, 0x1b, 0x2b, 0x98,
    0x39, 0x90, 0x3e, 0x22, 0xd8, 0xc7, 0x48, 0x8f, 0x82, 0x83, 0x73, 0x63,
    0x05, 0x33, 0x07, 0xd2, 0x47, 0x04, 0xfb, 0x18, 0xe9, 0x51, 0x70, 0x70,
    0x6e, 0xac, 0x60, 0xe6, 0x40, 0xfa, 0x88, 0x60, 0x1f, 0x23, 0x3d, 0x0a,
    0x0e, 0xce, 0x8d, 0x15, 0xcc, 0x1c, 0x48, 0x1f, 0x11, 0xec, 0x63, 0xa4,
    0x47, 0xc1, 0xc1, 0xb9, 0xb1, 0x82, 0x99, 0x03, 0xe9, 0x23, 0x82, 0x7d,
    0x8c, 0xf4, 0x28, 0xb8, 0x38, 0x37, 0x66, 0x30, 0x73, 0x61, 0x7d, 0x63,
    0xb0, 0x8f, 0x91, 0xde, 0xfc, 0x16, 0xd7, 0xc6, 0x0a, 0x66, 0x2e, 0xac,
    0x6f, 0x0c, 0xf6, 0x31, 0xd2, 0x9b, 0xdf, 0xe2, 0xda, 0x58, 0xc1, 0xcc,
    0x85, 0xf5, 0x8d, 0xc1, 0x3e, 0x46, 0x7a, 0xf3, 0x5b, 0x5c, 0x1b, 0x2b,
    0x98, 0xb9, 0xb0, 0xbe, 0x31, 0xd8, 0xc7, 0x48, 0x6f, 0x7e, 0x8b, 0x6b,
    0x63, 0x05, 0x33, 0x17, 0xd6, 0x37, 0x06, 0xfb, 0x18, 0xe9, 0xcd, 0x6f,
    0x71, 0x6d, 0xac, 0x60, 0xe6, 0xc2, 0xfa, 0xc6, 0x60, 0x1f, 0x23, 0xbd,
    0xf9, 0x2d, 0xae, 0x8d, 0x15, 0xcc, 0x5c, 0x58, 0xdf, 0x18, 0xec, 0x63,
    0xa4, 0x37, 0xbf, 0xc5, 0xb5, 0xb1, 0x82, 0x99, 0x0b, 0xeb, 0x1b, 0x83,
    0x7d, 0x8c, 0xf4, 0xe6, 0x37, 0xb9, 0x36, 0x66, 0x30, 0x73, 0xa2, 0x7d,
    0x82, 0xb0, 0x8f, 0x91, 0x9e, 0xf4, 0x26, 0xc7, 0xc6, 0x0a, 0x66, 0x4e,
    0xb4, 0x4f, 0x10, 0xf6, 0x31, 0xd2, 0x93, 0xde, 0xe4, 0xd8, 0x58, 0xc1,
    0xcc, 0x89, 0xf6, 0x09, 0xc2, 0x3e, 0x46, 0x7a, 0xd2, 0x9b, 0x1c, 0x1b,
    0x2b, 0x98, 0x39, 0xd1, 0x3e, 0x41, 0xd8, 0xc7, 0x48, 0x4f, 0x7a, 0x93,
    0x63, 0x63, 0x05, 0x33, 0x27, 0xda, 0x27, 0x08, 0xfb, 0x18, 0xe9, 0x49,
    0x6f, 0x72, 0x6c, 0xac, 0x60, 0xe6, 0x44, 0xfb, 0x04, 0x61, 0x1f, 0x23,
    0x3d, 0xe9, 0x4d, 0x8e, 0x8d, 0x15, 0xcc, 0x9c, 0x68, 0x9f, 0x20, 0xec,
    0x63, 0xa4, 0x27, 0xbd, 0xc9, 0xb1, 0xb1, 0x82, 0x99, 0x13, 0xed, 0x13,
    0x84, 0x7d, 0x8c, 0xf4, 0xa4, 0xb7, 0x39, 0x36, 0x66, 0x30, 0x73, 0xe3,
    0x7d, 0xa1, 0xb0, 0x8f, 0x91, 0x5e, 0xec, 0x36, 0xb7, 0xc6, 0x0a, 0x66,
    0x6e, 0xbc, 0x2f, 0x14, 0xf6, 0x31, 0xd2, 0x8b, 0xdd, 0xe6, 0xd6, 0x58,
    0xc1, 0xcc, 0x8d, 0xf7, 0x85, 0xc2, 0x3e, 0x46, 0x7a, 0xb1, 0xdb, 0xdc,
    0x1a, 0x2b, 0x98, 0xb9, 0xf1, 0xbe, 0x50, 0xd8, 0xc7, 0x48, 0x2f, 0x76,
    0x9b, 0x5b, 0x63, 0x05, 0x33, 0x37, 0xde, 0x17, 0x0a, 0xfb, 0x18, 0xe9,
    0xc5, 0x6e, 0x73, 0x6b, 0xac, 0x60, 0xe6, 0xc6, 0xfb, 0x42, 0x61, 0x1f,
    0x23, 0xbd, 0xd8, 0x6d, 0x6e, 0x8d, 0x15, 0xcc, 0xdc, 0x78, 0x5f, 0x28,
    0xec, 0x63, 0xa4, 0x17, 0xbb, 0xcd, 0xad, 0xb1, 0x82, 0x99, 0x1b, 0xef,
    0x0b, 0x85, 0x7d, 0x8c, 0xf4, 0x62, 0x37, 0xba, 0x35, 0x66, 0x30, 0x73,
    0x24, 0x7e, 0xc0, 0xb0, 0x8f, 0x91, 0x1e, 0xe4, 0x46, 0xa7, 0xc6, 0x0a,
    0x66, 0x8e, 0xc4, 0x0f, 0x18, 0xf6, 0x31, 0xd2, 0x83, 0xdc, 0xe8, 0xd4,
    0x58, 0xc1, 0xcc, 0x91, 0xf8, 0x01, 0xc3, 0x3e, 0x46, 0x7a, 0x90, 0x1b,
    0x9d, 0x1a, 0x2b, 0x98, 0x39, 0x12, 0x3f, 0x60, 0xd8, 0xc7, 0x48, 0x0f,
    0x72, 0xa3, 0x53, 0x63, 0x05, 0x33, 0x47, 0xe2, 0x07, 0x0c, 0xfb, 0x18,
    0xe9, 0x41, 0x6e, 0x74, 0x6a, 0xac, 0x60, 0xe6, 0x48, 0xfc, 0x80, 0x61,
    0x1f, 0x23, 0x3d, 0xc8, 0x8d, 0x4e, 0x8d, 0x15, 0xcc, 0x1c, 0x89, 0x1f,
    0x30, 0xec, 0x63, 0xa4, 0x07, 0xb9, 0xd1, 0xa9, 0xb1, 0x82, 0x99, 0x23,
    0xf1, 0x03, 0x86, 0x7d, 0x8c, 0xf4, 0x20, 0xb7, 0x3a, 0x35, 0x66, 0x30,
    0x73, 0x65, 0xfe, 0xce, 0x61, 0x1f, 0x23, 0x7d, 0x77, 0x5b, 0x5d, 0x1a,
    0x2b, 0x98, 0xb9, 0x32, 0x7f, 0xe7, 0xb0, 0x8f, 0x91, 0xbe, 0xbb, 0xad,
    0x2e, 0x8d, 0x15, 0xcc, 0x5c, 0x99, 0xbf, 0x73, 0xd8, 0xc7, 0x48, 0xdf,
    0xdd, 0x56, 0x97, 0xc6, 0x0a, 0x66, 0xae, 0xcc, 0xdf, 0x39, 0xec, 0x63,
    0xa4, 0xef, 0x6e, 0xab, 0x4b, 0x63, 0x05, 0x33, 0x57, 0xe6, 0xef, 0x1c,
    0xf6, 0x31, 0xd2, 0x77, 0xb7, 0xd5, 0xa5, 0xb1, 0x82, 0x99, 0x2b, 0xf3,
    0x77, 0x0e, 0xfb, 0x18, 0xe9, 0xbb, 0xdb, 0xea, 0xd2, 0x58, 0xc1, 0xcc,
    0x95, 0xf9, 0x3b, 0x87, 0x7d, 0x8c, 0xf4, 0xdd, 0x6d, 0x75, 0x69, 0xac,
    0x60, 0xe6, 0xca, 0xfc, 0x9d, 0xc3, 0x3e, 0x46, 0xfa, 0xee, 0x36, 0xbb,
    0x34, 0x66, 0x30, 0x73, 0xa6, 0xfe, 0x0c, 0x62, 0x1f, 0x23, 0x7d, 0x56,
    0x9b, 0x1d, 0x1a, 0x2b, 0x98, 0x39, 0x53, 0x7f, 0x06, 0xb1, 0x8f, 0x91,
    0x3e, 0xab, 0xcd, 0x0e, 0x8d, 0x15, 0xcc, 0x9c, 0xa9, 0x3f, 0x83, 0xd8,
    0xc7, 0x48, 0x9f, 0xd5, 0x66, 0x87, 0xc6, 0x0a, 0x66, 0xce, 0xd4, 0x9f,
    0x41, 0xec, 0x63, 0xa4, 0xcf, 0x6a, 0xb3, 0x43, 0x63, 0x05, 0x33, 0x67,
    0xea, 0xcf, 0x20, 0xf6, 0x31, 0xd2, 0x67, 0xb5, 0xd9, 0xa1, 0xb1, 0x82,
    0x99, 0x33, 0xf5, 0x67, 0x10, 0xfb, 0x18, 0xe9, 0xb3, 0xda, 0xec, 0xd0,
    0x58, 0xc1, 0xcc, 0x99, 0xfa, 0x33, 0x88, 0x7d, 0x8c, 0xf4, 0x59, 0x6d,
    0x76, 0x68, 0xac, 0x60, 0xe6, 0x4c, 0xfd, 0x19, 0xc4, 0x3e, 0x46, 0xfa,
    0xac, 0xb6, 0x3b, 0x34, 0x66, 0x30, 0x73, 0xe7, 0xfe, 0x4a, 0x62, 0x1f,
    0x23, 0x7d, 0x35, 0xdb, 0xdd, 0x19, 0x2b, 0x98, 0xb9, 0x73, 0x7f, 0x25,
    0xb1, 0x8f, 0x91, 0xbe, 0x9a, 0xed, 0xee, 0x8c, 0x15, 0xcc, 0xdc, 0xb9,
    0xbf, 0x92, 0xd8, 0xc7, 0x48, 0x5f, 0xcd, 0x76, 0x77, 0xc6, 0x0a, 0x66,
    0xee, 0xdc, 0x5f, 0x49, 0xec, 0x63, 0xa4, 0xaf, 0x66, 0xbb, 0x3b, 0x63,
    0x05, 0x33, 0x77, 0xee, 0xaf, 0x24, 0xf6, 0x31, 0xd2, 0x57, 0xb3, 0xdd,
    0x9d, 0xb1, 0x82, 0x99, 0x3b, 0xf7, 0x57, 0x12, 0xfb, 0x18, 0xe9, 0xab,
    0xd9, 0xee, 0xce, 0x58, 0xc1, 0xcc, 0x9d, 0xfb, 0x2b, 0x89, 0x7d, 0x8c,
    0xf4, 0xd5, 0x6c, 0x77, 0x67, 0xac, 0x60, 0xe6, 0xce, 0xfd, 0x95, 0xc4,
    0x3e, 0x46, 0xfa, 0x6a, 0x36, 0xbc, 0x33, 0x66, 0x30, 0x73, 0x28, 0xff,
    0x88, 0x62, 0x1f, 0x23, 0x7d, 0x14, 0x1b, 0x9e, 0x19, 0x2b, 0x98, 0x39,
    0x94, 0x7f, 0x44, 0xb1, 0x8f, 0x91, 0x3e, 0x8a, 0x0d, 0xcf, 0x8c, 0x15,
    0xcc, 0x1c, 0xca, 0x3f, 0xa2, 0xd8, 0xc7, 0x48, 0x1f, 0xc5, 0x86, 0x67,
    0xc6, 0x0a, 0x66, 0x0e, 0xe5, 0x1f, 0x51, 0xec, 0x63, 0xa4, 0x8f, 0x62,
    0xc3, 0x33, 0x63, 0x05, 0x33, 0x87, 0xf2, 0x8f, 0x28, 0xf6, 0x31, 0xd2,
    0x47, 0xb1, 0xe1, 0x99, 0xb1, 0x82, 0x99, 0x43, 0xf9, 0x47, 0x14, 0xfb,
    0x18, 0xe9, 0xa3, 0xd8, 0xf0, 0xcc, 0x58, 0xc1, 0xcc, 0xa1, 0xfc, 0x23,
    0x8a, 0x7d, 0x8c, 0xf4, 0x51, 0x6c, 0x78, 0x66, 0xac, 0x60, 0xe6, 0x50,
    0xfe, 0x11, 0xc5, 0x3e, 0x46, 0xfa, 0x28, 0xb6, 0x3c, 0x33, 0x66, 0x30,
    0x73, 0x69, 0xff, 0xc6, 0x62, 0x1f, 0x23, 0x7d, 0xf3, 0x5a, 0x5e, 0x19,
    0x2b, 0x98, 0xb9, 0xb4, 0x7f, 0x63, 0xb1, 0x8f, 0x91, 0xbe, 0x79, 0x2d,
    0xaf, 0x8c, 0x15, 0xcc, 0x5c, 0xda, 0xbf, 0xb1, 0xd8, 0xc7, 0x48, 0xdf,
    0xbc, 0x96, 0x57, 0xc6, 0x0a, 0x66, 0x2e, 0xed, 0xdf, 0x58, 0xec, 0x63,
    0xa4, 0x6f, 0x5e, 0xcb, 0x2b, 0x63, 0x05, 0x33, 0x97, 0xf6, 0x6f, 0x2c,
    0xf6, 0x31, 0xd2, 0x37, 0xaf, 0xe5, 0x95, 0xb1, 0x82, 0x99, 0x4b, 0xfb,
    0x37, 0x16, 0xfb, 0x18, 0xe9, 0x9b, 0xd7, 0xf2, 0xca, 0x58, 0xc1, 0xcc,
    0xa5, 0xfd, 0x1b, 0x8b, 0x7d, 0x8c, 0xf4, 0xcd, 0x6b, 0x79, 0x65, 0xac,
    0x60, 0xe6, 0xd2, 0xfe, 0x8d, 0xc5, 0x3e, 0x46, 0xfa, 0xe6, 0x35, 0xbd,
    0x32, 0x66, 0x30, 0x73, 0xaa, 0xff, 0x04, 0x63, 0x1f, 0x23, 0x7d, 0xd2,
    0x9a, 0x1e, 0x19, 0x2b, 0x98, 0x39, 0xd5, 0x7f, 0x82, 0xb1, 0x8f, 0x91,
    0x3e, 0x69, 0x4d, 0x8f, 0x8c, 0x15, 0xcc, 0x9c, 0xea, 0x3f, 0xc1, 0xd8,
    0xc7, 0x48, 0x9f, 0xb4, 0xa6, 0x47, 0xc6, 0x0a, 0x66, 0x4e, 0xf5, 0x9f,
    0x60, 0xec, 0x63, 0xa4, 0x4f, 0x5a, 0xd3, 0x23, 0x63, 0x05, 0x33, 0xa7,
    0xfa, 0x4f, 0x30, 0xf6, 0x31, 0xd2, 0x27, 0xad, 0xe9, 0x91, 0xb1, 0x82,
    0x99, 0x53, 0xfd, 0x27, 0x18, 0xfb, 0x18, 0xe9, 0x93, 0xd6, 0xf4, 0xc8,
    0x58, 0xc1, 0xcc, 0xa9, 0xfe, 0x13, 0x8c, 0x7d, 0x8c, 0xf4, 0x49, 0x6b,
    0x7a, 0x64, 0xac, 0x60, 0xe6, 0x54, 0xff, 0x09, 0xc6, 0x3e, 0x46, 0xfa,
    0xa4, 0xb5, 0x3d, 0x32, 0x66, 0x30, 0x73, 0xeb, 0xff, 0x42, 0x63, 0x1f,
    0x23, 0x7d, 0xb1, 0xda, 0xde, 0x18, 0x2b, 0x98, 0xb9, 0xf5, 0x7f, 0xa1,
    0xb1, 0x8f, 0x91, 0xbe, 0x58, 0x6d, 0x6f, 0x8c, 0x15, 0xcc, 0xdc, 0xfa,
    0xbf, 0xd0, 0xd8, 0xc7, 0x48, 0x5f, 0xac, 0xb6, 0x37, 0xc6, 0x0a, 0x66,
    0x6e, 0xfd, 0x5f, 0x68, 0xec, 0x63, 0xa4, 0x2f, 0x56, 0xdb, 0x1b, 0x63,
    0x05, 0x33, 0xb7, 0xfe, 0x2f, 0x34, 0xf6, 0x31, 0xd2, 0x17, 0xab, 0xed,
    0x8d, 0xb1, 0x82, 0x99, 0x5b, 0xff, 0x17, 0x1a, 0xfb, 0x18, 0xe9, 0x8b,
    0xd5, 0xf6, 0xc6, 0x58, 0xc1, 0xcc, 0xad, 0xff, 0x0b, 0x8d, 0x7d, 0x8c,
    0xf4, 0xc5, 0x6a, 0x7b, 0x63, 0xac, 0x60, 0xe6, 0xd6, 0xff, 0x85, 0xc6,
    0x3e, 0x46, 0xfa, 0x62, 0x35, 0xbe, 0x31, 0x66, 0x30, 0x73, 0x3c, 0xe0,
    0x01, 0xc7, 0x3e, 0x46, 0xfa, 0x20, 0x35, 0x3e, 0x31, 0x56, 0x30, 0x73,
    0x3c, 0xe0, 0x01, 0xc7, 0x3e, 0x46, 0xfa, 0x20, 0x35, 0x3e, 0x31, 0x56,
    0x30, 0x73, 0x3c, 0xe0, 0x01, 0xc7, 0x3e, 0x46, 0xfa, 0x20, 0x35, 0x3e,
    0x31, 0x56, 0x30, 0x73, 0x3c, 0xe0, 0x01, 0xc7, 0x3e, 0x46, 0xfa, 0x20,
    0x35, 0x3e, 0x31, 0x56, 0x30, 0x73, 0x3c, 0xe0, 0x01, 0xc7, 0x3e, 0x46,
    0xfa, 0x20, 0x35, 0x3e, 0x31, 0x56, 0x30, 0x73, 0x3c, 0xe0, 0x01, 0xc7,
    0x3e, 0x46, 0xfa, 0x20, 0x35, 0x3e, 0x31, 0x56, 0x30, 0x73, 0x3c, 0xe0,
    0x01, 0xc7, 0x3e, 0x46, 0xfa, 0x20, 0x35, 0x3e, 0x31, 0x56, 0x30, 0x73,
    0x3c, 0xe0, 0x01, 0xc7, 0x3e, 0x46, 0xfa, 0x20, 0xb5, 0x3e, 0x31, 0x66,
    0x30, 0x73, 0xbd, 0xe0, 0x9b, 0xc7, 0x3e, 0x46, 0xfa, 0xed, 0xb4, 0xbe,
    0x30, 0x56, 0x30, 0x73, 0xbd, 0xe0, 0x9b, 0xc7, 0x3e, 0x46, 0xfa, 0xed,
    0xb4, 0xbe, 0x30, 0x56, 0x30, 0x73, 0xbd, 0xe0, 0x9b, 0xc7, 0x3e, 0x46,
    0xfa, 0xed, 0xb4, 0xbe, 0x30, 0x56, 0x30, 0x73, 0xbd, 0xe0, 0x9b, 0xc7,
    0x3e, 0x46, 0xfa, 0xed, 0xb4, 0xbe, 0x30, 0x56, 0x30, 0x73, 0xbd, 0xe0,
    0x9b, 0xc7, 0x3e, 0x46, 0xfa, 0xed, 0xb4, 0xbe, 0x30, 0x56, 0x30, 0x73,
    0xbd, 0xe0, 0x9b, 0xc7, 0x3e, 0x46, 0xfa, 0xed, 0xb4, 0xbe, 0x30, 0x56,
    0x30, 0x73, 0xbd, 0xe0, 0x9b, 0xc7, 0x3e, 0x46, 0xfa, 0xed, 0xb4, 0xbe,
    0x30, 0x56, 0x30, 0x73, 0xbd, 0xe0, 0x9b, 0xc7, 0x3e, 0x46, 0xfa, 0xed,
    0x34, 0xbf, 0x30, 0x66, 0x30, 0x73, 0x3e, 0xe1, 0x13, 0xc8, 0x3e, 0x46,
    0xfa, 0xa9, 0x34, 0x3f, 0x30, 0x56, 0x30, 0x73, 0x3e, 0xe1, 0x13, 0xc8,
    0x3e, 0x46, 0xfa, 0xa9, 0x34, 0x3f, 0x30, 0x56, 0x30, 0x73, 0x3e, 0xe1,
    0x13, 0xc8, 0x3e, 0x46, 0xfa, 0xa9, 0x34, 0x3f, 0x30, 0x56, 0x30, 0x73,
    0x3e, 0xe1, 0x13, 0xc8, 0x3e, 0x46, 0xfa, 0xa9, 0x34, 0x3f, 0x30, 0x56,
    0x30, 0x73, 0x3e, 0xe1, 0x13, 0xc8, 0x3e, 0x46, 0xfa, 0xa9, 0x34, 0x3f,
    0x30, 0x56, 0x30, 0x73, 0x3e, 0xe1, 0x13, 0xc8, 0x3e, 0x46, 0xfa, 0xa9,
    0x34, 0x3f, 0x30, 0x56, 0x30, 0x73, 0x3e, 0xe1, 0x13, 0xc8, 0x3e, 0x46,
    0xfa, 0xa9, 0x34, 0x3f, 0x30, 0x56, 0x30, 0x73, 0x3e, 0xe1, 0x13, 0xc8,
    0x3e, 0x46, 0xfa, 0xa9, 0xb4, 0x3f, 0x30, 0x66, 0x30, 0x73, 0xbf, 0xe1,
    0x8b, 0xc8, 0x3e, 0x46, 0xfa, 0x65, 0xb4, 0xcf, 0x8d, 0x15, 0xcc, 0xdc,
    0x6f, 0xf8, 0x22, 0xb2, 0x8f, 0x91, 0x7e, 0x19, 0xed, 0x73, 0x63, 0x05,
    0x33, 0xf7, 0x1b, 0xbe, 0x88, 0xec, 0x63, 0xa4, 0x5f, 0x46, 0xfb, 0xdc,
    0x58, 0xc1, 0xcc, 0xfd, 0x86, 0x2f, 0x22, 0xfb, 0x18, 0xe9, 0x97, 0xd1,
    0x3e, 0x37, 0x56, 0x30, 0x73, 0xbf, 0xe1, 0x8b, 0xc8, 0x3e, 0x46, 0xfa,
    0x65, 0xb4, 0xcf, 0x8d, 0x15, 0xcc, 0xdc, 0x6f, 0xf8, 0x22, 0xb2, 0x8f,
    0x91, 0x7e, 0x19, 0xed, 0x73, 0x63, 0x05, 0x33, 0xf7, 0x1b, 0xbe, 0x88,
    0xec, 0x63, 0xa4, 0x5f, 0x46, 0xfb, 0xdc, 0x58, 0xc1, 0xcc, 0xfd, 0x86,
    0x2f, 0x22, 0xfb, 0x18, 0xe9, 0x97, 0x91, 0x90, 0x1b, 0x33, 0x98, 0x29,
    0x8c, 0xf8, 0x40, 0xb2, 0x8f, 0x91, 0x7e, 0x08, 0x09, 0xb1, 0xb1, 0x82,
    0x99, 0xc2, 0x88, 0x0f, 0x24, 0xfb, 0x18, 0xe9, 0x87, 0x90, 0x10, 0x1b,
    0x2b, 0x98, 0x29, 0x8c, 0xf8, 0x40, 0xb2, 0x8f, 0x91, 0x7e, 0x08, 0x09,
    0xb1, 0xb1, 0x82, 0x99, 0xc2, 0x88, 0x0f, 0x24, 0xfb, 0x18, 0xe9, 0x87,
    0x90, 0x10, 0x1b, 0x2b, 0x98, 0x29, 0x8c, 0xf8, 0x40, 0xb2, 0x8f, 0x91,
    0x7e, 0x08, 0x09, 0xb1, 0xb1, 0x82, 0x99, 0xc2, 0x88, 0x0f, 0x24, 0xfb,
    0x18, 0xe9, 0x87, 0x90, 0x10, 0x1b, 0x2b, 0x98, 0x29, 0x8c, 0xf8, 0x40,
    0xb2, 0x8f, 0x91, 0x7e, 0x08, 0x09, 0xb1, 0xb1, 0x82, 0x99, 0xc2, 0x88,
    0x0f, 0x24, 0xfb, 0x18, 0xe9, 0x87, 0x90, 0x11, 0x1b, 0x33, 0x98, 0x69,
    0xac, 0x60, 0x26, 0xfb, 0x18, 0x29, 0xfb, 0x18, 0xa9, 0xb1, 0x82, 0x99,
    0xc6, 0x0a, 0x66, 0xb2, 0x8f, 0x91, 0xb2, 0x8f, 0x91, 0x1a, 0x2b, 0x98,
    0x69, 0xac, 0x60, 0x26, 0xfb, 0x18, 0x29, 0xfb, 0x18, 0xa9, 0xb1, 0x82,
    0x99, 0xc6, 0x0a, 0x66, 0xb2, 0x8f, 0x91, 0xb2, 0x8f, 0x91, 0x1a, 0x2b,
    0x98, 0x69, 0xac, 0x60, 0x26, 0xfb, 0x18, 0x29, 0xfb, 0x18, 0xa9, 0xb1,
    0x82, 0x99, 0xc6, 0x0a, 0x66, 0xb2, 0x8f, 0x91, 0xb2, 0x8f, 0x91, 0x1a,
    0x2b, 0x98, 0x69, 0xac, 0x60, 0x26, 0xfb, 0x18, 0x29, 0xfb, 0x18, 0xa9,
    0xb1, 0x82, 0x99, 0xc6, 0x0a, 0x66, 0xb2, 0x8f, 0x91, 0xb2, 0xcf, 0x2f,
    0x49, 0x8d, 0x87, 0x63, 0xe6, 0xcf, 0x3f, 0x1c, 0xfb, 0x18, 0xe9, 0xdf,
    0x46, 0xe3, 0x05, 0x8c, 0x9f, 0x62, 0xa6, 0xb1, 0x82, 0x99, 0xec, 0x63,
    0xa4, 0xec, 0x63, 0xa4, 0xc6, 0x0a, 0x66, 0x1a, 0x2b, 0x98, 0xc9, 0x3e,
    0x46, 0xca, 0x3e, 0x46, 0x6a, 0xac, 0x60, 0xa6, 0xb1, 0x82, 0x99, 0xec,
    0x63, 0xa4, 0xec, 0x63, 0xa4, 0xc6, 0x0a, 0x66, 0x1a, 0x2b, 0x98, 0xc9,
    0x3e, 0x46, 0xca, 0x3e, 0x46, 0x6a, 0xac, 0x60, 0xa6, 0xb1, 0x82, 0x99,
    0xec, 0x63, 0xa4, 0xec, 0x63, 0xa4, 0xc6, 0x0a, 0x66, 0x1a, 0x2b, 0x98,
    0xc9, 0x3e, 0x46, 0xca, 0x3e, 0x46, 0x6a, 0xac, 0x60, 0xa6, 0xb1, 0xe2,
    0x83, 0xc9, 0x42, 0x46, 0xfa, 0x21, 0x24, 0xc4, 0xc6, 0x0a, 0x66, 0x0a,
    0x23, 0x3e, 0x90, 0xec, 0x63, 0xa4, 0x1f, 0x42, 0x42, 0x6c, 0xac, 0x60,
    0xa6, 0x30, 0xe2, 0x03, 0xc9, 0x3e, 0x46, 0xfa, 0x21, 0x24, 0xc4, 0xc6,
    0x0a, 0x66, 0x0a, 0x23, 0x3e, 0x90, 0xec, 0x63, 0xa4, 0x1f, 0x42, 0x42,
    0x6c, 0xac, 0x60, 0xa6, 0x30, 0xe2, 0x03, 0xc9, 0x3e, 0x46, 0xfa, 0x21,
    0x24, 0xc4, 0xc6, 0x0a, 0x66, 0x0a, 0x23, 0x3e, 0x90, 0xec, 0x63, 0xa4,
    0x1f, 0x42, 0x42, 0x6c, 0xac, 0x60, 0xa6, 0x30, 0xe2, 0x03, 0xc9, 0x3e,
    0x46, 0xfa, 0x21, 0x24, 0xc4, 0xc6, 0x0a, 0x66, 0x0a, 0x23, 0x3e, 0x90,
    0xec, 0x63, 0xa4, 0x1f, 0x42, 0x42, 0x6c, 0xac, 0x60, 0xa6, 0x30, 0xe2,
    0x0b, 0xc9, 0x42, 0x46, 0xfa, 0x65, 0xb4, 0xcf, 0x8d, 0x15, 0xcc, 0xdc,
    0x6f, 0xf8, 0x22, 0xb2, 0x8f, 0x91, 0x7e, 0x19, 0xed, 0x73, 0x63, 0x05,
    0x33, 0xf7, 0x1b, 0xbe, 0x88, 0xec, 0x63, 0xa4, 0x5f, 0x46, 0xfb, 0xdc,
    0x58, 0xc1, 0xcc, 0xfd, 0x86, 0x2f, 0x22, 0xfb, 0x18, 0xe9, 0x97, 0xd1,
    0x3e, 0x37, 0x56, 0x30, 0x73, 0xbf, 0xe1, 0x8b, 0xc8, 0x3e, 0x46, 0xfa,
    0x65, 0xb4, 0xcf, 0x8d, 0x15, 0xcc, 0xdc, 0x6f, 0xf8, 0x22, 0xb2, 0x8f,
    0x91, 0x7e, 0x19, 0xed, 0x73, 0x63, 0x05, 0x33, 0xf7, 0x1b, 0xbe, 0x88,
    0xec, 0x63, 0xa4, 0x5f, 0x46, 0xfb, 0xdc, 0x58, 0xc1, 0xcc, 0xfd, 0x86,
    0x2f, 0x22, 0xfb, 0x18, 0xe9, 0x97, 0xd1, 0x3e, 0x37, 0x56, 0x30, 0x73,
    0xbf, 0xe1, 0x93, 0xc8, 0x42, 0x46, 0xfa, 0xa9, 0x34, 0x3f, 0x30, 0x56,
    0x30, 0x73, 0x3e, 0xe1, 0x13, 0xc8, 0x3e, 0x46, 0xfa, 0xa9, 0x34, 0x3f,
    0x30, 0x56, 0x30, 0x73, 0x3e, 0xe1, 0x13, 0xc8, 0x3e, 0x46, 0xfa, 0xa9,
    0x34, 0x3f, 0x30, 0x56, 0x30, 0x73, 0x3e, 0xe1, 0x13, 0xc8, 0x3e, 0x46,
    0xfa, 0xa9, 0x34, 0x3f, 0x30, 0x56, 0x30, 0x73, 0x3e, 0xe1, 0x13, 0xc8,
    0x3e, 0x46, 0xfa, 0xa9, 0x34, 0x3f, 0x30, 0x56, 0x30, 0x73, 0x3e, 0xe1,
    0x13, 0xc8, 0x3e, 0x46, 0xfa, 0xa9, 0x34, 0x3f, 0x30, 0x56, 0x30, 0x73,
    0x3e, 0xe1, 0x13, 0xc8, 0x3e, 0x46, 0xfa, 0xa9, 0x34, 0x3f, 0x30, 0x56,
    0x30, 0x73, 0x3e, 0xe1, 0x13, 0xc8, 0x3e, 0x46, 0xfa, 0xa9, 0x34, 0x3f,
    0x30, 0x56, 0x30, 0x73, 0x3e, 0xe1, 0x1b, 0xc8, 0x42, 0x46, 0xfa, 0xed,
    0xb4, 0xbe, 0x30, 0x56, 0x30, 0x73, 0xbd, 0xe0, 0x9b, 0xc7, 0x3e, 0x46,
    0xfa, 0xed, 0xb4, 0xbe, 0x30, 0x56, 0x30, 0x73, 0xbd, 0xe0, 0x9b, 0xc7,
    0x3e, 0x46, 0xfa, 0xed, 0xb4, 0xbe, 0x30, 0x56, 0x30, 0x73, 0xbd, 0xe0,
    0x9b, 0xc7, 0x3e, 0x46, 0xfa, 0xed, 0xb4, 0xbe, 0x30, 0x56, 0x30, 0x73,
    0xbd, 0xe0, 0x9b, 0xc7, 0x3e, 0x46, 0xfa, 0xed, 0xb4, 0xbe, 0x30, 0x56,
    0x30, 0x73, 0xbd, 0xe0, 0x9b, 0xc7, 0x3e, 0x46, 0xfa, 0xed, 0xb4, 0xbe,
    0x30, 0x56, 0x30, 0x73, 0xbd, 0xe0, 0x9b, 0xc7, 0x3e, 0x46, 0xfa, 0xed,
    0xb4, 0xbe, 0x30, 0x56, 0x30, 0x73, 0xbd, 0xe0, 0x9b, 0xc7, 0x3e, 0x46,
    0xfa, 0xed, 0xb4, 0xbe, 0x30, 0x56, 0x30, 0x73, 0xbd, 0xe0, 0x81, 0xc7,
    0x42, 0x46, 0xfa, 0x20, 0x35, 0x3e, 0x31, 0x56, 0x30, 0x73, 0x3c, 0xe0,
    0x01, 0xc7, 0x3e, 0x46, 0xfa, 0x20, 0x35, 0x3e, 0x31, 0x56, 0x30, 0x73,
    0x3c, 0xe0, 0x01, 0xc7, 0x3e, 0x46, 0xfa, 0x20, 0x35, 0x3e, 0x31, 0x56,
    0x30, 0x73, 0x3c, 0xe0, 0x01, 0xc7, 0x3e, 0x46, 0xfa, 0x20, 0x35, 0x3e,
    0x31, 0x56, 0x30, 0x73, 0x3c, 0xe0, 0x01, 0xc7, 0x3e, 0x46, 0xfa, 0x20,
    0x35, 0x3e, 0x31, 0x56, 0x30, 0x73, 0x3c, 0xe0, 0x01, 0xc7, 0x3e, 0x46,
    0xfa, 0x20, 0x35, 0x3e, 0x31, 0x56, 0x30, 0x73, 0x3c, 0xe0, 0x01, 0xc7,
    0x3e, 0x46, 0xfa, 0x20, 0x35, 0x3e, 0x31, 0x56, 0x30, 0x73, 0x3c, 0xe0,
    0x01, 0xc7, 0x3e, 0x46, 0xfa, 0x20, 0x35, 0x3e, 0x31, 0x56, 0x30, 0x73,
    0x3c, 0xe0, 0x05, 0xc7, 0x42, 0x46, 0xfa, 0x62, 0xb5, 0xbd, 0x31, 0x56,
    0x30, 0x73, 0xeb, 0xff, 0x42, 0x63, 0x1f, 0x23, 0x7d, 0xb1, 0xda, 0xde,
    0x18, 0x2b, 0x98, 0xb9, 0xf5, 0x7f, 0xa1, 0xb1, 0x8f, 0x91, 0xbe, 0x58,
    0x6d, 0x6f, 0x8c, 0x15, 0xcc, 0xdc, 0xfa, 0xbf, 0xd0, 0xd8, 0xc7, 0x48,
    0x5f, 0xac, 0xb6, 0x37, 0xc6, 0x0a, 0x66, 0x6e, 0xfd, 0x5f, 0x68, 0xec,
    0x63, 0xa4, 0x2f, 0x56, 0xdb, 0x1b, 0x63, 0x05, 0x33, 0xb7, 0xfe, 0x2f,
    0x34, 0xf6, 0x31, 0xd2, 0x17, 0xab, 0xed, 0x8d, 0xb1, 0x82, 0x99, 0x5b,
    0xff, 0x17, 0x1a, 0xfb, 0x18, 0xe9, 0x8b, 0xd5, 0xf6, 0xc6, 0x58, 0xc1,
    0xcc, 0xad, 0xff, 0x0b, 0x8d, 0x7d, 0x8c, 0xf4, 0xc5, 0x6a, 0x7b, 0x63,
    0xac, 0x60, 0xe6, 0xd6, 0xff, 0x89, 0xc6, 0x42, 0x46, 0xfa, 0xa4, 0x35,
    0x3d, 0x32, 0x56, 0x30, 0x73, 0xaa, 0xff, 0x04, 0x63, 0x1f, 0x23, 0x7d,
    0xd2, 0x9a, 0x1e, 0x19, 0x2b, 0x98, 0x39, 0xd5, 0x7f, 0x82, 0xb1, 0x8f,
    0x91, 0x3e, 0x69, 0x4d, 0x8f, 0x8c, 0x15, 0xcc, 0x9c, 0xea, 0x3f, 0xc1,
    0xd8, 0xc7, 0x48, 0x9f, 0xb4, 0xa6, 0x47, 0xc6, 0x0a, 0x66, 0x4e, 0xf5,
    0x9f, 0x60, 0xec, 0x63, 0xa4, 0x4f, 0x5a, 0xd3, 0x23, 0x63, 0x05, 0x33,
    0xa7, 0xfa, 0x4f, 0x30, 0xf6, 0x31, 0xd2, 0x27, 0xad, 0xe9, 0x91, 0xb1,
    0x82, 0x99, 0x53, 0xfd, 0x27, 0x18, 0xfb, 0x18, 0xe9, 0x93, 0xd6, 0xf4,
    0xc8, 0x58, 0xc1, 0xcc, 0xa9, 0xfe, 0x13, 0x8c, 0x7d, 0x8c, 0xf4, 0x49,
    0x6b, 0x7a, 0x64, 0xac, 0x60, 0xe6, 0x54, 0xff, 0x0d, 0xc6, 0x42, 0x46,
    0xfa, 0xe6, 0xb5, 0xbc, 0x32, 0x56, 0x30, 0x73, 0x69, 0xff, 0xc6, 0x62,
    0x1f, 0x23, 0x7d, 0xf3, 0x5a, 0x5e, 0x19, 0x2b, 0x98, 0xb9, 0xb4, 0x7f,
    0x63, 0xb1, 0x8f, 0x91, 0xbe, 0x79, 0x2d, 0xaf, 0x8c, 0x15, 0xcc, 0x5c,
    0xda, 0xbf, 0xb1, 0xd8, 0xc7, 0x48, 0xdf, 0xbc, 0x96, 0x57, 0xc6, 0x0a,
    0x66, 0x2e, 0xed, 0xdf, 0x58, 0xec, 0x63, 0xa4, 0x6f, 0x5e, 0xcb, 0x2b,
    0x63, 0x05, 0x33, 0x97, 0xf6, 0x6f, 0x2c, 0xf6, 0x31, 0xd2, 0x37, 0xaf,
    0xe5, 0x95, 0xb1, 0x82, 0x99, 0x4b, 0xfb, 0x37, 0x16, 0xfb, 0x18, 0xe9,
    0x9b, 0xd7, 0xf2, 0xca, 0x58, 0xc1, 0xcc, 0xa5, 0xfd, 0x1b, 0x8b, 0x7d,
    0x8c, 0xf4, 0xcd, 0x6b, 0x79, 0x65, 0xac, 0x60, 0xe6, 0xd2, 0xfe, 0x91,
    0xc5, 0x42, 0x46, 0xfa, 0x28, 0x36, 0x3c, 0x33, 0x56, 0x30, 0x73, 0x28,
    0xff, 0x88, 0x62, 0x1f, 0x23, 0x7d, 0x14, 0x1b, 0x9e, 0x19, 0x2b, 0x98,
    0x39, 0x94, 0x7f, 0x44, 0xb1, 0x8f, 0x91, 0x3e, 0x8a, 0x0d, 0xcf, 0x8c,
    0x15, 0xcc, 0x1c, 0xca, 0x3f, 0xa2, 0xd8, 0xc7, 0x48, 0x1f, 0xc5, 0x86,
    0x67, 0xc6, 0x0a, 0x66, 0x0e, 0xe5, 0x1f, 0x51, 0xec, 0x63, 0xa4, 0x8f,
    0x62, 0xc3, 0x33, 0x63, 0x05, 0x33, 0x87, 0xf2, 0x8f, 0x28, 0xf6, 0x31,
    0xd2, 0x47, 0xb1, 0xe1, 0x99, 0xb1, 0x82, 0x99, 0x43, 0xf9, 0x47, 0x14,
    0xfb, 0x18, 0xe9, 0xa3, 0xd8, 0xf0, 0xcc, 0x58, 0xc1, 0xcc, 0xa1, 0xfc,
    0x23, 0x8a, 0x7d, 0x8c, 0xf4, 0x51, 0x6c, 0x78, 0x66, 0xac, 0x60, 0xe6,
    0x50, 0xfe, 0x15, 0xc5, 0x42, 0x46, 0xfa, 0x6a, 0xb6, 0xbb, 0x33, 0x56,
    0x30, 0x73, 0xe7, 0xfe, 0x4a, 0x62, 0x1f, 0x23, 0x7d, 0x35, 0xdb, 0xdd,
    0x19, 0x2b, 0x98, 0xb9, 0x73, 0x7f, 0x25, 0xb1, 0x8f, 0x91, 0xbe, 0x9a,
    0xed, 0xee, 0x8c, 0x15, 0xcc, 0xdc, 0xb9, 0xbf, 0x92, 0xd8, 0xc7, 0x48,
    0x5f, 0xcd, 0x76, 0x77, 0xc6, 0x0a, 0x66, 0xee, 0xdc, 0x5f, 0x49, 0xec,
    0x63, 0xa4, 0xaf, 0x66, 0xbb, 0x3b, 0x63, 0x05, 0x33, 0x77, 0xee, 0xaf,
    0x24, 0xf6, 0x31, 0xd2, 0x57, 0xb3, 0xdd, 0x9d, 0xb1, 0x82, 0x99, 0x3b,
    0xf7, 0x57, 0x12, 0xfb, 0x18, 0xe9, 0xab, 0xd9, 0xee, 0xce, 0x58, 0xc1,
    0xcc, 0x9d, 0xfb, 0x2b, 0x89, 0x7d, 0x8c, 0xf4, 0xd5, 0x6c, 0x77, 0x67,
    0xac, 0x60, 0xe6, 0xce, 0xfd, 0x99, 0xc4, 0x42, 0x46, 0xfa, 0xac, 0x36,
    0x3b, 0x34, 0x56, 0x30, 0x73, 0xa6, 0xfe, 0x0c, 0x62, 0x1f, 0x23, 0x7d,
    0x56, 0x9b, 0x1d, 0x1a, 0x2b, 0x98, 0x39, 0x53, 0x7f, 0x06, 0xb1, 0x8f,
    0x91, 0x3e, 0xab, 0xcd, 0x0e, 0x8d, 0x15, 0xcc, 0x9c, 0xa9, 0x3f, 0x83,
    0xd8, 0xc7, 0x48, 0x9f, 0xd5, 0x66, 0x87, 0xc6, 0x0a, 0x66, 0xce, 0xd4,
    0x9f, 0x41, 0xec, 0x63, 0xa4, 0xcf, 0x6a, 0xb3, 0x43, 0x63, 0x05, 0x33,
    0x67, 0xea, 0xcf, 0x20, 0xf6, 0x31, 0xd2, 0x67, 0xb5, 0xd9, 0xa1, 0xb1,
    0x82, 0x99, 0x33, 0xf5, 0x67, 0x10, 0xfb, 0x18, 0xe9, 0xb3, 0xda, 0xec,
    0xd0, 0x58, 0xc1, 0xcc, 0x99, 0xfa, 0x33, 0x88, 0x7d, 0x8c, 0xf4, 0x59,
    0x6d, 0x76, 0x68, 0xac, 0x60, 0xe6, 0x4c, 0xfd, 0x1d, 0xc4, 0x42, 0x46,
    0xfa, 0xee, 0xb6, 0xba, 0x34, 0x56, 0x30, 0x73, 0x65, 0xfe, 0xce, 0x61,
    0x1f, 0x23, 0x7d, 0x77, 0x5b, 0x5d, 0x1a, 0x2b, 0x98, 0xb9, 0x32, 0x7f,
    0xe7, 0xb0, 0x8f, 0x91, 0xbe, 0xbb, 0xad, 0x2e, 0x8d, 0x15, 0xcc, 0x5c,
    0x99, 0xbf, 0x73, 0xd8, 0xc7, 0x48, 0xdf, 0xdd, 0x56, 0x97, 0xc6, 0x0a,
    0x66, 0xae, 0xcc, 0xdf, 0x39, 0xec, 0x63, 0xa4, 0xef, 0x6e, 0xab, 0x4b,
    0x63, 0x05, 0x33, 0x57, 0xe6, 0xef, 0x1c, 0xf6, 0x31, 0xd2, 0x77, 0xb7,
    0xd5, 0xa5, 0xb1, 0x82, 0x99, 0x2b, 0xf3, 0x77, 0x0e, 0xfb, 0x18, 0xe9,
    0xbb, 0xdb, 0xea, 0xd2, 0x58, 0xc1, 0xcc, 0x95, 0xf9, 0x3b, 0x87, 0x7d,
    0x8c, 0xf4, 0xdd, 0x6d, 0x75, 0x69, 0xac, 0x60, 0xe6, 0xca, 0xfc, 0xc0,
    0x61, 0x21, 0x23, 0x3d, 0xc8, 0x8d, 0x4e, 0x8d, 0x15, 0xcc, 0x1c, 0x89,
    0x1f, 0x30, 0xec, 0x63, 0xa4, 0x07, 0xb9, 0xd1, 0xa9, 0xb1, 0x82, 0x99,
    0x23, 0xf1, 0x03, 0x86, 0x7d, 0x8c, 0xf4, 0x20, 0x37, 0x3a, 0x35, 0x56,
    0x30, 0x73, 0x24, 0x7e, 0xc0, 0xb0, 0x8f, 0x91, 0x1e, 0xe4, 0x46, 0xa7,
    0xc6, 0x0a, 0x66, 0x8e, 0xc4, 0x0f, 0x18, 0xf6, 0x31, 0xd2, 0x83, 0xdc,
    0xe8, 0xd4, 0x58, 0xc1, 0xcc, 0x91, 0xf8, 0x01, 0xc3, 0x3e, 0x46, 0x7a,
    0x90, 0x1b, 0x9d, 0x1a, 0x2b, 0x98, 0x39, 0x12, 0x3f, 0x60, 0xd8, 0xc7,
    0x48, 0x0f, 0x72, 0xa3, 0x53, 0x63, 0x05, 0x33, 0x47, 0xe2, 0x07, 0x0c,
    0xfb, 0x18, 0xe9, 0x41, 0x6e, 0x74, 0x6a, 0xac, 0x60, 0xe6, 0x48, 0xfc,
    0x82, 0x61, 0x21, 0x23, 0xbd, 0xd8, 0x6d, 0x6e, 0x8d, 0x15, 0xcc, 0xdc,
    0x78, 0x5f, 0x28, 0xec, 0x63, 0xa4, 0x17, 0xbb, 0xcd, 0xad, 0xb1, 0x82,
    0x99, 0x1b, 0xef, 0x0b, 0x85, 0x7d, 0x8c, 0xf4, 0x62, 0xb7, 0xb9, 0x35,
    0x56, 0x30, 0x73, 0xe3, 0x7d, 0xa1, 0xb0, 0x8f, 0x91, 0x5e, 0xec, 0x36,
    0xb7, 0xc6, 0x0a, 0x66, 0x6e, 0xbc, 0x2f, 0x14, 0xf6, 0x31, 0xd2, 0x8b,
    0xdd, 0xe6, 0xd6, 0x58, 0xc1, 0xcc, 0x8d, 0xf7, 0x85, 0xc2, 0x3e, 0x46,
    0x7a, 0xb1, 0xdb, 0xdc, 0x1a, 0x2b, 0x98, 0xb9, 0xf1, 0xbe, 0x50, 0xd8,
    0xc7, 0x48, 0x2f, 0x76, 0x9b, 0x5b, 0x63, 0x05, 0x33, 0x37, 0xde, 0x17,
    0x0a, 0xfb, 0x18, 0xe9, 0xc5, 0x6e, 0x73, 0x6b, 0xac, 0x60, 0xe6, 0xc6,
    0xfb, 0x44, 0x61, 0x21, 0x23, 0x3d, 0xe9, 0x4d, 0x8e, 0x8d, 0x15, 0xcc,
    0x9c, 0x68, 0x9f, 0x20, 0xec, 0x63, 0xa4, 0x27, 0xbd, 0xc9, 0xb1, 0xb1,
    0x82, 0x99, 0x13, 0xed, 0x13, 0x84, 0x7d, 0x8c, 0xf4, 0xa4, 0x37, 0x39,
    0x36, 0x56, 0x30, 0x73, 0xa2, 0x7d, 0x82, 0xb0, 0x8f, 0x91, 0x9e, 0xf4,
    0x26, 0xc7, 0xc6, 0x0a, 0x66, 0x4e, 0xb4, 0x4f, 0x10, 0xf6, 0x31, 0xd2,
    0x93, 0xde, 0xe4, 0xd8, 0x58, 0xc1, 0xcc, 0x89, 0xf6, 0x09, 0xc2, 0x3e,
    0x46, 0x7a, 0xd2, 0x9b, 0x1c, 0x1b, 0x2b, 0x98, 0x39, 0xd1, 0x3e, 0x41,
    0xd8, 0xc7, 0x48, 0x4f, 0x7a, 0x93, 0x63, 0x63, 0x05, 0x33, 0x27, 0xda,
    0x27, 0x08, 0xfb, 0x18, 0xe9, 0x49, 0x6f, 0x72, 0x6c, 0xac, 0x60, 0xe6,
    0x44, 0xfb, 0x06, 0x61, 0x21, 0x23, 0xbd, 0xf9, 0x2d, 0xae, 0x8d, 0x15,
    0xcc, 0x5c, 0x58, 0xdf, 0x18, 0xec, 0x63, 0xa4, 0x37, 0xbf, 0xc5, 0xb5,
    0xb1, 0x82, 0x99, 0x0b, 0xeb, 0x1b, 0x83, 0x7d, 0x8c, 0xf4, 0xe6, 0xb7,
    0xb8, 0x36, 0x56, 0x30, 0x73, 0x61, 0x7d, 0x63, 0xb0, 0x8f, 0x91, 0xde,
    0xfc, 0x16, 0xd7, 0xc6, 0x0a, 0x66, 0x2e, 0xac, 0x6f, 0x0c, 0xf6, 0x31,
    0xd2, 0x9b, 0xdf, 0xe2, 0xda, 0x58, 0xc1, 0xcc, 0x85, 0xf5, 0x8d, 0xc1,
    0x3e, 0x46, 0x7a, 0xf3, 0x5b, 0x5c, 0x1b, 0x2b, 0x98, 0xb9, 0xb0, 0xbe,
    0x31, 0xd8, 0xc7, 0x48, 0x6f, 0x7e, 0x8b, 0x6b, 0x63, 0x05, 0x33, 0x17,
    0xd6, 0x37, 0x06, 0xfb, 0x18, 0xe9, 0xcd, 0x6f, 0x71, 0x6d, 0xac, 0x60,
    0xe6, 0xc2, 0xfa, 0xc8, 0x60, 0x21, 0x23, 0x3d, 0x0a, 0x0e, 0xce, 0x8d,
    0x15, 0xcc, 0x1c, 0x48, 0x1f, 0x11, 0xec, 0x63, 0xa4, 0x47, 0xc1, 0xc1,
    0xb9, 0xb1, 0x82, 0x99, 0x03, 0xe9, 0x23, 0x82, 0x7d, 0x8c, 0xf4, 0x28,
    0x38, 0x38, 0x37, 0x56, 0x30, 0x73, 0x20, 0x7d, 0x44, 0xb0, 0x8f, 0x91,
    0x1e, 0x05, 0x07, 0xe7, 0xc6, 0x0a, 0x66, 0x0e, 0xa4, 0x8f, 0x08, 0xf6,
    0x31, 0xd2, 0xa3, 0xe0, 0xe0, 0xdc, 0x58, 0xc1, 0xcc, 0x81, 0xf4, 0x11,
    0xc1, 0x3e, 0x46, 0x7a, 0x14, 0x1c, 0x9c, 0x1b, 0x2b, 0x98, 0x39, 0x90,
    0x3e, 0x22, 0xd8, 0xc7, 0x48, 0x8f, 0x82, 0x83, 0x73, 0x63, 0x05, 0x33,
    0x07, 0xd2, 0x47, 0x04, 0xfb, 0x18, 0xe9, 0x51, 0x70, 0x70, 0x6e, 0xac,
    0x60, 0xe6, 0x40, 0xfa, 0x8a, 0x60, 0x21, 0x23, 0xbd, 0x1a, 0xf6, 0xf7,
    0xc6, 0x0a, 0x66, 0xf6, 0xce, 0x57, 0x02, 0xfb, 0x18, 0xe9, 0xd5, 0xb0,
    0xbf, 0x37, 0x56, 0x30, 0xb3, 0x77, 0xbe, 0x12, 0xd8, 0xc7, 0x48, 0xaf,
    0x86, 0xfd, 0xbd, 0xb1, 0x82, 0x99, 0xbd, 0xf3, 0x95, 0xc0, 0x3e, 0x46,
    0x7a, 0x35, 0xec, 0xef, 0x8d, 0x15, 0xcc, 0xec, 0x9d, 0xaf, 0x04, 0xf6,
    0x31, 0xd2, 0xab, 0x61, 0x7f, 0x6f, 0xac, 0x60, 0x66, 0xef, 0x7c, 0x25,
    0xb0, 0x8f, 0x91, 0x5e, 0x0d, 0xfb, 0x7b, 0x63, 0x05, 0x33, 0x7b, 0xe7,
    0x2b, 0x81, 0x7d, 0x8c, 0xf4, 0x6a, 0xd8, 0xdf, 0x1b, 0x2b, 0x98, 0xd9,
    0x3b, 0x5f, 0x09, 0xec, 0x63, 0xa4, 0x57, 0xc3, 0xfe, 0xde, 0x58, 0xc1,
    0xcc, 0xde, 0xf9, 0x4c, 0x60, 0x21, 0x23, 0x3d, 0x2b, 0xd6, 0x05, 0x63,
    0x05, 0x33, 0x6b, 0xe5, 0x33, 0x80, 0x7d, 0x8c, 0xf4, 0xac, 0x58, 0x17,
    0x8c, 0x15, 0xcc, 0xac, 0x95, 0xcf, 0x00, 0xf6, 0x31, 0xd2, 0xb3, 0x62,
    0x5d, 0x30, 0x56, 0x30, 0xb3, 0x56, 0x3e, 0x03, 0xd8, 0xc7, 0x48, 0xcf,
    0x8a, 0x75, 0xc1, 0x58, 0xc1, 0xcc, 0x5a, 0xf9, 0x0c, 0x60, 0x1f, 0x23,
    0x3d, 0x2b, 0xd6, 0x05, 0x63, 0x05, 0x33, 0x6b, 0xe5, 0x33, 0x80, 0x7d,
    0x8c, 0xf4, 0xac, 0x58, 0x17, 0x8c, 0x15, 0xcc, 0xac, 0x95, 0xcf, 0x00,
    0xf6, 0x31, 0xd2, 0xb3, 0x62, 0x5d, 0x30, 0x56, 0x30, 0xb3, 0x56, 0x3e,
    0x03, 0xd8, 0xc7, 0x48, 0xcf, 0x8a, 0x75, 0xc1, 0x58, 0xc1, 0xcc, 0x5a,
    0xf9, 0x0e, 0x60, 0x21, 0x23, 0xbd, 0x3b, 0xb6, 0x0d, 0x63, 0x05, 0x33,
    0x5b, 0xe3, 0x7b, 0x9f, 0x7d, 0x8c, 0xf4, 0xee, 0xd8, 0x36, 0x8c, 0x15,
    0xcc, 0x6c, 0x8d, 0xef, 0x7d, 0xf6, 0x31, 0xd2, 0xbb, 0x63, 0xdb, 0x30,
    0x56, 0x30, 0xb3, 0x35, 0xbe, 0xf7, 0xd9, 0xc7, 0x48, 0xef, 0x8e, 0x6d,
    0xc3, 0x58, 0xc1, 0xcc, 0xd6, 0xf8, 0xde, 0x67, 0x1f, 0x23, 0xbd, 0x3b,
    0xb6, 0x0d, 0x63, 0x05, 0x33, 0x5b, 0xe3, 0x7b, 0x9f, 0x7d, 0x8c, 0xf4,
    0xee, 0xd8, 0x36, 0x8c, 0x15, 0xcc, 0x6c, 0x8d, 0xef, 0x7d, 0xf6, 0x31,
    0xd2, 0xbb, 0x63, 0xdb, 0x30, 0x56, 0x30, 0xb3, 0x35, 0xbe, 0xf7, 0xd9,
    0xc7, 0x48, 0xef, 0x8e, 0x6d, 0xc3, 0x58, 0xc1, 0xcc, 0xd6, 0x38, 0xe8,
    0xb3, 0x90, 0x91, 0x06, 0x92, 0x65, 0xc5, 0x58, 0xc1, 0xcc, 0x52, 0x38,
    0xa8, 0xb3, 0x8f, 0x91, 0x06, 0x92, 0x65, 0xc5, 0x58, 0xc1, 0xcc, 0x52,
    0x38, 0xa8, 0xb3, 0x8f, 0x91, 0x06, 0x92, 0x65, 0xc5, 0x58, 0xc1, 0xcc,
    0x52, 0x38, 0xa8, 0xb3, 0x8f, 0x91, 0x06, 0x92, 0x65, 0xc5, 0x58, 0xc1,
    0xcc, 0x52, 0x38, 0xa8, 0xb3, 0x8f, 0x91, 0x06, 0x92, 0x65, 0xc5, 0x58,
    0xc1, 0xcc, 0x52, 0x38, 0xa8, 0xb3, 0x8f, 0x91, 0x06, 0x92, 0x65, 0xc5,
    0x58, 0xc1, 0xcc, 0x52, 0x38, 0xa8, 0xb3, 0x8f, 0x91, 0x06, 0x92, 0x65,
    0xc5, 0x58, 0xc1, 0xcc, 0x52, 0x38, 0xa8, 0xb3, 0x8f, 0x91, 0x06, 0x92,
    0x65, 0xc5, 0x58, 0xc1, 0xcc, 0x52, 0x38, 0xa9, 0xb3, 0x90, 0x91, 0x26,
    0x96, 0x5d, 0xc7, 0x58, 0xc1, 0xcc, 0xce, 0x37, 0x69, 0xb3, 0x8f, 0x91,
    0x26, 0x96, 0x5d, 0xc7, 0x58, 0xc1, 0xcc, 0xce, 0x37, 0x69, 0xb3, 0x8f,
    0x91, 0x26, 0x96, 0x5d, 0xc7, 0x58, 0xc1, 0xcc, 0xce, 0x37, 0x69, 0xb3,
    0x8f, 0x91, 0x26, 0x96, 0x5d, 0xc7, 0x58, 0xc1, 0xcc, 0xce, 0x37, 0x69,
    0xb3, 0x8f, 0x91, 0x26, 0x96, 0x5d, 0xc7, 0x58, 0xc1, 0xcc, 0xce, 0x37,
    0x69, 0xb3, 0x8f, 0x91, 0x26, 0x96, 0x5d, 0xc7, 0x58, 0xc1, 0xcc, 0xce,
    0x37, 0x69, 0xb3, 0x8f, 0x91, 0x26, 0x96, 0x5d, 0xc7, 0x58, 0xc1, 0xcc,
    0xce, 0x37, 0x69, 0xb3, 0x8f, 0x91, 0x26, 0x96, 0x5d, 0xc7, 0x58, 0xc1,
    0xcc, 0xce, 0x37, 0x6a, 0xb3, 0x90, 0x91, 0x46, 0x9a, 0x55, 0xc9, 0x58,
    0xc1, 0xcc, 0x4a, 0x37, 0x2a, 0xb3, 0x8f, 0x91, 0x46, 0x9a, 0x55, 0xc9,
    0x58, 0xc1, 0xcc, 0x4a, 0x37, 0x2a, 0xb3, 0x8f, 0x91, 0x46, 0x9a, 0x55,
    0xc9, 0x58, 0xc1, 0xcc, 0x4a, 0x37, 0x2a, 0xb3, 0x8f, 0x91, 0x46, 0x9a,
    0x55, 0xc9, 0x58, 0xc1, 0xcc, 0x4a, 0x37, 0x2a, 0xb3, 0x8f, 0x91, 0x46,
    0x9a, 0x55, 0xc9, 0x58, 0xc1, 0xcc, 0x4a, 0x37, 0x2a, 0xb3, 0x8f, 0x91,
    0x46, 0x9a, 0x55, 0xc9, 0x58, 0xc1, 0xcc, 0x4a, 0x37, 0x2a, 0xb3, 0x8f,
    0x91, 0x46, 0x9a, 0x55, 0xc9, 0x58, 0xc1, 0xcc, 0x4a, 0x37, 0x2a, 0xb3,
    0x8f, 0x91, 0x46, 0x9a, 0x55, 0xc9, 0x58, 0xc1, 0xcc, 0x4a, 0x37, 0x2b,
    0xb3, 0x90, 0x91, 0x66, 0x9e, 0x4d, 0xcb, 0x58, 0xc1, 0xcc, 0xc6, 0x36,
    0xeb, 0xb2, 0x8f, 0x91, 0x66, 0x9e, 0x4d, 0xcb, 0x58, 0xc1, 0xcc, 0xc6,
    0x36, 0xeb, 0xb2, 0x8f, 0x91, 0x66, 0x9e, 0x4d, 0xcb, 0x58, 0xc1, 0xcc,
    0xc6, 0x36, 0xeb, 0xb2, 0x8f, 0x91, 0x66, 0x9e, 0x4d, 0xcb, 0x58, 0xc1,
    0xcc, 0xc6, 0x36, 0xeb, 0xb2, 0x8f, 0x91, 0x66, 0x9e, 0x4d, 0xcb, 0x58,
    0xc1, 0xcc, 0xc6, 0x36, 0xeb, 0xb2, 0x8f, 0x91, 0x66, 0x9e, 0x4d, 0xcb,
    0x58, 0xc1, 0xcc, 0xc6, 0x36, 0xeb, 0xb2, 0x8f, 0x91, 0x66, 0x9e, 0x4d,
    0xcb, 0x58, 0xc1, 0xcc, 0xc6, 0x36, 0xeb, 0xb2, 0x8f, 0x91, 0x66, 0x9e,
    0x4d, 0xcb, 0x58, 0xc1, 0xcc, 0xc6, 0x36, 0xec, 0xb2, 0x90, 0x91, 0x86,
    0xa2, 0x45, 0xcd, 0x58, 0xc1, 0xcc, 0x42, 0x36, 0xac, 0xb2, 0x8f, 0x91,
    0x86, 0xa2, 0x45, 0xcd, 0x58, 0xc1, 0xcc, 0x42, 0x36, 0xac, 0xb2, 0x8f,
    0x91, 0x86, 0xa2, 0x45, 0xcd, 0x58, 0xc1, 0xcc, 0x42, 0x36, 0xac, 0xb2,
    0x8f, 0x91, 0x86, 0xa2, 0x45, 0xcd, 0x58, 0xc1, 0xcc, 0x42, 0x36, 0xac,
    0xb2, 0x8f, 0x91, 0x86, 0xa2, 0x45, 0xcd, 0x58, 0xc1, 0xcc, 0x42, 0x36,
    0xac, 0xb2, 0x8f, 0x91, 0x86, 0xa2, 0x45, 0xcd, 0x58, 0xc1, 0xcc, 0x42,
    0x36, 0xac, 0xb2, 0x8f, 0x91, 0x86, 0xa2, 0x45, 0xcd, 0x58, 0xc1, 0xcc,
    0x42, 0x36, 0xac, 0xb2, 0x8f, 0x91, 0x86, 0xa2, 0x45, 0xcd, 0x58, 0xc1,
    0xcc, 0x42, 0x36, 0xad, 0xb2, 0x90, 0x91, 0xa6, 0xa6, 0x79, 0xcf, 0x58,
    0xc1, 0xcc, 0xdc, 0x35, 0x6d, 0xb2, 0x8f, 0x91, 0xa6, 0xa6, 0x79, 0xcf,
    0x58, 0xc1, 0xcc, 0xdc, 0x35, 0x6d, 0xb2, 0x8f, 0x91, 0xa6, 0xa6, 0x79,
    0xcf, 0x58, 0xc1, 0xcc, 0xdc, 0x35, 0x6d, 0xb2, 0x8f, 0x91, 0xa6, 0xa6,
    0x79, 0xcf, 0x58, 0xc1, 0xcc, 0xdc, 0x35, 0x6d, 0xb2, 0x8f, 0x91, 0xa6,
    0xa6, 0x79, 0xcf, 0x58, 0xc1, 0xcc, 0xdc, 0x35, 0x6d, 0xb2, 0x8f, 0x91,
    0xa6, 0xa6, 0x79, 0xcf, 0x58, 0xc1, 0xcc, 0xdc, 0x35, 0x6d, 0xb2, 0x8f,
    0x91, 0xa6, 0xa6, 0x79, 0xcf, 0x58, 0xc1, 0xcc, 0xdc, 0x35, 0x6d, 0xb2,
    0x8f, 0x91, 0xa6, 0xa6, 0x79, 0xcf, 0x58, 0xc1, 0xcc, 0xdc, 0x35, 0x6e,
    0xb2, 0x90, 0x91, 0xc6, 0xaa, 0x71, 0xd1, 0x58, 0xc1, 0xcc, 0x58, 0x35,
    0x2e, 0xb2, 0x8f, 0x91, 0xc6, 0xaa, 0x71, 0xd1, 0x58, 0xc1, 0xcc, 0x58,
    0x35, 0x2e, 0xb2, 0x8f, 0x91, 0xc6, 0xaa, 0x71, 0xd1, 0x58, 0xc1, 0xcc,
    0x58, 0x35, 0x2e, 0xb2, 0x8f, 0x91, 0xc6, 0xaa, 0x71, 0xd1, 0x58, 0xc1,
    0xcc, 0x58, 0x35, 0x2e, 0xb2, 0x8f, 0x91, 0xc6, 0xaa, 0x71, 0xd1, 0x58,
    0xc1, 0xcc, 0x58, 0x35, 0x2e, 0xb2, 0x8f, 0x91, 0xc6, 0xaa, 0x71, 0xd1,
    0x58, 0xc1, 0xcc, 0x58, 0x35, 0x2e, 0xb2, 0x8f, 0x91, 0xc6, 0xaa, 0x71,
    0xd1, 0x58, 0xc1, 0xcc, 0x58, 0x35, 0x2e, 0xb2, 0x8f, 0x91, 0xc6, 0xaa,
    0x71, 0xd1, 0x58, 0xc1, 0xcc, 0x58, 0x35, 0x2f, 0xb2, 0x90, 0x91, 0xe6,
    0xae, 0x69, 0xd3, 0x58, 0xc1, 0xcc, 0xd4, 0x34, 0xef, 0xb1, 0x8f, 0x91,
    0xe6, 0xae, 0x69, 0xd3, 0x58, 0xc1, 0xcc, 0xd4, 0x34, 0xef, 0xb1, 0x8f,
    0x91, 0xe6, 0xae, 0x69, 0xd3, 0x58, 0xc1, 0xcc, 0xd4, 0x34, 0xef, 0xb1,
    0x8f, 0x91, 0xe6, 0xae, 0x69, 0xd3, 0x58, 0xc1, 0xcc, 0xd4, 0x34, 0xef,
    0xb1, 0x8f, 0x91, 0xe6, 0xae, 0x69, 0xd3, 0x58, 0xc1, 0xcc, 0xd4, 0x34,
    0xef, 0xb1, 0x8f, 0x91, 0xe6, 0xae, 0x69, 0xd3, 0x58, 0xc1, 0xcc, 0xd4,
    0x34, 0xef, 0xb1, 0x8f, 0x91, 0xe6, 0xae, 0x69, 0xd3, 0x58, 0xc1, 0xcc,
    0xd4, 0x34, 0xef, 0xb1, 0x8f, 0x91, 0xe6, 0xae, 0x69, 0xd3, 0x58, 0xc1,
    0xcc, 0xd4, 0xb4, 0xe8, 0xb1, 0x90, 0x91, 0x16, 0xb2, 0x61, 0xd5, 0x58,
    0xc1, 0xcc, 0x50, 0xb4, 0xa8, 0xb1, 0x8f, 0x91, 0x16, 0xb2, 0x61, 0xd5,
    0x58, 0xc1, 0xcc, 0x50, 0xb4, 0xa8, 0xb1, 0x8f, 0x91, 0x16, 0xb2, 0x61,
    0xd5, 0x58, 0xc1, 0xcc, 0x50, 0xb4, 0xa8, 0xb1, 0x8f, 0x91, 0x16, 0xb2,
    0x61, 0xd5, 0x58, 0xc1, 0xcc, 0x50, 0xb4, 0xa8, 0xb1, 0x8f, 0x91, 0x16,
    0xb2, 0x61, 0xd5, 0x58, 0xc1, 0xcc, 0x50, 0xb4, 0xa8, 0xb1, 0x8f, 0x91,
    0x16, 0xb2, 0x61, 0xd5, 0x58, 0xc1, 0xcc, 0x50, 0xb4, 0xa8, 0xb1, 0x8f,
    0x91, 0x16, 0xb2, 0x61, 0xd5, 0x58, 0xc1, 0xcc, 0x50, 0xb4, 0xa8, 0xb1,
    0x8f, 0x91, 0x16, 0xb2, 0x61, 0xd5, 0x58, 0xc1, 0xcc, 0x50, 0xb4, 0xa9,
    0xb1, 0x90, 0x91, 0x36, 0xb6, 0x59, 0xd7, 0x58, 0xc1, 0xcc, 0xcc, 0xb3,
    0x69, 0xb1, 0x8f, 0x91, 0x36, 0xb6, 0x59, 0xd7, 0x58, 0xc1, 0xcc, 0xcc,
    0xb3, 0x69, 0xb1, 0x8f, 0x91, 0x36, 0xb6, 0x59, 0xd7, 0x58, 0xc1, 0xcc,
    0xcc, 0xb3, 0x69, 0xb1, 0x8f, 0x91, 0x36, 0xb6, 0x59, 0xd7, 0x58, 0xc1,
    0xcc, 0xcc, 0xb3, 0x69, 0xb1, 0x8f, 0x91, 0x36, 0xb6, 0x59, 0xd7, 0x58,
    0xc1, 0xcc, 0xcc, 0xb3, 0x69, 0xb1, 0x8f, 0x91, 0x36, 0xb6, 0x59, 0xd7,
    0x58, 0xc1, 0xcc, 0xcc, 0xb3, 0x69, 0xb1, 0x8f, 0x91, 0x36, 0xb6, 0x59,
    0xd7, 0x58, 0xc1, 0xcc, 0xcc, 0xb3, 0x69, 0xb1, 0x8f, 0x91, 0x36, 0xb6,
    0x59, 0xd7, 0x58, 0xc1, 0xcc, 0xcc, 0xb3, 0x6a, 0xb1, 0x90, 0x91, 0x56,
    0xba, 0x51, 0xd9, 0x58, 0xc1, 0xcc, 0x48, 0xb3, 0x2a, 0xb1, 0x8f, 0x91,
    0x56, 0xba, 0x51, 0xd9, 0x58, 0xc1, 0xcc, 0x48, 0xb3, 0x2a, 0xb1, 0x8f,
    0x91, 0x56, 0xba, 0x51, 0xd9, 0x58, 0xc1, 0xcc, 0x48, 0xb3, 0x2a, 0xb1,
    0x8f, 0x91, 0x56, 0xba, 0x51, 0xd9, 0x58, 0xc1, 0xcc, 0x48, 0xb3, 0x2a,
    0xb1, 0x8f, 0x91, 0x56, 0xba, 0x51, 0xd9, 0x58, 0xc1, 0xcc, 0x48, 0xb3,
    0x2a, 0xb1, 0x8f, 0x91, 0x56, 0xba, 0x51, 0xd9, 0x58, 0xc1, 0xcc, 0x48,
    0xb3, 0x2a, 0xb1, 0x8f, 0x91, 0x56, 0xba, 0x51, 0xd9, 0x58, 0xc1, 0xcc,
    0x48, 0xb3, 0x2a, 0xb1, 0x8f, 0x91, 0x56, 0xba, 0x51, 0xd9, 0x58, 0xc1,
    0xcc, 0x48, 0xb3, 0x2b, 0xb1, 0x90, 0x91, 0x76, 0xbe, 0x49, 0xdb, 0x58,
    0xc1, 0xcc, 0xc4, 0xb2, 0xeb, 0xb0, 0x8f, 0x91, 0x76, 0xbe, 0x49, 0xdb,
    0x58, 0xc1, 0xcc, 0xc4, 0xb2, 0xeb, 0xb0, 0x8f, 0x91, 0x76, 0xbe, 0x49,
    0xdb, 0x58, 0xc1, 0xcc, 0xc4, 0xb2, 0xeb, 0xb0, 0x8f, 0x91, 0x76, 0xbe,
    0x49, 0xdb, 0x58, 0xc1, 0xcc, 0xc4, 0xb2, 0xeb, 0xb0, 0x8f, 0x91, 0x76,
    0xbe, 0x49, 0xdb, 0x58, 0xc1, 0xcc, 0xc4, 0xb2, 0xeb, 0xb0, 0x8f, 0x91,
    0x76, 0xbe, 0x49, 0xdb, 0x58, 0xc1, 0xcc, 0xc4, 0xb2, 0xeb, 0xb0, 0x8f,
    0x91, 0x76, 0xbe, 0x49, 0xdb, 0x58, 0xc1, 0xcc, 0xc4, 0xb2, 0xeb, 0xb0,
    0x8f, 0x91, 0x76, 0xbe, 0x49, 0xdb, 0x58, 0xc1, 0xcc, 0xc4, 0xb2, 0xec,
    0xb0, 0x90, 0x91, 0x96, 0xc2, 0x41, 0xdd, 0x58, 0xc1, 0xcc, 0x40, 0xb2,
    0xac, 0xb0, 0x8f, 0x91, 0x96, 0xc2, 0x41, 0xdd, 0x58, 0xc1, 0xcc, 0x40,
    0xb2, 0xac, 0xb0, 0x8f, 0x91, 0x96, 0xc2, 0x41, 0xdd, 0x58, 0xc1, 0xcc,
    0x40, 0xb2, 0xac, 0xb0, 0x8f, 0x91, 0x96, 0xc2, 0x41, 0xdd, 0x58, 0xc1,
    0xcc, 0x40, 0xb2, 0xac, 0xb0, 0x8f, 0x91, 0x96, 0xc2, 0x41, 0xdd, 0x58,
    0xc1, 0xcc, 0x40, 0xb2, 0xac, 0xb0, 0x8f, 0x91, 0x96, 0xc2, 0x41, 0xdd,
    0x58, 0xc1, 0xcc, 0x40, 0xb2, 0xac, 0xb0, 0x8f, 0x91, 0x96, 0xc2, 0x41,
    0xdd, 0x58, 0xc1, 0xcc, 0x40, 0xb2, 0xac, 0xb0, 0x8f, 0x91, 0x96, 0xc2,
    0x41, 0xdd, 0x58, 0xc1, 0xcc, 0x40, 0xb2, 0xad, 0xb0, 0x90, 0x91, 0xb6,
    0xc6, 0xf7, 0xbe, 0xb1, 0x82, 0x99, 0x77, 0xc7, 0xb6, 0xc1, 0x3e, 0x46,
    0xda, 0x1a, 0xdf, 0xfb, 0xc6, 0x0a, 0x66, 0xde, 0x1d, 0xdb, 0x06, 0xfb,
    0x18, 0x69, 0x6b, 0x7c, 0xef, 0x1b, 0x2b, 0x98, 0x79, 0x77, 0x6c, 0x1b,
    0xec, 0x63, 0xa4, 0xad, 0xf1, 0xbd, 0x6f, 0xac, 0x60, 0xe6, 0xdd, 0xb1,
    0x6d, 0xb0, 0x8f, 0x91, 0xb6, 0xc6, 0xf7, 0xbe, 0xb1, 0x82, 0x99, 0x77,
    0xc7, 0xb6, 0xc1, 0x3e, 0x46, 0xda, 0x1a, 0xdf, 0xfb, 0xc6, 0x0a, 0x66,
    0xde, 0x1d, 0xdb, 0x06, 0xfb, 0x18, 0x69, 0x6b, 0x7c, 0xef, 0x1b, 0x2b,
    0x98, 0x79, 0x77, 0x6c, 0x1b, 0xec, 0x63, 0xa4, 0xad, 0xf1, 0xbd, 0x6f,
    0xac, 0x60, 0xe6, 0xdd, 0xb1, 0x6e, 0xb0, 0x90, 0x91, 0xd6, 0xca, 0x67,
    0x80, 0xb1, 0x82, 0x99, 0x67, 0xc5, 0xba, 0xc0, 0x3e, 0x46, 0x5a, 0x2b,
    0x9f, 0x01, 0xc6, 0x0a, 0x66, 0x9e, 0x15, 0xeb, 0x02, 0xfb, 0x18, 0x69,
    0xad, 0x7c, 0x06, 0x18, 0x2b, 0x98, 0x79, 0x56, 0xac, 0x0b, 0xec, 0x63,
    0xa4, 0xb5, 0xf2, 0x19, 0x60, 0xac, 0x60, 0xe6, 0x59, 0xb1, 0x2e, 0xb0,
    0x8f, 0x91, 0xd6, 0xca, 0x67, 0x80, 0xb1, 0x82, 0x99, 0x67, 0xc5, 0xba,
    0xc0, 0x3e, 0x46, 0x5a, 0x2b, 0x9f, 0x01, 0xc6, 0x0a, 0x66, 0x9e, 0x15,
    0xeb, 0x02, 0xfb, 0x18, 0x69, 0xad, 0x7c, 0x06, 0x18, 0x2b, 0x98, 0x79,
    0x56, 0xac, 0x0b, 0xec, 0x63, 0xa4, 0xb5, 0xf2, 0x19, 0x60, 0xac, 0x60,
    0xe6, 0x59, 0xb1, 0x2f, 0xb0, 0x90, 0x91, 0xf6, 0xce, 0x57, 0x82, 0xb1,
    0x82, 0x99, 0x57, 0xc3, 0xfe, 0x9e, 0x7d, 0x8c, 0xb4, 0x77, 0xbe, 0x12,
    0x8c, 0x15, 0xcc, 0xbc, 0x1a, 0xf6, 0xf7, 0xec, 0x63, 0xa4, 0xbd, 0xf3,
    0x95, 0x60, 0xac, 0x60, 0xe6, 0xd5, 0xb0, 0xbf, 0x67, 0x1f, 0x23, 0xed,
    0x9d, 0xaf, 0x04, 0x63, 0x05, 0x33, 0xaf, 0x86, 0xfd, 0x3d, 0xfb, 0x18,
    0x69, 0xef, 0x7c, 0x25, 0x18, 0x2b, 0x98, 0x79, 0x35, 0xec, 0xef, 0xd9,
    0xc7, 0x48, 0x7b, 0xe7, 0x2b, 0xc1, 0x58, 0xc1, 0xcc, 0xab, 0x61, 0x7f,
    0xcf, 0x3e, 0x46, 0xda, 0x3b, 0x5f, 0x09, 0xc6, 0x0a, 0x66, 0x5e, 0x0d,
    0xfb, 0x7b, 0xf6, 0x31, 0xd2, 0xde, 0xf9, 0x4a, 0x30, 0x56, 0x30, 0xf3,
    0x6a, 0x38, 0xb8, 0x67, 0x21, 0x23, 0x1d, 0x48, 0x1f, 0x11, 0xc6, 0x0a,
    0x66, 0x1e, 0x05, 0x07, 0xe7, 0xec, 0x63, 0xa4, 0x03, 0xe9, 0x23, 0xc2,
    0x58, 0xc1, 0xcc, 0xa3, 0xe0, 0xe0, 0x9c, 0x7d, 0x8c, 0x74, 0x20, 0x7d,
    0x44, 0x18, 0x2b, 0x98, 0x79, 0x14, 0x1c, 0x9c, 0xb3, 0x8f, 0x91, 0x0e,
    0xa4, 0x8f, 0x08, 0x63, 0x05, 0x33, 0x8f, 0x82, 0x83, 0x73, 0xf6, 0x31,
    0xd2, 0x81, 0xf4, 0x11, 0x61, 0xac, 0x60, 0xe6, 0x51, 0x70, 0x70, 0xce,
    0x3e, 0x46, 0x3a, 0x90, 0x3e, 0x22, 0x8c, 0x15, 0xcc, 0x3c, 0x0a, 0x0e,
    0xce, 0xd9, 0xc7, 0x48, 0x07, 0xd2, 0x47, 0x84, 0xb1, 0x82, 0x99, 0x47,
    0xc1, 0xc1, 0x39, 0xfb, 0x18, 0xe9, 0x40, 0xfa, 0x88, 0x30, 0x56, 0x30,
    0xf3, 0x3f, 0xb9, 0x45, 0xc1, 0x27, 0x38, 0xe8, 0x40, 0xae, 0x00, 0x00,
    0x00, 0x00, 0x49, 0x45, 0x4e, 0x44, 0xae, 0x42, 0x60, 0x82};
unsigned int data_images_image_png_len = 130678;
